wavelength_nm,angle_deg,f11,f12,f22,f33,f34,f44
351.0,180.0,0.19244625122972384,0.0,0.19244625122972384,-0.19244625122972384,-0.0,-0.19244625122972384
351.0,178.44041384236152,0.19159881292009603,0.0007475650986777349,0.19159881292009603,-0.19159140543236694,-6.209583368529934e-05,-0.19159140543236694
351.0,177.79434400294244,0.1907707114856636,0.00148474088878139,0.1907707114856636,-0.19074149404316013,-0.00011164533838414929,-0.19074149404316013
351.0,177.29855070900115,0.18996150880980098,0.0022116302883690092,0.18996150880980098,-0.18989648150595828,-0.00014897965324985968,-0.18989648150595828
351.0,176.88053870746052,0.18917079784219162,0.0029283234602818053,0.18917079784219162,-0.18905633816264697,-0.00017440993528139385,-0.18905633816264697
351.0,176.5122285169543,0.18839790071173138,0.0036350679069409777,0.18839790071173138,-0.1882209586854973,-0.00018842022490252864,-0.1882209586854973
351.0,176.17921973310231,0.18764253669070616,0.00433189515247516,0.18764253669070616,-0.18739034088389192,-0.00019123920606590073,-0.18739034088389192
351.0,175.87295812538943,0.18690416433178103,0.00501898925032603,0.18690416433178103,-0.18656440914420366,-0.00018326138371546884,-0.18656440914420366
351.0,175.58787031379995,0.18618223519636662,0.00569654648306031,0.18618223519636662,-0.18574308146030313,-0.00016488370893388385,-0.18574308146030313
351.0,175.32008513577324,0.18547659775149267,0.00636453633097723,0.18547659775149267,-0.18492638533484496,-0.0001362519882463848,-0.18492638533484496
351.0,175.0667841087341,0.18478671597005977,0.0070231564996838846,0.18478671597005977,-0.18411423792636078,-9.775427044197834e-05,-0.18411423792636078
351.0,174.8258395717241,0.18413186922939542,0.007660389542518713,0.18413186922939542,-0.183312537205961,-3.756809008093913e-05,-0.183312537205961
351.0,174.5955985947607,0.18348688422574627,0.008291567568825896,0.18348688422574627,-0.18251379810393417,2.870699849612799e-05,-0.18251379810393417
351.0,174.3747467298283,0.18284189922209693,0.00892274559513327,0.18284189922209693,-0.1817150590019071,9.498208707321496e-05,-0.1817150590019071
351.0,174.16221826025136,0.18219691421844778,0.009553923621440454,0.18219691421844778,-0.18091631989988025,0.00016125717565028207,-0.18091631989988025
351.0,173.95713490961248,0.18156601383236062,0.010176095281361161,0.18156601383236062,-0.18012203099277493,0.00023605421694120597,-0.18012203099277493
351.0,173.75876270101506,0.18098751069006752,0.010764761681151574,0.18098751069006752,-0.17934429759008474,0.0003425544146709611,-0.17934429759008474
351.0,173.56648080010214,0.18040900754777422,0.011353428080942163,0.18040900754777422,-0.17856656418739436,0.00044905461240074817,-0.17856656418739436
351.0,173.37975850818358,0.1798305044054811,0.011942094480732576,0.1798305044054811,-0.17778883078470417,0.0005555548101305034,-0.17778883078470417
351.0,173.1981379420391,0.17925200126318797,0.012530760880522988,0.17925200126318797,-0.177011097382014,0.0006620550078602585,-0.177011097382014
351.0,173.02122077137227,0.17867349812089467,0.013119427280313576,0.17867349812089467,-0.1762333639793236,0.0007685552055900456,-0.1762333639793236
351.0,172.84865790924576,0.17815457773729634,0.013667512434288681,0.17815457773729634,-0.17547602815937977,0.0009098031609808688,-0.17547602815937977
351.0,172.68014138957548,0.1776439105194811,0.01420997643615978,0.1776439105194811,-0.17472151773113767,0.001055864236993346,-0.17472151773113767
351.0,172.5153978900223,0.1771332433016659,0.014752440438030878,0.1771332433016659,-0.17396700730289555,0.001201925313005823,-0.17396700730289555
351.0,172.35418351036424,0.17662257608385054,0.015294904439902137,0.17662257608385054,-0.1732124968746532,0.001347986389018344,-0.1732124968746532
351.0,172.19627952114382,0.1761119088660353,0.015837368441773237,0.1761119088660353,-0.1724579864464111,0.0014940474650308212,-0.1724579864464111
351.0,172.04148887093004,0.1756012416482201,0.016379832443644333,0.1756012416482201,-0.171703476018169,0.0016401085410432984,-0.171703476018169
351.0,171.88963329303093,0.17513907451782307,0.016886814363086956,0.17513907451782307,-0.17096719179422448,0.001813040388945391,-0.17096719179422448
351.0,171.74055089051356,0.1746949687260131,0.01738058282377863,0.1746949687260131,-0.17023769497344793,0.001995978860237677,-0.17023769497344793
351.0,171.5940941062988,0.1742508629342031,0.017874351284470305,0.1742508629342031,-0.16950819815267137,0.002178917331529963,-0.16950819815267137
351.0,171.4501280058456,0.17380675714239313,0.01836811974516198,0.17380675714239313,-0.16877870133189482,0.002361855802822249,-0.16877870133189482
351.0,171.30852881553093,0.173362651350583,0.0188618882058538,0.173362651350583,-0.16804920451111804,0.00254479427411459,-0.16804920451111804
351.0,171.16918267168,0.172918545558773,0.019355656666545474,0.172918545558773,-0.16731970769034146,0.002727732745406876,-0.16731970769034146
351.0,171.0319845442886,0.17247443976696303,0.019849425127237145,0.17247443976696303,-0.1665902108695649,0.002910671216699162,-0.1665902108695649
351.0,170.89683730651728,0.1720786120748686,0.02030493697332252,0.1720786120748686,-0.16588090941926772,0.0031184985182150333,-0.16588090941926772
351.0,170.76365092652932,0.17169764169634188,0.02074867556150015,0.17169764169634188,-0.16517782298061362,0.0033339852172037925,-0.16517782298061362
351.0,170.6323417625683,0.17131667131781514,0.021192414149677784,0.17131667131781514,-0.16447473654195952,0.003549471916192552,-0.16447473654195952
351.0,170.5028319456011,0.1709357009392884,0.021636152737855414,0.1709357009392884,-0.16377165010330538,0.0037649586151813114,-0.16377165010330538
351.0,170.37504883658673,0.17055473056076156,0.022079891326033177,0.17055473056076156,-0.16306856366465108,0.003980445314170135,-0.16306856366465108
351.0,170.24892454763494,0.17017376018223482,0.022523629914210808,0.17017376018223482,-0.16236547722599698,0.004195932013158894,-0.16236547722599698
351.0,170.12439551809467,0.1697927898037081,0.022967368502388442,0.1697927898037081,-0.16166239078734287,0.004411418712147654,-0.16166239078734287
351.0,170.00140213806344,0.16941181942518135,0.023411107090566072,0.16941181942518135,-0.16095930434868874,0.004626905411136413,-0.16095930434868874
351.0,169.87988841298966,0.16908828084030525,0.023805134699910666,0.16908828084030525,-0.16028336214389943,0.004869095154906385,-0.16028336214389943
351.0,169.75980166401712,0.1687654086852511,0.024198585470597285,0.1687654086852511,-0.15960773491668262,0.005111594756757412,-0.15960773491668262
351.0,169.64109225952237,0.16844253653019697,0.024592036241283904,0.16844253653019697,-0.15893210768946583,0.005354094358608438,-0.15893210768946583
351.0,169.5237133739671,0.16811966437514272,0.02498548701197064,0.16811966437514272,-0.15825648046224883,0.005596593960459539,-0.15825648046224883
351.0,169.40762077074342,0.1677967922200886,0.02537893778265726,0.1677967922200886,-0.15758085323503204,0.005839093562310565,-0.15758085323503204
351.0,169.29277260615726,0.16747392006503445,0.025772388553343878,0.16747392006503445,-0.15690522600781526,0.006081593164161593,-0.15690522600781526
351.0,169.1791292520883,0.16715104790998028,0.026165839324030497,0.16715104790998028,-0.15622959878059844,0.0063240927660126196,-0.15622959878059844
351.0,169.06665313519707,0.16682817575492603,0.026559290094717233,0.16682817575492603,-0.15555397155338146,0.00656659236786372,-0.15555397155338146
351.0,168.95530859082973,0.16652623595246946,0.026932779040428134,0.16652623595246946,-0.1548897013511382,0.006817437752608737,-0.1548897013511382
351.0,168.8450617300114,0.16625535908611133,0.027276645281727747,0.16625535908611133,-0.15424228460764391,0.00708066800998189,-0.15424228460764391
351.0,168.73588031812315,0.16598448221975315,0.027620511523027462,0.16598448221975315,-0.15359486786414947,0.007343898267355124,-0.15359486786414947
351.0,168.62773366403223,0.16571360535339502,0.027964377764327072,0.16571360535339502,-0.1529474511206552,0.007607128524728278,-0.1529474511206552
351.0,168.5205925185947,0.16544272848703692,0.028308244005626686,0.16544272848703692,-0.15230003437716091,0.007870358782101433,-0.15230003437716091
351.0,168.41442898158107,0.1651718516206788,0.028652110246926297,0.1651718516206788,-0.15165261763366664,0.008133589039474587,-0.15165261763366664
351.0,168.30921641618514,0.1649009747543206,0.028995976488226015,0.1649009747543206,-0.1510052008901722,0.008396819296847819,-0.1510052008901722
351.0,168.2049293703752,0.16463009788796248,0.029339842729525625,0.16463009788796248,-0.15035778414667791,0.008660049554220974,-0.15035778414667791
351.0,168.10154350442892,0.16435922102160438,0.029683708970825236,0.16435922102160438,-0.14971036740318364,0.008923279811594128,-0.14971036740318364
351.0,167.9990355240688,0.16408877245835132,0.03002712116695802,0.16408877245835132,-0.14906322193189703,0.009186643672803908,-0.14906322193189703
351.0,167.89738311867808,0.16386322739811326,0.030322931049967576,0.16386322739811326,-0.14844451676902223,0.009464014624331645,-0.14844451676902223
351.0,167.79656490413208,0.16363768233787518,0.030618740932977135,0.16363768233787518,-0.1478258116061474,0.009741385575859386,-0.1478258116061474
351.0,167.6965603698321,0.16341213727763712,0.03091455081598669,0.16341213727763712,-0.1472071064432726,0.010018756527387124,-0.1472071064432726
351.0,167.59734982956883,0.16318659221739898,0.031210360698996336,0.16318659221739898,-0.14658840128039757,0.010296127478914946,-0.14658840128039757
351.0,167.49891437588334,0.1629610471571609,0.031506170582005895,0.1629610471571609,-0.14596969611752275,0.010573498430442686,-0.14596969611752275
351.0,167.40123583762534,0.16273550209692283,0.03180198046501545,0.16273550209692283,-0.14535099095464796,0.010850869381970425,-0.14535099095464796
351.0,167.3042967404397,0.16250995703668475,0.032097790348025006,0.16250995703668475,-0.14473228579177314,0.011128240333498164,-0.14473228579177314
351.0,167.20808026993768,0.1622844119764466,0.03239360023103465,0.1622844119764466,-0.14411358062889812,0.011405611285025987,-0.14411358062889812
351.0,167.1125702373336,0.16205886691620855,0.032689410114044214,0.16205886691620855,-0.1434948754660233,0.011682982236553726,-0.1434948754660233
351.0,167.01775104734767,0.16183332185597046,0.03298521999705377,0.16183332185597046,-0.14287617030314848,0.011960353188081465,-0.14287617030314848
351.0,166.92360766819536,0.1616390724165283,0.033243800154885685,0.1616390724165283,-0.14228101419550207,0.012243920788896426,-0.14228101419550207
351.0,166.83012560350005,0.16145206924119346,0.03349376005165807,0.16145206924119346,-0.14169131069334256,0.012528923176949027,-0.14169131069334256
351.0,166.73729086597996,0.1612650660658586,0.03374371994843046,0.1612650660658586,-0.14110160719118306,0.012813925565001629,-0.14110160719118306
351.0,166.64508995277444,0.16107806289052376,0.033993679845202844,0.16107806289052376,-0.14051190368902355,0.01309892795305423,-0.14051190368902355
351.0,166.55350982228686,0.16089105971518886,0.03424363974197531,0.16089105971518886,-0.13992220018686388,0.013383930341106917,-0.13992220018686388
351.0,166.46253787243114,0.160704056539854,0.03449359963874769,0.160704056539854,-0.13933249668470438,0.01366893272915952,-0.13933249668470438
351.0,166.3721619201797,0.16051705336451916,0.03474355953552008,0.16051705336451916,-0.13874279318254487,0.01395393511721212,-0.13874279318254487
351.0,166.28237018231883,0.16033005018918425,0.03499351943229254,0.16033005018918425,-0.1381530896803852,0.014238937505264808,-0.1381530896803852
351.0,166.19315125732547,0.1601430470138494,0.03524347932906493,0.1601430470138494,-0.1375633861782257,0.01452393989331741,-0.1375633861782257
351.0,166.10449410828645,0.15995604383851456,0.035493439225837316,0.15995604383851456,-0.1369736826760662,0.014808942281370011,-0.1369736826760662
351.0,166.01638804678814,0.1597690406631797,0.035743399122609695,0.1597690406631797,-0.13638397917390668,0.015093944669422613,-0.13638397917390668
351.0,165.92882271770958,0.15960804052220257,0.03595829442567896,0.15960804052220257,-0.1358179505634048,0.015380183258459792,-0.1358179505634048
351.0,165.8417880848583,0.15945300908681825,0.03616514104359605,0.15945300908681825,-0.13525735625938834,0.01566670560360121,-0.13525735625938834
351.0,165.75527441739217,0.15929797765143391,0.03637198766151313,0.15929797765143391,-0.13469676195537186,0.015953227948742627,-0.13469676195537186
351.0,165.6692722769753,0.15914294621604955,0.03657883427943028,0.15914294621604955,-0.13413616765135522,0.01623975029388413,-0.13413616765135522
351.0,165.58377250562074,0.15898791478066523,0.036785680897347364,0.15898791478066523,-0.13357557334733874,0.016526272639025546,-0.13357557334733874
351.0,165.49876621417428,0.15883288334528092,0.03699252751526445,0.15883288334528092,-0.13301497904332227,0.016812794984166966,-0.13301497904332227
351.0,165.41424477140015,0.1586778519098966,0.037199374133181536,0.1586778519098966,-0.13245438473930582,0.017099317329308382,-0.13245438473930582
351.0,165.33019979362925,0.15852282047451224,0.03740622075109869,0.15852282047451224,-0.13189379043528918,0.017385839674449885,-0.13189379043528918
351.0,165.24662313493573,0.1583677890391279,0.037613067369015776,0.1583677890391279,-0.1313331961312727,0.0176723620195913,-0.1313331961312727
351.0,165.16350687780874,0.1582127576037436,0.03781991398693286,0.1582127576037436,-0.13077260182725622,0.017958884364732718,-0.13077260182725622
351.0,165.0808433242898,0.15805772616835928,0.03802676060484995,0.15805772616835928,-0.13021200752323978,0.018245406709874137,-0.13021200752323978
351.0,164.99862498754698,0.15790312860772632,0.0382329366945468,0.15790312860772632,-0.12965190036790217,0.018531862682827093,-0.12965190036790217
351.0,164.91684458386084,0.1577739722325142,0.03839979491030037,0.1577739722325142,-0.12912035823007603,0.01881442677880356,-0.12912035823007603
351.0,164.83549502499633,0.15764481585730208,0.03856665312605394,0.15764481585730208,-0.12858881609224987,0.01909699087478002,-0.12858881609224987
351.0,164.75456941093998,0.15751565948208993,0.03873351134180756,0.15751565948208993,-0.12805727395442354,0.019379554970756573,-0.12805727395442354
351.0,164.67406102297969,0.1573865031068778,0.038900369557561126,0.1573865031068778,-0.12752573181659738,0.019662119066733035,-0.12752573181659738
351.0,164.5939633171084,0.1572573467316657,0.0390672277733147,0.1572573467316657,-0.1269941896787712,0.0199446831627095,-0.1269941896787712
351.0,164.51426991773315,0.15712819035645356,0.039234085989068274,0.15712819035645356,-0.12646264754094505,0.020227247258685965,-0.12646264754094505
351.0,164.43497461167215,0.1569990339812414,0.03940094420482189,0.1569990339812414,-0.12593110540311875,0.020509811354662514,-0.12593110540311875
351.0,164.3560713424244,0.1568698776060293,0.03956780242057546,0.1568698776060293,-0.12539956326529259,0.02079237545063898,-0.12539956326529259
351.0,164.2775542046965,0.1567407212308172,0.03973466063632903,0.1567407212308172,-0.12486802112746642,0.02107493954661544,-0.12486802112746642
351.0,164.19941743917255,0.15661156485560504,0.03990151885208265,0.15661156485560504,-0.1243364789896401,0.021357503642591993,-0.1243364789896401
351.0,164.12165542751487,0.1564824084803929,0.040068377067836225,0.1564824084803929,-0.12380493685181394,0.021640067738568455,-0.12380493685181394
351.0,164.04426268758212,0.1563532521051808,0.04023523528358979,0.1563532521051808,-0.12327339471398778,0.02192263183454492,-0.12327339471398778
351.0,163.9672338688542,0.1562327926397607,0.04038650074053142,0.1562327926397607,-0.12275413703438738,0.022201511402357654,-0.12275413703438738
351.0,163.89056374805284,0.1561240540291693,0.04051675178352775,0.1561240540291693,-0.1222514351608096,0.022475425319065392,-0.1222514351608096
351.0,163.81424722494756,0.1560153154185779,0.040647002826524045,0.1560153154185779,-0.12174873328723196,0.022749339235773044,-0.12174873328723196
351.0,163.73827931833782,0.15590657680798656,0.04077725386952034,0.15590657680798656,-0.12124603141365432,0.0230232531524807,-0.12124603141365432
351.0,163.66265516220213,0.15579783819739515,0.04090750491251667,0.15579783819739515,-0.12074332954007655,0.023297167069188433,-0.12074332954007655
351.0,163.58737000200614,0.15568909958680377,0.04103775595551296,0.15568909958680377,-0.1202406276664989,0.023571080985896085,-0.1202406276664989
351.0,163.51241919116097,0.1555803609762124,0.041168006998509254,0.1555803609762124,-0.11973792579292127,0.02384499490260374,-0.11973792579292127
351.0,163.43779818762522,0.15547162236562104,0.041298258041505546,0.15547162236562104,-0.11923522391934363,0.02411890881931139,-0.11923522391934363
351.0,163.36350255064326,0.15536288375502963,0.04142850908450188,0.15536288375502963,-0.11873252204576586,0.024392822736019126,-0.11873252204576586
351.0,163.289527937613,0.15525414514443825,0.04155876012749817,0.15525414514443825,-0.11822982017218822,0.02466673665272678,-0.11822982017218822
351.0,163.21587010107706,0.1551454065338469,0.041689011170494464,0.1551454065338469,-0.11772711829861057,0.024940650569434432,-0.11772711829861057
351.0,163.1425248858317,0.15503666792325552,0.041819262213490756,0.15503666792325552,-0.11722441642503294,0.025214564486142087,-0.11722441642503294
351.0,163.06948822614743,0.1549279293126641,0.04194951325648709,0.1549279293126641,-0.11672171455145516,0.02548847840284982,-0.11672171455145516
351.0,162.9967561430966,0.15481989182284,0.04207828563128013,0.15481989182284,-0.11622028533609138,0.025761834657432356,-0.11622028533609138
351.0,162.92432474198242,0.15472684219892194,0.04217544850057193,0.15472684219892194,-0.11574606174855107,0.026023269762988417,-0.11574606174855107
351.0,162.85219020986528,0.15463379257500381,0.04227261136986376,0.15463379257500381,-0.11527183816101062,0.026284704868544555,-0.11527183816101062
351.0,162.78034881318175,0.15454074295108575,0.042369774239155555,0.15454074295108575,-0.11479761457347032,0.026546139974100613,-0.11479761457347032
351.0,162.7087968954515,0.15444769332716765,0.04246693710844736,0.15444769332716765,-0.11432339098593,0.02680757507965667,-0.11432339098593
351.0,162.63753087506922,0.15435464370324956,0.04256409997773919,0.15435464370324956,-0.11384916739838956,0.027069010185212808,-0.11384916739838956
351.0,162.56654724317696,0.15426159407933146,0.042661262847030985,0.15426159407933146,-0.11337494381084925,0.027330445290768866,-0.11337494381084925
351.0,162.49584256161344,0.1541685444554134,0.04275842571632279,0.1541685444554134,-0.11290072022330895,0.027591880396324923,-0.11290072022330895
351.0,162.42541346093728,0.1540754948314953,0.042855588585614585,0.1540754948314953,-0.11242649663576863,0.027853315501880985,-0.11242649663576863
351.0,162.35525663852056,0.1539824452075772,0.042952751454906415,0.1539824452075772,-0.11195227304822819,0.028114750607437122,-0.11195227304822819
351.0,162.2853688567099,0.15388939558365913,0.04304991432419822,0.15388939558365913,-0.11147804946068789,0.02837618571299318,-0.11147804946068789
351.0,162.21574694105215,0.15379634595974104,0.043147077193490015,0.15379634595974104,-0.11100382587314757,0.028637620818549238,-0.11100382587314757
351.0,162.14638777858164,0.15370329633582297,0.04324424006278182,0.15370329633582297,-0.11052960228560726,0.028899055924105296,-0.11052960228560726
351.0,162.07728831616697,0.15361024671190485,0.04334140293207365,0.15361024671190485,-0.11005537869806682,0.029160491029661433,-0.11005537869806682
351.0,162.00844555891427,0.15351719708798678,0.043438565801365445,0.15351719708798678,-0.1095811551105265,0.029421926135217494,-0.1095811551105265
351.0,161.93985656862475,0.15343442255283304,0.04350982450782266,0.15343442255283304,-0.10913146275197226,0.029669826728375488,-0.10913146275197226
351.0,161.87151846230464,0.1533530882295021,0.04357745234719642,0.1533530882295021,-0.10868520882269317,0.02991583025132632,-0.10868520882269317
351.0,161.80342841072493,0.15327175390617118,0.04364508018657016,0.15327175390617118,-0.10823895489341422,0.030161833774277072,-0.10823895489341422
351.0,161.7355836370289,0.15319041958284024,0.0437127080259439,0.15319041958284024,-0.10779270096413526,0.03040783729722783,-0.10779270096413526
351.0,161.667981415386,0.15310908525950934,0.04378033586531764,0.15310908525950934,-0.10734644703485631,0.030653840820178586,-0.10734644703485631
351.0,161.60061906968957,0.15302775093617837,0.043847963704691406,0.15302775093617837,-0.10690019310557723,0.030899844343129413,-0.10690019310557723
351.0,161.53349397229724,0.15294641661284747,0.043915591544065144,0.15294641661284747,-0.10645393917629828,0.03114584786608017,-0.10645393917629828
351.0,161.46660354281175,0.15286508228951654,0.04398321938343889,0.15286508228951654,-0.10600768524701933,0.031391851389030924,-0.10600768524701933
351.0,161.39994524690115,0.1527837479661856,0.04405084722281263,0.1527837479661856,-0.10556143131774037,0.03163785491198168,-0.10556143131774037
351.0,161.33351659515654,0.15270241364285467,0.044118475062186385,0.15270241364285467,-0.10511517738846128,0.03188385843493251,-0.10511517738846128
351.0,161.26731514198585,0.15262107931952373,0.04418610290156013,0.15262107931952373,-0.10466892345918233,0.03212986195788327,-0.10466892345918233
351.0,161.20133848454262,0.15253974499619283,0.04425373074093387,0.15253974499619283,-0.10422266952990338,0.03237586548083402,-0.10422266952990338
351.0,161.13558426168782,0.15245841067286187,0.044321358580307633,0.15245841067286187,-0.1037764156006243,0.03262186900378485,-0.1037764156006243
351.0,161.07005015298446,0.15237707634953093,0.04438898641968137,0.15237707634953093,-0.10333016167134534,0.032867872526735606,-0.10333016167134534
351.0,161.00473387772234,0.15229574202620003,0.044456614259055116,0.15229574202620003,-0.10288390774206639,0.03311387604968636,-0.10288390774206639
351.0,160.9396331939735,0.15222226811365627,0.044500097017469056,0.15222226811365627,-0.1024629896287708,0.033343607217638016,-0.1024629896287708
351.0,160.87474589767555,0.1521494095878281,0.0445416894723771,0.1521494095878281,-0.1020440550408923,0.03357206443294661,-0.1020440550408923
351.0,160.81006982174324,0.15207655106199994,0.04458328192728514,0.15207655106199994,-0.1016251204530138,0.033800521648255206,-0.1016251204530138
351.0,160.7456028352063,0.1520036925361718,0.04462487438219319,0.1520036925361718,-0.1012061858651353,0.0340289788635638,-0.1012061858651353
351.0,160.6813428423732,0.1519308340103436,0.044666466837101244,0.1519308340103436,-0.10078725127725667,0.03425743607887246,-0.10078725127725667
351.0,160.6172877820194,0.15185797548451543,0.044708059292009286,0.15185797548451543,-0.10036831668937816,0.03448589329418106,-0.10036831668937816
351.0,160.55343562659945,0.15178511695868727,0.044749651746917335,0.15178511695868727,-0.09994938210149966,0.03471435050948965,-0.09994938210149966
351.0,160.4897843814825,0.1517122584328591,0.04479124420182538,0.1517122584328591,-0.09953044751362115,0.03494280772479825,-0.09953044751362115
351.0,160.42633208420932,0.1516393999070309,0.04483283665673343,0.1516393999070309,-0.09911151292574252,0.03517126494010691,-0.09911151292574252
351.0,160.36307680377135,0.15156654138120276,0.04487442911164148,0.15156654138120276,-0.09869257833786402,0.03539972215541551,-0.09869257833786402
351.0,160.30001663991,0.1514936828553746,0.04491602156654952,0.1514936828553746,-0.09827364374998551,0.0356281793707241,-0.09827364374998551
351.0,160.23714972243587,0.1514208243295464,0.04495761402145758,0.1514208243295464,-0.09785470916210688,0.03585663658603276,-0.09785470916210688
351.0,160.17447421056764,0.15134796580371823,0.04499920647636563,0.15134796580371823,-0.09743577457422838,0.03608509380134136,-0.09743577457422838
351.0,160.111988292289,0.15127510727789006,0.04504079893127367,0.15127510727789006,-0.09701683998634987,0.03631355101664995,-0.09701683998634987
351.0,160.04969018372384,0.1512022487520619,0.04508239138618171,0.1512022487520619,-0.09659790539847136,0.03654200823195855,-0.09659790539847136
351.0,159.98757812852875,0.15113057486282674,0.04511944655405868,0.15113057486282674,-0.09618428403220808,0.03676668178150312,-0.09618428403220808
351.0,159.92565039730223,0.15106363272169573,0.04513837861191724,0.15106363272169573,-0.09579188506144845,0.03697624238129471,-0.09579188506144845
351.0,159.86390528701008,0.15099669058056472,0.0451573106697758,0.15099669058056472,-0.09539948609068884,0.0371858029810863,-0.09539948609068884
351.0,159.8023411204264,0.15092974843943371,0.04517624272763437,0.15092974843943371,-0.09500708711992921,0.03739536358087789,-0.09500708711992921
351.0,159.74095624558996,0.15086280629830268,0.04519517478549294,0.15086280629830268,-0.09461468814916947,0.03760492418066953,-0.09461468814916947
351.0,159.67974903527488,0.15079586415717167,0.0452141068433515,0.15079586415717167,-0.09422228917840984,0.03781448478046112,-0.09422228917840984
351.0,159.61871788647574,0.15072892201604066,0.04523303890121006,0.15072892201604066,-0.09382989020765023,0.03802404538025271,-0.09382989020765023
351.0,159.55786121990613,0.15066197987490962,0.04525197095906863,0.15066197987490962,-0.09343749123689048,0.03823360598004436,-0.09343749123689048
351.0,159.49717747951084,0.1505950377337786,0.04527090301692719,0.1505950377337786,-0.09304509226613086,0.038443166579835944,-0.09304509226613086
351.0,159.4366651319904,0.1505280955926476,0.045289835074785754,0.1505280955926476,-0.09265269329537124,0.03865272717962753,-0.09265269329537124
351.0,159.37632266633847,0.15046115345151656,0.045308767132644326,0.15046115345151656,-0.0922602943246115,0.038862287779419184,-0.0922602943246115
351.0,159.316148593391,0.15039421131038555,0.04532769919050288,0.15039421131038555,-0.09186789535385187,0.03907184837921077,-0.09186789535385187
351.0,159.25614144538707,0.15032726916925454,0.04534663124836145,0.15032726916925454,-0.09147549638309226,0.03928140897900236,-0.09147549638309226
351.0,159.19629977554115,0.1502603270281235,0.04536556330622001,0.1502603270281235,-0.09108309741233263,0.039490969578793944,-0.09108309741233263
351.0,159.13662215762616,0.1501933848869925,0.045384495364078584,0.1501933848869925,-0.09069069844157289,0.039700530178585595,-0.09069069844157289
351.0,159.07710718556706,0.15012644274586145,0.04540342742193714,0.15012644274586145,-0.09029829947081326,0.039910090778377184,-0.09029829947081326
351.0,159.017753473045,0.15005950060473044,0.045422359479795706,0.15005950060473044,-0.08990590050005365,0.04011965137816877,-0.08990590050005365
351.0,158.95855965311094,0.14999533355888459,0.04542765913139672,0.14999533355888459,-0.0895314522634493,0.04031550000074327,-0.0895314522634493
351.0,158.8995243778094,0.1499323537942719,0.04542712637061203,0.1499323537942719,-0.08916468396846645,0.0405054821677382,-0.08916468396846645
351.0,158.84064631781132,0.14986937402965922,0.04542659360982735,0.14986937402965922,-0.0887979156734837,0.04069546433473307,-0.0887979156734837
351.0,158.781924162056,0.14980639426504652,0.04542606084904266,0.14980639426504652,-0.08843114737850095,0.040885446501727936,-0.08843114737850095
351.0,158.72335661740166,0.14974341450043382,0.04542552808825797,0.14974341450043382,-0.0880643790835181,0.04107542866872286,-0.0880643790835181
351.0,158.6649424082851,0.14968043473582116,0.04542499532747328,0.14968043473582116,-0.08769761078853536,0.04126541083571773,-0.08769761078853536
351.0,158.60668027638903,0.14961745497120846,0.0454244625666886,0.14961745497120846,-0.08733084249355261,0.041455393002712594,-0.08733084249355261
351.0,158.54856898031767,0.1495544752065958,0.04542392980590391,0.1495544752065958,-0.08696407419856986,0.04164537516970746,-0.08696407419856986
351.0,158.4906072952802,0.1494914954419831,0.04542339704511922,0.1494914954419831,-0.086597305903587,0.041835357336702385,-0.086597305903587
351.0,158.43279401278187,0.1494285156773704,0.04542286428433453,0.1494285156773704,-0.08623053760860425,0.04202533950369725,-0.08623053760860425
351.0,158.3751279403221,0.14936553591275772,0.045422331523549846,0.14936553591275772,-0.08586376931362151,0.04221532167069212,-0.08586376931362151
351.0,158.31760790110008,0.14930255614814503,0.045421798762765156,0.14930255614814503,-0.08549700101863876,0.04240530383768699,-0.08549700101863876
351.0,158.26023273372715,0.14923957638353233,0.045421266001980466,0.14923957638353233,-0.0851302327236559,0.04259528600468191,-0.0851302327236559
351.0,158.203001291946,0.14917659661891966,0.04542073324119578,0.14917659661891966,-0.08476346442867315,0.04278526817167678,-0.08476346442867315
351.0,158.14591244435624,0.14911361685430696,0.045420200480411094,0.14911361685430696,-0.08439669613369041,0.042975250338671646,-0.08439669613369041
351.0,158.08896507414647,0.14905063708969427,0.045419667719626404,0.14905063708969427,-0.08402992783870755,0.043165232505666576,-0.08402992783870755
351.0,158.03215807883268,0.1489876573250816,0.045419134958841714,0.1489876573250816,-0.0836631595437248,0.04335521467266144,-0.0836631595437248
351.0,157.97549037000212,0.1489257721231003,0.04541146603604307,0.1489257721231003,-0.08330704726689468,0.04353667105082388,-0.08330704726689468
351.0,157.9189608730637,0.14886532129489716,0.04539444550249477,0.14886532129489716,-0.08296489920972618,0.0437069547764683,-0.08296489920972618
351.0,157.8625685270036,0.14880487046669405,0.045377424968946464,0.14880487046669405,-0.08262275115255778,0.04387723850211267,-0.08262275115255778
351.0,157.80631228414651,0.14874441963849092,0.04536040443539816,0.14874441963849092,-0.08228060309538937,0.04404752222775704,-0.08228060309538937
351.0,157.7501911099223,0.1486839688102878,0.04534338390184987,0.1486839688102878,-0.08193845503822098,0.044217805953401405,-0.08193845503822098
351.0,157.6942039826378,0.14862351798208467,0.04532636336830156,0.14862351798208467,-0.08159630698105247,0.044388089679045825,-0.08159630698105247
351.0,157.63834989325383,0.14856306715388157,0.045309342834753255,0.14856306715388157,-0.08125415892388407,0.044558373404690196,-0.08125415892388407
351.0,157.58262784516708,0.14850261632567846,0.04529232230120495,0.14850261632567846,-0.08091201086671568,0.04472865713033456,-0.08091201086671568
351.0,157.52703685399666,0.14844216549747535,0.04527530176765666,0.14844216549747535,-0.08056986280954727,0.04489894085597893,-0.08056986280954727
351.0,157.4715759473755,0.14838171466927222,0.04525828123410835,0.14838171466927222,-0.08022771475237878,0.04506922458162335,-0.08022771475237878
351.0,157.41624416474647,0.1483212638410691,0.045241260700560046,0.1483212638410691,-0.07988556669521037,0.04523950830726772,-0.07988556669521037
351.0,157.36104055716237,0.148260813012866,0.04522424016701175,0.148260813012866,-0.07954341863804197,0.04540979203291209,-0.07954341863804197
351.0,157.30596418709086,0.14820036218466287,0.04520721963346344,0.14820036218466287,-0.07920127058087346,0.04558007575855651,-0.07920127058087346
351.0,157.25101412822332,0.14813991135645976,0.04519019909991514,0.14813991135645976,-0.07885912252370507,0.04575035948420088,-0.07885912252370507
351.0,157.1961894652877,0.14807946052825666,0.045173178566366844,0.14807946052825666,-0.07851697446653667,0.04592064320984524,-0.07851697446653667
351.0,157.1414892938654,0.14801900970005352,0.04515615803281854,0.14801900970005352,-0.07817482640936826,0.046090926935489614,-0.07817482640936826
351.0,157.08691272021235,0.14795855887185042,0.04513913749927023,0.14795855887185042,-0.07783267835219976,0.04626121066113403,-0.07783267835219976
351.0,157.03245886108357,0.14789810804364728,0.04512211696572194,0.14789810804364728,-0.07749053029503136,0.046431494386778405,-0.07749053029503136
351.0,156.97812684356114,0.14783827326602414,0.045099555495447016,0.14783827326602414,-0.07715785836424893,0.04659397691101971,-0.07715785836424893
351.0,156.92391580488658,0.14777935166130937,0.04506878068446506,0.14777935166130937,-0.07683923291304764,0.046744895700064445,-0.07683923291304764
351.0,156.86982489229587,0.1477204300565946,0.04503800587348309,0.1477204300565946,-0.07652060746184627,0.04689581448910923,-0.07652060746184627
351.0,156.81585326285844,0.14766150845187986,0.04500723106250113,0.14766150845187986,-0.07620198201064499,0.047046733278153965,-0.07620198201064499
351.0,156.76200008331926,0.1476025868471651,0.04497645625151918,0.1476025868471651,-0.0758833565594437,0.047197652067198705,-0.0758833565594437
351.0,156.70826452994422,0.14754366524245033,0.044945681440537205,0.14754366524245033,-0.07556473110824233,0.047348570856243485,-0.07556473110824233
351.0,156.6546457883686,0.1474847436377356,0.04491490662955525,0.1474847436377356,-0.07524610565704104,0.047499489645288225,-0.07524610565704104
351.0,156.6011430534488,0.14742582203302082,0.04488413181857329,0.14742582203302082,-0.07492748020583977,0.047650408434332964,-0.07492748020583977
351.0,156.54775552911678,0.14736690042830605,0.04485335700759133,0.14736690042830605,-0.07460885475463838,0.047801327223377744,-0.07460885475463838
351.0,156.49448242823792,0.1473079788235913,0.04482258219660937,0.1473079788235913,-0.07429022930343711,0.047952246012422484,-0.07429022930343711
351.0,156.44132297247106,0.14724905721887654,0.04479180738562741,0.14724905721887654,-0.07397160385223582,0.048103164801467216,-0.07397160385223582
351.0,156.38827639213204,0.1471901356141618,0.04476103257464545,0.1471901356141618,-0.07365297840103455,0.048254083590511955,-0.07365297840103455
351.0,156.33534192605939,0.14713121400944704,0.04473025776366348,0.14713121400944704,-0.07333435294983316,0.048405002379556736,-0.07333435294983316
351.0,156.28251882148302,0.14707229240473227,0.04469948295268152,0.14707229240473227,-0.07301572749863189,0.048555921168601475,-0.07301572749863189
351.0,156.22980633389548,0.14701337080001753,0.04466870814169956,0.14701337080001753,-0.0726971020474306,0.048706839957646214,-0.0726971020474306
351.0,156.17720372692546,0.1469544491953028,0.04463793333071761,0.1469544491953028,-0.07237847659622931,0.048857758746690946,-0.07237847659622931
351.0,156.12471027221406,0.146895527590588,0.04460715851973564,0.146895527590588,-0.07205985114502794,0.049008677535735734,-0.07205985114502794
351.0,156.07232524929356,0.14683660598587325,0.044576383708753685,0.14683660598587325,-0.07174122569382665,0.049159596324780466,-0.07174122569382665
351.0,156.020047945468,0.1467776843811585,0.044545608897771725,0.1467776843811585,-0.07142260024262538,0.049310515113825205,-0.07142260024262538
351.0,155.96787765569678,0.14671930498945054,0.04450788766226161,0.14671930498945054,-0.07111774620508013,0.04944992702300645,-0.07111774620508013
351.0,155.91581368247995,0.14666126365366328,0.044465835508994564,0.14666126365366328,-0.0708214782911875,0.04958216468734757,-0.0708214782911875
351.0,155.86385533574585,0.146603222317876,0.04442378335572751,0.146603222317876,-0.07052521037729485,0.049714402351688704,-0.07052521037729485
351.0,155.81200193274105,0.14654518098208874,0.044381731202460466,0.14654518098208874,-0.07022894246340222,0.04984664001602983,-0.07022894246340222
351.0,155.76025279792222,0.14648713964630145,0.044339679049193406,0.14648713964630145,-0.0699326745495095,0.049978877680371,-0.0699326745495095
351.0,155.70860726285014,0.14642909831051418,0.04429762689592636,0.14642909831051418,-0.06963640663561686,0.050111115344712125,-0.06963640663561686
351.0,155.6570646660855,0.1463710569747269,0.044255574742659315,0.1463710569747269,-0.06934013872172422,0.050243353009053256,-0.06934013872172422
351.0,155.60562435308682,0.14631301563893964,0.04421352258939227,0.14631301563893964,-0.06904387080783159,0.05037559067339438,-0.06904387080783159
351.0,155.5542856761105,0.14625497430315237,0.04417147043612521,0.14625497430315237,-0.06874760289393886,0.050507828337735546,-0.06874760289393886
351.0,155.50304799411214,0.1461969329673651,0.044129418282858164,0.1461969329673651,-0.06845133498004621,0.05064006600207668,-0.06845133498004621
351.0,155.4519106726503,0.14613889163157784,0.04408736612959112,0.14613889163157784,-0.06815506706615358,0.0507723036664178,-0.06815506706615358
351.0,155.4008730837916,0.14608085029579054,0.04404531397632406,0.14608085029579054,-0.06785879915226085,0.05090454133075897,-0.06785879915226085
351.0,155.34993460601783,0.14602280896000328,0.04400326182305701,0.14602280896000328,-0.06756253123836821,0.0510367789951001,-0.06756253123836821
351.0,155.29909462413454,0.145964767624216,0.04396120966978997,0.145964767624216,-0.06726626332447558,0.05116901665944123,-0.06726626332447558
351.0,155.24835252918152,0.14590672628842874,0.04391915751652291,0.14590672628842874,-0.06696999541058285,0.051301254323782394,-0.06696999541058285
351.0,155.19770771834482,0.14584868495264147,0.04387710536325586,0.14584868495264147,-0.06667372749669022,0.051433491988123525,-0.06667372749669022
351.0,155.14715959487017,0.1457906436168542,0.04383505320998882,0.1457906436168542,-0.06637745958279757,0.05156572965246465,-0.06637745958279757
351.0,155.09670756797829,0.14573260228106694,0.043793001056721764,0.14573260228106694,-0.06608119166890494,0.05169796731680578,-0.06608119166890494
351.0,155.04635105278143,0.14567456094527964,0.04375094890345471,0.14567456094527964,-0.06578492375501221,0.051830204981146946,-0.06578492375501221
351.0,154.99608947020167,0.14561655906961354,0.04370819121450018,0.14561655906961354,-0.06549030244115026,0.051961061161395775,-0.06549030244115026
351.0,154.94592224689026,0.14555902447019473,0.04365707875980905,0.14555902447019473,-0.06521517972638452,0.052075558174894045,-0.06521517972638452
351.0,154.89584881514904,0.14550148987077588,0.04360596630511792,0.14550148987077588,-0.06494005701161878,0.05219005518839231,-0.06494005701161878
351.0,154.84586861285243,0.14544395527135703,0.04355485385042678,0.14544395527135703,-0.06466493429685297,0.052304552201890606,-0.06466493429685297
351.0,154.79598108337152,0.1453864206719382,0.04350374139573565,0.1453864206719382,-0.06438981158208723,0.05241904921538887,-0.06438981158208723
351.0,154.74618567549913,0.14532888607251934,0.04345262894104452,0.14532888607251934,-0.0641146888673215,0.05253354622888714,-0.0641146888673215
351.0,154.69648184337612,0.1452713514731005,0.043401516486353375,0.1452713514731005,-0.06383956615255568,0.05264804324238544,-0.06383956615255568
351.0,154.6468690464192,0.14521381687368165,0.04335040403166225,0.14521381687368165,-0.06356444343778994,0.0527625402558837,-0.06356444343778994
351.0,154.59734674924982,0.14515628227426283,0.04329929157697112,0.14515628227426283,-0.0632893207230242,0.05287703726938197,-0.0632893207230242
351.0,154.54791442162448,0.145098747674844,0.04324817912227999,0.145098747674844,-0.06301419800825847,0.05299153428288023,-0.06301419800825847
351.0,154.4985715383659,0.14504121307542514,0.04319706666758885,0.14504121307542514,-0.06273907529349265,0.05310603129637853,-0.06273907529349265
351.0,154.44931757929575,0.1449836784760063,0.04314595421289772,0.1449836784760063,-0.06246395257872691,0.053220528309876794,-0.06246395257872691
351.0,154.40015202916828,0.14492614387658745,0.04309484175820659,0.14492614387658745,-0.062188829863961174,0.053335025323375064,-0.062188829863961174
351.0,154.35107437760507,0.14486860927716863,0.043043729303515466,0.14486860927716863,-0.06191370714919544,0.05344952233687333,-0.06191370714919544
351.0,154.30208411903118,0.14481107467774976,0.04299261684882432,0.14481107467774976,-0.06163858443442962,0.053564019350371625,-0.06163858443442962
351.0,154.25318075261188,0.14475354007833094,0.04294150439413319,0.14475354007833094,-0.061363461719663885,0.053678516363869895,-0.061363461719663885
351.0,154.20436378219097,0.1446960054789121,0.04289039193944206,0.1446960054789121,-0.06108833900489814,0.05379301337736816,-0.06108833900489814
351.0,154.15563271622963,0.14463847087949325,0.04283927948475092,0.14463847087949325,-0.060813216290132324,0.053907510390866456,-0.060813216290132324
351.0,154.10698706774681,0.1445809362800744,0.04278816703005979,0.1445809362800744,-0.06053809357536659,0.05402200740436472,-0.06053809357536659
351.0,154.0584263542601,0.14452340168065556,0.04273705457536866,0.14452340168065556,-0.060262970860600854,0.05413650441786299,-0.060262970860600854
351.0,154.009950097728,0.1444658670812367,0.042685942120677514,0.1444658670812367,-0.059987848145835035,0.05425100143136129,-0.059987848145835035
351.0,153.96155782449281,0.14440860489113516,0.042629189300842314,0.14440860489113516,-0.05972854075908662,0.054352289391989314,-0.05972854075908662
351.0,153.91324906522473,0.14435141314851002,0.042570977832329916,0.14435141314851002,-0.05947332335706484,0.05445016137386348,-0.05947332335706484
351.0,153.86502335486668,0.14429422140588488,0.04251276636381751,0.14429422140588488,-0.059218105955043066,0.054548033355737637,-0.059218105955043066
351.0,153.81688023258002,0.1442370296632597,0.04245455489530509,0.1442370296632597,-0.05896288855302121,0.05464590533761183,-0.05896288855302121
351.0,153.76881924169143,0.14417983792063455,0.042396343426792694,0.14417983792063455,-0.05870767115099943,0.05474377731948599,-0.05870767115099943
351.0,153.7208399296403,0.1441226461780094,0.042338131958280296,0.1441226461780094,-0.05845245374897765,0.05484164930136015,-0.05845245374897765
351.0,153.672941847927,0.14406545443538424,0.04227992048976789,0.14406545443538424,-0.05819723634695587,0.05493952128323431,-0.05819723634695587
351.0,153.62512455206237,0.14400826269275907,0.04222170902125547,0.14400826269275907,-0.05794201894493402,0.0550373932651085,-0.05794201894493402
351.0,153.5773876015176,0.14395107095013393,0.042163497552743075,0.14395107095013393,-0.05768680154291224,0.055135265246982666,-0.05768680154291224
351.0,153.52973055967482,0.1438938792075088,0.04210528608423068,0.1438938792075088,-0.05743158414089046,0.055233137228856824,-0.05743158414089046
351.0,153.4821529937792,0.14383668746488362,0.04204707461571826,0.14383668746488362,-0.057176366738868604,0.055331009210731016,-0.057176366738868604
351.0,153.4346544748909,0.14377949572225845,0.04198886314720585,0.14377949572225845,-0.05692114933684683,0.055428881192605174,-0.05692114933684683
351.0,153.3872345778383,0.14372230397963331,0.041930651678693455,0.14372230397963331,-0.05666593193482505,0.05552675317447934,-0.05666593193482505
351.0,153.339892881172,0.14366511223700815,0.041872440210181036,0.14366511223700815,-0.0564107145328032,0.055624625156353524,-0.0564107145328032
351.0,153.2926289671192,0.143607920494383,0.04181422874166864,0.143607920494383,-0.05615549713078142,0.05572249713822769,-0.05615549713078142
351.0,153.24544242153917,0.14355072875175784,0.04175601727315623,0.14355072875175784,-0.05590027972875964,0.05582036912010185,-0.05590027972875964
351.0,153.19833283387905,0.1434935370091327,0.041697805804643835,0.1434935370091327,-0.05564506232673786,0.05591824110197601,-0.05564506232673786
351.0,153.15129979713072,0.14343634526650756,0.04163959433613144,0.14343634526650756,-0.05538984492471608,0.05601611308385017,-0.05538984492471608
351.0,153.10434290778795,0.1433791535238824,0.04158138286761902,0.1433791535238824,-0.05513462752269423,0.05611398506572436,-0.05513462752269423
351.0,153.0574617658046,0.14332196178125722,0.04152317139910662,0.14332196178125722,-0.05487941012067245,0.05621185704759852,-0.05487941012067245
351.0,153.01065597455303,0.14326477003863208,0.041464959930594215,0.14326477003863208,-0.054624192718650676,0.056309729029472684,-0.054624192718650676
351.0,152.9639251407836,0.14320783538042453,0.04140259164014194,0.14320783538042453,-0.05438338020159404,0.05639570845520064,-0.05438338020159404
351.0,152.91726887458444,0.14315097660037754,0.04133899646863112,0.14315097660037754,-0.054146819269226557,0.056478177807106573,-0.054146819269226557
351.0,152.87068678934196,0.14309411782033052,0.0412754012971203,0.14309411782033052,-0.053910258336859064,0.05656064715901251,-0.053910258336859064
351.0,152.824178501702,0.1430372590402835,0.04121180612560946,0.1430372590402835,-0.0536736974044915,0.05664311651091847,-0.0536736974044915
351.0,152.77774363153148,0.1429804002602365,0.04114821095409864,0.1429804002602365,-0.05343713647212402,0.056725585862824404,-0.05343713647212402
351.0,152.7313818018807,0.1429235414801895,0.04108461578258782,0.1429235414801895,-0.053200575539756524,0.05680805521473034,-0.053200575539756524
351.0,152.6850926389462,0.1428666827001425,0.04102102061107699,0.1428666827001425,-0.05296401460738904,0.05689052456663628,-0.05296401460738904
351.0,152.63887577203408,0.14280982392009547,0.04095742543956615,0.14280982392009547,-0.05272745367502148,0.05697299391854224,-0.05272745367502148
351.0,152.59273083352397,0.14275296514004845,0.040893830268055334,0.14275296514004845,-0.052490892742653984,0.05705546327044817,-0.052490892742653984
351.0,152.54665745883355,0.14269610636000146,0.04083023509654451,0.14269610636000146,-0.0522543318102865,0.05713793262235411,-0.0522543318102865
351.0,152.50065528638342,0.14263924757995444,0.04076663992503369,0.14263924757995444,-0.052017770877919006,0.057220401974260045,-0.052017770877919006
351.0,152.45472395756275,0.14258238879990742,0.04070304475352285,0.14258238879990742,-0.051781209945551444,0.05730287132616601,-0.051781209945551444
351.0,152.40886311669527,0.14252553001986043,0.04063944958201202,0.14252553001986043,-0.05154464901318396,0.057385340678071946,-0.05154464901318396
351.0,152.36307241100573,0.14246867123981344,0.040575854410501204,0.14246867123981344,-0.051308088080816466,0.05746781002997788,-0.051308088080816466
351.0,152.3173514905869,0.14241181245976642,0.040512259238990364,0.14241181245976642,-0.05107152714844891,0.05755027938188384,-0.05107152714844891
351.0,152.27170000836725,0.1423549536797194,0.04044866406747954,0.1423549536797194,-0.05083496621608142,0.057632748733789776,-0.05083496621608142
351.0,152.2261176200786,0.1422980948996724,0.04038506889596872,0.1422980948996724,-0.050598405283713926,0.05771521808569571,-0.050598405283713926
351.0,152.1806039842248,0.14224123611962539,0.04032147372445788,0.14224123611962539,-0.05036184435134637,0.05779768743760168,-0.05036184435134637
351.0,152.13515876205054,0.14218437733957837,0.04025787855294705,0.14218437733957837,-0.05012528341897888,0.05788015678950761,-0.05012528341897888
351.0,152.0897816175106,0.14212751855953137,0.040194283381436234,0.14212751855953137,-0.049888722486611393,0.057962626141413544,-0.049888722486611393
351.0,152.04447221723967,0.14207065977948435,0.040130688209925415,0.14207065977948435,-0.0496521615542439,0.05804509549331948,-0.0496521615542439
351.0,151.9992302305226,0.1420138083400412,0.04006702662627103,0.1420138083400412,-0.049415897155340865,0.05812732427511661,-0.049415897155340865
351.0,151.954055329265,0.14195738067746627,0.03999953103512376,0.14195738067746627,-0.049196751787148406,0.058195664819753766,-0.049196751787148406
351.0,151.90894718796415,0.14190095301489136,0.0399320354439765,0.14190095301489136,-0.048977606418955946,0.05826400536439092,-0.048977606418955946
351.0,151.86390548368067,0.14184452535231643,0.03986453985282923,0.14184452535231643,-0.04875846105076348,0.058332345909028076,-0.04875846105076348
351.0,151.8189298960102,0.1417880976897415,0.039797044261681944,0.1417880976897415,-0.04853931568257096,0.05840068645366526,-0.04853931568257096
351.0,151.77402010705572,0.14173167002716655,0.03972954867053468,0.14173167002716655,-0.04832017031437849,0.05846902699830241,-0.04832017031437849
351.0,151.72917580140017,0.14167524236459164,0.03966205307938741,0.14167524236459164,-0.04810102494618603,0.05853736754293957,-0.04810102494618603
351.0,151.68439666607955,0.1416188147020167,0.039594557488240124,0.1416188147020167,-0.0478818795779935,0.058605708087576744,-0.0478818795779935
351.0,151.63968239055617,0.14156238703944177,0.03952706189709286,0.14156238703944177,-0.04766273420980104,0.058674048632213906,-0.04766273420980104
351.0,151.59503266669253,0.14150595937686683,0.0394595663059456,0.14150595937686683,-0.04744358884160858,0.05874238917685106,-0.04744358884160858
351.0,151.55044718872537,0.14144953171429192,0.039392070714798326,0.14144953171429192,-0.047224443473416124,0.058810729721488215,-0.047224443473416124
351.0,151.50592565324015,0.14139310405171698,0.03932457512365104,0.14139310405171698,-0.047005298105223595,0.05887907026612539,-0.047005298105223595
351.0,151.4614677591462,0.14133667638914205,0.03925707953250378,0.14133667638914205,-0.046786152737031135,0.05894741081076255,-0.046786152737031135
351.0,151.41707320765127,0.1412802487265671,0.03918958394135651,0.1412802487265671,-0.04656700736883867,0.05901575135539971,-0.04656700736883867
351.0,151.37274170223768,0.1412238210639922,0.03912208835020924,0.1412238210639922,-0.04634786200064621,0.05908409190003686,-0.04634786200064621
351.0,151.32847294863774,0.14116739340141726,0.03905459275906196,0.14116739340141726,-0.04612871663245369,0.05915243244467404,-0.04612871663245369
351.0,151.28426665481035,0.14111096573884233,0.038987097167914694,0.14111096573884233,-0.04590957126426122,0.0592207729893112,-0.04590957126426122
351.0,151.24012253091703,0.1410545380762674,0.038919601576767424,0.1410545380762674,-0.04569042589606876,0.059289113533948355,-0.04569042589606876
351.0,151.1960402892991,0.14099811041369245,0.03885210598562014,0.14099811041369245,-0.04547128052787623,0.05935745407858553,-0.04547128052787623
351.0,151.15201964445467,0.14094168275111754,0.038784610394472875,0.14094168275111754,-0.04525213515968377,0.05942579462322269,-0.04525213515968377
351.0,151.10806031301613,0.1408852550885426,0.038717114803325604,0.1408852550885426,-0.04503298979149131,0.05949413516785985,-0.04503298979149131
351.0,151.06416201372784,0.14082882742596767,0.03864961921217832,0.14082882742596767,-0.04481384442329878,0.05956247571249702,-0.04481384442329878
351.0,151.0203244674243,0.14077239976339273,0.038582123621031056,0.14077239976339273,-0.044594699055106324,0.05963081625713418,-0.044594699055106324
351.0,150.97654739700832,0.14071629379856476,0.03851321740682436,0.14071629379856476,-0.044384233818881555,0.0596922721613868,-0.044384233818881555
351.0,150.93283052742976,0.14066046643099533,0.038443089562311225,0.14066046643099533,-0.04418128576607779,0.05974776581705254,-0.04418128576607779
351.0,150.8891735856644,0.1406046390634259,0.03837296171779809,0.1406046390634259,-0.04397833771327403,0.05980325947271828,-0.04397833771327403
351.0,150.8455763006931,0.14054881169585645,0.03830283387328493,0.14054881169585645,-0.043775389660470204,0.05985875312838403,-0.043775389660470204
351.0,150.80203840348136,0.14049298432828702,0.038232706028771796,0.14049298432828702,-0.04357244160766644,0.05991424678404978,-0.04357244160766644
351.0,150.75855962695883,0.14043715696071757,0.03816257818425866,0.14043715696071757,-0.04336949355486268,0.05996974043971552,-0.04336949355486268
351.0,150.71513970599966,0.14038132959314814,0.0380924503397455,0.14038132959314814,-0.04316654550205885,0.060025234095381276,-0.04316654550205885
351.0,150.67177837740232,0.14032550222557869,0.038022322495232366,0.14032550222557869,-0.04296359744925509,0.06008072775104702,-0.04296359744925509
351.0,150.62847537987054,0.14026967485800926,0.03795219465071923,0.14026967485800926,-0.04276064939645133,0.060136221406712764,-0.04276064939645133
351.0,150.58523045399366,0.1402138474904398,0.03788206680620607,0.1402138474904398,-0.0425577013436475,0.06019171506237852,-0.0425577013436475
351.0,150.54204334222803,0.14015802012287037,0.03781193896169294,0.14015802012287037,-0.04235475329084374,0.06024720871804426,-0.04235475329084374
351.0,150.49891378887799,0.14010219275530095,0.0377418111171798,0.14010219275530095,-0.04215180523803998,0.06030270237371,-0.04215180523803998
351.0,150.45584154007753,0.1400463653877315,0.037671683272666644,0.1400463653877315,-0.04194885718523615,0.06035819602937576,-0.04194885718523615
351.0,150.4128263437719,0.13999053802016206,0.03760155542815351,0.13999053802016206,-0.04174590913243239,0.0604136896850415,-0.04174590913243239
351.0,150.36986794969974,0.1399347106525926,0.03753142758364037,0.1399347106525926,-0.041542961079628626,0.06046918334070724,-0.041542961079628626
351.0,150.32696610937506,0.13987888328502318,0.037461299739127235,0.13987888328502318,-0.041340013026824864,0.060524676996372984,-0.041340013026824864
351.0,150.28412057606988,0.13982305591745375,0.0373911718946141,0.13982305591745375,-0.0411370649740211,0.06058017065203873,-0.0411370649740211
351.0,150.24133110479679,0.1397672285498843,0.03732104405010094,0.1397672285498843,-0.040934116921217276,0.060635664307704486,-0.040934116921217276
351.0,150.1985974522918,0.13971140118231487,0.037250916205587806,0.13971140118231487,-0.04073116886841351,0.060691157963370226,-0.04073116886841351
351.0,150.15591937699745,0.13965557381474544,0.03718078836107467,0.13965557381474544,-0.04052822081560974,0.06074665161903597,-0.04052822081560974
351.0,150.1132966390461,0.139599746447176,0.03711066051656151,0.139599746447176,-0.040325272762805925,0.06080214527470173,-0.040325272762805925
351.0,150.0707290002434,0.13954391907960653,0.037040532672048376,0.13954391907960653,-0.040122324710002155,0.06085763893036747,-0.040122324710002155
351.0,150.02821622405213,0.1394880917120371,0.03697040482753524,0.1394880917120371,-0.03991937665719839,0.06091313258603321,-0.03991937665719839
351.0,149.98575807557594,0.13943253663445299,0.036899753340106464,0.13943253663445299,-0.03972146693329811,0.06096473703306106,-0.03972146693329811
351.0,149.94335432154358,0.13937752067400197,0.03682806507247048,0.13937752067400197,-0.039533532785365574,0.06100864109034369,-0.039533532785365574
351.0,149.9010047302932,0.13932250471355095,0.0367563768048345,0.13932250471355095,-0.039345598637433046,0.06105254514762633,-0.039345598637433046
351.0,149.85870907175686,0.1392674887530999,0.03668468853719851,0.1392674887530999,-0.03915766448950051,0.06109644920490897,-0.03915766448950051
351.0,149.81646711744514,0.1392124727926489,0.036613000269562525,0.1392124727926489,-0.03896973034156798,0.0611403532621916,-0.03896973034156798
351.0,149.77427864043216,0.13915745683219785,0.03654131200192652,0.13915745683219785,-0.03878179619363539,0.06118425731947425,-0.03878179619363539
351.0,149.73214341534057,0.13910244087174684,0.03646962373429054,0.13910244087174684,-0.038593862045702865,0.06122816137675689,-0.038593862045702865
351.0,149.69006121832683,0.13904742491129582,0.03639793546665455,0.13904742491129582,-0.03840592789777034,0.06127206543403953,-0.03840592789777034
351.0,149.64803182706655,0.13899240895084478,0.036326247199018544,0.13899240895084478,-0.038217993749837746,0.061315969491322175,-0.038217993749837746
351.0,149.60605502074037,0.13893739299039373,0.03625455893138256,0.13893739299039373,-0.03803005960190521,0.06135987354860481,-0.03803005960190521
351.0,149.5641305800194,0.13888237702994272,0.03618287066374657,0.13888237702994272,-0.03784212545397268,0.06140377760588745,-0.03784212545397268
351.0,149.52225828705136,0.13882736106949167,0.03611118239611057,0.13882736106949167,-0.03765419130604009,0.0614476816631701,-0.03765419130604009
351.0,149.48043792544678,0.13877234510904066,0.03603949412847458,0.13877234510904066,-0.037466257158107565,0.061491585720452734,-0.037466257158107565
351.0,149.43866928026515,0.13871732914858964,0.03596780586083859,0.13871732914858964,-0.037278323010175037,0.061535489777735375,-0.037278323010175037
351.0,149.39695213800135,0.1386623131881386,0.03589611759320259,0.1386623131881386,-0.037090388862242446,0.06157939383501802,-0.037090388862242446
351.0,149.3552862865725,0.13860729722768755,0.035824429325566606,0.13860729722768755,-0.03690245471430992,0.06162329789230066,-0.03690245471430992
351.0,149.3136715153045,0.13855228126723654,0.03575274105793062,0.13855228126723654,-0.03671452056637738,0.06166720194958329,-0.03671452056637738
351.0,149.27210761491907,0.13849726530678552,0.03568105279029463,0.13849726530678552,-0.036526586418444855,0.06171110600686593,-0.036526586418444855
351.0,149.23059437752087,0.13844224934633448,0.03560936452265865,0.13844224934633448,-0.03633865227051232,0.06175501006414857,-0.03633865227051232
351.0,149.18913159658464,0.13838723338588346,0.035537676255022646,0.13838723338588346,-0.036150718122579736,0.061798914121431216,-0.036150718122579736
351.0,149.14771906694273,0.13833221742543242,0.035465987987386656,0.13833221742543242,-0.0359627839746472,0.06184281817871386,-0.0359627839746472
351.0,149.10635658477258,0.1382772014649814,0.03539429971975067,0.1382772014649814,-0.03577484982671467,0.06188672223599649,-0.03577484982671467
351.0,149.0650439475844,0.13822218550453036,0.03532261145211467,0.13822218550453036,-0.03558691567878208,0.06193062629327914,-0.03558691567878208
351.0,149.02378095420897,0.13816716954407934,0.035250923184478686,0.13816716954407934,-0.035398981530849555,0.061974530350561774,-0.035398981530849555
351.0,148.9825674047858,0.13811259461271302,0.035178953417156336,0.13811259461271302,-0.03521691819834131,0.06201404205368084,-0.03521691819834131
351.0,148.94140310075093,0.1380586209582048,0.03510659986732881,0.1380586209582048,-0.03504285884011793,0.06204756544219034,-0.03504285884011793
351.0,148.90028784482553,0.13800464730369655,0.0350342463175013,0.13800464730369655,-0.0348687994818946,0.062081088830699814,-0.0348687994818946
351.0,148.8592214410041,0.13795067364918834,0.034961892767673794,0.13795067364918834,-0.034694740123671276,0.062114612219209296,-0.034694740123671276
351.0,148.81820369454303,0.13789669999468013,0.03488953921784629,0.13789669999468013,-0.03452068076544795,0.06214813560771878,-0.03452068076544795
351.0,148.77723441194914,0.1378427263401719,0.03481718566801878,0.1378427263401719,-0.03434662140722462,0.06218165899622826,-0.03434662140722462
351.0,148.7363134009688,0.13778875268566365,0.03474483211819125,0.13778875268566365,-0.034172562049001244,0.06221518238473775,-0.034172562049001244
351.0,148.69544047057653,0.13773477903115544,0.03467247856836375,0.13773477903115544,-0.03399850269077792,0.06224870577324723,-0.03399850269077792
351.0,148.65461543096416,0.13768080537664723,0.034600125018536244,0.13768080537664723,-0.03382444333255459,0.06228222916175671,-0.03382444333255459
351.0,148.61383809353,0.137626831722139,0.034527771468708716,0.137626831722139,-0.03365038397433121,0.0623157525502662,-0.03365038397433121
351.0,148.5731082708682,0.13757285806763075,0.03445541791888121,0.13757285806763075,-0.03347632461610789,0.06234927593877568,-0.03347632461610789
351.0,148.53242577675798,0.13751888441312254,0.0343830643690537,0.13751888441312254,-0.03330226525788456,0.06238279932728516,-0.03330226525788456
351.0,148.49179042615341,0.1374649107586143,0.034310710819226174,0.1374649107586143,-0.03312820589966118,0.06241632271579465,-0.03312820589966118
351.0,148.45120203517286,0.1374109371041061,0.03423835726939867,0.1374109371041061,-0.032954146541437856,0.06244984610430413,-0.032954146541437856
351.0,148.41066042108892,0.13735696344959786,0.03416600371957116,0.13735696344959786,-0.032780087183214526,0.06248336949281361,-0.032780087183214526
351.0,148.37016540231812,0.13730298979508965,0.03409365016974363,0.13730298979508965,-0.03260602782499115,0.0625168928813231,-0.03260602782499115
351.0,148.32971679841114,0.1372490161405814,0.034021296619916125,0.1372490161405814,-0.032431968466767824,0.06255041626983258,-0.032431968466767824
351.0,148.2893144300427,0.1371950424860732,0.033948943070088625,0.1371950424860732,-0.032257909108544494,0.06258393965834207,-0.032257909108544494
351.0,148.24895811900208,0.137141068831565,0.03387658952026112,0.137141068831565,-0.03208384975032117,0.06261746304685155,-0.03208384975032117
351.0,148.20864768818302,0.13708709517705675,0.03380423597043361,0.13708709517705675,-0.03190979039209784,0.06265098643536103,-0.03190979039209784
351.0,148.16838296157454,0.1370331215225485,0.03373188242060608,0.1370331215225485,-0.03173573103387446,0.06268450982387051,-0.03173573103387446
351.0,148.1281637642514,0.1369791478680403,0.033659528870778575,0.1369791478680403,-0.03156167167565114,0.06271803321238,-0.03156167167565114
351.0,148.08798992236456,0.1369251742135321,0.03358717532095107,0.1369251742135321,-0.03138761231742781,0.06275155660088948,-0.03138761231742781
351.0,148.0478612631322,0.13687120055902385,0.03351482177112354,0.13687120055902385,-0.031213552959204433,0.06278507998939897,-0.031213552959204433
351.0,148.00777761483036,0.13681722690451562,0.03344246822129603,0.13681722690451562,-0.031039493600981106,0.06281860337790844,-0.031039493600981106
351.0,147.96773880678407,0.13676428211280245,0.03337017334873911,0.13676428211280245,-0.03087573825091545,0.06284468372167029,-0.03087573825091545
351.0,147.9277446693582,0.13671158522346555,0.03329789261434993,0.13671158522346555,-0.030714465630441876,0.06286897067909472,-0.030714465630441876
351.0,147.8877950339488,0.13665888833412865,0.03322561187996077,0.13665888833412865,-0.030553193009968345,0.06289325763651915,-0.030553193009968345
351.0,147.8478897329743,0.13660619144479175,0.03315333114557162,0.13660619144479175,-0.030391920389494814,0.0629175445939436,-0.030391920389494814
351.0,147.8080285998667,0.13655349455545485,0.033081050411182464,0.13655349455545485,-0.030230647769021287,0.06294183155136802,-0.030230647769021287
351.0,147.76821146906332,0.13650079766611795,0.03300876967679331,0.13650079766611795,-0.030069375148547756,0.06296611850879245,-0.030069375148547756
351.0,147.728438175998,0.13644810077678104,0.03293648894240413,0.13644810077678104,-0.02990810252807418,0.0629904054662169,-0.02990810252807418
351.0,147.68870855709298,0.13639540388744414,0.03286420820801497,0.13639540388744414,-0.02974682990760065,0.06301469242364133,-0.02974682990760065
351.0,147.64902244975042,0.13634270699810724,0.03279192747362582,0.13634270699810724,-0.029585557287127123,0.06303897938106576,-0.029585557287127123
351.0,147.60937969234425,0.13629001010877034,0.03271964673923664,0.13629001010877034,-0.029424284666653543,0.0630632663384902,-0.029424284666653543
351.0,147.5697801242122,0.13623731321943344,0.03264736600484748,0.13623731321943344,-0.029263012046180016,0.06308755329591463,-0.029263012046180016
351.0,147.53022358564758,0.13618461633009654,0.032575085270458326,0.13618461633009654,-0.029101739425706485,0.06311184025333906,-0.029101739425706485
351.0,147.49070991789145,0.13613191944075964,0.03250280453606915,0.13613191944075964,-0.02894046680523291,0.0631361272107635,-0.02894046680523291
351.0,147.45123896312475,0.13607922255142274,0.032430523801679996,0.13607922255142274,-0.02877919418475938,0.06316041416818793,-0.02877919418475938
351.0,147.41181056446055,0.13602652566208584,0.03235824306729084,0.13602652566208584,-0.028617921564285848,0.06318470112561236,-0.028617921564285848
351.0,147.3724245659362,0.13597382877274894,0.03228596233290166,0.13597382877274894,-0.028456648943812272,0.06320898808303681,-0.028456648943812272
351.0,147.33308081250604,0.13592113188341204,0.032213681598512504,0.13592113188341204,-0.028295376323338742,0.06323327504046124,-0.028295376323338742
351.0,147.29377915003357,0.13586843499407514,0.03214140086412335,0.13586843499407514,-0.028134103702865215,0.06325756199788567,-0.028134103702865215
351.0,147.25451942528414,0.13581573810473824,0.032069120129734195,0.13581573810473824,-0.027972831082391684,0.0632818489553101,-0.027972831082391684
351.0,147.21530148591754,0.13576304121540134,0.03199683939534504,0.13576304121540134,-0.027811558461918157,0.06330613591273453,-0.027811558461918157
351.0,147.17612518048077,0.13571034432606444,0.03192455866095586,0.13571034432606444,-0.027650285841444577,0.06333042287015897,-0.027650285841444577
351.0,147.13699035840077,0.13565764743672754,0.031852277926566704,0.13565764743672754,-0.02748901322097105,0.0633547098275834,-0.02748901322097105
351.0,147.09789686997726,0.13560495054739063,0.03177999719217755,0.13560495054739063,-0.02732774060049752,0.06337899678500783,-0.02732774060049752
351.0,147.0588445663757,0.13555225365805373,0.031707716457788374,0.13555225365805373,-0.027166467980023944,0.06340328374243227,-0.027166467980023944
351.0,147.01983329962042,0.13549955676871683,0.03163543572339921,0.13549955676871683,-0.027005195359550413,0.0634275706998567,-0.027005195359550413
351.0,146.98086292258733,0.13544759836172737,0.03156348549522861,0.13544759836172737,-0.0268496963222657,0.06344784591055232,-0.0268496963222657
351.0,146.94193328899752,0.13539640490297006,0.03149187761802749,0.13539640490297006,-0.026700177783051064,0.06346396560070118,-0.026700177783051064
351.0,146.90304425341026,0.13534521144421274,0.031420269740826394,0.13534521144421274,-0.026550659243836473,0.06348008529085004,-0.026550659243836473
351.0,146.86419567121624,0.13529401798545546,0.03134866186362529,0.13529401798545546,-0.026401140704621885,0.0634962049809989,-0.026401140704621885
351.0,146.82538739863102,0.13524282452669814,0.03127705398642419,0.13524282452669814,-0.026251622165407294,0.06351232467114776,-0.026251622165407294
351.0,146.7866192926884,0.13519163106794085,0.031205446109223094,0.13519163106794085,-0.026102103626192703,0.06352844436129662,-0.026102103626192703
351.0,146.74789121123402,0.1351404376091835,0.031133838232021975,0.1351404376091835,-0.025952585086978067,0.06354456405144548,-0.025952585086978067
351.0,146.70920301291883,0.13508924415042622,0.031062230354820874,0.13508924415042622,-0.025803066547763476,0.06356068374159433,-0.025803066547763476
351.0,146.6705545571927,0.1350380506916689,0.030990622477619776,0.1350380506916689,-0.025653548008548886,0.0635768034317432,-0.025653548008548886
351.0,146.63194570429818,0.1349868572329116,0.030919014600418654,0.1349868572329116,-0.025504029469334253,0.06359292312189206,-0.025504029469334253
351.0,146.5933763152642,0.1349356637741543,0.030847406723217556,0.1349356637741543,-0.025354510930119662,0.06360904281204091,-0.025354510930119662
351.0,146.5548462518999,0.134884470315397,0.030775798846016455,0.134884470315397,-0.02520499239090507,0.06362516250218977,-0.02520499239090507
351.0,146.51635537678857,0.13483327685663968,0.030704190968815336,0.13483327685663968,-0.025055473851690435,0.06364128219233864,-0.025055473851690435
351.0,146.47790355328146,0.1347820833978824,0.030632583091614235,0.1347820833978824,-0.024905955312475844,0.0636574018824875,-0.024905955312475844
351.0,146.43949064549193,0.13473088993912508,0.030560975214413137,0.13473088993912508,-0.024756436773261257,0.06367352157263635,-0.024756436773261257
351.0,146.40111651828943,0.13467969648036776,0.03048936733721202,0.13467969648036776,-0.02460691823404662,0.06368964126278522,-0.02460691823404662
351.0,146.36278103729362,0.13462850302161047,0.030417759460010917,0.13462850302161047,-0.02445739969483203,0.06370576095293408,-0.02445739969483203
351.0,146.32448406886854,0.13457730956285316,0.03034615158280982,0.13457730956285316,-0.02430788115561744,0.06372188064308293,-0.02430788115561744
351.0,146.28622548011697,0.13452611610409584,0.03027454370560872,0.13452611610409584,-0.024158362616402848,0.06373800033323179,-0.024158362616402848
351.0,146.24800513887445,0.13447492264533856,0.03020293582840762,0.13447492264533856,-0.024008844077188257,0.06375412002338066,-0.024008844077188257
351.0,146.20982291370402,0.13442372918658124,0.0301313279512065,0.13442372918658124,-0.023859325537973625,0.06377023971352952,-0.023859325537973625
351.0,146.17167867389028,0.13437253572782393,0.0300597200740054,0.13437253572782393,-0.023709806998759034,0.06378635940367837,-0.023709806998759034
351.0,146.13357228943403,0.13432134226906664,0.029988112196804303,0.13432134226906664,-0.023560288459544443,0.06380247909382723,-0.023560288459544443
351.0,146.09550363104677,0.13427014881030933,0.02991650431960318,0.13427014881030933,-0.023410769920329807,0.0638185987839761,-0.023410769920329807
351.0,146.05747257014517,0.134218955351552,0.029844896442402083,0.134218955351552,-0.02326125138111522,0.06383471847412496,-0.02326125138111522
351.0,146.01947897884583,0.13416776189279472,0.02977328856520098,0.13416776189279472,-0.02311173284190063,0.06385083816427381,-0.02311173284190063
351.0,145.98152272995992,0.13411740340643086,0.029702241988696258,0.13411740340643086,-0.0229674629519456,0.06386346225844154,-0.0229674629519456
351.0,145.94360369698782,0.13406792472668735,0.0296317868521871,0.13406792472668735,-0.022828723539887096,0.06387240305899362,-0.022828723539887096
351.0,145.90572175411404,0.13401844604694382,0.029561331715677937,0.13401844604694382,-0.02268998412782859,0.06388134385954569,-0.02268998412782859
351.0,145.8678767762019,0.1339689673672003,0.029490876579168775,0.1339689673672003,-0.022551244715770087,0.06389028466009777,-0.022551244715770087
351.0,145.83006863878856,0.13391948868745676,0.029420421442659613,0.13391948868745676,-0.022412505303711586,0.06389922546064986,-0.022412505303711586
351.0,145.79229721807974,0.13387001000771323,0.02934996630615043,0.13387001000771323,-0.02227376589165304,0.06390816626120192,-0.02227376589165304
351.0,145.75456239094498,0.1338205313279697,0.029279511169641267,0.1338205313279697,-0.022135026479594536,0.063917107061754,-0.022135026479594536
351.0,145.7168640349125,0.13377105264822617,0.029209056033132105,0.13377105264822617,-0.021996287067536032,0.06392604786230609,-0.021996287067536032
351.0,145.67920202816418,0.13372157396848264,0.029138600896622926,0.13372157396848264,-0.021857547655477486,0.06393498866285817,-0.021857547655477486
351.0,145.64157624953097,0.1336720952887391,0.029068145760113764,0.1336720952887391,-0.021718808243418982,0.06394392946341024,-0.021718808243418982
351.0,145.6039865784877,0.13362261660899558,0.0289976906236046,0.13362261660899558,-0.021580068831360478,0.06395287026396232,-0.021580068831360478
351.0,145.56643289514864,0.13357313792925204,0.02892723548709542,0.13357313792925204,-0.021441329419301932,0.0639618110645144,-0.021441329419301932
351.0,145.52891508026246,0.13352365924950851,0.028856780350586256,0.13352365924950851,-0.021302590007243428,0.06397075186506647,-0.021302590007243428
351.0,145.49143301520778,0.13347418056976498,0.028786325214077094,0.13347418056976498,-0.021163850595184924,0.06397969266561855,-0.021163850595184924
351.0,145.4539865819884,0.13342470189002145,0.02871587007756791,0.13342470189002145,-0.021025111183126378,0.06398863346617063,-0.021025111183126378
351.0,145.41657566322866,0.13337522321027792,0.028645414941058753,0.13337522321027792,-0.020886371771067874,0.06399757426672271,-0.020886371771067874
351.0,145.37920014216894,0.13332574453053442,0.02857495980454959,0.13332574453053442,-0.02074763235900937,0.06400651506727478,-0.02074763235900937
351.0,145.34185990266118,0.1332762658507909,0.02850450466804043,0.1332762658507909,-0.020608892946950865,0.06401545586782686,-0.020608892946950865
351.0,145.30455482916426,0.13322678717104736,0.028434049531531266,0.13322678717104736,-0.02047015353489236,0.06402439666837895,-0.02047015353489236
351.0,145.26728480673967,0.13317730849130383,0.028363594395022083,0.13317730849130383,-0.020331414122833815,0.06403333746893101,-0.020331414122833815
351.0,145.2300497210472,0.1331278298115603,0.02829313925851292,0.1331278298115603,-0.02019267471077531,0.0640422782694831,-0.02019267471077531
351.0,145.1928494583404,0.13307835113181676,0.02822268412200376,0.13307835113181676,-0.020053935298716807,0.06405121907003518,-0.020053935298716807
351.0,145.15568390546227,0.13302887245207323,0.02815222898549458,0.13302887245207323,-0.01991519588665826,0.06406015987058726,-0.01991519588665826
351.0,145.1185529498413,0.1329793937723297,0.028081773848985418,0.1329793937723297,-0.019776456474599757,0.06406910067113933,-0.019776456474599757
351.0,145.08145647948677,0.13292991509258617,0.028011318712476255,0.13292991509258617,-0.019637717062541252,0.06407804147169141,-0.019637717062541252
351.0,145.04439438298493,0.13288043641284264,0.027940863575967072,0.13288043641284264,-0.019498977650482707,0.06408698227224349,-0.019498977650482707
351.0,145.00736654949472,0.1328309577330991,0.02787040843945791,0.1328309577330991,-0.019360238238424202,0.06409592307279556,-0.019360238238424202
351.0,144.9703728687436,0.1327830057909517,0.02780117796467927,0.1327830057909517,-0.01922939823443338,0.06409983920005194,-0.01922939823443338
351.0,144.93341323102345,0.13273543328497112,0.027732251851929752,0.13273543328497112,-0.01910052145000633,0.06410250655818141,-0.01910052145000633
351.0,144.8964875271868,0.13268786077899056,0.027663325739180233,0.13268786077899056,-0.018971644665579282,0.06410517391631086,-0.018971644665579282
351.0,144.85959564864234,0.13264028827300997,0.027594399626430698,0.13264028827300997,-0.018842767881152193,0.06410784127444033,-0.018842767881152193
351.0,144.8227374873515,0.1325927157670294,0.02752547351368118,0.1325927157670294,-0.01871389109672514,0.0641105086325698,-0.01871389109672514
351.0,144.78591293582414,0.13254514326104883,0.02745654740093166,0.13254514326104883,-0.01858501431229809,0.06411317599069927,-0.01858501431229809
351.0,144.74912188711474,0.13249757075506824,0.027387621288182125,0.13249757075506824,-0.018456137527871,0.06411584334882874,-0.018456137527871
351.0,144.7123642348186,0.13244999824908768,0.027318695175432606,0.13244999824908768,-0.01832726074344395,0.0641185107069582,-0.01832726074344395
351.0,144.67563987306806,0.1324024257431071,0.027249769062683088,0.1324024257431071,-0.0181983839590169,0.06412117806508767,-0.0181983839590169
351.0,144.63894869652847,0.1323548532371265,0.027180842949933552,0.1323548532371265,-0.018069507174589813,0.06412384542321714,-0.018069507174589813
351.0,144.60229060039478,0.13230728073114595,0.027111916837184034,0.13230728073114595,-0.017940630390162762,0.06412651278134661,-0.017940630390162762
351.0,144.56566548038754,0.13225970822516536,0.027042990724434515,0.13225970822516536,-0.01781175360573571,0.06412918013947608,-0.01781175360573571
351.0,144.5290732327493,0.13221213571918478,0.026974064611684976,0.13221213571918478,-0.017682876821308622,0.06413184749760555,-0.017682876821308622
351.0,144.49251375424106,0.13216456321320422,0.02690513849893546,0.13216456321320422,-0.01755400003688157,0.06413451485573501,-0.01755400003688157
351.0,144.45598694213848,0.13211699070722363,0.026836212386185943,0.13211699070722363,-0.017425123252454523,0.06413718221386448,-0.017425123252454523
351.0,144.41949269422832,0.13206941820124307,0.026767286273436424,0.13206941820124307,-0.017296246468027472,0.06413984957199394,-0.017296246468027472
351.0,144.38303090880507,0.13202184569526249,0.02669836016068691,0.13202184569526249,-0.01716736968360042,0.0641425169301234,-0.01716736968360042
351.0,144.3466014846671,0.1319742731892819,0.02662943404793737,0.1319742731892819,-0.017038492899173332,0.06414518428825287,-0.017038492899173332
351.0,144.31020432111353,0.13192670068330134,0.02656050793518785,0.13192670068330134,-0.01690961611474628,0.06414785164638234,-0.01690961611474628
351.0,144.27383931794049,0.13187912817732075,0.026491581822438336,0.13187912817732075,-0.01678073933031923,0.06415051900451181,-0.01678073933031923
351.0,144.23750637543768,0.13183155567134017,0.026422655709688797,0.13183155567134017,-0.016651862545892144,0.06415318636264128,-0.016651862545892144
351.0,144.2012053943853,0.1317839831653596,0.02635372959693928,0.1317839831653596,-0.016522985761465093,0.06415585372077075,-0.016522985761465093
351.0,144.1649362760503,0.13173641065937902,0.026284803484189764,0.13173641065937902,-0.016394108977038042,0.06415852107890022,-0.016394108977038042
351.0,144.1286989221832,0.13168883815339844,0.026215877371440224,0.13168883815339844,-0.016265232192610952,0.06416118843702968,-0.016265232192610952
351.0,144.0924932350147,0.13164126564741788,0.026146951258690706,0.13164126564741788,-0.0161363554081839,0.06416385579515915,-0.0161363554081839
351.0,144.05631911725257,0.1315936931414373,0.02607802514594119,0.1315936931414373,-0.01600747862375685,0.06416652315328862,-0.01600747862375685
351.0,144.02017647207828,0.13154612063545673,0.026009099033191672,0.13154612063545673,-0.015878601839329803,0.06416919051141809,-0.015878601839329803
351.0,143.98406520314362,0.13149946402986876,0.025940974806170247,0.13149946402986876,-0.015753699303030298,0.06416945217752934,-0.015753699303030298
351.0,143.94798521456786,0.13145396662479666,0.02587386547810201,0.13145396662479666,-0.01563382673561928,0.06416666910269372,-0.01563382673561928
351.0,143.9119364109342,0.13140846921972457,0.02580675615003379,0.13140846921972457,-0.015513954168208301,0.06416388602785812,-0.015513954168208301
351.0,143.87591869728692,0.1313629718146525,0.025739646821965577,0.1313629718146525,-0.01539408160079732,0.0641611029530225,-0.01539408160079732
351.0,143.83993197912807,0.13131747440958041,0.02567253749389734,0.13131747440958041,-0.015274209033386303,0.06415831987818689,-0.015274209033386303
351.0,143.80397616241456,0.13127197700450835,0.025605428165829124,0.13127197700450835,-0.015154336465975322,0.06415553680335127,-0.015154336465975322
351.0,143.7680511535548,0.13122647959943626,0.025538318837760907,0.13122647959943626,-0.01503446389856434,0.06415275372851567,-0.01503446389856434
351.0,143.73215685940605,0.13118098219436417,0.02547120950969267,0.13118098219436417,-0.014914591331153323,0.06414997065368006,-0.014914591331153323
351.0,143.69629318727115,0.1311354847892921,0.025404100181624454,0.1311354847892921,-0.014794718763742342,0.06414718757884444,-0.014794718763742342
351.0,143.6604600448956,0.13108998738422,0.02533699085355624,0.13108998738422,-0.014674846196331361,0.06414440450400882,-0.014674846196331361
351.0,143.62465734046452,0.13104448997914792,0.025269881525488,0.13104448997914792,-0.014554973628920343,0.0641416214291732,-0.014554973628920343
351.0,143.5888849826,0.13099899257407585,0.025202772197419787,0.13099899257407585,-0.014435101061509362,0.0641388383543376,-0.014435101061509362
351.0,143.55314288035785,0.13095349516900376,0.02513566286935157,0.13095349516900376,-0.014315228494098381,0.06413605527950199,-0.014315228494098381
351.0,143.5174309432249,0.1309079977639317,0.025068553541283352,0.1309079977639317,-0.0141953559266874,0.06413327220466637,-0.0141953559266874
351.0,143.48174908111602,0.13086250035885963,0.025001444213215138,0.13086250035885963,-0.014075483359276419,0.06413048912983076,-0.014075483359276419
351.0,143.44609720437154,0.13081700295378754,0.0249343348851469,0.13081700295378754,-0.013955610791865402,0.06412770605499515,-0.013955610791865402
351.0,143.41047522375416,0.13077150554871544,0.024867225557078685,0.13077150554871544,-0.01383573822445442,0.06412492298015954,-0.01383573822445442
351.0,143.37488305044627,0.13072600814364338,0.024800116229010467,0.13072600814364338,-0.01371586565704344,0.06412213990532392,-0.01371586565704344
351.0,143.3393205960472,0.1306805107385713,0.024733006900942232,0.1306805107385713,-0.013595993089632422,0.0641193568304883,-0.013595993089632422
351.0,143.3037877725705,0.1306350133334992,0.024665897572874015,0.1306350133334992,-0.01347612052222144,0.0641165737556527,-0.01347612052222144
351.0,143.26828449244115,0.13058951592842713,0.024598788244805797,0.13058951592842713,-0.01335624795481046,0.06411379068081709,-0.01335624795481046
351.0,143.23281066849296,0.13054401852335504,0.024531678916737562,0.13054401852335504,-0.013236375387399442,0.06411100760598147,-0.013236375387399442
351.0,143.19736621396586,0.13049852111828295,0.024464569588669344,0.13049852111828295,-0.013116502819988461,0.06410822453114585,-0.013116502819988461
351.0,143.16195104250312,0.13045302371321088,0.02439746026060113,0.13045302371321088,-0.01299663025257748,0.06410544145631025,-0.01299663025257748
351.0,143.12656506814898,0.13040752630813882,0.024330350932532913,0.13040752630813882,-0.012876757685166499,0.06410265838147464,-0.012876757685166499
351.0,143.0912082053458,0.13036202890306672,0.024263241604464678,0.13036202890306672,-0.012756885117755482,0.06409987530663902,-0.012756885117755482
351.0,143.0558803689317,0.13031653149799463,0.02419613227639646,0.13031653149799463,-0.0126370125503445,0.0640970922318034,-0.0126370125503445
351.0,143.02058147413783,0.13027103409292257,0.024129022948328246,0.13027103409292257,-0.01251713998293352,0.0640943091569678,-0.01251713998293352
351.0,142.98531143658585,0.13022646170555885,0.024062759045946295,0.13022646170555885,-0.012400684348850145,0.06408956513049724,-0.012400684348850145
351.0,142.95007017228548,0.1301831849148075,0.023997679262144116,0.1301831849148075,-0.012289014533680021,0.06408207455953115,-0.012289014533680021
351.0,142.914857597632,0.13013990812405613,0.02393259947834196,0.13013990812405613,-0.012177344718509928,0.06407458398856507,-0.012177344718509928
351.0,142.87967362940364,0.1300966313333048,0.023867519694539797,0.1300966313333048,-0.012065674903339837,0.06406709341759897,-0.012065674903339837
351.0,142.84451818475935,0.1300533545425534,0.02380243991073762,0.1300533545425534,-0.011954005088169711,0.06405960284663288,-0.011954005088169711
351.0,142.80939118123615,0.13001007775180207,0.023737360126935458,0.13001007775180207,-0.01184233527299962,0.0640521122756668,-0.01184233527299962
351.0,142.7742925367468,0.1299668009610507,0.0236722803431333,0.1299668009610507,-0.011730665457829529,0.06404462170470071,-0.011730665457829529
351.0,142.73922216957743,0.12992352417029934,0.02360720055933112,0.12992352417029934,-0.011618995642659405,0.06403713113373462,-0.011618995642659405
351.0,142.70417999838511,0.12988024737954798,0.02354212077552896,0.12988024737954798,-0.011507325827489312,0.06402964056276854,-0.011507325827489312
351.0,142.66916594219558,0.12983697058879662,0.023477040991726802,0.12983697058879662,-0.01139565601231922,0.06402214999180245,-0.01139565601231922
351.0,142.63417992040067,0.12979369379804526,0.02341196120792464,0.12979369379804526,-0.01128398619714913,0.06401465942083635,-0.01128398619714913
351.0,142.5992218527564,0.12975041700729392,0.02334688142412248,0.12975041700729392,-0.011172316381979039,0.06400716884987027,-0.011172316381979039
351.0,142.56429165938022,0.12970714021654253,0.0232818016403203,0.12970714021654253,-0.011060646566808913,0.06399967827890418,-0.011060646566808913
351.0,142.52938926074907,0.1296638634257912,0.023216721856518144,0.1296638634257912,-0.010948976751638822,0.06399218770793809,-0.010948976751638822
351.0,142.4945145776969,0.12962058663503984,0.023151642072715983,0.12962058663503984,-0.01083730693646873,0.06398469713697201,-0.01083730693646873
351.0,142.45966753141263,0.12957730984428847,0.023086562288913804,0.12957730984428847,-0.010725637121298605,0.06397720656600592,-0.010725637121298605
351.0,142.42484804343766,0.1295340330535371,0.023021482505111643,0.1295340330535371,-0.010613967306128513,0.06396971599503982,-0.010613967306128513
351.0,142.39005603566392,0.12949075626278575,0.022956402721309485,0.12949075626278575,-0.010502297490958422,0.06396222542407375,-0.010502297490958422
351.0,142.35529143033142,0.1294474794720344,0.022891322937507307,0.1294474794720344,-0.010390627675788296,0.06395473485310765,-0.010390627675788296
351.0,142.32055415002642,0.12940420268128303,0.022826243153705145,0.12940420268128303,-0.010278957860618205,0.06394724428214156,-0.010278957860618205
351.0,142.28584411767886,0.1293609258905317,0.022761163369902988,0.1293609258905317,-0.010167288045448114,0.06393975371117548,-0.010167288045448114
351.0,142.25116125656058,0.12931764909978033,0.022696083586100826,0.12931764909978033,-0.010055618230278021,0.06393226314020939,-0.010055618230278021
351.0,142.21650549028297,0.12927437230902897,0.022631003802298648,0.12927437230902897,-0.009943948415107897,0.0639247725692433,-0.009943948415107897
351.0,142.18187674279497,0.1292310955182776,0.022565924018496487,0.1292310955182776,-0.009832278599937804,0.0639172819982772,-0.009832278599937804
351.0,142.14727493838095,0.12918781872752624,0.02250084423469433,0.12918781872752624,-0.009720608784767713,0.06390979142731112,-0.009720608784767713
351.0,142.11270000165857,0.12914454193677488,0.022435764450892168,0.12914454193677488,-0.009608938969597622,0.06390230085634503,-0.009608938969597622
351.0,142.0781518575769,0.12910126514602352,0.02237068466708999,0.12910126514602352,-0.009497269154427498,0.06389481028537894,-0.009497269154427498
351.0,142.0436304314142,0.12905798835527219,0.022305604883287828,0.12905798835527219,-0.009385599339257405,0.06388731971441286,-0.009385599339257405
351.0,142.00913564877598,0.12901471156452082,0.02224052509948567,0.12901471156452082,-0.009273929524087314,0.06387982914344677,-0.009273929524087314
351.0,141.97466743559303,0.12897315690873845,0.022177047123199477,0.12897315690873845,-0.009167740483122636,0.06386936831967249,-0.009167740483122636
351.0,141.9402257181193,0.12893222306516658,0.022114146582295935,0.12893222306516658,-0.009063527205736846,0.0638578367498506,-0.009063527205736846
351.0,141.90581042293002,0.1288912892215947,0.02205124604139239,0.1288912892215947,-0.008959313928351054,0.0638463051800287,-0.008959313928351054
351.0,141.87142147691975,0.12885035537802284,0.021988345500488827,0.12885035537802284,-0.008855100650965233,0.06383477361020681,-0.008855100650965233
351.0,141.8370588073004,0.12880942153445096,0.021925444959585285,0.12880942153445096,-0.008750887373579442,0.06382324204038492,-0.008750887373579442
351.0,141.80272234159926,0.12876848769087912,0.02186254441868174,0.12876848769087912,-0.00864667409619365,0.06381171047056303,-0.00864667409619365
351.0,141.76841200765722,0.12872755384730725,0.021799643877778198,0.12872755384730725,-0.00854246081880786,0.06380017890074113,-0.00854246081880786
351.0,141.73412773362665,0.12868662000373537,0.021736743336874653,0.12868662000373537,-0.00843824754142207,0.06378864733091924,-0.00843824754142207
351.0,141.69986944796972,0.1286456861601635,0.02167384279597109,0.1286456861601635,-0.008334034264036248,0.06377711576109735,-0.008334034264036248
351.0,141.66563707945642,0.12860475231659163,0.021610942255067548,0.12860475231659163,-0.008229820986650458,0.06376558419127545,-0.008229820986650458
351.0,141.63143055716282,0.12856381847301976,0.021548041714164003,0.12856381847301976,-0.008125607709264668,0.06375405262145356,-0.008125607709264668
351.0,141.597249810469,0.1285228846294479,0.02148514117326044,0.1285228846294479,-0.008021394431878846,0.06374252105163165,-0.008021394431878846
351.0,141.56309476905744,0.12848195078587601,0.021422240632356898,0.12848195078587601,-0.007917181154493054,0.06373098948180976,-0.007917181154493054
351.0,141.52896536291118,0.12844101694230414,0.021359340091453353,0.12844101694230414,-0.007812967877107264,0.06371945791198787,-0.007812967877107264
351.0,141.49486152231182,0.12840008309873227,0.02129643955054979,0.12840008309873227,-0.007708754599721443,0.06370792634216597,-0.007708754599721443
351.0,141.46078317783807,0.1283591492551604,0.02123353900964625,0.1283591492551604,-0.007604541322335652,0.06369639477234408,-0.007604541322335652
351.0,141.42673026036357,0.12831821541158853,0.021170638468742703,0.12831821541158853,-0.007500328044949861,0.06368486320252219,-0.007500328044949861
351.0,141.39270270105558,0.12827728156801665,0.02110773792783916,0.12827728156801665,-0.007396114767564071,0.0636733316327003,-0.007396114767564071
351.0,141.3587004313728,0.12823634772444478,0.0210448373869356,0.12823634772444478,-0.007291901490178249,0.0636618000628784,-0.007291901490178249
351.0,141.324723383064,0.1281954138808729,0.020981936846032053,0.1281954138808729,-0.007187688212792458,0.06365026849305651,-0.007187688212792458
351.0,141.29077148816606,0.12815448003730104,0.020919036305128508,0.12815448003730104,-0.007083474935406668,0.06363873692323462,-0.007083474935406668
351.0,141.25684467900234,0.12811354619372917,0.020856135764224966,0.12811354619372917,-0.006979261658020877,0.06362720535341272,-0.006979261658020877
351.0,141.22294288818105,0.1280726123501573,0.020793235223321403,0.1280726123501573,-0.0068750483806350555,0.06361567378359081,-0.0068750483806350555
351.0,141.18906604859347,0.12803167850658542,0.020730334682417858,0.12803167850658542,-0.006770835103249264,0.06360414221376892,-0.006770835103249264
351.0,141.1552140934123,0.12799074466301355,0.020667434141514316,0.12799074466301355,-0.006666621825863474,0.06359261064394703,-0.006666621825863474
351.0,141.1213869560901,0.12794981081944168,0.020604533600610753,0.12794981081944168,-0.006562408548477653,0.06358107907412514,-0.006562408548477653
351.0,141.08758457035756,0.1279088769758698,0.020541633059707208,0.1279088769758698,-0.0064581952710918615,0.06356954750430324,-0.0064581952710918615
351.0,141.05380687022188,0.12786794313229793,0.020478732518803666,0.12786794313229793,-0.006353981993706071,0.06355801593448135,-0.006353981993706071
351.0,141.02005378996506,0.12782700928872606,0.020415831977900104,0.12782700928872606,-0.006249768716320249,0.06354648436465946,-0.006249768716320249
351.0,140.98632526414255,0.12778706622370764,0.020353854525371234,0.12778706622370764,-0.006148298174950443,0.06353355516202731,-0.006148298174950443
351.0,140.9526212275814,0.12774857559215588,0.02029323027577903,0.12774857559215588,-0.006050848352000622,0.06351857709725468,-0.006050848352000622
351.0,140.91894161537886,0.12771008496060413,0.020232606026186827,0.12771008496060413,-0.0059533985290508,0.06350359903248205,-0.0059533985290508
351.0,140.88528636290062,0.12767159432905237,0.020171981776594624,0.12767159432905237,-0.0058559487061009795,0.06348862096770942,-0.0058559487061009795
351.0,140.8516554057794,0.12763310369750058,0.020111357527002403,0.12763310369750058,-0.0057584988831511285,0.06347364290293679,-0.0057584988831511285
351.0,140.81804867991346,0.12759461306594883,0.0200507332774102,0.12759461306594883,-0.005661049060201307,0.06345866483816416,-0.005661049060201307
351.0,140.78446612146482,0.1275561224343971,0.019990109027817997,0.1275561224343971,-0.005563599237251486,0.06344368677339154,-0.005563599237251486
351.0,140.75090766685793,0.1275176318028453,0.019929484778225776,0.1275176318028453,-0.005466149414301635,0.0634287087086189,-0.005466149414301635
351.0,140.71737325277817,0.12747914117129355,0.019868860528633573,0.12747914117129355,-0.005368699591351814,0.06341373064384628,-0.005368699591351814
351.0,140.6838628161702,0.1274406505397418,0.01980823627904137,0.1274406505397418,-0.005271249768401992,0.06339875257907365,-0.005271249768401992
351.0,140.65037629423665,0.12740215990819004,0.01974761202944915,0.12740215990819004,-0.005173799945452142,0.06338377451430102,-0.005173799945452142
351.0,140.61691362443642,0.12736366927663828,0.019686987779856946,0.12736366927663828,-0.00507635012250232,0.06336879644952839,-0.00507635012250232
351.0,140.58347474448348,0.12732517864508652,0.019626363530264743,0.12732517864508652,-0.004978900299552499,0.06335381838475576,-0.004978900299552499
351.0,140.5500595923452,0.12728668801353477,0.01956573928067254,0.12728668801353477,-0.004881450476602677,0.06333884031998313,-0.004881450476602677
351.0,140.51666810624093,0.127248197381983,0.019505115031080315,0.127248197381983,-0.004784000653652826,0.0633238622552105,-0.004784000653652826
351.0,140.48330022464074,0.12720970675043125,0.019444490781488112,0.12720970675043125,-0.004686550830703005,0.06330888419043787,-0.004686550830703005
351.0,140.4499558862637,0.1271712161188795,0.01938386653189591,0.1271712161188795,-0.0045891010077531835,0.06329390612566524,-0.0045891010077531835
351.0,140.41663503007672,0.12713272548732774,0.019323242282303706,0.12713272548732774,-0.004491651184803363,0.06327892806089261,-0.004491651184803363
351.0,140.38333759529309,0.12709423485577598,0.019262618032711485,0.12709423485577598,-0.004394201361853512,0.06326394999611998,-0.004394201361853512
351.0,140.3500635213709,0.12705574422422422,0.019201993783119282,0.12705574422422422,-0.0042967515389036905,0.06324897193134735,-0.0042967515389036905
351.0,140.316812748012,0.12701725359267246,0.01914136953352708,0.12701725359267246,-0.004199301715953869,0.06323399386657472,-0.004199301715953869
351.0,140.2835852151602,0.1269787629611207,0.019080745283934858,0.1269787629611207,-0.004101851893004018,0.06321901580180209,-0.004101851893004018
351.0,140.25038086300032,0.12694027232956895,0.019020121034342655,0.12694027232956895,-0.004004402070054197,0.06320403773702946,-0.004004402070054197
351.0,140.21719963195653,0.1269017816980172,0.01895949678475045,0.1269017816980172,-0.003906952247104375,0.06318905967225683,-0.003906952247104375
351.0,140.18404146269114,0.1268632910664654,0.01889887253515823,0.1268632910664654,-0.0038095024241545246,0.0631740816074842,-0.0038095024241545246
351.0,140.1509062961033,0.12682480043491365,0.018838248285566028,0.12682480043491365,-0.003712052601204703,0.06315910354271156,-0.003712052601204703
351.0,140.1177940733276,0.12678630980336192,0.018777624035973824,0.12678630980336192,-0.0036146027782548817,0.06314412547793895,-0.0036146027782548817
351.0,140.08470473573263,0.12674781917181016,0.01871699978638162,0.12674781917181016,-0.0035171529553050607,0.06312914741316632,-0.0035171529553050607
351.0,140.05163822492003,0.1267093285402584,0.018656375536789418,0.1267093285402584,-0.0034197031323552392,0.06311416934839369,-0.0034197031323552392
351.0,140.01859448272282,0.12667083790870662,0.018595751287197194,0.12667083790870662,-0.0033222533094053883,0.06309919128362106,-0.0033222533094053883
351.0,139.98557345120432,0.12663344981875038,0.018536145058265726,0.12663344981875038,-0.0032274782199306087,0.06308293766851122,-0.0032274782199306087
351.0,139.95257507265686,0.1265974823146426,0.01847785051294777,0.1265974823146426,-0.003136149429931916,0.06306504055190872,-0.003136149429931916
351.0,139.91959928960037,0.12656151481053482,0.0184195559676298,0.12656151481053482,-0.003044820639933196,0.0630471434353062,-0.003044820639933196
351.0,139.88664604478123,0.12652554730642704,0.01836126142231185,0.12652554730642704,-0.0029534918499345033,0.06302924631870369,-0.0029534918499345033
351.0,139.85371528117113,0.12648957980231923,0.018302966876993895,0.12648957980231923,-0.002862163059935811,0.06301134920210116,-0.002862163059935811
351.0,139.82080694196554,0.12645361229821145,0.018244672331675923,0.12645361229821145,-0.002770834269937091,0.06299345208549864,-0.002770834269937091
351.0,139.78792097058275,0.12641764479410367,0.01818637778635797,0.12641764479410367,-0.0026795054799383985,0.06297555496889613,-0.0026795054799383985
351.0,139.7550573106624,0.1263816772899959,0.018128083241040014,0.1263816772899959,-0.002588176689939706,0.06295765785229361,-0.002588176689939706
351.0,139.72221590606452,0.12634570978588808,0.018069788695722042,0.12634570978588808,-0.002496847899940986,0.06293976073569109,-0.002496847899940986
351.0,139.68939670086814,0.1263097422817803,0.018011494150404088,0.1263097422817803,-0.0024055191099422936,0.06292186361908858,-0.0024055191099422936
351.0,139.6565996393701,0.12627377477767252,0.017953199605086137,0.12627377477767252,-0.0023141903199436014,0.06290396650248606,-0.0023141903199436014
351.0,139.623824666084,0.1262378072735647,0.017894905059768183,0.1262378072735647,-0.0022228615299449087,0.06288606938588355,-0.0022228615299449087
351.0,139.5910717257388,0.12620183976945692,0.017836610514450228,0.12620183976945692,-0.002131532739946216,0.06286817226928103,-0.002131532739946216
351.0,139.55834076327784,0.12616587226534914,0.017778315969132256,0.12616587226534914,-0.002040203949947496,0.06285027515267852,-0.002040203949947496
351.0,139.52563172385757,0.12612990476124136,0.017720021423814302,0.12612990476124136,-0.0019488751599488039,0.062832378036076,-0.0019488751599488039
351.0,139.4929445528464,0.12609393725713355,0.017661726878496348,0.12609393725713355,-0.0018575463699501112,0.06281448091947349,-0.0018575463699501112
351.0,139.46027919582363,0.12605796975302577,0.017603432333178376,0.12605796975302577,-0.0017662175799513912,0.06279658380287097,-0.0017662175799513912
351.0,139.42763559857812,0.126022002248918,0.017545137787860425,0.126022002248918,-0.0016748887899526986,0.06277868668626845,-0.0016748887899526986
351.0,139.39501370710738,0.12598603474481018,0.01748684324254247,0.12598603474481018,-0.0015835599999540063,0.06276078956966594,-0.0015835599999540063
351.0,139.36241346761634,0.1259500672407024,0.0174285486972245,0.1259500672407024,-0.0014922312099552863,0.06274289245306341,-0.0014922312099552863
351.0,139.32983482651613,0.12591409973659462,0.017370254151906545,0.12591409973659462,-0.0014009024199565937,0.06272499533646089,-0.0014009024199565937
351.0,139.29727773042316,0.12587813223248684,0.01731195960658859,0.12587813223248684,-0.0013095736299579012,0.06270709821985838,-0.0013095736299579012
351.0,139.26474212615793,0.12584216472837903,0.017253665061270636,0.12584216472837903,-0.0012182448399592088,0.06268920110325586,-0.0012182448399592088
351.0,139.23222796074387,0.12580619722427125,0.017195370515952685,0.12580619722427125,-0.0011269160499605161,0.06267130398665335,-0.0011269160499605161
351.0,139.1997351814063,0.12577022972016347,0.017137075970634713,0.12577022972016347,-0.0010355872599617962,0.06265340687005083,-0.0010355872599617962
351.0,139.1672637355715,0.1257342622160557,0.01707878142531676,0.1257342622160557,-0.0009442584699631037,0.06263550975344832,-0.0009442584699631037
351.0,139.13481357086528,0.12569829471194788,0.017020486879998804,0.12569829471194788,-0.0008529296799644112,0.0626176126368458,-0.0008529296799644112
351.0,139.10238463511232,0.1256623272078401,0.016962192334680833,0.1256623272078401,-0.0007616008899656913,0.06259971552024328,-0.0007616008899656913
351.0,139.06997687633478,0.12562635970373232,0.016903897789362878,0.12562635970373232,-0.0006702720999669987,0.06258181840364077,-0.0006702720999669987
351.0,139.03759024275146,0.1255903921996245,0.016845603244044927,0.1255903921996245,-0.0005789433099683062,0.06256392128703825,-0.0005789433099683062
351.0,139.00522468277669,0.12555442469551673,0.016787308698726956,0.12555442469551673,-0.0004876145199695863,0.06254602417043573,-0.0004876145199695863
351.0,138.97288014501927,0.12552062454106344,0.0167309823850856,0.12552062454106344,-0.00040091977807037117,0.062526069780517,-0.00040091977807037117
351.0,138.94055657828142,0.12548724179440937,0.01667503513130237,0.12548724179440937,-0.0003151175030672022,0.06250571918229583,-0.0003151175030672022
351.0,138.90825393155782,0.12545385904775533,0.01661908787751912,0.12545385904775533,-0.00022931522806400725,0.06248536858407466,-0.00022931522806400725
351.0,138.87597215403457,0.12542047630110126,0.016563140623735886,0.12542047630110126,-0.00014351295306083787,0.0624650179858535,-0.00014351295306083787
351.0,138.84371119508822,0.12538709355444722,0.016507193369952655,0.12538709355444722,-5.771067805766892e-05,0.06244466738763234,-5.771067805766892e-05
351.0,138.81147100428456,0.12535371080779317,0.016451246116169424,0.12535371080779317,2.8091596945500463e-05,0.06242431678941118,2.8091596945500463e-05
351.0,138.77925153137795,0.1253203280611391,0.01639529886238619,0.1253203280611391,0.00011389387194866941,0.06240396619119002,0.00011389387194866941
351.0,138.74705272631013,0.12528694531448506,0.01633935160860294,0.12528694531448506,0.00019969614695186438,0.06238361559296885,0.00019969614695186438
351.0,138.7148745392092,0.125253562567831,0.01628340435481971,0.125253562567831,0.00028549842195503355,0.06236326499474769,0.00028549842195503355
351.0,138.68271692038883,0.12522017982117695,0.01622745710103648,0.12522017982117695,0.0003713006969582027,0.062342914396526526,0.0003713006969582027
351.0,138.65057982034708,0.12518679707452288,0.01617150984725323,0.12518679707452288,0.00045710297196139725,0.06232256379830536,0.00045710297196139725
351.0,138.61846318976558,0.12515341432786883,0.016115562593469995,0.12515341432786883,0.0005429052469645664,0.062302213200084194,0.0005429052469645664
351.0,138.5863669795085,0.1251200315812148,0.016059615339686764,0.1251200315812148,0.0006287075219677356,0.06228186260186303,0.0006287075219677356
351.0,138.5542911406217,0.12508664883456072,0.016003668085903516,0.12508664883456072,0.0007145097969709305,0.06226151200364187,0.0007145097969709305
351.0,138.52223562433159,0.12505326608790668,0.0159477208321203,0.12505326608790668,0.0008003120719740739,0.06224116140542071,0.0008003120719740739
351.0,138.49020038204435,0.12501988334125264,0.01589177357833705,0.12501988334125264,0.0008861143469772687,0.062220810807199545,0.0008861143469772687
351.0,138.4581853653451,0.12498650059459857,0.0158358263245538,0.12498650059459857,0.0009719166219804634,0.062200460208978375,0.0009719166219804634
351.0,138.42619052599665,0.12495311784794452,0.015779879070770587,0.12495311784794452,0.001057718896983607,0.06218010961075722,0.001057718896983607
351.0,138.39421581593888,0.12491973510129047,0.01572393181698734,0.12491973510129047,0.0011435211719868017,0.06215975901253605,0.0011435211719868017
351.0,138.3622611872877,0.12488635235463641,0.015667984563204104,0.12488635235463641,0.001229323446989971,0.06213940841431489,0.001229323446989971
351.0,138.3303265923341,0.12485296960798237,0.015612037309420873,0.12485296960798237,0.00131512572199314,0.062119057816093726,0.00131512572199314
351.0,138.29841198354342,0.1248195868613283,0.015556090055637625,0.1248195868613283,0.0014009279969963348,0.062098707217872556,0.0014009279969963348
351.0,138.26651731355417,0.12478620411467425,0.015500142801854392,0.12478620411467425,0.001486730271999504,0.062078356619651394,0.001486730271999504
351.0,138.23464253517758,0.1247528213680202,0.015444195548071159,0.1247528213680202,0.001572532547002673,0.06205800602143024,0.001572532547002673
351.0,138.20278760139612,0.12471943862136614,0.01538824829428791,0.12471943862136614,0.001658334822005868,0.06203765542320907,0.001658334822005868
351.0,138.17095246536323,0.12468605587471208,0.015332301040504679,0.12468605587471208,0.001744137097009037,0.06201730482498791,0.001744137097009037
351.0,138.139137080402,0.12465267312805804,0.015276353786721446,0.12465267312805804,0.0018299393720122062,0.061996954226766744,0.0018299393720122062
351.0,138.10734140000457,0.12461929038140397,0.015220406532938198,0.12461929038140397,0.001915741647015401,0.061976603628545575,0.001915741647015401
351.0,138.07556537783114,0.12458590763474993,0.015164459279154982,0.12458590763474993,0.0020015439220185446,0.06195625303032442,0.0020015439220185446
351.0,138.0438089677091,0.12455252488809587,0.015108512025371734,0.12455252488809587,0.002087346197021739,0.06193590243210325,0.002087346197021739
351.0,138.01207212363232,0.12451914214144183,0.0150525647715885,0.12451914214144183,0.0021731484720249085,0.06191555183388209,0.0021731484720249085
351.0,137.98035479976016,0.12448738874434234,0.01499806447473171,0.12448738874434234,0.0022558677567354754,0.06189393474817639,0.0022558677567354754
351.0,137.94865695041665,0.12445663628711157,0.014944453070544941,0.12445663628711157,0.0023366931029170034,0.06187153963555009,0.0023366931029170034
351.0,137.91697853008984,0.1244258838298808,0.01489084166635819,0.1244258838298808,0.0024175184490985067,0.061849144522923796,0.0024175184490985067
351.0,137.88531949343061,0.12439513137265004,0.014837230262171435,0.12439513137265004,0.0024983437952800103,0.061826749410297505,0.0024983437952800103
351.0,137.85367979525225,0.12436437891541927,0.014783618857984664,0.12436437891541927,0.002579169141461538,0.061804354297671206,0.002579169141461538
351.0,137.8220593905294,0.12433362645818849,0.014730007453797912,0.12433362645818849,0.0026599944876430416,0.061781959185044914,0.0026599944876430416
351.0,137.79045823439725,0.12430287400095773,0.014676396049611158,0.12430287400095773,0.002740819833824545,0.06175956407241863,0.002740819833824545
351.0,137.75887628215082,0.12427212154372695,0.014622784645424389,0.12427212154372695,0.0028216451800060728,0.06173716895979233,0.0028216451800060728
351.0,137.7273134892441,0.12424136908649619,0.014569173241237635,0.12424136908649619,0.002902470526187576,0.06171477384716604,0.002902470526187576
351.0,137.69576981128932,0.12421061662926541,0.014515561837050881,0.12421061662926541,0.0029832958723690797,0.06169237873453975,0.0029832958723690797
351.0,137.66424520405604,0.12417986417203464,0.014461950432864112,0.12417986417203464,0.0030641212185506072,0.06166998362191345,0.0030641212185506072
351.0,137.6327396234705,0.12414911171480389,0.014408339028677376,0.12414911171480389,0.0031449465647320866,0.061647588509287164,0.0031449465647320866
351.0,137.6012530256147,0.12411835925757311,0.014354727624490606,0.12411835925757311,0.003225771910913614,0.061625193396660866,0.003225771910913614
351.0,137.5697853667258,0.12408760680034234,0.014301116220303852,0.12408760680034234,0.0033065972570951183,0.061602798284034574,0.0033065972570951183
351.0,137.53833660319515,0.12405685434311158,0.014247504816117099,0.12405685434311158,0.0033874226032766215,0.06158040317140828,0.0033874226032766215
351.0,137.50690669156768,0.1240261018858808,0.01419389341193033,0.1240261018858808,0.003468247949458149,0.06155800805878199,0.003468247949458149
351.0,137.47549558854104,0.12399534942865004,0.014140282007743575,0.12399534942865004,0.0035490732956396523,0.0615356129461557,0.0035490732956396523
351.0,137.4441032509649,0.12396459697141926,0.014086670603556822,0.12396459697141926,0.0036298986418211564,0.06151321783352941,0.0036298986418211564
351.0,137.41272963584024,0.12393384451418848,0.014033059199370052,0.12393384451418848,0.003710723988002684,0.06149082272090311,0.003710723988002684
351.0,137.38137470031847,0.12390309205695772,0.013979447795183298,0.12390309205695772,0.0037915493341841872,0.06146842760827682,0.0037915493341841872
351.0,137.35003840170077,0.12387233959972696,0.013925836390996546,0.12387233959972696,0.003872374680365691,0.061446032495650525,0.003872374680365691
351.0,137.31872069743736,0.12384158714249618,0.013872224986809775,0.12384158714249618,0.003953200026547219,0.06142363738302423,0.003953200026547219
351.0,137.28742154512682,0.12381083468526542,0.013818613582623039,0.12381083468526542,0.004034025372728698,0.06140124227039794,0.004034025372728698
351.0,137.25614090251514,0.12378008222803465,0.01376500217843627,0.12378008222803465,0.004114850718910225,0.06137884715777164,0.004114850718910225
351.0,137.2248787274953,0.12374932977080388,0.013711390774249516,0.12374932977080388,0.0041956760650917295,0.06135645204514535,0.0041956760650917295
351.0,137.19363497810636,0.12371857731357311,0.013657779370062762,0.12371857731357311,0.004276501411273233,0.06133405693251907,0.004276501411273233
351.0,137.16240961253268,0.12368782485634233,0.013604167965875992,0.12368782485634233,0.00435732675745476,0.06131166181989277,0.00435732675745476
351.0,137.13120258910354,0.12365707239911157,0.013550556561689239,0.12365707239911157,0.0044381521036362635,0.061289266707266477,0.0044381521036362635
351.0,137.10001386629204,0.12362631994188081,0.013496945157502487,0.12362631994188081,0.004518977449817768,0.061266871594640185,0.004518977449817768
351.0,137.0688434027146,0.12359556748465003,0.013443333753315715,0.12359556748465003,0.004599802795999295,0.061244476482013886,0.004599802795999295
351.0,137.03769115713027,0.12356481502741926,0.013389722349128963,0.12356481502741926,0.004680628142180798,0.061222081369387595,0.004680628142180798
351.0,137.00655708843996,0.1235340625701885,0.01333611094494221,0.1235340625701885,0.004761453488362302,0.0611996862567613,0.004761453488362302
351.0,136.97544115568584,0.12350541118363711,0.013284315996150563,0.12350541118363711,0.004838751228313154,0.06117595960941969,0.004838751228313154
351.0,136.94434331805058,0.12347732060913875,0.013233005890676825,0.12347732060913875,0.0049151073892339196,0.06115187755246495,0.0049151073892339196
351.0,136.91326353485675,0.12344923003464038,0.013181695785203085,0.12344923003464038,0.0049914635501546855,0.06112779549551021,0.0049914635501546855
351.0,136.88220176556595,0.12342113946014201,0.01313038567972933,0.12342113946014201,0.005067819711075475,0.06110371343855545,0.005067819711075475
351.0,136.8511579697785,0.12339304888564365,0.013079075574255607,0.12339304888564365,0.005144175871996217,0.06107963138160072,0.005144175871996217
351.0,136.8201321072324,0.12336495831114527,0.013027765468781852,0.12336495831114527,0.005220532032917007,0.06105554932464597,0.005220532032917007
351.0,136.78912413780284,0.1233368677366469,0.012976455363308112,0.1233368677366469,0.005296888193837773,0.06103146726769123,0.005296888193837773
351.0,136.7581340215016,0.12330877716214854,0.012925145257834374,0.12330877716214854,0.005373244354758539,0.06100738521073648,0.005373244354758539
351.0,136.72716171847622,0.12328068658765017,0.012873835152360619,0.12328068658765017,0.005449600515679327,0.06098330315378173,0.005449600515679327
351.0,136.69620718900956,0.12325259601315179,0.01282252504688688,0.12325259601315179,0.005525956676600093,0.06095922109682699,0.005525956676600093
351.0,136.66527039351894,0.12322450543865343,0.012771214941413141,0.12322450543865343,0.005602312837520859,0.06093513903987225,0.005602312837520859
351.0,136.63435129255564,0.12319641486415504,0.012719904835939386,0.12319641486415504,0.005678668998441648,0.060911056982917496,0.005678668998441648
351.0,136.60344984680424,0.12316832428965668,0.012668594730465646,0.12316832428965668,0.005755025159362414,0.060886974925962754,0.005755025159362414
351.0,136.57256601708195,0.12314023371515831,0.012617284624991907,0.12314023371515831,0.00583138132028318,0.06086289286900801,0.00583138132028318
351.0,136.54169976433792,0.12311214314065994,0.012565974519518153,0.12311214314065994,0.005907737481203969,0.060838810812053265,0.005907737481203969
351.0,136.51085104965287,0.12308405256616158,0.012514664414044429,0.12308405256616158,0.005984093642124711,0.060814728755098524,0.005984093642124711
351.0,136.48001983423808,0.1230559619916632,0.012463354308570674,0.1230559619916632,0.006060449803045501,0.060790646698143776,0.006060449803045501
351.0,136.4492060794351,0.12302787141716484,0.012412044203096936,0.12302787141716484,0.006136805963966267,0.060766564641189035,0.006136805963966267
351.0,136.41840974671496,0.12299978084266647,0.012360734097623196,0.12299978084266647,0.0062131621248870325,0.06074248258423429,0.0062131621248870325
351.0,136.3876307976776,0.1229716902681681,0.01230942399214944,0.1229716902681681,0.006289518285807821,0.06071840052727954,0.006289518285807821
351.0,136.35686919405126,0.12294359969366972,0.012258113886675703,0.12294359969366972,0.006365874446728587,0.0606943184703248,0.006365874446728587
351.0,136.32612489769198,0.12291550911917136,0.012206803781201963,0.12291550911917136,0.006442230607649353,0.060670236413370056,0.006442230607649353
351.0,136.29539787058272,0.12288741854467299,0.012155493675728208,0.12288741854467299,0.006518586768570141,0.06064615435641531,0.006518586768570141
351.0,136.2646880748331,0.12285932797017461,0.01210418357025447,0.12285932797017461,0.006594942929490907,0.06062207229946056,0.006594942929490907
351.0,136.2339954726786,0.12283123739567625,0.01205287346478073,0.12283123739567625,0.006671299090411673,0.06059799024250582,0.006671299090411673
351.0,136.20332002647993,0.12280314682117786,0.012001563359306975,0.12280314682117786,0.006747655251332462,0.06057390818555107,0.006747655251332462
351.0,136.17266169872266,0.1227750562466795,0.011950253253833237,0.1227750562466795,0.006824011412253228,0.06054982612859632,0.006824011412253228
351.0,136.14202045201648,0.12274696567218113,0.011898943148359497,0.12274696567218113,0.006900367573173994,0.06052574407164158,0.006900367573173994
351.0,136.11139624909458,0.12271887509768276,0.011847633042885742,0.12271887509768276,0.006976723734094783,0.06050166201468683,0.006976723734094783
351.0,136.0807890528132,0.1226907845231844,0.011796322937412018,0.1226907845231844,0.0070530798950155255,0.0604775799577321,0.0070530798950155255
351.0,136.050198826151,0.12266269394868602,0.011745012831938264,0.12266269394868602,0.007129436055936315,0.060453497900777343,0.007129436055936315
351.0,136.01962553220844,0.12263460337418766,0.011693702726464524,0.12263460337418766,0.007205792216857081,0.0604294158438226,0.007205792216857081
351.0,135.98906913420726,0.12260747225067856,0.011643197201853216,0.12260747225067856,0.007280717148904924,0.06040484155232539,0.007280717148904924
351.0,135.95852959549,0.12258206327228298,0.011594135841681952,0.12258206327228298,0.007353073128669214,0.0603793837354355,0.007353073128669214
351.0,135.92800687951933,0.1225566542938874,0.011545074481510702,0.1225566542938874,0.007425429108433483,0.060353925918545624,0.007425429108433483
351.0,135.89750094987744,0.12253124531549184,0.011496013121339453,0.12253124531549184,0.007497785088197751,0.06032846810165574,0.007497785088197751
351.0,135.86701177026566,0.12250583633709626,0.01144695176116819,0.12250583633709626,0.007570141067962042,0.060303010284765854,0.007570141067962042
351.0,135.83653930450382,0.12248042735870068,0.01139789040099694,0.12248042735870068,0.007642497047726311,0.06027755246787597,0.007642497047726311
351.0,135.80608351652967,0.12245501838030512,0.011348829040825691,0.12245501838030512,0.007714853027490579,0.0602520946509861,0.007714853027490579
351.0,135.77564437039834,0.12242960940190954,0.011299767680654427,0.12242960940190954,0.007787209007254869,0.06022663683409621,0.007787209007254869
351.0,135.74522183028193,0.12240420042351398,0.011250706320483191,0.12240420042351398,0.007859564987019117,0.060201179017206334,0.007859564987019117
351.0,135.71481586046878,0.1223787914451184,0.011201644960311927,0.1223787914451184,0.007931920966783407,0.06017572120031645,0.007931920966783407
351.0,135.68442642536306,0.12235338246672282,0.011152583600140679,0.12235338246672282,0.008004276946547675,0.06015026338342657,0.008004276946547675
351.0,135.65405348948426,0.12232797348832726,0.011103522239969429,0.12232797348832726,0.008076632926311944,0.06012480556653669,0.008076632926311944
351.0,135.62369701746653,0.12230256450993168,0.011054460879798167,0.12230256450993168,0.008148988906076234,0.06009934774964681,0.008148988906076234
351.0,135.59335697405834,0.1222771555315361,0.011005399519626917,0.1222771555315361,0.008221344885840502,0.060073889932756926,0.008221344885840502
351.0,135.56303332412173,0.12225174655314054,0.010956338159455667,0.12225174655314054,0.008293700865604771,0.060048432115867044,0.008293700865604771
351.0,135.53272603263204,0.12222633757474496,0.010907276799284403,0.12222633757474496,0.008366056845369061,0.060022974298977155,0.008366056845369061
351.0,135.5024350646772,0.12220092859634939,0.010858215439113155,0.12220092859634939,0.00843841282513333,0.05999751648208728,0.00843841282513333
351.0,135.4721603854573,0.12217551961795382,0.010809154078941905,0.12217551961795382,0.008510768804897598,0.0599720586651974,0.008510768804897598
351.0,135.44190196028416,0.12215011063955825,0.01076009271877064,0.12215011063955825,0.008583124784661889,0.05994660084830751,0.008583124784661889
351.0,135.41165975458054,0.12212470166116267,0.010711031358599393,0.12212470166116267,0.008655480764426158,0.059921143031417635,0.008655480764426158
351.0,135.38143373388007,0.1220992926827671,0.010661969998428143,0.1220992926827671,0.008727836744190426,0.059895685214527754,0.008727836744190426
351.0,135.35122386382636,0.12207388370437153,0.010612908638256879,0.12207388370437153,0.008800192723954716,0.059870227397637865,0.008800192723954716
351.0,135.32103011017273,0.12204847472597596,0.010563847278085644,0.12204847472597596,0.008872548703718963,0.059844769580748,0.008872548703718963
351.0,135.29085243878154,0.12202306574758039,0.01051478591791438,0.12202306574758039,0.008944904683483253,0.05981931176385811,0.008944904683483253
351.0,135.26069081562392,0.12199765676918481,0.010465724557743132,0.12199765676918481,0.009017260663247522,0.05979385394696823,0.009017260663247522
351.0,135.2305452067791,0.12197224779078925,0.010416663197571882,0.12197224779078925,0.009089616643011791,0.059768396130078345,0.009089616643011791
351.0,135.20041557843396,0.12194683881239367,0.010367601837400618,0.12194683881239367,0.009161972622776082,0.059742938313188464,0.009161972622776082
351.0,135.17030189688268,0.12192142983399809,0.010318540477229368,0.12192142983399809,0.00923432860254035,0.05971748049629858,0.00923432860254035
351.0,135.14020412852597,0.12189602085560253,0.01026947911705812,0.12189602085560253,0.009306684582304619,0.0596920226794087,0.009306684582304619
351.0,135.11012223987095,0.12187061187720695,0.010220417756886856,0.12187061187720695,0.009379040562068909,0.05966656486251881,0.009379040562068909
351.0,135.08005619753038,0.12184520289881137,0.010171356396715606,0.12184520289881137,0.009451396541833176,0.05964110704562894,0.009451396541833176
351.0,135.0500059682224,0.12181979392041581,0.010122295036544358,0.12181979392041581,0.009523752521597446,0.059615649228739055,0.009523752521597446
351.0,135.01997151876986,0.12179438494202023,0.010073233676373094,0.12179438494202023,0.009596108501361736,0.05959019141184917,0.009596108501361736
351.0,134.98995281610001,0.12176987691599213,0.010024902919874946,0.12176987691599213,0.009667270444192081,0.059564363271539265,0.009667270444192081
351.0,134.95994982724403,0.12174715930943314,0.009978024057048104,0.12174715930943314,0.009736059534638162,0.05953779920524144,0.009736059534638162
351.0,134.92996251933644,0.12172444170287414,0.009931145194221263,0.12172444170287414,0.009804848625084243,0.05951123513894361,0.009804848625084243
351.0,134.8999908596148,0.12170172409631515,0.00988426633139445,0.12170172409631515,0.009873637715530282,0.059484671072645795,0.009873637715530282
351.0,134.87003481541913,0.12167900648975614,0.009837387468567608,0.12167900648975614,0.009942426805976361,0.05945810700634797,0.009942426805976361
351.0,134.84009435419148,0.12165628888319716,0.009790508605740779,0.12165628888319716,0.010011215896422421,0.05943154294005014,0.010011215896422421
351.0,134.81016944347556,0.12163357127663815,0.009743629742913951,0.12163357127663815,0.010080004986868481,0.05940497887375232,0.010080004986868481
351.0,134.78026005091618,0.12161085367007915,0.00969675088008711,0.12161085367007915,0.01014879407731456,0.05937841480745449,0.01014879407731456
351.0,134.75036614425892,0.12158813606352016,0.00964987201726028,0.12158813606352016,0.01021758316776062,0.05935185074115667,0.01021758316776062
351.0,134.7204876913496,0.12156541845696117,0.009602993154433453,0.12156541845696117,0.01028637225820668,0.05932528667485885,0.01028637225820668
351.0,134.69062466013378,0.12154270085040217,0.009556114291606611,0.12154270085040217,0.010355161348652761,0.05929872260856102,0.010355161348652761
351.0,134.66077701865657,0.12151998324384318,0.009509235428779784,0.12151998324384318,0.01042395043909882,0.0592721585422632,0.01042395043909882
351.0,134.63094473506186,0.12149726563728418,0.009462356565952956,0.12149726563728418,0.01049273952954488,0.05924559447596538,0.01049273952954488
351.0,134.60112777759213,0.12147454803072517,0.009415477703126113,0.12147454803072517,0.01056152861999096,0.05921903040966754,0.01056152861999096
351.0,134.57132611458792,0.1214518304241662,0.0093685988402993,0.1214518304241662,0.010630317710437,0.05919246634336973,0.010630317710437
351.0,134.5415397144875,0.1214291128176072,0.009321719977472458,0.1214291128176072,0.010699106800883078,0.0591659022770719,0.010699106800883078
351.0,134.51176854582627,0.1214063952110482,0.00927484111464563,0.1214063952110482,0.010767895891329139,0.05913933821077408,0.010767895891329139
351.0,134.48201257723647,0.1213836776044892,0.009227962251818801,0.1213836776044892,0.010836684981775199,0.05911277414447626,0.010836684981775199
351.0,134.45227177744673,0.1213609599979302,0.00918108338899196,0.1213609599979302,0.01090547407222128,0.05908621007817843,0.01090547407222128
351.0,134.4225461152816,0.12133824239137121,0.009134204526165132,0.12133824239137121,0.010974263162667338,0.05905964601188061,0.010974263162667338
351.0,134.39283555966125,0.12131552478481221,0.009087325663338305,0.12131552478481221,0.011043052253113398,0.05903308194558278,0.011043052253113398
351.0,134.3631400796009,0.12129280717825322,0.009040446800511462,0.12129280717825322,0.011111841343559479,0.05900651787928495,0.011111841343559479
351.0,134.3334596442105,0.12127008957169422,0.008993567937684634,0.12127008957169422,0.011180630434005539,0.05897995381298713,0.011180630434005539
351.0,134.30379422269442,0.12124737196513523,0.008946689074857806,0.12124737196513523,0.011249419524451597,0.05895338974668931,0.011249419524451597
351.0,134.2741437843507,0.12122465435857623,0.008899810212030965,0.12122465435857623,0.011318208614897678,0.05892682568039148,0.011318208614897678
351.0,134.24450829857116,0.12120193675201724,0.00885293134920415,0.12120193675201724,0.011386997705343717,0.05890026161409367,0.011386997705343717
351.0,134.21488773484046,0.12117921914545823,0.008806052486377308,0.12117921914545823,0.011455786795789798,0.05887369754779584,0.011455786795789798
351.0,134.18528206273604,0.12115650153889924,0.008759173623550467,0.12115650153889924,0.011524575886235877,0.058847133481498004,0.011524575886235877
351.0,134.1556912519277,0.12113378393234026,0.008712294760723653,0.12113378393234026,0.011593364976681916,0.05882056941520019,0.011593364976681916
351.0,134.126115272177,0.12111106632578125,0.00866541589789681,0.12111106632578125,0.011662154067127997,0.05879400534890236,0.011662154067127997
351.0,134.09655409333715,0.12108834871922225,0.008618537035069982,0.12108834871922225,0.011730943157574057,0.05876744128260454,0.011730943157574057
351.0,134.06700768535228,0.12106563111266326,0.008571658172243155,0.12106563111266326,0.011799732248020115,0.05874087721630672,0.011799732248020115
351.0,134.03747601825742,0.12104291350610426,0.008524779309416313,0.12104291350610426,0.011868521338466196,0.05871431315000889,0.011868521338466196
351.0,134.0079590621778,0.12102019589954527,0.008477900446589484,0.12102019589954527,0.011937310428912256,0.05868774908371107,0.011937310428912256
351.0,133.9784567873287,0.12099944494340535,0.008432559598070155,0.12099944494340535,0.012003787176061678,0.058660546714325655,0.012003787176061678
351.0,133.9489691640148,0.12097942037857125,0.00838778682215302,0.12097942037857125,0.012069409848663623,0.05863310858478235,0.012069409848663623
351.0,133.9194961626301,0.12095939581373714,0.008343014046235896,0.12095939581373714,0.012135032521265552,0.05860567045523905,0.012135032521265552
351.0,133.89003775365737,0.12093937124890305,0.008298241270318774,0.12093937124890305,0.012200655193867479,0.058578232325695756,0.012200655193867479
351.0,133.86059390766775,0.12091934668406895,0.008253468494401638,0.12091934668406895,0.012266277866469426,0.058550794196152445,0.012266277866469426
351.0,133.8311645953204,0.12089932211923486,0.008208695718484529,0.12089932211923486,0.012331900539071334,0.05852335606660916,0.012331900539071334
351.0,133.80174978736224,0.12087929755440076,0.008163922942567393,0.12087929755440076,0.012397523211673282,0.05849591793706585,0.012397523211673282
351.0,133.77234945462743,0.12085927298956665,0.00811915016665027,0.12085927298956665,0.012463145884275209,0.05846847980752255,0.012463145884275209
351.0,133.74296356803706,0.12083924842473256,0.008074377390733148,0.12083924842473256,0.012528768556877136,0.058441041677979255,0.012528768556877136
351.0,133.71359209859875,0.12081922385989846,0.008029604614816012,0.12081922385989846,0.012594391229479083,0.05841360354843595,0.012594391229479083
351.0,133.68423501740642,0.12079919929506436,0.007984831838898887,0.12079919929506436,0.012660013902081012,0.058386165418892653,0.012660013902081012
351.0,133.6548922956397,0.12077917473023027,0.007940059062981765,0.12077917473023027,0.012725636574682939,0.058358727289349356,0.012725636574682939
351.0,133.6255639045638,0.12075915016539616,0.007895286287064629,0.12075915016539616,0.012791259247284886,0.05833128915980605,0.012791259247284886
351.0,133.59624981552892,0.12073912560056206,0.007850513511147506,0.12073912560056206,0.012856881919886813,0.058303851030262754,0.012856881919886813
351.0,133.5669499999701,0.12071910103572797,0.007805740735230384,0.12071910103572797,0.01292250459248874,0.05827641290071946,0.01292250459248874
351.0,133.5376644294067,0.12069907647089387,0.0077609679593132475,0.12069907647089387,0.012988127265090688,0.058248974771176146,0.012988127265090688
351.0,133.50839307544226,0.12067905190605978,0.007716195183396138,0.12067905190605978,0.013053749937692595,0.05822153664163286,0.013053749937692595
351.0,133.4791359097638,0.12065902734122567,0.007671422407479002,0.12065902734122567,0.013119372610294543,0.05819409851208955,0.013119372610294543
351.0,133.4498929041419,0.12063900277639157,0.007626649631561865,0.12063900277639157,0.01318499528289649,0.05816666038254625,0.01318499528289649
351.0,133.42066403043,0.12061897821155748,0.007581876855644756,0.12061897821155748,0.013250617955498398,0.058139222253002956,0.013250617955498398
351.0,133.39144926056417,0.12059895364672338,0.00753710407972762,0.12059895364672338,0.013316240628100346,0.05811178412345965,0.013316240628100346
351.0,133.36224856656284,0.12057892908188927,0.007492331303810497,0.12057892908188927,0.013381863300702273,0.058084345993916355,0.013381863300702273
351.0,133.33306192052643,0.12055890451705517,0.007447558527893375,0.12055890451705517,0.0134474859733042,0.05805690786437306,0.0134474859733042
351.0,133.3038892946369,0.12053887995222108,0.0074027857519762385,0.12053887995222108,0.013513108645906147,0.05802946973482975,0.013513108645906147
351.0,133.2747306611575,0.12051885538738698,0.007358012976059116,0.12051885538738698,0.013578731318508076,0.058002031605286455,0.013578731318508076
351.0,133.24558599243244,0.12049883082255287,0.007313240200141993,0.12049883082255287,0.013644353991110003,0.05797459347574316,0.013644353991110003
351.0,133.2164552608865,0.12047880625771877,0.0072684674242248564,0.12047880625771877,0.01370997666371195,0.057947155346199854,0.01370997666371195
351.0,133.18733843902484,0.12045878169288468,0.007223694648307734,0.12045878169288468,0.013775599336313877,0.05791971721665655,0.013775599336313877
351.0,133.15823549943244,0.12043875712805058,0.007178921872390611,0.12043875712805058,0.013841222008915806,0.05789227908711325,0.013841222008915806
351.0,133.12914641477388,0.12041873256321647,0.007134149096473475,0.12041873256321647,0.013906844681517752,0.05786484095756995,0.013906844681517752
351.0,133.10007115779317,0.12039870799838238,0.007089376320556366,0.12039870799838238,0.01397246735411966,0.05783740282802666,0.01397246735411966
351.0,133.07100970131305,0.12037868343354828,0.0070446035446392295,0.12037868343354828,0.014038090026721607,0.05780996469848335,0.014038090026721607
351.0,133.04196201823513,0.12035865886871419,0.006999830768722106,0.12035865886871419,0.014103712699323536,0.057782526568940056,0.014103712699323536
351.0,133.01292808153914,0.12033863430388009,0.006955057992804984,0.12033863430388009,0.014169335371925463,0.05775508843939676,0.014169335371925463
351.0,132.98390786428283,0.12032010061310018,0.006911406753586067,0.12032010061310018,0.014233407439890634,0.057727275847097186,0.014233407439890634
351.0,132.95490133960172,0.12030276437619501,0.0068686563204823185,0.12030276437619501,0.014296234079024778,0.0576991624903721,0.014296234079024778
351.0,132.92590848070856,0.12028542813928984,0.00682590588737857,0.12028542813928984,0.014359060718158921,0.05767104913364701,0.014359060718158921
351.0,132.89692926089316,0.12026809190238467,0.0067831554542748095,0.12026809190238467,0.014421887357293082,0.057642935776921915,0.014421887357293082
351.0,132.86796365352208,0.1202507556654795,0.006740405021171061,0.1202507556654795,0.014484713996427225,0.05761482242019683,0.014484713996427225
351.0,132.83901163203822,0.12023341942857435,0.006697654588067313,0.12023341942857435,0.014547540635561369,0.05758670906347174,0.014547540635561369
351.0,132.81007316996056,0.12021608319166917,0.006654904154963552,0.12021608319166917,0.014610367274695531,0.05755859570674665,0.014610367274695531
351.0,132.78114824088402,0.12019874695476401,0.006612153721859817,0.12019874695476401,0.014673193913829655,0.05753048235002157,0.014673193913829655
351.0,132.75223681847876,0.12018141071785884,0.006569403288756055,0.12018141071785884,0.014736020552963818,0.05750236899329647,0.014736020552963818
351.0,132.72333887649023,0.12016407448095368,0.006526652855652295,0.12016407448095368,0.01479884719209798,0.05747425563657138,0.01479884719209798
351.0,132.6944543887388,0.1201467382440485,0.006483902422548559,0.1201467382440485,0.014861673831232105,0.0574461422798463,0.014861673831232105
351.0,132.6655833291192,0.12012940200714334,0.006441151989444798,0.12012940200714334,0.014924500470366267,0.05741802892312121,0.014924500470366267
351.0,132.6367256716006,0.12011206577023817,0.00639840155634105,0.12011206577023817,0.01498732710950041,0.05738991556639612,0.01498732710950041
351.0,132.60788139022605,0.120094729533333,0.006355651123237302,0.120094729533333,0.015050153748634552,0.057361802209671034,0.015050153748634552
351.0,132.5790504591122,0.12007739329642783,0.00631290069013354,0.12007739329642783,0.015112980387768715,0.05733368885294594,0.015112980387768715
351.0,132.5502328524492,0.12006005705952268,0.006270150257029793,0.12006005705952268,0.015175807026902858,0.05730557549622085,0.015175807026902858
351.0,132.52142854450008,0.12004272082261751,0.006227399823926044,0.12004272082261751,0.015238633666037001,0.05727746213949576,0.015238633666037001
351.0,132.49263750960077,0.12002538458571234,0.006184649390822283,0.12002538458571234,0.015301460305171164,0.057249348782770666,0.015301460305171164
351.0,132.46385972215958,0.12000804834880717,0.006141898957718535,0.12000804834880717,0.015364286944305307,0.05722123542604558,0.015364286944305307
351.0,132.4350951566571,0.119990712111902,0.006099148524614787,0.119990712111902,0.01542711358343945,0.05719312206932049,0.01542711358343945
351.0,132.40634378764577,0.11997337587499683,0.0060563980915110255,0.11997337587499683,0.015489940222573611,0.057165008712595396,0.015489940222573611
351.0,132.37760558974958,0.11995603963809166,0.006013647658407291,0.11995603963809166,0.015552766861707736,0.05713689535587032,0.015552766861707736
351.0,132.3488805376639,0.1199387034011865,0.0059708972253035295,0.1199387034011865,0.015615593500841898,0.05710878199914522,0.015615593500841898
351.0,132.32016860615508,0.11992136716428133,0.005928146792199781,0.11992136716428133,0.015678420139976043,0.05708066864242014,0.015678420139976043
351.0,132.2914697700603,0.11990403092737617,0.0058853963590960335,0.11990403092737617,0.015741246779110186,0.05705255528569505,0.015741246779110186
351.0,132.2627840042871,0.11988669469047099,0.005842645925992272,0.11988669469047099,0.015804073418244347,0.05702444192896995,0.015804073418244347
351.0,132.23411128381326,0.11986935845356583,0.005799895492888524,0.11986935845356583,0.01586690005737849,0.05699632857224487,0.01586690005737849
351.0,132.2054515836865,0.11985202221666066,0.005757145059784776,0.11985202221666066,0.015929726696512634,0.05696821521551978,0.015929726696512634
351.0,132.1768048790241,0.1198346859797555,0.005714394626681015,0.1198346859797555,0.015992553335646795,0.05694010185879469,0.015992553335646795
351.0,132.1481711450127,0.11981734974285033,0.005671644193577266,0.11981734974285033,0.016055379974780938,0.0569119885020696,0.016055379974780938
351.0,132.11955035690804,0.11980001350594516,0.005628893760473519,0.11980001350594516,0.01611820661391508,0.05688387514534451,0.01611820661391508
351.0,132.0909424900346,0.11978267726903999,0.005586143327369757,0.11978267726903999,0.016181033253049246,0.05685576178861942,0.016181033253049246
351.0,132.06234751978548,0.11976534103213482,0.005543392894266022,0.11976534103213482,0.016243859892183368,0.056827648431894334,0.016243859892183368
351.0,132.03376542162198,0.11974800479522965,0.005500642461162261,0.11974800479522965,0.01630668653131753,0.056799535075169244,0.01630668653131753
351.0,132.00519617107335,0.11973066855832448,0.0054578920280585,0.11973066855832448,0.016369513170451693,0.05677142171844415,0.016369513170451693
351.0,131.97663974373668,0.11971552379857152,0.00541672335139076,0.11971552379857152,0.0164303329511105,0.056742894321330443,0.0164303329511105
351.0,131.94809611527634,0.11970086639373963,0.005375906435991547,0.11970086639373963,0.01649070643354857,0.056714274847226215,0.01649070643354857
351.0,131.91956526142403,0.11968620898890775,0.0053350895205923465,0.11968620898890775,0.016551079915986623,0.056685655373122,0.016551079915986623
351.0,131.89104715797828,0.11967155158407587,0.005294272605193146,0.11967155158407587,0.016611453398424673,0.05665703589901778,0.016611453398424673
351.0,131.86254178080432,0.119656894179244,0.005253455689793933,0.119656894179244,0.016671826880862745,0.05662841642491356,0.016671826880862745
351.0,131.83404910583377,0.11964223677441212,0.005212638774394732,0.11964223677441212,0.016732200363300795,0.05659979695080934,0.016732200363300795
351.0,131.80556910906438,0.11962757936958024,0.005171821858995531,0.11962757936958024,0.01679257384573885,0.05657117747670512,0.01679257384573885
351.0,131.77710176655975,0.11961292196474836,0.005131004943596318,0.11961292196474836,0.01685294732817692,0.0565425580026009,0.01685294732817692
351.0,131.74864705444912,0.11959826455991648,0.005090188028197117,0.11959826455991648,0.01691332081061497,0.05651393852849668,0.01691332081061497
351.0,131.72020494892712,0.1195836071550846,0.005049371112797916,0.1195836071550846,0.016973694293053024,0.05648531905439246,0.016973694293053024
351.0,131.69177542625337,0.11956894975025273,0.005008554197398703,0.11956894975025273,0.01703406777549109,0.05645669958028824,0.01703406777549109
351.0,131.66335846275257,0.11955429234542085,0.004967737281999515,0.11955429234542085,0.017094441257929128,0.056428080106184025,0.017094441257929128
351.0,131.63495403481375,0.11953963494058897,0.004926920366600302,0.11953963494058897,0.017154814740367196,0.056399460632079804,0.017154814740367196
351.0,131.60656211889045,0.1195249775357571,0.004886103451201101,0.1195249775357571,0.01721518822280525,0.05637084115797559,0.01721518822280525
351.0,131.57818269150027,0.11951032013092522,0.0048452865358019,0.11951032013092522,0.017275561705243303,0.05634222168387137,0.017275561705243303
351.0,131.54981572922463,0.11949566272609333,0.004804469620402687,0.11949566272609333,0.01733593518768137,0.056313602209767145,0.01733593518768137
351.0,131.52146120870862,0.11948100532126145,0.004763652705003486,0.11948100532126145,0.017396308670119424,0.056284982735662924,0.017396308670119424
351.0,131.49311910666063,0.11946634791642957,0.0047228357896042855,0.11946634791642957,0.017456682152557475,0.05625636326155871,0.017456682152557475
351.0,131.4647893998521,0.1194516905115977,0.0046820188742050725,0.1194516905115977,0.017517055634995546,0.05622774378745448,0.017517055634995546
351.0,131.43647206511744,0.11943703310676582,0.004641201958805871,0.11943703310676582,0.0175774291174336,0.056199124313350265,0.0175774291174336
351.0,131.40816707935363,0.11942237570193394,0.004600385043406671,0.11942237570193394,0.01763780259987165,0.05617050483924605,0.01763780259987165
351.0,131.37987441952006,0.11940771829710206,0.004559568128007457,0.11940771829710206,0.01769817608230972,0.05614188536514182,0.01769817608230972
351.0,131.3515940626382,0.11939306089227018,0.004518751212608269,0.11939306089227018,0.017758549564747754,0.056113265891037614,0.017758549564747754
351.0,131.32332598579146,0.1193784034874383,0.004477934297209055,0.1193784034874383,0.017818923047185825,0.05608464641693339,0.017818923047185825
351.0,131.29507016612493,0.11936374608260641,0.004437117381809842,0.11936374608260641,0.017879296529623896,0.056056026942829164,0.017879296529623896
351.0,131.26682658084505,0.11934908867777455,0.004396300466410654,0.11934908867777455,0.01793967001206193,0.056027407468724956,0.01793967001206193
351.0,131.23859520721953,0.11933443127294266,0.004355483551011441,0.11933443127294266,0.0180000434945,0.05599878799462073,0.0180000434945
351.0,131.21037602257695,0.11931977386811078,0.00431466663561224,0.11931977386811078,0.01806041697693805,0.05597016852051651,0.01806041697693805
351.0,131.1821690043067,0.1193051164632789,0.004273849720213039,0.1193051164632789,0.018120790459376104,0.0559415490464123,0.018120790459376104
351.0,131.15397412985863,0.11929045905844703,0.004233032804813826,0.11929045905844703,0.018181163941814175,0.05591292957230807,0.018181163941814175
351.0,131.12579137674277,0.11927580165361515,0.004192215889414625,0.11927580165361515,0.018241537424252226,0.055884310098203854,0.018241537424252226
351.0,131.09762072252926,0.11926114424878327,0.0041513989740154245,0.11926114424878327,0.01830191090669028,0.05585569062409964,0.01830191090669028
351.0,131.06946214484805,0.1192464868439514,0.0041105820586162115,0.1192464868439514,0.01836228438912835,0.05582707114999541,0.01836228438912835
351.0,131.04131562138852,0.11923182943911952,0.004069765143217011,0.11923182943911952,0.0184226578715664,0.055798451675891196,0.0184226578715664
351.0,131.01318112989958,0.11921717203428764,0.00402894822781781,0.11921717203428764,0.018483031354004455,0.055769832201786974,0.018483031354004455
351.0,130.98505864818915,0.11920393121664678,0.003989109757418813,0.11920393121664678,0.018542270223776434,0.05574101962364018,0.018542270223776434
351.0,130.956948154124,0.11919193983326447,0.003950134278518782,0.11919193983326447,0.018600508361687917,0.05571203672713404,0.018600508361687917
351.0,130.9288496256297,0.11917994844988215,0.003911158799618727,0.11917994844988215,0.01865874649959943,0.05568305383062788,0.01865874649959943
351.0,130.90076304069015,0.11916795706649985,0.0038721833207186846,0.11916795706649985,0.018716984637510932,0.05565407093412174,0.018716984637510932
351.0,130.87268837734752,0.11915596568311754,0.0038332078418186416,0.11915596568311754,0.01877522277542243,0.055625088037615594,0.01877522277542243
351.0,130.8446256137019,0.11914397429973522,0.0037942323629185874,0.11914397429973522,0.018833460913333946,0.05559610514110944,0.018833460913333946
351.0,130.81657472791142,0.11913198291635291,0.0037552568840185452,0.11913198291635291,0.018891699051245443,0.05556712224460329,0.018891699051245443
351.0,130.78853569819142,0.1191199915329706,0.003716281405118502,0.1191199915329706,0.018949937189156944,0.05553813934809715,0.018949937189156944
351.0,130.76050850281487,0.11910800014958829,0.003677305926218448,0.11910800014958829,0.019008175327068458,0.055509156451591,0.019008175327068458
351.0,130.7324931201117,0.11909600876620598,0.003638330447318406,0.11909600876620598,0.019066413464979958,0.05548017355508485,0.019066413464979958
351.0,130.7044895284689,0.11908401738282366,0.003599354968418363,0.11908401738282366,0.01912465160289146,0.0554511906585787,0.01912465160289146
351.0,130.67649770633003,0.11907202599944135,0.0035603794895183085,0.11907202599944135,0.019182889740802973,0.05542220776207255,0.019182889740802973
351.0,130.64851763219528,0.11906003461605905,0.0035214040106182776,0.11906003461605905,0.019241127878714456,0.055393224865566415,0.019241127878714456
351.0,130.6205492846209,0.11904804323267673,0.0034824285317182234,0.11904804323267673,0.01929936601662597,0.05536424196906026,0.01929936601662597
351.0,130.59259264221947,0.11903605184929442,0.003443453052818169,0.11903605184929442,0.019357604154537487,0.055335259072554106,0.019357604154537487
351.0,130.56464768365927,0.1190240604659121,0.003404477573918138,0.1190240604659121,0.019415842292448967,0.05530627617604797,0.019415842292448967
351.0,130.53671438766423,0.11901206908252979,0.003365502095018084,0.11901206908252979,0.019474080430360485,0.05527729327954181,0.019474080430360485
351.0,130.5087927330138,0.11900007769914749,0.0033265266161180414,0.11900007769914749,0.01953231856827198,0.05524831038303567,0.01953231856827198
351.0,130.4808826985426,0.11898808631576517,0.003287551137217999,0.11898808631576517,0.019590556706183482,0.055219327486529524,0.019590556706183482
351.0,130.45298426314028,0.11897609493238286,0.0032485756583179445,0.11897609493238286,0.019648794844095,0.055190344590023366,0.019648794844095
351.0,130.42509740575136,0.11896410354900054,0.003209600179417902,0.11896410354900054,0.019707032982006496,0.05516136169351722,0.019707032982006496
351.0,130.39722210537494,0.11895211216561824,0.0031706247005178594,0.11895211216561824,0.019765271119917997,0.05513237879701108,0.019765271119917997
351.0,130.36935834106453,0.11894012078223593,0.003131649221617805,0.11894012078223593,0.01982350925782951,0.05510339590050492,0.01982350925782951
351.0,130.3415060919279,0.11892812939885361,0.003092673742717762,0.11892812939885361,0.01988174739574101,0.055074413003998776,0.01988174739574101
351.0,130.31366533712674,0.1189161380154713,0.00305369826381772,0.1189161380154713,0.019939985533652508,0.05504543010749263,0.019939985533652508
351.0,130.28583605587664,0.11890414663208898,0.0030147227849176656,0.11890414663208898,0.019998223671564026,0.055016447210986474,0.019998223671564026
351.0,130.25801822744685,0.11889215524870668,0.0029757473060176344,0.11889215524870668,0.020056461809475505,0.05498746431448034,0.020056461809475505
351.0,130.23021183115983,0.11888016386532436,0.00293677182711758,0.11888016386532436,0.020114699947387023,0.054958481417974187,0.020114699947387023
351.0,130.2024168463915,0.11886817248194205,0.0028977963482175375,0.11886817248194205,0.020172938085298523,0.05492949852146804,0.020172938085298523
351.0,130.17463325257057,0.11885618109855974,0.002858820869317495,0.11885618109855974,0.02023117622321002,0.05490051562496189,0.02023117622321002
351.0,130.14686102917878,0.11884418971517742,0.0028198453904174406,0.11884418971517742,0.020289414361121538,0.05487153272845574,0.020289414361121538
351.0,130.11910015575043,0.11883219833179512,0.002780869911517398,0.11883219833179512,0.020347652499033034,0.0548425498319496,0.020347652499033034
351.0,130.0913506118722,0.1188202069484128,0.0027418944326173555,0.1188202069484128,0.020405890636944535,0.054813566935443446,0.020405890636944535
351.0,130.06361237718306,0.11880821556503049,0.002702918953717301,0.11880821556503049,0.02046412877485605,0.054784584038937295,0.02046412877485605
351.0,130.03588543137406,0.11879622418164817,0.0026639434748172586,0.11879622418164817,0.02052236691276755,0.05475560114243115,0.02052236691276755
351.0,130.008169754188,0.11878423279826586,0.002624967995917216,0.11878423279826586,0.02058060505067905,0.054726618245925,0.02058060505067905
351.0,129.9804653254195,0.11877411093138811,0.0025872248562494446,0.11877411093138811,0.020637545513445044,0.05469746321204902,0.020637545513445044
351.0,129.95277212491456,0.1187647707715431,0.0025499969986036803,0.1187647707715431,0.02069394337507055,0.05466823620181324,0.02069394337507055
351.0,129.92509013257055,0.11875543061169809,0.002512769140957894,0.11875543061169809,0.02075034123669609,0.054639009191577444,0.02075034123669609
351.0,129.89741932833581,0.11874609045185307,0.0024755412833121077,0.11874609045185307,0.02080673909832163,0.05460978218134165,0.02080673909832163
351.0,129.8697596922098,0.11873675029200806,0.002438313425666344,0.11873675029200806,0.020863136959947133,0.054580555171105875,0.020863136959947133
351.0,129.84211120424257,0.11872741013216305,0.0024010855680205575,0.11872741013216305,0.020919534821572675,0.054551328160870084,0.020919534821572675
351.0,129.81447384453475,0.11871806997231804,0.002363857710374782,0.11871806997231804,0.020975932683198195,0.05452210115063429,0.020975932683198195
351.0,129.7868475932373,0.11870872981247302,0.0023266298527290074,0.11870872981247302,0.02103233054482372,0.05449287414039851,0.02103233054482372
351.0,129.75923243055144,0.11869938965262801,0.0022894019950832206,0.11869938965262801,0.02108872840644926,0.05446364713016272,0.02108872840644926
351.0,129.73162833672836,0.118690049492783,0.0022521741374374456,0.118690049492783,0.02114512626807478,0.054434420119926934,0.02114512626807478
351.0,129.70403529206905,0.11868070933293799,0.0022149462797916705,0.11868070933293799,0.021201524129700305,0.05440519310969114,0.021201524129700305
351.0,129.67645327692418,0.11867136917309297,0.002177718422145884,0.11867136917309297,0.021257921991325847,0.05437596609945535,0.021257921991325847
351.0,129.64888227169376,0.11866202901324796,0.002140490564500109,0.11866202901324796,0.021314319852951367,0.05434673908921957,0.021314319852951367
351.0,129.62132225682728,0.11865268885340295,0.0021032627068543336,0.11865268885340295,0.02137071771457689,0.05431751207898378,0.02137071771457689
351.0,129.59377321282312,0.11864334869355793,0.0020660348492085477,0.11864334869355793,0.02142711557620243,0.054288285068747985,0.02142711557620243
351.0,129.56623512022873,0.11863400853371292,0.0020288069915627835,0.11863400853371292,0.021483513437827936,0.05425905805851221,0.021483513437827936
351.0,129.53870795964022,0.11862466837386791,0.001991579133916997,0.11862466837386791,0.021539911299453478,0.05422983104827642,0.021539911299453478
351.0,129.51119171170237,0.1186153282140229,0.001954351276271222,0.1186153282140229,0.021596309161079,0.05420060403804063,0.021596309161079
351.0,129.4836863571082,0.1186059880541779,0.001917123418625447,0.1186059880541779,0.021652707022704522,0.05417137702780485,0.021652707022704522
351.0,129.45619187659915,0.11859664789433287,0.0018798955609796606,0.11859664789433287,0.02170910488433006,0.05414215001756905,0.02170910488433006
351.0,129.42870825096455,0.11858730773448786,0.0018426677033338856,0.11858730773448786,0.021765502745955585,0.054112923007333266,0.021765502745955585
351.0,129.40123546104164,0.11857796757464285,0.0018054398456881103,0.11857796757464285,0.02182190060758111,0.05408369599709748,0.02182190060758111
351.0,129.37377348771543,0.11856862741479783,0.001768211988042324,0.11856862741479783,0.021878298469206647,0.054054468986861684,0.021878298469206647
351.0,129.3463223119184,0.11855928725495282,0.0017309841303965487,0.11855928725495282,0.02193469633083217,0.0540252419766259,0.02193469633083217
351.0,129.31888191463042,0.11854994709510781,0.0016937562727507736,0.11854994709510781,0.021991094192457695,0.053996014966390116,0.021991094192457695
351.0,129.29145227687857,0.1185406069352628,0.0016565284151049873,0.1185406069352628,0.022047492054083233,0.053966787956154325,0.022047492054083233
351.0,129.2640333797369,0.11853126677541778,0.0016193005574592122,0.11853126677541778,0.022103889915708757,0.05393756094591854,0.022103889915708757
351.0,129.23662520432637,0.11852192661557277,0.0015820726998134371,0.11852192661557277,0.022160287777334278,0.05390833393568275,0.022160287777334278
351.0,129.20922773181465,0.11851258645572776,0.0015448448421676508,0.11851258645572776,0.02221668563895982,0.05387910692544696,0.02221668563895982
351.0,129.18184094341584,0.11850324629588276,0.0015076169845218866,0.11850324629588276,0.022273083500585326,0.05384987991521118,0.022273083500585326
351.0,129.1544648203905,0.11849390613603773,0.0014703891268761005,0.11849390613603773,0.022329481362210864,0.05382065290497539,0.022329481362210864
351.0,129.12709934404532,0.11848456597619272,0.0014331612692303252,0.11848456597619272,0.022385879223836388,0.0537914258947396,0.022385879223836388
351.0,129.09974449573306,0.11847522581634772,0.00139593341158455,0.11847522581634772,0.02244227708546191,0.053762198884503815,0.02244227708546191
351.0,129.0724002568523,0.1184658856565027,0.0013587055539387638,0.1184658856565027,0.02249867494708745,0.05373297187426802,0.02249867494708745
351.0,129.0450666088474,0.11845654549665768,0.0013214776962929887,0.11845654549665768,0.022555072808712974,0.05370374486403224,0.022555072808712974
351.0,129.01774353320818,0.11844720533681267,0.0012842498386472134,0.11844720533681267,0.022611470670338495,0.053674517853796455,0.022611470670338495
351.0,128.99043101146992,0.11843878869076353,0.0012476013125231396,0.11843878869076353,0.022667319899724557,0.05364523988444854,0.022667319899724557
351.0,128.96312902521305,0.11843208416245321,0.0012120268188384725,0.11843208416245321,0.02272215201058621,0.05361586744114669,0.02272215201058621
351.0,128.93583755606312,0.11842537963414289,0.0011764523251538055,0.11842537963414289,0.022776984121447866,0.05358649499784484,0.022776984121447866
351.0,128.90855658569052,0.11841867510583257,0.0011408778314691277,0.11841867510583257,0.022831816232309537,0.05355712255454299,0.022831816232309537
351.0,128.88128609581042,0.11841197057752224,0.0011053033377844714,0.11841197057752224,0.022886648343171178,0.05352775011124115,0.022886648343171178
351.0,128.8540260681826,0.11840526604921192,0.0010697288440997936,0.11840526604921192,0.022941480454032846,0.053498377667939294,0.022941480454032846
351.0,128.82677648461126,0.1183985615209016,0.0010341543504151266,0.1183985615209016,0.022996312564894504,0.05346900522463744,0.022996312564894504
351.0,128.7995373269448,0.11839185699259129,0.0009985798567304595,0.11839185699259129,0.02305114467575616,0.053439632781335594,0.02305114467575616
351.0,128.77230857707588,0.11838515246428097,0.0009630053630457819,0.11838515246428097,0.023105976786617827,0.05341026033803374,0.023105976786617827
351.0,128.74509021694095,0.11837844793597065,0.0009274308693611147,0.11837844793597065,0.023160808897479485,0.053380887894731895,0.023160808897479485
351.0,128.71788222852044,0.11837174340766032,0.0008918563756764477,0.11837174340766032,0.02321564100834114,0.05335151545143004,0.02321564100834114
351.0,128.6906845938383,0.11836503887935,0.00085628188199177,0.11836503887935,0.023270473119202807,0.05332214300812819,0.023270473119202807
351.0,128.6634972949621,0.11835833435103968,0.0008207073883071029,0.11835833435103968,0.023325305230064465,0.05329277056482634,0.023325305230064465
351.0,128.63632031400266,0.11835162982272936,0.0007851328946224359,0.11835162982272936,0.02338013734092612,0.053263398121524495,0.02338013734092612
351.0,128.60915363311406,0.11834492529441903,0.0007495584009377581,0.11834492529441903,0.023434969451787788,0.053234025678222635,0.023434969451787788
351.0,128.58199723449343,0.11833822076610871,0.0007139839072530911,0.11833822076610871,0.023489801562649446,0.05320465323492079,0.023489801562649446
351.0,128.55485110038074,0.1183315162377984,0.0006784094135684241,0.1183315162377984,0.0235446336735111,0.05317528079161894,0.0235446336735111
351.0,128.52771521305877,0.11832481170948808,0.0006428349198837463,0.11832481170948808,0.023599465784372768,0.05314590834831708,0.023599465784372768
351.0,128.50058955485292,0.11831810718117776,0.0006072604261990899,0.11831810718117776,0.02365429789523441,0.05311653590501524,0.02365429789523441
351.0,128.47347410813094,0.11831140265286744,0.0005716859325144123,0.11831140265286744,0.02370913000609608,0.05308716346171339,0.02370913000609608
351.0,128.44636885530304,0.11830469812455711,0.0005361114388297453,0.11830469812455711,0.023763962116957735,0.05305779101841154,0.023763962116957735
351.0,128.4192737788214,0.11829799359624679,0.0005005369451450782,0.11829799359624679,0.02381879422781939,0.0530284185751097,0.02381879422781939
351.0,128.39218886118041,0.11829128906793647,0.0004649624514604005,0.11829128906793647,0.02387362633868106,0.052999046131807837,0.02387362633868106
351.0,128.36511408491626,0.11828458453962615,0.00042938795777573344,0.11828458453962615,0.023928458449542715,0.05296967368850599,0.023928458449542715
351.0,128.3380494326067,0.11827788001131583,0.0003938134640910664,0.11827788001131583,0.02398329056040437,0.052940301245204144,0.02398329056040437
351.0,128.31099488687133,0.1182711754830055,0.0003582389704063887,0.1182711754830055,0.02403812267126604,0.052910928801902284,0.02403812267126604
351.0,128.28395043037102,0.1182644709546952,0.00032266447672172163,0.1182644709546952,0.024092954782127696,0.05288155635860044,0.024092954782127696
351.0,128.25691604580797,0.11825776642638487,0.00028708998303705457,0.11825776642638487,0.02414778689298935,0.05285218391529859,0.02414778689298935
351.0,128.22989171592548,0.11825106189807455,0.0002515154893523769,0.11825106189807455,0.024202619003851022,0.05282281147199673,0.024202619003851022
351.0,128.20287742350797,0.11824435736976423,0.00021594099566772052,0.11824435736976423,0.02425745111471266,0.05279343902869489,0.02425745111471266
351.0,128.1758731513806,0.1182376528414539,0.00018036650198304278,0.1182376528414539,0.02431228322557433,0.05276406658539304,0.02431228322557433
351.0,128.14887888240943,0.11823094831314358,0.00014479200829837575,0.11823094831314358,0.024367115336435985,0.05273469414209119,0.024367115336435985
351.0,128.12189459950096,0.11822424378483326,0.00010921751461370866,0.11822424378483326,0.02442194744729764,0.052705321698789345,0.02442194744729764
351.0,128.09492028560211,0.11821753925652294,7.364302092903094e-05,0.11821753925652294,0.02447677955815931,0.052675949255487485,0.02447677955815931
351.0,128.06795592370025,0.11821083472821263,3.8068527244363907e-05,0.11821083472821263,0.024531611669020965,0.05264657681218564,0.024531611669020965
351.0,128.04100149682284,0.11820413019990231,2.494033559696858e-06,0.11820413019990231,0.02458644377988262,0.05261720436888379,0.02458644377988262
351.0,128.0140569880374,0.11819742567159199,-3.308046012498086e-05,0.11819742567159199,0.02464127589074429,0.05258783192558193,0.02464127589074429
351.0,127.98712238045131,0.11819197405356828,-6.79091565669314e-05,0.11819197405356828,0.02469548176854314,0.05255842845432672,0.02469548176854314
351.0,127.96019765721175,0.11818788983972989,-0.00010192390305413784,0.11818788983972989,0.02474900418662408,0.052528991119710544,0.02474900418662408
351.0,127.93328280150551,0.11818380562589151,-0.0001359386495413549,0.11818380562589151,0.02480252660470503,0.052499553785094355,0.02480252660470503
351.0,127.90637779655891,0.11817972141205312,-0.00016995339602856154,0.11817972141205312,0.024856049022785966,0.05247011645047817,0.024856049022785966
351.0,127.87948262563756,0.11817563719821472,-0.00020396814251576818,0.11817563719821472,0.024909571440866904,0.05244067911586199,0.024909571440866904
351.0,127.85259727204632,0.11817155298437634,-0.00023798288900298502,0.11817155298437634,0.024963093858947856,0.0524112417812458,0.024963093858947856
351.0,127.8257217191292,0.11816746877053795,-0.0002719976354901817,0.11816746877053795,0.025016616277028773,0.05238180444662963,0.025016616277028773
351.0,127.79885595026904,0.11816338455669956,-0.00030601238197739853,0.11816338455669956,0.025070138695109725,0.052352367112013444,0.025070138695109725
351.0,127.77199994888763,0.11815930034286118,-0.0003400271284646054,0.11815930034286118,0.025123661113190664,0.05232292977739726,0.025123661113190664
351.0,127.74515369844542,0.11815521612902279,-0.00037404187495181204,0.11815521612902279,0.0251771835312716,0.05229349244278108,0.0251771835312716
351.0,127.71831718244135,0.1181511319151844,-0.0004080566214390289,0.1181511319151844,0.02523070594935255,0.05226405510816489,0.02523070594935255
351.0,127.69149038441289,0.11814704770134601,-0.00044207136792623564,0.11814704770134601,0.02528422836743349,0.052234617773548715,0.02528422836743349
351.0,127.66467328793574,0.11814296348750762,-0.0004760861144134424,0.11814296348750762,0.025337750785514424,0.05220518043893253,0.025337750785514424
351.0,127.63786587662385,0.11813887927366924,-0.0005101008609006592,0.11813887927366924,0.025391273203595376,0.052175743104316344,0.025391273203595376
351.0,127.61106813412913,0.11813479505983085,-0.000544115607387866,0.11813479505983085,0.025444795621676314,0.05214630576970016,0.025444795621676314
351.0,127.58428004414145,0.11813071084599246,-0.0005781303538750726,0.11813071084599246,0.02549831803975725,0.05211686843508398,0.02549831803975725
351.0,127.55750159038847,0.11812662663215408,-0.0006121451003622896,0.11812662663215408,0.0255518404578382,0.05208743110046779,0.0255518404578382
351.0,127.53073275663553,0.11812254241831568,-0.000646159846849486,0.11812254241831568,0.02560536287591912,0.05205799376585162,0.02560536287591912
351.0,127.50397352668541,0.11811845820447729,-0.0006801745933367029,0.11811845820447729,0.025658885294000074,0.05202855643123543,0.025658885294000074
351.0,127.47722388437846,0.11811437399063891,-0.0007141893398239096,0.11811437399063891,0.025712407712081012,0.05199911909661925,0.025712407712081012
351.0,127.45048381359216,0.11811028977680052,-0.0007482040863111164,0.11811028977680052,0.025765930130161947,0.051969681762003075,0.025765930130161947
351.0,127.42375329824124,0.11810620556296214,-0.0007822188327983332,0.11810620556296214,0.0258194525482429,0.051940244427386886,0.0258194525482429
351.0,127.3970323222774,0.11810212134912375,-0.00081623357928554,0.11810212134912375,0.025872974966323833,0.051910807092770704,0.025872974966323833
351.0,127.37032086968935,0.11809803713528536,-0.0008502483257727467,0.11809803713528536,0.02592649738440477,0.05188136975815452,0.02592649738440477
351.0,127.34361892450247,0.11809395292144698,-0.0008842630722599636,0.11809395292144698,0.025980019802485724,0.05185193242353833,0.025980019802485724
351.0,127.31692647077887,0.11808986870760858,-0.0009182778187471703,0.11808986870760858,0.02603354222056666,0.05182249508892215,0.02603354222056666
351.0,127.2902434926172,0.11808578449377019,-0.000952292565234377,0.11808578449377019,0.026087064638647597,0.051793057754305975,0.026087064638647597
351.0,127.26356997415249,0.11808170027993181,-0.000986307311721594,0.11808170027993181,0.02614058705672855,0.051763620419689786,0.02614058705672855
351.0,127.23690589955615,0.11807761606609342,-0.0010203220582088006,0.11807761606609342,0.026194109474809484,0.051734183085073604,0.026194109474809484
351.0,127.21025125303566,0.11807353185225503,-0.0010543368046960072,0.11807353185225503,0.026247631892890422,0.05170474575045742,0.026247631892890422
351.0,127.18360601883465,0.11806944763841665,-0.0010883515511832243,0.11806944763841665,0.026301154310971374,0.05167530841584123,0.026301154310971374
351.0,127.15697018123267,0.11806536342457825,-0.0011223662976704207,0.11806536342457825,0.026354676729052295,0.051645871081225064,0.026354676729052295
351.0,127.130343724545,0.11806127921073988,-0.0011563810441576376,0.11806127921073988,0.026408199147133247,0.051616433746608875,0.026408199147133247
351.0,127.10372663312278,0.11805719499690148,-0.0011903957906448444,0.11805719499690148,0.02646172156521418,0.05158699641199269,0.02646172156521418
351.0,127.07711889135257,0.11805311078306309,-0.001224410537132051,0.11805311078306309,0.026515243983295116,0.05155755907737651,0.026515243983295116
351.0,127.05052048365647,0.11804902656922471,-0.001258425283619268,0.11804902656922471,0.026568766401376072,0.05152812174276032,0.026568766401376072
351.0,127.023931394492,0.11804494235538632,-0.0012924400301064748,0.11804494235538632,0.026622288819457007,0.051498684408144146,0.026622288819457007
351.0,126.99735160835174,0.11804111786482913,-0.0013263085194564243,0.11804111786482913,0.026675704590712085,0.05146924704680417,0.026675704590712085
351.0,126.97078110976354,0.11803963987530373,-0.001358855631215916,0.11803963987530373,0.026728156848470144,0.05143980944402487,0.026728156848470144
351.0,126.94421988329017,0.11803816188577836,-0.0013914027429753981,0.11803816188577836,0.026780609106228193,0.051410371841245577,0.026780609106228193
351.0,126.91766791352927,0.11803668389625298,-0.0014239498547348802,0.11803668389625298,0.02683306136398624,0.051380934238466285,0.02683306136398624
351.0,126.89112518511331,0.1180352059067276,-0.001456496966494372,0.1180352059067276,0.026885513621744298,0.051351496635686986,0.026885513621744298
351.0,126.86459168270937,0.11803372791720222,-0.0014890440782538443,0.11803372791720222,0.02693796587950233,0.0513220590329077,0.02693796587950233
351.0,126.83806739101908,0.11803224992767684,-0.001521591190013336,0.11803224992767684,0.026990418137260393,0.0512926214301284,0.026990418137260393
351.0,126.8115522947785,0.11803077193815147,-0.0015541383017728277,0.11803077193815147,0.027042870395018452,0.0512631838273491,0.027042870395018452
351.0,126.78504637875798,0.11802929394862609,-0.0015866854135323,0.11802929394862609,0.027095322652776484,0.05123374622456982,0.027095322652776484
351.0,126.7585496277621,0.11802781595910071,-0.0016192325252917918,0.11802781595910071,0.027147774910534547,0.05120430862179052,0.027147774910534547
351.0,126.73206202662955,0.11802633796957532,-0.0016517796370512738,0.11802633796957532,0.027200227168292592,0.05117487101901123,0.027200227168292592
351.0,126.7055835602329,0.11802485998004994,-0.001684326748810756,0.11802485998004994,0.027252679426050638,0.051145433416231935,0.027252679426050638
351.0,126.67911421347871,0.11802338199052456,-0.0017168738605702477,0.11802338199052456,0.0273051316838087,0.051115995813452636,0.0273051316838087
351.0,126.65265397130722,0.11802190400099918,-0.0017494209723297298,0.11802190400099918,0.027357583941566746,0.051086558210673344,0.027357583941566746
351.0,126.62620281869233,0.1180204260114738,-0.0017819680840892118,0.1180204260114738,0.02741003619932479,0.05105712060789405,0.02741003619932479
351.0,126.59976074064147,0.11801894802194843,-0.0018145151958487036,0.11801894802194843,0.027462488457082854,0.05102768300511475,0.027462488457082854
351.0,126.57332772219554,0.11801747003242305,-0.0018470623076081855,0.11801747003242305,0.0275149407148409,0.05099824540233546,0.0275149407148409
351.0,126.5469037484287,0.11801599204289767,-0.0018796094193676677,0.11801599204289767,0.027567392972598945,0.05096880779955617,0.027567392972598945
351.0,126.52048880444835,0.1180145140533723,-0.0019121565311271593,0.1180145140533723,0.02761984523035701,0.05093937019677687,0.02761984523035701
351.0,126.49408287539498,0.1180130360638469,-0.0019447036428866318,0.1180130360638469,0.02767229748811504,0.050909932593997585,0.02767229748811504
351.0,126.46768594644209,0.11801155807432152,-0.001977250754646123,0.11801155807432152,0.0277247497458731,0.050880494991218286,0.0277247497458731
351.0,126.44129800279606,0.11801008008479615,-0.0020097978664056055,0.11801008008479615,0.027777202003631145,0.050851057388438994,0.027777202003631145
351.0,126.41491902969604,0.11800860209527077,-0.0020423449781650873,0.11800860209527077,0.027829654261389194,0.0508216197856597,0.027829654261389194
351.0,126.38854901241385,0.11800712410574539,-0.002074892089924579,0.11800712410574539,0.027882106519147253,0.050792182182880403,0.027882106519147253
351.0,126.36218793625393,0.11800564611622001,-0.0021074392016840614,0.11800564611622001,0.0279345587769053,0.05076274458010111,0.0279345587769053
351.0,126.3358357865531,0.11800416812669463,-0.0021399863134435432,0.11800416812669463,0.027987011034663348,0.05073330697732182,0.027987011034663348
351.0,126.3094925486806,0.11800269013716926,-0.002172533425203035,0.11800269013716926,0.028039463292421407,0.05070386937454252,0.028039463292421407
351.0,126.28315820803795,0.11800121214764388,-0.0022050805369625173,0.11800121214764388,0.028091915550179453,0.05067443177176323,0.028091915550179453
351.0,126.25683275005873,0.1179997341581185,-0.002237627648721999,0.1179997341581185,0.0281443678079375,0.05064499416898394,0.0281443678079375
351.0,126.23051616020862,0.11799825616859311,-0.002270174760481491,0.11799825616859311,0.02819682006569556,0.05061555656620464,0.02819682006569556
351.0,126.20420842398528,0.11799677817906773,-0.0023027218722409632,0.11799677817906773,0.028249272323453593,0.05058611896342535,0.028249272323453593
351.0,126.17790952691813,0.11799530018954235,-0.002335268984000455,0.11799530018954235,0.028301724581211656,0.050556681360646054,0.028301724581211656
351.0,126.15161945456839,0.11799382220001697,-0.002367816095759947,0.11799382220001697,0.028354176838969715,0.050527243757866755,0.028354176838969715
351.0,126.1253381925289,0.1179923442104916,-0.002400363207519419,0.1179923442104916,0.028406629096727747,0.05049780615508747,0.028406629096727747
351.0,126.09906572642399,0.11799086622096622,-0.002432910319278911,0.11799086622096622,0.02845908135448581,0.05046836855230817,0.02845908135448581
351.0,126.07280204190954,0.11798938823144084,-0.002465457431038393,0.11798938823144084,0.028511533612243855,0.05043893094952888,0.028511533612243855
351.0,126.04654712467264,0.11798791024191546,-0.002498004542797875,0.11798791024191546,0.0285639858700019,0.05040949334674959,0.0285639858700019
351.0,126.02030096043165,0.11798643225239008,-0.002530551654557367,0.11798643225239008,0.028616438127759963,0.05038005574397029,0.028616438127759963
351.0,125.99406353493613,0.11798554130049119,-0.002562787017345473,0.11798554130049119,0.028668699094006204,0.05035062954543106,0.028668699094006204
351.0,125.96783483396662,0.11798665751023658,-0.0025939564679164683,0.11798665751023658,0.028720306008505104,0.050321242339542736,0.028720306008505104
351.0,125.94161484333453,0.11798777371998197,-0.0026251259184874726,0.11798777371998197,0.028771912923004017,0.0502918551336544,0.028771912923004017
351.0,125.91540354888224,0.11798888992972736,-0.0026562953690584677,0.11798888992972736,0.028823519837502917,0.05026246792776608,0.028823519837502917
351.0,125.8892009364828,0.11799000613947275,-0.002687464819629463,0.11799000613947275,0.028875126752001812,0.05023308072187776,0.028875126752001812
351.0,125.86300699203986,0.11799112234921814,-0.002718634270200467,0.11799112234921814,0.028926733666500726,0.050203693515989425,0.028926733666500726
351.0,125.83682170148771,0.11799223855896353,-0.0027498037207714533,0.11799223855896353,0.028978340580999608,0.050174306310101106,0.028978340580999608
351.0,125.81064505079098,0.11799335476870892,-0.0027809731713424575,0.11799335476870892,0.029029947495498525,0.05014491910421277,0.029029947495498525
351.0,125.78447702594475,0.11799447097845431,-0.0028121426219134523,0.11799447097845431,0.02908155440999742,0.05011553189832445,0.02908155440999742
351.0,125.75831761297428,0.1179955871881997,-0.002843312072484448,0.1179955871881997,0.02913316132449632,0.05008614469243613,0.02913316132449632
351.0,125.73216679793502,0.11799670339794509,-0.002874481523055452,0.11799670339794509,0.029184768238995233,0.050056757486547795,0.029184768238995233
351.0,125.70602456691248,0.11799781960769049,-0.002905650973626447,0.11799781960769049,0.029236375153494133,0.05002737028065947,0.029236375153494133
351.0,125.67989090602211,0.11799893581743587,-0.002936820424197442,0.11799893581743587,0.02928798206799303,0.04999798307477114,0.02928798206799303
351.0,125.65376580140928,0.11800005202718127,-0.002967989874768447,0.11800005202718127,0.029339588982491942,0.04996859586888281,0.029339588982491942
351.0,125.62764923924912,0.11800116823692665,-0.0029991593253394415,0.11800116823692665,0.02939119589699084,0.049939208662994485,0.02939119589699084
351.0,125.6015412057464,0.11800228444667205,-0.0030303287759104367,0.11800228444667205,0.02944280281148974,0.049909821457106165,0.02944280281148974
351.0,125.57544168713555,0.11800340065641743,-0.003061498226481441,0.11800340065641743,0.029494409725988654,0.04988043425121783,0.029494409725988654
351.0,125.54935066968045,0.11800451686616283,-0.0030926676770524266,0.11800451686616283,0.029546016640487536,0.049851047045329513,0.029546016640487536
351.0,125.52326813967436,0.11800563307590821,-0.0031238371276234313,0.11800563307590821,0.02959762355498645,0.04982165983944118,0.02959762355498645
351.0,125.49719408343998,0.1180067492856536,-0.0031550065781944356,0.1180067492856536,0.029649230469485362,0.04979227263355285,0.029649230469485362
351.0,125.47112848732903,0.11800786549539899,-0.0031861760287654212,0.11800786549539899,0.029700837383984248,0.049762885427664535,0.029700837383984248
351.0,125.44507133772255,0.11800898170514439,-0.003217345479336426,0.11800898170514439,0.02975244429848316,0.0497334982217762,0.02975244429848316
351.0,125.41902262103049,0.11801009791488977,-0.003248514929907421,0.11801009791488977,0.029804051212982057,0.04970411101588788,0.029804051212982057
351.0,125.39298232369178,0.11801121412463517,-0.003279684380478416,0.11801121412463517,0.029855658127480957,0.04967472380999955,0.029855658127480957
351.0,125.36695043217426,0.11801233033438055,-0.0033108538310494206,0.11801233033438055,0.02990726504197987,0.04964533660411122,0.02990726504197987
351.0,125.34092693297443,0.11801344654412595,-0.0033420232816204157,0.11801344654412595,0.02995887195647877,0.0496159493982229,0.02995887195647877
351.0,125.31491181261757,0.11801456275387133,-0.0033731927321914105,0.11801456275387133,0.03001047887097767,0.04958656219233457,0.03001047887097767
351.0,125.28890505765746,0.11801567896361673,-0.003404362182762415,0.11801567896361673,0.030062085785476582,0.04955717498644624,0.030062085785476582
351.0,125.26290665467643,0.11801679517336211,-0.00343553163333341,0.11801679517336211,0.030113692699975478,0.049527787780557914,0.030113692699975478
351.0,125.23691659028519,0.11801791138310751,-0.003466701083904405,0.11801791138310751,0.030165299614474377,0.04949840057466959,0.030165299614474377
351.0,125.21093485112277,0.11801902759285289,-0.0034978705344754094,0.11801902759285289,0.03021690652897329,0.049469013368781255,0.03021690652897329
351.0,125.18496142385644,0.11802014380259829,-0.0035290399850463955,0.11802014380259829,0.030268513443472173,0.04943962616289294,0.030268513443472173
351.0,125.15899629518161,0.11802126001234367,-0.0035602094356173997,0.11802126001234367,0.030320120357971086,0.04941023895700461,0.030320120357971086
351.0,125.13303945182174,0.11802237622208905,-0.003591378886188395,0.11802237622208905,0.030371727272469985,0.049380851751116284,0.030371727272469985
351.0,125.10709088052829,0.11802349243183445,-0.00362254833675939,0.11802349243183445,0.030423334186968885,0.04935146454522796,0.030423334186968885
351.0,125.08115056808052,0.11802460864157983,-0.0036537177873303944,0.11802460864157983,0.030474941101467798,0.049322077339339625,0.030474941101467798
351.0,125.05521850128555,0.11802572485132523,-0.0036848872379013895,0.11802572485132523,0.030526548015966694,0.049292690133451306,0.030526548015966694
351.0,125.02929466697822,0.11802684106107061,-0.0037160566884723847,0.11802684106107061,0.030578154930465593,0.04926330292756298,0.030578154930465593
351.0,125.00337905202093,0.11802795727081601,-0.003747226139043389,0.11802795727081601,0.030629761844964506,0.04923391572167465,0.030629761844964506
351.0,124.97747164330369,0.1180313213442247,-0.003777273607111896,0.1180313213442247,0.03068081783008008,0.049204605757242635,0.03068081783008008
351.0,124.95157242774387,0.11803502252372039,-0.0038071528144725765,0.11803502252372039,0.030731791193793094,0.049175307376504745,0.030731791193793094
351.0,124.9256813922863,0.11803872370321607,-0.0038370320218332654,0.11803872370321607,0.030782764557506125,0.04914600899576684,0.030782764557506125
351.0,124.89979852390303,0.11804242488271174,-0.0038669112291939366,0.11804242488271174,0.030833737921219125,0.04911671061502896,0.030833737921219125
351.0,124.87392380959336,0.11804612606220743,-0.0038967904365546256,0.11804612606220743,0.030884711284932156,0.049087412234291056,0.030884711284932156
351.0,124.84805723638365,0.11804982724170311,-0.003926669643915315,0.11804982724170311,0.030935684648645188,0.04905811385355315,0.030935684648645188
351.0,124.82219879132734,0.1180535284211988,-0.003956548851275986,0.1180535284211988,0.030986658012358188,0.04902881547281527,0.030986658012358188
351.0,124.79634846150475,0.11805722960069448,-0.003986428058636676,0.11805722960069448,0.03103763137607122,0.048999517092077366,0.03103763137607122
351.0,124.77050623402317,0.11806093078019017,-0.004016307265997355,0.11806093078019017,0.031088604739784233,0.048970218711339476,0.031088604739784233
351.0,124.74467209601654,0.11806463195968585,-0.004046186473358035,0.11806463195968585,0.031139578103497247,0.04894092033060158,0.031139578103497247
351.0,124.7188460346456,0.11806833313918152,-0.004076065680718725,0.11806833313918152,0.031190551467210278,0.04891162194986368,0.031190551467210278
351.0,124.69302803709773,0.11807203431867722,-0.0041059448880794045,0.11807203431867722,0.03124152483092329,0.048882323569125787,0.03124152483092329
351.0,124.66721809058673,0.11807573549817289,-0.004135824095440084,0.11807573549817289,0.03129249819463631,0.0488530251883879,0.03129249819463631
351.0,124.64141618235291,0.11807943667766858,-0.004165703302800774,0.11807943667766858,0.03134347155834934,0.04882372680764999,0.03134347155834934
351.0,124.61562229966303,0.11808313785716426,-0.004195582510161454,0.11808313785716426,0.03139444492206235,0.0487944284269121,0.03139444492206235
351.0,124.58983642981006,0.11808683903665994,-0.004225461717522134,0.11808683903665994,0.03144541828577537,0.04876513004617421,0.03144541828577537
351.0,124.56405856011318,0.11809054021615563,-0.004255340924882823,0.11809054021615563,0.0314963916494884,0.048735831665436304,0.0314963916494884
351.0,124.53828867791773,0.1180942413956513,-0.004285220132243494,0.1180942413956513,0.0315473650132014,0.04870653328469842,0.0315473650132014
351.0,124.51252677059512,0.118097942575147,-0.0043150993396041835,0.118097942575147,0.03159833837691443,0.04867723490396052,0.03159833837691443
351.0,124.48677282554272,0.11810164375464267,-0.004344978546964863,0.11810164375464267,0.03164931174062745,0.04864793652322263,0.03164931174062745
351.0,124.46102683018376,0.11810534493413836,-0.004374857754325544,0.11810534493413836,0.03170028510434046,0.04861863814248473,0.03170028510434046
351.0,124.43528877196732,0.11810904611363404,-0.004404736961686233,0.11810904611363404,0.03175125846805349,0.04858933976174683,0.03175125846805349
351.0,124.40955863836827,0.11811274729312972,-0.004434616169046913,0.11811274729312972,0.0318022318317665,0.04856004138100894,0.0318022318317665
351.0,124.38383641688701,0.11811644847262541,-0.004464495376407593,0.11811644847262541,0.031853205195479524,0.04853074300027104,0.031853205195479524
351.0,124.35812209504967,0.11812014965212109,-0.004494374583768283,0.11812014965212109,0.03190417855919255,0.048501444619533145,0.03190417855919255
351.0,124.33241566040773,0.11812385083161678,-0.0045242537911289625,0.11812385083161678,0.031955151922905566,0.04847214623879525,0.031955151922905566
351.0,124.30671710053828,0.11812755201111245,-0.004554132998489642,0.11812755201111245,0.03200612528661858,0.04844284785805736,0.03200612528661858
351.0,124.28102640304357,0.11813125319060815,-0.004584012205850332,0.11813125319060815,0.032057098650331614,0.048413549477319455,0.032057098650331614
351.0,124.25534355555126,0.11813495437010382,-0.004613891413211003,0.11813495437010382,0.032108072014044614,0.04838425109658157,0.032108072014044614
351.0,124.22966854571415,0.1181386555495995,-0.004643770620571692,0.1181386555495995,0.03215904537775764,0.04835495271584367,0.03215904537775764
351.0,124.20400136121017,0.11814235672909519,-0.004673649827932381,0.11814235672909519,0.03221001874147067,0.048325654335105765,0.03221001874147067
351.0,124.1783419897423,0.11814605790859087,-0.004703529035293052,0.11814605790859087,0.03226099210518367,0.04829635595436788,0.03226099210518367
351.0,124.15269041903849,0.11814975908808656,-0.004733408242653741,0.11814975908808656,0.032311965468896704,0.04826705757362998,0.032311965468896704
351.0,124.12704663685159,0.11815346026758224,-0.004763287450014421,0.11815346026758224,0.03236293883260972,0.04823775919289209,0.03236293883260972
351.0,124.10141063095922,0.11815716144707791,-0.004793166657375102,0.11815716144707791,0.03241391219632273,0.04820846081215419,0.03241391219632273
351.0,124.07578238916382,0.1181608626265736,-0.0048230458647357905,0.1181608626265736,0.03246488556003577,0.048179162431416296,0.03246488556003577
351.0,124.05016189929246,0.11816456380606928,-0.00485292507209647,0.11816456380606928,0.03251585892374878,0.0481498640506784,0.03251585892374878
351.0,124.02454914919683,0.11816826498556497,-0.004882804279457151,0.11816826498556497,0.032566832287461794,0.04812056566994051,0.032566832287461794
351.0,123.99894412675306,0.11817207253769278,-0.004912633763533661,0.11817207253769278,0.032617787785052456,0.04809127209513265,0.032617787785052456
351.0,123.97334681986189,0.11817835289038915,-0.004941307350995315,0.11817835289038915,0.03266832795628835,0.048062090241792144,0.03266832795628835
351.0,123.94775721644824,0.11818463324308552,-0.004969980938456969,0.11818463324308552,0.03271886812752424,0.04803290838845164,0.03271886812752424
351.0,123.9221753044615,0.11819091359578189,-0.0049986545259186315,0.11819091359578189,0.03276940829876015,0.048003726535111126,0.03276940829876015
351.0,123.8966010718752,0.11819719394847826,-0.005027328113380278,0.11819719394847826,0.03281994846999603,0.04797454468177063,0.03281994846999603
351.0,123.87103450668704,0.11820347430117464,-0.00505600170084194,0.11820347430117464,0.03287048864123193,0.04794536282843011,0.03287048864123193
351.0,123.84547559691882,0.11820975465387101,-0.005084675288303595,0.11820975465387101,0.03292102881246783,0.0479161809750896,0.03292102881246783
351.0,123.81992433061636,0.11821603500656738,-0.005113348875765249,0.11821603500656738,0.032971568983703715,0.047886999121749096,0.032971568983703715
351.0,123.79438069584938,0.11822231535926375,-0.005142022463226911,0.11822231535926375,0.033022109154939625,0.047857817268408584,0.033022109154939625
351.0,123.76884468071152,0.11822859571196014,-0.005170696050688565,0.11822859571196014,0.03307264932617552,0.04782863541506808,0.03307264932617552
351.0,123.7433162733202,0.1182348760646565,-0.00519936963815022,0.1182348760646565,0.03312318949741141,0.04779945356172757,0.03312318949741141
351.0,123.71779546181654,0.11824115641735287,-0.005228043225611882,0.11824115641735287,0.03317372966864732,0.04777027170838705,0.03317372966864732
351.0,123.6922822343654,0.11824743677004924,-0.005256716813073536,0.11824743677004924,0.03322426983988321,0.04774108985504655,0.03322426983988321
351.0,123.66677657915511,0.11825371712274561,-0.005285390400535191,0.11825371712274561,0.0332748100111191,0.04771190800170604,0.0332748100111191
351.0,123.64127848439757,0.118259997475442,-0.0053140639879968535,0.118259997475442,0.03332535018235501,0.04768272614836553,0.03332535018235501
351.0,123.61578793832824,0.11826627782813837,-0.005342737575458499,0.11826627782813837,0.033375890353590884,0.04765354429502503,0.033375890353590884
351.0,123.59030492920574,0.11827255818083474,-0.005371411162920162,0.11827255818083474,0.03342643052482679,0.04762436244168451,0.03342643052482679
351.0,123.56482944531217,0.1182788385335311,-0.005400084750381825,0.1182788385335311,0.0334769706960627,0.047595180588344,0.0334769706960627
351.0,123.53936147495281,0.11828511888622747,-0.00542875833784347,0.11828511888622747,0.03352751086729858,0.0475659987350035,0.03352751086729858
351.0,123.5139010064561,0.11829139923892386,-0.005457431925305133,0.11829139923892386,0.033578051038534486,0.04753681688166299,0.033578051038534486
351.0,123.48844802817361,0.11829767959162023,-0.005486105512766787,0.11829767959162023,0.03362859120977038,0.04750763502832248,0.03362859120977038
351.0,123.46300252847992,0.1183039599443166,-0.005514779100228441,0.1183039599443166,0.03367913138100627,0.04747845317498198,0.03367913138100627
351.0,123.43756449577259,0.11831024029701297,-0.005543452687690104,0.11831024029701297,0.03372967155224218,0.04744927132164146,0.03372967155224218
351.0,123.41213391847208,0.11831652064970934,-0.005572126275151758,0.11831652064970934,0.033780211723478074,0.04742008946830095,0.033780211723478074
351.0,123.38671078502169,0.11832280100240572,-0.005600799862613412,0.11832280100240572,0.03383075189471396,0.04739090761496045,0.03383075189471396
351.0,123.36129508388743,0.11832908135510209,-0.005629473450075076,0.11832908135510209,0.03388129206594987,0.047361725761619934,0.03388129206594987
351.0,123.33588680355808,0.11833536170779846,-0.0056581470375367295,0.11833536170779846,0.03393183223718576,0.04733254390827943,0.03393183223718576
351.0,123.31048593254505,0.11834164206049483,-0.005686820624998383,0.11834164206049483,0.033982372408421654,0.047303362054938916,0.033982372408421654
351.0,123.28509245938221,0.11834792241319121,-0.005715494212460046,0.11834792241319121,0.034032912579657564,0.047274180201598404,0.034032912579657564
351.0,123.25970637262606,0.11835420276588758,-0.005744167799921692,0.11835420276588758,0.03408345275089344,0.047244998348257905,0.03408345275089344
351.0,123.2343276608554,0.11836048311858395,-0.0057728413873833545,0.11836048311858395,0.03413399292212935,0.04721581649491739,0.03413399292212935
351.0,123.20895631267155,0.11836676347128032,-0.005801514974845008,0.11836676347128032,0.03418453309336524,0.04718663464157689,0.03418453309336524
351.0,123.18359231669798,0.11837304382397669,-0.005830188562306663,0.11837304382397669,0.03423507326460113,0.04715745278823638,0.03423507326460113
351.0,123.1582356615805,0.11837932417667306,-0.005858862149768326,0.11837932417667306,0.03428561343583704,0.04712827093489586,0.03428561343583704
351.0,123.13288633598704,0.11838560452936944,-0.0058875357372299795,0.11838560452936944,0.03433615360707293,0.047099089081555356,0.03433615360707293
351.0,123.10754432860764,0.11839188488206581,-0.005916209324691634,0.11839188488206581,0.03438669377830882,0.04706990722821485,0.03438669377830882
351.0,123.08220962815439,0.11839816523476218,-0.005944882912153297,0.11839816523476218,0.03443723394954473,0.04704072537487434,0.03443723394954473
351.0,123.05688222336137,0.11840444558745855,-0.005973556499614951,0.11840444558745855,0.03448777412078062,0.04701154352153383,0.03448777412078062
351.0,123.03156210298452,0.11841072594015492,-0.006002230087076605,0.11841072594015492,0.034538314292016516,0.04698236166819333,0.034538314292016516
351.0,123.00624925580166,0.1184170062928513,-0.006030903674538268,0.1184170062928513,0.034588854463252425,0.04695317981485281,0.034588854463252425
351.0,122.98094367061245,0.11842522760337214,-0.006058730869379758,0.11842522760337214,0.03463921181643238,0.046924099500769444,0.03463921181643238
351.0,122.95564533623816,0.11843408533251179,-0.006086280541435609,0.11843408533251179,0.03468950922559237,0.04689505248028625,0.03468950922559237
351.0,122.9303542415218,0.11844294306165144,-0.0061138302134914595,0.11844294306165144,0.03473980663475237,0.046866005459803045,0.03473980663475237
351.0,122.90507037532795,0.11845180079079108,-0.006141379885547294,0.11845180079079108,0.03479010404391233,0.04683695843931986,0.03479010404391233
351.0,122.87979372654272,0.11846065851993073,-0.006168929557603144,0.11846065851993073,0.03484040145307232,0.04680791141883666,0.03484040145307232
351.0,122.8545242840737,0.11846951624907039,-0.006196479229658987,0.11846951624907039,0.034890698862232304,0.04677886439835347,0.034890698862232304
351.0,122.82926203684988,0.11847837397821002,-0.006224028901714829,0.11847837397821002,0.03494099627139228,0.04674981737787028,0.03494099627139228
351.0,122.80400697382157,0.11848723170734968,-0.00625157857377068,0.11848723170734968,0.034991293680552274,0.04672077035738708,0.034991293680552274
351.0,122.77875908396044,0.11849608943648933,-0.0062791282458265225,0.11849608943648933,0.03504159108971225,0.04669172333690389,0.03504159108971225
351.0,122.75351835625929,0.11850494716562898,-0.006306677917882365,0.11850494716562898,0.03509188849887223,0.0466626763164207,0.03509188849887223
351.0,122.72828477973212,0.11851380489476862,-0.006334227589938215,0.11851380489476862,0.03514218590803222,0.0466336292959375,0.03514218590803222
351.0,122.70305834341406,0.11852266262390827,-0.006361777261994057,0.11852266262390827,0.0351924833171922,0.04660458227545431,0.0351924833171922
351.0,122.67783903636125,0.11853152035304793,-0.006389326934049901,0.11853152035304793,0.035242780726352174,0.046575535254971115,0.035242780726352174
351.0,122.65262684765075,0.11854037808218758,-0.006416876606105751,0.11854037808218758,0.03529307813551217,0.04654648823448792,0.03529307813551217
351.0,122.62742176638072,0.11854923581132722,-0.006444426278161585,0.11854923581132722,0.03534337554467213,0.04651744121400474,0.03534337554467213
351.0,122.60222378166993,0.11855809354046687,-0.006471975950217436,0.11855809354046687,0.035393672953832125,0.046488394193521534,0.035393672953832125
351.0,122.57703288265814,0.11856695126960652,-0.006499525622273278,0.11856695126960652,0.0354439703629921,0.046459347173038346,0.0354439703629921
351.0,122.55184905850577,0.11857580899874616,-0.00652707529432912,0.11857580899874616,0.03549426777215208,0.04643030015255516,0.03549426777215208
351.0,122.52667229839388,0.11858466672788581,-0.006554624966384971,0.11858466672788581,0.03554456518131208,0.046401253132071954,0.03554456518131208
351.0,122.50150259152427,0.11859352445702546,-0.006582174638440814,0.11859352445702546,0.03559486259047205,0.046372206111588765,0.03559486259047205
351.0,122.47633992711918,0.1186023821861651,-0.006609724310496656,0.1186023821861651,0.03564515999963203,0.04634315909110557,0.03564515999963203
351.0,122.4511842944214,0.11861123991530476,-0.006637273982552506,0.11861123991530476,0.03569545740879202,0.046314112070622374,0.03569545740879202
351.0,122.42603568269416,0.11862009764444441,-0.006664823654608349,0.11862009764444441,0.035745754817952,0.04628506505013918,0.035745754817952
351.0,122.40089408122108,0.11862895537358406,-0.006692373326664192,0.11862895537358406,0.03579605222711198,0.04625601802965599,0.03579605222711198
351.0,122.3757594793061,0.1186378131027237,-0.006719922998720042,0.1186378131027237,0.03584634963627197,0.04622697100917279,0.03584634963627197
351.0,122.35063186627337,0.11864667083186335,-0.006747472670775877,0.11864667083186335,0.03589664704543193,0.04619792398868961,0.03589664704543193
351.0,122.3255112314674,0.118655528561003,-0.006775022342831727,0.118655528561003,0.03594694445459193,0.04616887696820641,0.03594694445459193
351.0,122.30039756425263,0.11866438629014266,-0.006802572014887578,0.11866438629014266,0.03599724186375192,0.046139829947723206,0.03599724186375192
351.0,122.27529085401385,0.1186732440192823,-0.006830121686943412,0.1186732440192823,0.036047539272911884,0.046110782927240024,0.036047539272911884
351.0,122.25019109015564,0.11868210174842195,-0.006857671358999263,0.11868210174842195,0.03609783668207188,0.04608173590675683,0.03609783668207188
351.0,122.2250982621027,0.1186909594775616,-0.006885221031055105,0.1186909594775616,0.036148134091231854,0.04605268888627363,0.036148134091231854
351.0,122.20001235929966,0.11869981720670124,-0.0069127707031109474,0.11869981720670124,0.036198431500391835,0.04602364186579044,0.036198431500391835
351.0,122.17493337121095,0.11870867493584089,-0.006940320375166798,0.11870867493584089,0.036248728909551824,0.04599459484530725,0.036248728909551824
351.0,122.14986128732085,0.11871753266498054,-0.006967870047222641,0.11871753266498054,0.036299026318711805,0.04596554782482405,0.036299026318711805
351.0,122.12479609713334,0.11872639039412018,-0.006995419719278483,0.11872639039412018,0.03634932372787178,0.04593650080434086,0.03634932372787178
351.0,122.09973779017221,0.11873524812325983,-0.007022969391334333,0.11873524812325983,0.036399621137031775,0.04590745378385766,0.036399621137031775
351.0,122.07468635598076,0.11874410585239949,-0.007050519063390176,0.11874410585239949,0.03644991854619175,0.04587840676337447,0.03644991854619175
351.0,122.04964178412196,0.11875296358153914,-0.007078068735446018,0.11875296358153914,0.03650021595535173,0.04584935974289128,0.03650021595535173
351.0,122.02460406417828,0.11876182131067878,-0.007105618407501869,0.11876182131067878,0.03655051336451172,0.04582031272240808,0.03655051336451172
351.0,121.99957318575169,0.1187707230402586,-0.007133150254831898,0.1187707230402586,0.03660080973626243,0.045791268173207424,0.03660080973626243
351.0,121.9745491384635,0.1187821608657125,-0.007159654721222167,0.1187821608657125,0.03665104631385383,0.045762366063704714,0.03665104631385383
351.0,121.9495319119545,0.11879359869116642,-0.007186159187612427,0.11879359869116642,0.03670128289144521,0.04573346395420201,0.03670128289144521
351.0,121.92452149588469,0.11880503651662032,-0.0072126636540026864,0.11880503651662032,0.0367515194690366,0.04570456184469931,0.0367515194690366
351.0,121.8995178799334,0.11881647434207422,-0.007239168120392955,0.11881647434207422,0.036801756046628,0.0456756597351966,0.036801756046628
351.0,121.8745210537991,0.11882791216752814,-0.007265672586783215,0.11882791216752814,0.036851992624219385,0.045646757625693896,0.036851992624219385
351.0,121.84953100719946,0.11883934999298204,-0.007292177053173475,0.11883934999298204,0.036902229201810764,0.04561785551619119,0.036902229201810764
351.0,121.82454772987118,0.11885078781843594,-0.007318681519563743,0.11885078781843594,0.036952465779402165,0.04558895340668848,0.036952465779402165
351.0,121.79957121157011,0.11886222564388985,-0.007345185985954003,0.11886222564388985,0.03700270235699355,0.04556005129718578,0.03700270235699355
351.0,121.77460144207095,0.11887366346934376,-0.007371690452344263,0.11887366346934376,0.03705293893458493,0.04553114918768308,0.03705293893458493
351.0,121.74963841116741,0.11888510129479767,-0.0073981949187345315,0.11888510129479767,0.03710317551217633,0.04550224707818037,0.03710317551217633
351.0,121.72468210867204,0.11889653912025157,-0.007424699385124791,0.11889653912025157,0.03715341208976772,0.045473344968677665,0.03715341208976772
351.0,121.69973252441629,0.11890797694570547,-0.007451203851515051,0.11890797694570547,0.037203648667359104,0.04544444285917497,0.037203648667359104
351.0,121.67478964825027,0.11891941477115939,-0.00747770831790532,0.11891941477115939,0.037253885244950505,0.04541554074967226,0.037253885244950505
351.0,121.64985347004296,0.11893085259661329,-0.007504212784295572,0.11893085259661329,0.03730412182254187,0.04538663864016956,0.03730412182254187
351.0,121.6249239796818,0.11894229042206719,-0.007530717250685839,0.11894229042206719,0.03735435840013327,0.04535773653066685,0.03735435840013327
351.0,121.6000011670731,0.11895372824752111,-0.007557221717076099,0.11895372824752111,0.03740459497772466,0.04532883442116415,0.03740459497772466
351.0,121.5750850221415,0.11896516607297501,-0.00758372618346636,0.11896516607297501,0.03745483155531604,0.04529993231166145,0.03745483155531604
351.0,121.5501755348303,0.11897660389842891,-0.007610230649856628,0.11897660389842891,0.03750506813290744,0.04527103020215874,0.03750506813290744
351.0,121.52527269510117,0.11898804172388282,-0.0076367351162468875,0.11898804172388282,0.037555304710498824,0.045242128092656035,0.037555304710498824
351.0,121.50037649293431,0.11899947954933673,-0.007663239582637148,0.11899947954933673,0.037605541288090204,0.04521322598315334,0.037605541288090204
351.0,121.47548691832813,0.11901091737479064,-0.007689744049027416,0.11901091737479064,0.037655777865681604,0.04518432387365062,0.037655777865681604
351.0,121.45060396129944,0.11902235520024454,-0.007716248515417676,0.11902235520024454,0.03770601444327299,0.04515542176414793,0.03770601444327299
351.0,121.42572761188326,0.11903379302569844,-0.0077427529818079365,0.11903379302569844,0.03775625102086438,0.045126519654645224,0.03775625102086438
351.0,121.40085786013286,0.11904523085115236,-0.007769257448198204,0.11904523085115236,0.03780648759845577,0.045097617545142514,0.03780648759845577
351.0,121.37599469611962,0.11905666867660626,-0.007795761914588456,0.11905666867660626,0.03785672417604714,0.04506871543563982,0.03785672417604714
351.0,121.35113810993305,0.11906810650206016,-0.007822266380978724,0.11906810650206016,0.037906960753638544,0.04503981332613711,0.037906960753638544
351.0,121.3262880916807,0.11907954432751408,-0.007848770847368984,0.11907954432751408,0.037957197331229924,0.045010911216634406,0.037957197331229924
351.0,121.30144463148808,0.11909098215296798,-0.007875275313759245,0.11909098215296798,0.03800743390882131,0.0449820091071317,0.03800743390882131
351.0,121.2766077194988,0.11910241997842189,-0.007901779780149512,0.11910241997842189,0.03805767048641271,0.04495310699762899,0.03805767048641271
351.0,121.25177734587419,0.11911385780387579,-0.007928284246539772,0.11911385780387579,0.0381079070640041,0.04492420488812629,0.0381079070640041
351.0,121.22695350079353,0.1191252956293297,-0.007954788712930034,0.1191252956293297,0.03815814364159548,0.044895302778623594,0.03815814364159548
351.0,121.2021361744539,0.11913673345478361,-0.0079812931793203,0.11913673345478361,0.03820838021918688,0.044866400669120884,0.03820838021918688
351.0,121.17732535707012,0.11914817128023751,-0.00800779764571056,0.11914817128023751,0.038258616796778264,0.04483749855961818,0.038258616796778264
351.0,121.15252103887471,0.11915960910569141,-0.008034302112100822,0.11915960910569141,0.03830885337436965,0.04480859645011548,0.03830885337436965
351.0,121.12772321011785,0.11917104693114533,-0.008060806578491089,0.11917104693114533,0.038359089951961044,0.04477969434061277,0.038359089951961044
351.0,121.10293186106738,0.11918248475659923,-0.008087311044881348,0.11918248475659923,0.03840932652955243,0.044750792231110066,0.03840932652955243
351.0,121.07814698200859,0.11919392258205314,-0.008113815511271608,0.11919392258205314,0.03845956310714382,0.04472189012160736,0.03845956310714382
351.0,121.05336856324436,0.11920536040750705,-0.008140319977661877,0.11920536040750705,0.03850979968473522,0.044692988012104654,0.03850979968473522
351.0,121.02859659509507,0.11921679823296095,-0.00816682444405213,0.11921679823296095,0.03856003626232658,0.04466408590260196,0.03856003626232658
351.0,121.00383106789839,0.11922823605841486,-0.008193328910442397,0.11922823605841486,0.03861027283991798,0.04463518379309925,0.03861027283991798
351.0,120.97907197200944,0.1192418613161208,-0.008219013817082805,0.1192418613161208,0.038660605731950404,0.044606406602628455,0.038660605731950404
351.0,120.95431929780067,0.11925588695143662,-0.008244548715249348,0.11925588695143662,0.03871095625293826,0.044577652276766785,0.03871095625293826
351.0,120.92957303566173,0.11926991258675244,-0.008270083613415899,0.11926991258675244,0.038761306773926134,0.0445488979509051,0.038761306773926134
351.0,120.9048331759996,0.11928393822206827,-0.008295618511582442,0.11928393822206827,0.038811657294913995,0.04452014362504343,0.038811657294913995
351.0,120.88009970923835,0.11929796385738409,-0.008321153409748988,0.11929796385738409,0.03886200781590186,0.044491389299181755,0.03886200781590186
351.0,120.85537262581919,0.11931198949269992,-0.008346688307915538,0.11931198949269992,0.03891235833688973,0.04446263497332008,0.03891235833688973
351.0,120.83065191620045,0.11932601512801574,-0.008372223206082082,0.11932601512801574,0.03896270885787759,0.0444338806474584,0.03896270885787759
351.0,120.80593757085747,0.11934004076333157,-0.008397758104248625,0.11934004076333157,0.03901305937886545,0.04440512632159673,0.03901305937886545
351.0,120.78122958028256,0.1193540663986474,-0.008423293002415178,0.1193540663986474,0.039063409899853324,0.04437637199573505,0.039063409899853324
351.0,120.75652793498502,0.11936809203396322,-0.008448827900581714,0.11936809203396322,0.039113760420841165,0.044347617669873385,0.039113760420841165
351.0,120.731832625491,0.11938211766927904,-0.008474362798748265,0.11938211766927904,0.03916411094182904,0.0443188633440117,0.03916411094182904
351.0,120.70714364234355,0.11939614330459486,-0.008499897696914808,0.11939614330459486,0.0392144614628169,0.04429010901815003,0.0392144614628169
351.0,120.68246097610245,0.11941016893991069,-0.008525432595081352,0.11941016893991069,0.039264811983804764,0.04426135469228836,0.039264811983804764
351.0,120.65778461734433,0.11942419457522652,-0.008550967493247904,0.11942419457522652,0.03931516250479263,0.04423260036642668,0.03931516250479263
351.0,120.63311455666246,0.11943822021054235,-0.008576502391414447,0.11943822021054235,0.039365513025780494,0.04420384604056501,0.039365513025780494
351.0,120.60845078466681,0.11945224584585816,-0.008602037289580991,0.11945224584585816,0.039415863546768355,0.04417509171470333,0.039415863546768355
351.0,120.58379329198397,0.11946627148117399,-0.008627572187747543,0.11946627148117399,0.03946621406775623,0.044146337388841654,0.03946621406775623
351.0,120.55914206925709,0.11948029711648982,-0.008653107085914087,0.11948029711648982,0.039516564588744085,0.04411758306297998,0.039516564588744085
351.0,120.53449710714584,0.11949432275180563,-0.00867864198408063,0.11949432275180563,0.03956691510973195,0.04408882873711831,0.03956691510973195
351.0,120.50985839632641,0.11950834838712146,-0.008704176882247183,0.11950834838712146,0.03961726563071982,0.044060074411256624,0.03961726563071982
351.0,120.48522592749148,0.11952237402243729,-0.008729711780413726,0.11952237402243729,0.039667616151707684,0.044031320085394954,0.039667616151707684
351.0,120.46059969134996,0.11953639965775312,-0.00875524667858027,0.11953639965775312,0.03971796667269554,0.04400256575953328,0.03971796667269554
351.0,120.43597967862729,0.11955042529306895,-0.00878078157674682,0.11955042529306895,0.039768317193683414,0.0439738114336716,0.039768317193683414
351.0,120.41136588006512,0.11956445092838476,-0.008806316474913357,0.11956445092838476,0.03981866771467126,0.04394505710780994,0.03981866771467126
351.0,120.38675828642137,0.11957847656370059,-0.008831851373079909,0.11957847656370059,0.03986901823565914,0.043916302781948253,0.03986901823565914
351.0,120.36215688847027,0.1195925021990164,-0.008857386271246452,0.1195925021990164,0.03991936875664699,0.043887548456086584,0.03991936875664699
351.0,120.33756167700206,0.11960652783433223,-0.008882921169412996,0.11960652783433223,0.03996971927763485,0.04385879413022491,0.03996971927763485
351.0,120.31297264282327,0.11962055346964806,-0.008908456067579548,0.11962055346964806,0.04002006979862273,0.04383003980436323,0.04002006979862273
351.0,120.2883897767564,0.11963457910496389,-0.008933990965746092,0.11963457910496389,0.040070420319610583,0.04380128547850155,0.040070420319610583
351.0,120.26381306964014,0.1196486047402797,-0.008959525863912635,0.1196486047402797,0.040120770840598445,0.04377253115263988,0.040120770840598445
351.0,120.23924251232903,0.11966263037559553,-0.008985060762079186,0.11966263037559553,0.04017112136158632,0.0437437768267782,0.04017112136158632
351.0,120.21467809569363,0.11967665601091136,-0.009010595660245731,0.11967665601091136,0.04022147188257418,0.04371502250091653,0.04022147188257418
351.0,120.19011981062043,0.11969068164622718,-0.009036130558412275,0.11969068164622718,0.04027182240356204,0.04368626817505485,0.04027182240356204
351.0,120.16556764801177,0.119704707281543,-0.009061665456578825,0.119704707281543,0.04032217292454991,0.043657513849193176,0.04032217292454991
351.0,120.14102159878585,0.11971873291685883,-0.009087200354745362,0.11971873291685883,0.04037252344553776,0.04362875952333151,0.04037252344553776
351.0,120.1164816538766,0.11973275855217466,-0.009112735252911914,0.11973275855217466,0.040422873966525635,0.04360000519746983,0.040422873966525635
351.0,120.09194780423378,0.11974678418749048,-0.009138270151078457,0.11974678418749048,0.04047322448751349,0.04357125087160816,0.04047322448751349
351.0,120.0674200408228,0.1197608098228063,-0.009163805049245001,0.1197608098228063,0.04052357500850135,0.04354249654574648,0.04052357500850135
351.0,120.04289835462464,0.11977483545812213,-0.009189339947411551,0.11977483545812213,0.04057392552948923,0.043513742219884806,0.04057392552948923
351.0,120.01838273663614,0.11978886109343796,-0.009214874845578095,0.11978886109343796,0.04062427605047709,0.04348498789402313,0.04062427605047709
351.0,119.99387317786946,0.11980353696735167,-0.009240185468953112,0.11980353696735167,0.04067469727482874,0.04345626965116365,0.04067469727482874
351.0,119.96936966935243,0.11982016355705909,-0.009264823267953552,0.11982016355705909,0.04072533060927178,0.04342765965731075,0.04072533060927178
351.0,119.9448722021284,0.11983679014676649,-0.009289461066953986,0.11983679014676649,0.04077596394371481,0.04339904966345785,0.04077596394371481
351.0,119.92038076725605,0.1198534167364739,-0.009314098865954419,0.1198534167364739,0.04082659727815784,0.04337043966960496,0.04082659727815784
351.0,119.8958953558096,0.1198700433261813,-0.009338736664954852,0.1198700433261813,0.04087723061260087,0.043341829675752064,0.04087723061260087
351.0,119.8714159588785,0.11988666991588871,-0.009363374463955293,0.11988666991588871,0.04092786394704392,0.04331321968189916,0.04092786394704392
351.0,119.84694256756771,0.11990329650559611,-0.009388012262955726,0.11990329650559611,0.04097849728148695,0.04328460968804627,0.04097849728148695
351.0,119.8224751729973,0.11991992309530351,-0.009412650061956159,0.11991992309530351,0.04102913061592997,0.04325599969419337,0.04102913061592997
351.0,119.79801376630267,0.11993654968501093,-0.0094372878609566,0.11993654968501093,0.04107976395037302,0.04322738970034047,0.04107976395037302
351.0,119.77355833863447,0.11995317627471834,-0.009461925659957033,0.11995317627471834,0.041130397284816045,0.043198779706487576,0.041130397284816045
351.0,119.74910888115845,0.11996980286442574,-0.009486563458957466,0.11996980286442574,0.041181030619259075,0.04317016971263468,0.041181030619259075
351.0,119.72466538505542,0.11998642945413314,-0.009511201257957898,0.11998642945413314,0.041231663953702105,0.04314155971878179,0.041231663953702105
351.0,119.70022784152142,0.12000305604384055,-0.00953583905695834,0.12000305604384055,0.04128229728814515,0.043112949724928885,0.04128229728814515
351.0,119.67579624176747,0.12001968263354795,-0.009560476855958773,0.12001968263354795,0.04133293062258818,0.04308433973107599,0.04133293062258818
351.0,119.65137057701958,0.12003630922325537,-0.009585114654959205,0.12003630922325537,0.04138356395703121,0.043055729737223096,0.04138356395703121
351.0,119.62695083851872,0.12005293581296277,-0.009609752453959647,0.12005293581296277,0.04143419729147425,0.04302711974337019,0.04143419729147425
351.0,119.60253701752083,0.12006956240267018,-0.00963439025296008,0.12006956240267018,0.041484830625917284,0.04299850974951729,0.041484830625917284
351.0,119.57812910529671,0.12008618899237758,-0.009659028051960512,0.12008618899237758,0.041535463960360314,0.0429698997556644,0.041535463960360314
351.0,119.55372709313198,0.12010281558208499,-0.009683665850960945,0.12010281558208499,0.041586097294803344,0.0429412897618115,0.041586097294803344
351.0,119.52933097232709,0.12011944217179239,-0.009708303649961387,0.12011944217179239,0.04163673062924639,0.0429126797679586,0.04163673062924639
351.0,119.50494073419728,0.1201360687614998,-0.00973294144896182,0.1201360687614998,0.04168736396368942,0.04288406977410571,0.04168736396368942
351.0,119.48055637007245,0.1201526953512072,-0.009757579247962254,0.1201526953512072,0.04173799729813245,0.04285545978025281,0.04173799729813245
351.0,119.4561778712973,0.12016932194091462,-0.009782217046962693,0.12016932194091462,0.04178863063257549,0.04282684978639991,0.04178863063257549
351.0,119.43180522923106,0.12018594853062202,-0.009806854845963126,0.12018594853062202,0.04183926396701852,0.042798239792547016,0.04183926396701852
351.0,119.40743843524766,0.12020257512032943,-0.00983149264496356,0.12020257512032943,0.041889897301461546,0.04276962979869412,0.041889897301461546
351.0,119.38307748073558,0.12021920171003683,-0.009856130443963993,0.12021920171003683,0.041940530635904576,0.04274101980484123,0.041940530635904576
351.0,119.35872235709779,0.12023582829974425,-0.009880768242964433,0.12023582829974425,0.04199116397034762,0.042712409810988325,0.04199116397034762
351.0,119.33437305575181,0.12025245488945165,-0.009905406041964868,0.12025245488945165,0.04204179730479065,0.04268379981713543,0.04204179730479065
351.0,119.31002956812961,0.12026908147915905,-0.0099300438409653,0.12026908147915905,0.04209243063923368,0.042655189823282535,0.04209243063923368
351.0,119.28569188567755,0.12028570806886646,-0.009954681639965733,0.12028570806886646,0.04214306397367671,0.04262657982942964,0.04214306397367671
351.0,119.26135999985638,0.12030233465857386,-0.009979319438966175,0.12030233465857386,0.042193697308119754,0.04259796983557674,0.042193697308119754
351.0,119.23703390214129,0.12031896124828127,-0.010003957237966607,0.12031896124828127,0.042244330642562784,0.042569359841723844,0.042244330642562784
351.0,119.2127135840216,0.12033558783798867,-0.01002859503696704,0.12033558783798867,0.042294963977005814,0.04254074984787095,0.042294963977005814
351.0,119.18839903700102,0.12035221442769609,-0.010053232835967481,0.12035221442769609,0.04234559731144886,0.04251213985401804,0.04234559731144886
351.0,119.1640902525975,0.12036884101740349,-0.010077870634967914,0.12036884101740349,0.04239623064589189,0.042483529860165146,0.04239623064589189
351.0,119.1397872223431,0.1203854676071109,-0.010102508433968347,0.1203854676071109,0.04244686398033492,0.04245491986631225,0.04244686398033492
351.0,119.11548993778412,0.1204020941968183,-0.01012714623296878,0.1204020941968183,0.04249749731477795,0.04242630987245936,0.04249749731477795
351.0,119.09119839048093,0.12041872078652571,-0.010151784031969221,0.12041872078652571,0.04254813064922099,0.042397699878606455,0.04254813064922099
351.0,119.06691257200801,0.12043534737623311,-0.010176421830969654,0.12043534737623311,0.04259876398366402,0.04236908988475356,0.04259876398366402
351.0,119.04263247395387,0.12045197396594053,-0.010201059629970087,0.12045197396594053,0.04264939731810705,0.042340479890900666,0.04264939731810705
351.0,119.01835808792104,0.12046860055564793,-0.010225697428970528,0.12046860055564793,0.0427000306525501,0.042311869897047764,0.0427000306525501
351.0,118.994089405526,0.12048586528065344,-0.010250133578106555,0.12048586528065344,0.042750772846140386,0.04228329285956111,0.042750772846140386
351.0,118.96982641839922,0.12050511179760161,-0.010273943483752058,0.12050511179760161,0.04280185311252113,0.042254818171311784,0.04280185311252113
351.0,118.945569118185,0.12052435831454979,-0.010297753389397559,0.12052435831454979,0.042852933378901885,0.04222634348306246,0.042852933378901885
351.0,118.92131749654153,0.12054360483149795,-0.010321563295043069,0.12054360483149795,0.04290401364528265,0.04219786879481312,0.04290401364528265
351.0,118.89707154514088,0.12056285134844613,-0.01034537320068857,0.12056285134844613,0.042955093911663404,0.04216939410656379,0.042955093911663404
351.0,118.87283125566881,0.1205820978653943,-0.010369183106334072,0.1205820978653943,0.04300617417804415,0.042140919418314465,0.04300617417804415
351.0,118.84859661982495,0.12060134438234248,-0.01039299301197958,0.12060134438234248,0.04305725444442492,0.04211244473006513,0.04305725444442492
351.0,118.82436762932257,0.12062059089929064,-0.010416802917625083,0.12062059089929064,0.04310833471080567,0.042083970041815806,0.04310833471080567
351.0,118.80014427588861,0.12063983741623881,-0.010440612823270584,0.12063983741623881,0.04315941497718642,0.04205549535356648,0.04315941497718642
351.0,118.77592655126375,0.12065908393318697,-0.010464422728916086,0.12065908393318697,0.04321049524356717,0.042027020665317154,0.04321049524356717
351.0,118.75171444720218,0.12067833045013515,-0.010488232634561596,0.12067833045013515,0.043261575509947935,0.041998545977067814,0.043261575509947935
351.0,118.72750795547174,0.12069757696708332,-0.010512042540207097,0.12069757696708332,0.04331265577632869,0.04197007128881849,0.04331265577632869
351.0,118.70330706785377,0.1207168234840315,-0.0105358524458526,0.1207168234840315,0.04336373604270944,0.04194159660056916,0.04336373604270944
351.0,118.67911177614315,0.12073607000097966,-0.010559662351498108,0.12073607000097966,0.04341481630909021,0.04191312191231983,0.04341481630909021
351.0,118.65492207214821,0.12075531651792783,-0.01058347225714361,0.12075531651792783,0.04346589657547095,0.0418846472240705,0.04346589657547095
351.0,118.6307379476907,0.120774563034876,-0.010607282162789111,0.120774563034876,0.043516976841851705,0.041856172535821176,0.043516976841851705
351.0,118.60655939460585,0.12079380955182417,-0.010631092068434614,0.12079380955182417,0.04356805710823246,0.04182769784757185,0.04356805710823246
351.0,118.58238640474214,0.12081305606877235,-0.010654901974080123,0.12081305606877235,0.043619137374613225,0.04179922315932251,0.043619137374613225
351.0,118.55821896996147,0.12083230258572052,-0.010678711879725624,0.12083230258572052,0.04367021764099398,0.041770748471073184,0.04367021764099398
351.0,118.53405708213906,0.12085154910266868,-0.010702521785371127,0.12085154910266868,0.04372129790737472,0.04174227378282386,0.04372129790737472
351.0,118.50990073316326,0.12087079561961686,-0.010726331691016628,0.12087079561961686,0.043772378173755476,0.04171379909457453,0.043772378173755476
351.0,118.48574991493581,0.12089004213656503,-0.010750141596662138,0.12089004213656503,0.04382345844013624,0.0416853244063252,0.04382345844013624
351.0,118.46160461937154,0.12090928865351319,-0.010773951502307639,0.12090928865351319,0.043874538706516995,0.04165684971807587,0.043874538706516995
351.0,118.4374648383985,0.12092853517046137,-0.010797761407953141,0.12092853517046137,0.04392561897289774,0.041628375029826546,0.04392561897289774
351.0,118.41333056395784,0.12094778168740954,-0.010821571313598649,0.12094778168740954,0.04397669923927851,0.041599900341577206,0.04397669923927851
351.0,118.38920178800377,0.12096702820435772,-0.010845381219244152,0.12096702820435772,0.04402777950565926,0.04157142565332788,0.04402777950565926
351.0,118.36507850250364,0.12098627472130588,-0.010869191124889653,0.12098627472130588,0.04407885977204001,0.041542950965078554,0.04407885977204001
351.0,118.34096069943779,0.12100552123825405,-0.010893001030535155,0.12100552123825405,0.04412994003842076,0.04151447627682923,0.04412994003842076
351.0,118.31684837079952,0.12102476775520223,-0.010916810936180665,0.12102476775520223,0.044181020304801526,0.041486001588579895,0.044181020304801526
351.0,118.29274150859511,0.12104401427215039,-0.010940620841826166,0.12104401427215039,0.04423210057118228,0.04145752690033057,0.04423210057118228
351.0,118.26864010484384,0.12106326078909856,-0.010964430747471669,0.12106326078909856,0.04428318083756303,0.04142905221208124,0.04428318083756303
351.0,118.24454415157773,0.12108250730604674,-0.010988240653117176,0.12108250730604674,0.0443342611039438,0.0414005775238319,0.0443342611039438
351.0,118.22045364084182,0.1211017538229949,-0.01101205055876268,0.1211017538229949,0.044385341370324544,0.041372102835582576,0.044385341370324544
351.0,118.19636856469388,0.12112100033994308,-0.01103586046440818,0.12112100033994308,0.044436421636705296,0.04134362814733325,0.044436421636705296
351.0,118.1722889152045,0.12114024685689125,-0.011059670370053683,0.12114024685689125,0.04448750190308605,0.041315153459083924,0.04448750190308605
351.0,118.14821468445702,0.12115949337383942,-0.011083480275699192,0.12115949337383942,0.044538582169466816,0.04128667877083459,0.044538582169466816
351.0,118.12414586454754,0.12117873989078759,-0.011107290181344693,0.12117873989078759,0.04458966243584756,0.041258204082585265,0.04458966243584756
351.0,118.10008244758482,0.12119798640773576,-0.011131100086990196,0.12119798640773576,0.044640742702228314,0.04122972939433593,0.044640742702228314
351.0,118.0760244256903,0.12121723292468393,-0.011154909992635704,0.12121723292468393,0.04469182296860908,0.0412012547060866,0.04469182296860908
351.0,118.0519717909981,0.1212364794416321,-0.011178719898281207,0.1212364794416321,0.044742903234989834,0.04117278001783727,0.044742903234989834
351.0,118.02792453565485,0.12125572595858027,-0.011202529803926707,0.12125572595858027,0.04479398350137058,0.041144305329587946,0.04479398350137058
351.0,118.00388265181977,0.12127497247552844,-0.01122633970957221,0.12127497247552844,0.04484506376775133,0.04111583064133862,0.04484506376775133
351.0,117.97984613166464,0.12129643686279042,-0.011249510690639302,0.12129643686279042,0.04489665330119387,0.04108745769322663,0.04489665330119387
351.0,117.9558149673738,0.12131832847612703,-0.011272558596322793,0.12131832847612703,0.044948340934226075,0.04105910434321253,0.044948340934226075
351.0,117.93178915114395,0.12134022008946366,-0.011295606502006285,0.12134022008946366,0.04500002856725828,0.04103075099319843,0.04500002856725828
351.0,117.90776867518426,0.12136211170280027,-0.011318654407689777,0.12136211170280027,0.045051716200290484,0.041002397643184335,0.045051716200290484
351.0,117.88375353171632,0.1213840033161369,-0.011341702313373276,0.1213840033161369,0.0451034038333227,0.040974044293170225,0.0451034038333227
351.0,117.85974371297418,0.12140589492947351,-0.011364750219056767,0.12140589492947351,0.0451550914663549,0.04094569094315613,0.0451550914663549
351.0,117.83573921120407,0.12142778654281014,-0.011387798124740259,0.12142778654281014,0.045206779099387105,0.040917337593142034,0.045206779099387105
351.0,117.81174001866468,0.12144967815614677,-0.011410846030423758,0.12144967815614677,0.045258466732419324,0.040888984243127924,0.045258466732419324
351.0,117.78774612762687,0.12147156976948338,-0.01143389393610725,0.12147156976948338,0.04531015436545153,0.04086063089311383,0.04531015436545153
351.0,117.76375753037382,0.12149346138282,-0.011456941841790741,0.12149346138282,0.04536184199848373,0.04083227754309973,0.04536184199848373
351.0,117.73977421920095,0.12151535299615662,-0.011479989747474233,0.12151535299615662,0.04541352963151594,0.04080392419308563,0.04541352963151594
351.0,117.71579618641577,0.12153724460949324,-0.011503037653157732,0.12153724460949324,0.045465217264548156,0.040775570843071526,0.045465217264548156
351.0,117.69182342433804,0.12155913622282986,-0.011526085558841223,0.12155913622282986,0.04551690489758036,0.04074721749305743,0.04551690489758036
351.0,117.66785592529962,0.12158102783616648,-0.011549133464524715,0.12158102783616648,0.04556859253061256,0.04071886414304333,0.04556859253061256
351.0,117.64389368164443,0.1216029194495031,-0.011572181370208214,0.1216029194495031,0.04562028016364478,0.040690510793029225,0.04562028016364478
351.0,117.61993668572855,0.12162481106283972,-0.011595229275891706,0.12162481106283972,0.04567196779667698,0.04066215744301513,0.04567196779667698
351.0,117.59598492991998,0.12164670267617635,-0.011618277181575197,0.12164670267617635,0.04572365542970919,0.040633804093001026,0.04572365542970919
351.0,117.57203840659878,0.12166859428951296,-0.011641325087258689,0.12166859428951296,0.04577534306274139,0.04060545074298693,0.04577534306274139
351.0,117.548097108157,0.12169048590284959,-0.011664372992942188,0.12169048590284959,0.04582703069577361,0.04057709739297283,0.04582703069577361
351.0,117.5241610269986,0.1217123775161862,-0.01168742089862568,0.1217123775161862,0.045878718328805815,0.040548744042958725,0.045878718328805815
351.0,117.5002301555395,0.12173426912952282,-0.011710468804309171,0.12173426912952282,0.04593040596183802,0.04052039069294463,0.04593040596183802
351.0,117.47630448620744,0.12175616074285944,-0.01173351670999267,0.12175616074285944,0.04598209359487024,0.040492037342930526,0.04598209359487024
351.0,117.45238401144204,0.12177805235619607,-0.011756564615676162,0.12177805235619607,0.046033781227902436,0.04046368399291642,0.046033781227902436
351.0,117.4284687236948,0.12179994396953268,-0.011779612521359653,0.12179994396953268,0.04608546886093464,0.04043533064290233,0.04608546886093464
351.0,117.40455861542894,0.1218218355828693,-0.011802660427043145,0.1218218355828693,0.046137156493966845,0.04040697729288823,0.046137156493966845
351.0,117.38065367911945,0.12184372719620593,-0.011825708332726644,0.12184372719620593,0.046188844126999064,0.04037862394287412,0.046188844126999064
351.0,117.35675390725314,0.12186561880954255,-0.011848756238410136,0.12186561880954255,0.04624053176003127,0.040350270592860026,0.04624053176003127
351.0,117.33285929232838,0.12188751042287917,-0.011871804144093627,0.12188751042287917,0.04629221939306347,0.04032191724284593,0.04629221939306347
351.0,117.30896982685536,0.12190940203621578,-0.011894852049777119,0.12190940203621578,0.04634390702609567,0.040293563892831834,0.04634390702609567
351.0,117.28508550335582,0.12193129364955241,-0.011917899955460618,0.12193129364955241,0.04639559465912789,0.040265210542817724,0.04639559465912789
351.0,117.26120631436316,0.12195318526288902,-0.01194094786114411,0.12195318526288902,0.046447282292160094,0.04023685719280363,0.046447282292160094
351.0,117.23733225242238,0.12197507687622565,-0.011963995766827601,0.12197507687622565,0.0464989699251923,0.04020850384278953,0.0464989699251923
351.0,117.21346331009,0.12199696848956228,-0.0119870436725111,0.12199696848956228,0.04655065755822452,0.04018015049277542,0.04655065755822452
351.0,117.1895994799341,0.12201886010289889,-0.012010091578194592,0.12201886010289889,0.04660234519125672,0.04015179714276133,0.04660234519125672
351.0,117.16574075453426,0.1220407517162355,-0.012033139483878083,0.1220407517162355,0.04665403282428893,0.04012344379274723,0.04665403282428893
351.0,117.14188712648149,0.12206264332957213,-0.012056187389561575,0.12206264332957213,0.04670572045732113,0.04009509044273313,0.04670572045732113
351.0,117.11803858837831,0.12208453494290875,-0.012079235295245074,0.12208453494290875,0.04675740809035335,0.040066737092719025,0.04675740809035335
351.0,117.09419513283864,0.12210642655624537,-0.012102283200928567,0.12210642655624537,0.04680909572338555,0.04003838374270493,0.04680909572338555
351.0,117.07035675248774,0.12212831816958199,-0.012125331106612059,0.12212831816958199,0.04686078335641775,0.040010030392690826,0.04686078335641775
351.0,117.04652343996224,0.12215020978291861,-0.012148379012295558,0.12215020978291861,0.04691247098944997,0.03998167704267672,0.04691247098944997
351.0,117.02269518791019,0.12217210139625523,-0.01217142691797905,0.12217210139625523,0.046964158622482176,0.03995332369266263,0.046964158622482176
351.0,116.99887198899081,0.12219411976806294,-0.01219444170526848,0.12219411976806294,0.047015882487408366,0.039924975218654964,0.047015882487408366
351.0,116.97505383587469,0.12221868820586063,-0.012216790232625844,0.12221868820586063,0.04706833524816152,0.03989672483780093,0.04706833524816152
351.0,116.9512407212436,0.1222432566436583,-0.012239138759983214,0.1222432566436583,0.0471207880089147,0.039868474456946884,0.0471207880089147
351.0,116.92743263779057,0.12226782508145598,-0.012261487287340578,0.12226782508145598,0.04717324076966785,0.03984022407609285,0.04717324076966785
351.0,116.90362957821984,0.12229239351925367,-0.012283835814697943,0.12229239351925367,0.04722569353042101,0.03981197369523881,0.04722569353042101
351.0,116.87983153524672,0.12231696195705134,-0.012306184342055312,0.12231696195705134,0.04727814629117418,0.03978372331438477,0.04727814629117418
351.0,116.85603850159777,0.12234153039484902,-0.012328532869412677,0.12234153039484902,0.04733059905192734,0.03975547293353073,0.04733059905192734
351.0,116.83225047001054,0.1223660988326467,-0.012350881396770041,0.1223660988326467,0.047383051812680495,0.039727222552676696,0.047383051812680495
351.0,116.80846743323376,0.12239066727044438,-0.012373229924127406,0.12239066727044438,0.04743550457343365,0.03969897217182266,0.04743550457343365
351.0,116.78468938402715,0.12241523570824206,-0.012395578451484776,0.12241523570824206,0.04748795733418682,0.039670721790968616,0.04748795733418682
351.0,116.7609163151615,0.12243980414603974,-0.01241792697884214,0.12243980414603974,0.04754041009493998,0.03964247141011458,0.04754041009493998
351.0,116.73714821941854,0.12246437258383742,-0.012440275506199505,0.12246437258383742,0.047592862855693134,0.03961422102926054,0.047592862855693134
351.0,116.713385089591,0.1224889410216351,-0.012462624033556868,0.1224889410216351,0.04764531561644629,0.03958597064840651,0.04764531561644629
351.0,116.68962691848256,0.12251350945943278,-0.012484972560914239,0.12251350945943278,0.04769776837719946,0.039557720267552464,0.04769776837719946
351.0,116.66587369890782,0.12253807789723047,-0.012507321088271604,0.12253807789723047,0.04775022113795262,0.03952946988669843,0.04775022113795262
351.0,116.6421254236922,0.12256264633502814,-0.012529669615628966,0.12256264633502814,0.04780267389870577,0.03950121950584439,0.04780267389870577
351.0,116.61838208567207,0.12258721477282582,-0.012552018142986338,0.12258721477282582,0.04785512665945895,0.03947296912499034,0.04785512665945895
351.0,116.59464367769459,0.1226117832106235,-0.012574366670343702,0.1226117832106235,0.04790757942021211,0.03944471874413631,0.04790757942021211
351.0,116.57091019261772,0.12263635164842118,-0.012596715197701065,0.12263635164842118,0.04796003218096526,0.039416468363282275,0.04796003218096526
351.0,116.54718162331025,0.12266092008621886,-0.01261906372505843,0.12266092008621886,0.04801248494171842,0.03938821798242824,0.04801248494171842
351.0,116.52345796265162,0.12268548852401655,-0.012641412252415801,0.12268548852401655,0.04806493770247159,0.03935996760157419,0.04806493770247159
351.0,116.49973920353213,0.12271005696181422,-0.012663760779773164,0.12271005696181422,0.048117390463224746,0.03933171722072015,0.048117390463224746
351.0,116.47602533885266,0.1227346253996119,-0.012686109307130529,0.1227346253996119,0.0481698432239779,0.03930346683986612,0.0481698432239779
351.0,116.45231636152488,0.12275919383740959,-0.0127084578344879,0.12275919383740959,0.04822229598473107,0.03927521645901207,0.04822229598473107
351.0,116.428612264471,0.12278376227520726,-0.012730806361845263,0.12278376227520726,0.04827474874548423,0.03924696607815804,0.04827474874548423
351.0,116.40491304062392,0.12280833071300494,-0.012753154889202627,0.12280833071300494,0.048327201506237386,0.039218715697304,0.048327201506237386
351.0,116.3812186829271,0.12283289915080262,-0.012775503416559992,0.12283289915080262,0.04837965426699054,0.03919046531644997,0.04837965426699054
351.0,116.35752918433458,0.1228574675886003,-0.012797851943917362,0.1228574675886003,0.04843210702774372,0.03916221493559592,0.04843210702774372
351.0,116.33384453781096,0.12288203602639798,-0.012820200471274726,0.12288203602639798,0.048484559788496875,0.039133964554741885,0.048484559788496875
351.0,116.31016473633134,0.12290660446419566,-0.01284254899863209,0.12290660446419566,0.04853701254925003,0.03910571417388785,0.04853701254925003
351.0,116.28648977288131,0.12293117290199335,-0.01286489752598946,0.12293117290199335,0.0485894653100032,0.039077463793033805,0.0485894653100032
351.0,116.26281964045693,0.12295574133979102,-0.012887246053346825,0.12295574133979102,0.04864191807075636,0.03904921341217977,0.04864191807075636
351.0,116.2391543320647,0.1229803097775887,-0.01290959458070419,0.1229803097775887,0.048694370831509515,0.03902096303132573,0.048694370831509515
351.0,116.21549384072155,0.12300487821538637,-0.012931943108061552,0.12300487821538637,0.04874682359226267,0.038992712650471696,0.04874682359226267
351.0,116.19183815945476,0.12302944665318406,-0.012954291635418924,0.12302944665318406,0.04879927635301584,0.03896446226961765,0.04879927635301584
351.0,116.16818728130202,0.12305401509098174,-0.012976640162776288,0.12305401509098174,0.048851729113769,0.03893621188876362,0.048851729113769
351.0,116.14454119931133,0.12307858352877941,-0.012998988690133651,0.12307858352877941,0.048904181874522154,0.03890796150790958,0.048904181874522154
351.0,116.12089990654103,0.12310315196657709,-0.013021337217491016,0.12310315196657709,0.04895663463527531,0.038879711127055544,0.04895663463527531
351.0,116.09726339605969,0.12312772040437478,-0.013043685744848387,0.12312772040437478,0.04900908739602849,0.0388514607462015,0.04900908739602849
351.0,116.07363166094618,0.12315228884217246,-0.01306603427220575,0.12315228884217246,0.049061540156781644,0.038823210365347464,0.049061540156781644
351.0,116.05000469428964,0.12317685727997013,-0.013088382799563114,0.12317685727997013,0.0491139929175348,0.03879495998449343,0.0491139929175348
351.0,116.02638248918934,0.12320142571776782,-0.013110731326920486,0.12320142571776782,0.04916644567828797,0.038766709603639385,0.04916644567828797
351.0,116.00276503875483,0.1232259941555655,-0.013133079854277849,0.1232259941555655,0.04921889843904113,0.03873845922278535,0.04921889843904113
351.0,115.97915233610577,0.12325296013498097,-0.013154863423274144,0.12325296013498097,0.04927216453927041,0.0387102800605218,0.04927216453927041
351.0,115.95554437437193,0.12328024406989822,-0.013176572069016615,0.12328024406989822,0.049325538502386974,0.0386821103430756,0.049325538502386974
351.0,115.93194114669326,0.12330752800481548,-0.01319828071475909,0.12330752800481548,0.04937891246550355,0.0386539406256294,0.04937891246550355
351.0,115.90834264621975,0.12333481193973274,-0.01321998936050156,0.12333481193973274,0.04943228642862012,0.038625770908183206,0.04943228642862012
351.0,115.8847488661115,0.12336209587464998,-0.013241698006244031,0.12336209587464998,0.04948566039173668,0.038597601190737005,0.04948566039173668
351.0,115.86115979953857,0.12338937980956725,-0.013263406651986508,0.12338937980956725,0.049539034354853254,0.038569431473290804,0.049539034354853254
351.0,115.83757543968113,0.1234166637444845,-0.013285115297728977,0.1234166637444845,0.049592408317969815,0.0385412617558446,0.049592408317969815
351.0,115.81399577972923,0.12344394767940176,-0.013306823943471447,0.12344394767940176,0.049645782281086376,0.03851309203839841,0.049645782281086376
351.0,115.79042081288304,0.12347123161431901,-0.013328532589213918,0.12347123161431901,0.04969915624420294,0.038484922320952214,0.04969915624420294
351.0,115.76685053235248,0.12349851554923627,-0.013350241234956395,0.12349851554923627,0.04975253020731951,0.038456752603506006,0.04975253020731951
351.0,115.74328493135756,0.12352579948415353,-0.013371949880698866,0.12352579948415353,0.04980590417043608,0.03842858288605981,0.04980590417043608
351.0,115.71972400312809,0.12355308341907079,-0.013393658526441334,0.12355308341907079,0.04985927813355264,0.03840041316861362,0.04985927813355264
351.0,115.69616774090373,0.12358036735398804,-0.013415367172183812,0.12358036735398804,0.049912652096669216,0.03837224345116741,0.049912652096669216
351.0,115.67261613793411,0.1236076512889053,-0.013437075817926282,0.1236076512889053,0.04996602605978578,0.038344073733721215,0.04996602605978578
351.0,115.64906918747852,0.12363493522382256,-0.013458784463668752,0.12363493522382256,0.05001940002290234,0.03831590401627502,0.05001940002290234
351.0,115.62552688280616,0.1236622191587398,-0.013480493109411223,0.1236622191587398,0.0500727739860189,0.03828773429882882,0.0500727739860189
351.0,115.60198921719595,0.12368950309365707,-0.013502201755153698,0.12368950309365707,0.050126147949135474,0.03825956458138262,0.050126147949135474
351.0,115.57845618393661,0.12371678702857432,-0.013523910400896169,0.12371678702857432,0.05017952191225204,0.03823139486393642,0.05017952191225204
351.0,115.55492777632648,0.12374407096349158,-0.01354561904663864,0.12374407096349158,0.050232895875368604,0.03820322514649022,0.050232895875368604
351.0,115.53140398767377,0.12377135489840883,-0.01356732769238111,0.12377135489840883,0.050286269838485165,0.03817505542904403,0.050286269838485165
351.0,115.50788481129621,0.12379863883332609,-0.013589036338123585,0.12379863883332609,0.05033964380160174,0.03814688571159782,0.05033964380160174
351.0,115.4843702405213,0.12382592276824335,-0.013610744983866056,0.12382592276824335,0.0503930177647183,0.03811871599415163,0.0503930177647183
351.0,115.46086026868612,0.1238532067031606,-0.013632453629608526,0.1238532067031606,0.05044639172783486,0.03809054627670543,0.05044639172783486
351.0,115.43735488913731,0.12388049063807786,-0.013654162275351003,0.12388049063807786,0.050499765690951444,0.038062376559259224,0.050499765690951444
351.0,115.4138540952312,0.12390777457299512,-0.013675870921093474,0.12390777457299512,0.050553139654068005,0.03803420684181303,0.050553139654068005
351.0,115.39035788033362,0.12393505850791237,-0.013697579566835944,0.12393505850791237,0.050606513617184566,0.03800603712436683,0.050606513617184566
351.0,115.36686623781998,0.12396234244282962,-0.013719288212578413,0.12396234244282962,0.05065988758030113,0.037977867406920635,0.05065988758030113
351.0,115.34337916107515,0.12398962637774688,-0.01374099685832089,0.12398962637774688,0.0507132615434177,0.03794969768947443,0.0507132615434177
351.0,115.31989664349351,0.12401691031266414,-0.01376270550406336,0.12401691031266414,0.05076663550653426,0.03792152797202823,0.05076663550653426
351.0,115.29641867847897,0.1240441942475814,-0.013784414149805831,0.1240441942475814,0.050820009469650824,0.03789335825458204,0.050820009469650824
351.0,115.27294525944481,0.12407147818249865,-0.013806122795548307,0.12407147818249865,0.050873383432767406,0.03786518853713583,0.050873383432767406
351.0,115.24947637981381,0.12409876211741591,-0.013827831441290777,0.12409876211741591,0.05092675739588397,0.037837018819689636,0.05092675739588397
351.0,115.2260120330181,0.12412604605233317,-0.013849540087033247,0.12412604605233317,0.05098013135900053,0.03780884910224344,0.05098013135900053
351.0,115.20255221249914,0.12415332998725041,-0.013871248732775718,0.12415332998725041,0.05103350532211709,0.03778067938479724,0.05103350532211709
351.0,115.17909691170789,0.12418061392216768,-0.013892957378518193,0.12418061392216768,0.051086879285233665,0.03775250966735104,0.051086879285233665
351.0,115.15564612410452,0.12420789785708494,-0.013914666024260664,0.12420789785708494,0.051140253248350226,0.037724339949904845,0.051140253248350226
351.0,115.13219984315862,0.12423518179200219,-0.013936374670003134,0.12423518179200219,0.05119362721146679,0.037696170232458644,0.05119362721146679
351.0,115.10875806234891,0.12426246572691946,-0.013958083315745612,0.12426246572691946,0.05124700117458337,0.03766800051501244,0.05124700117458337
351.0,115.08532077516355,0.1242897496618367,-0.013979791961488082,0.1242897496618367,0.05130037513769993,0.03763983079756624,0.05130037513769993
351.0,115.06188797509988,0.12431703359675396,-0.01400150060723055,0.12431703359675396,0.05135374910081649,0.03761166108012005,0.05135374910081649
351.0,115.03845965566441,0.12434431753167122,-0.014023209252973021,0.12434431753167122,0.05140712306393305,0.03758349136267385,0.05140712306393305
351.0,115.01503581037292,0.12437160146658847,-0.014044917898715498,0.12437160146658847,0.05146049702704963,0.037555321645227645,0.05146049702704963
351.0,114.99161643275035,0.12439987402647694,-0.014066417730558108,0.12439987402647694,0.05151425640394771,0.03752717155542207,0.05151425640394771
351.0,114.9682015163308,0.12442991950241225,-0.014087543093289938,0.12442991950241225,0.05156870694918346,0.03749905666415994,0.05156870694918346
351.0,114.94479105465746,0.12445996497834756,-0.014108668456021772,0.12445996497834756,0.05162315749441923,0.0374709417728978,0.05162315749441923
351.0,114.92138504128275,0.12449001045428287,-0.014129793818753601,0.12449001045428287,0.05167760803965499,0.03744282688163567,0.05167760803965499
351.0,114.89798346976805,0.12452005593021818,-0.01415091918148543,0.12452005593021818,0.05173205858489074,0.03741471199037354,0.05173205858489074
351.0,114.8745863336839,0.1245501014061535,-0.014172044544217258,0.1245501014061535,0.051786509130126494,0.037386597099111414,0.051786509130126494
351.0,114.8511936266098,0.12458014688208881,-0.014193169906949094,0.12458014688208881,0.051840959675362265,0.03735848220784928,0.051840959675362265
351.0,114.82780534213438,0.12461019235802412,-0.014214295269680922,0.12461019235802412,0.051895410220598015,0.03733036731658715,0.051895410220598015
351.0,114.8044214738552,0.12464023783395943,-0.014235420632412751,0.12464023783395943,0.05194986076583377,0.03730225242532502,0.05194986076583377
351.0,114.78104201537889,0.12467028330989474,-0.01425654599514458,0.12467028330989474,0.05200431131106952,0.0372741375340629,0.05200431131106952
351.0,114.75766696032088,0.12470032878583005,-0.014277671357876415,0.12470032878583005,0.05205876185630529,0.03724602264280076,0.05205876185630529
351.0,114.73429630230575,0.12473037426176536,-0.014298796720608242,0.12473037426176536,0.05211321240154105,0.03721790775153863,0.05211321240154105
351.0,114.71093003496682,0.12476041973770068,-0.014319922083340072,0.12476041973770068,0.0521676629467768,0.0371897928602765,0.0521676629467768
351.0,114.68756815194641,0.12479046521363599,-0.014341047446071906,0.12479046521363599,0.05222211349201257,0.037161677969014366,0.05222211349201257
351.0,114.66421064689568,0.1248205106895713,-0.014362172808803735,0.1248205106895713,0.05227656403724833,0.03713356307775224,0.05227656403724833
351.0,114.64085751347467,0.12485055616550661,-0.014383298171535564,0.12485055616550661,0.05233101458248408,0.03710544818649011,0.05233101458248408
351.0,114.61750874535227,0.12488060164144192,-0.014404423534267392,0.12488060164144192,0.052385465127719834,0.03707733329522798,0.052385465127719834
351.0,114.59416433620608,0.12491064711737723,-0.014425548896999228,0.12491064711737723,0.0524399156729556,0.03704921840396584,0.0524399156729556
351.0,114.57082427972261,0.12494069259331254,-0.014446674259731056,0.12494069259331254,0.052494366218191355,0.03702110351270371,0.052494366218191355
351.0,114.54748856959709,0.12497073806924786,-0.014467799622462885,0.12497073806924786,0.052548816763427104,0.03699298862144158,0.052548816763427104
351.0,114.52415719953352,0.12500078354518318,-0.01448892498519472,0.12500078354518318,0.052603267308662875,0.03696487373017945,0.052603267308662875
351.0,114.50083016324463,0.12503082902111848,-0.014510050347926549,0.12503082902111848,0.05265771785389863,0.036936758838917325,0.05265771785389863
351.0,114.47750745445182,0.12506087449705378,-0.014531175710658376,0.12506087449705378,0.05271216839913438,0.036908643947655195,0.05271216839913438
351.0,114.45418906688525,0.1250909199729891,-0.014552301073390205,0.1250909199729891,0.05276661894437014,0.036880529056393066,0.05276661894437014
351.0,114.43087499428367,0.1251209654489244,-0.01457342643612204,0.1251209654489244,0.05282106948960591,0.03685241416513093,0.05282106948960591
351.0,114.40756523039454,0.12515101092485972,-0.01459455179885387,0.12515101092485972,0.05287552003484166,0.0368242992738688,0.05287552003484166
351.0,114.38425976897393,0.12518105640079502,-0.014615677161585698,0.12518105640079502,0.052929970580077416,0.03679618438260667,0.052929970580077416
351.0,114.36095860378649,0.12521110187673035,-0.014636802524317533,0.12521110187673035,0.05298442112531319,0.036768069491344535,0.05298442112531319
351.0,114.33766172860547,0.12524114735266564,-0.014657927887049362,0.12524114735266564,0.05303887167054894,0.036739954600082406,0.05303887167054894
351.0,114.31436913721272,0.12527119282860097,-0.01467905324978119,0.12527119282860097,0.053093322215784694,0.036711839708820276,0.053093322215784694
351.0,114.2910808233986,0.12530123830453627,-0.014700178612513019,0.12530123830453627,0.053147772761020444,0.03668372481755815,0.053147772761020444
351.0,114.267796780962,0.1253312837804716,-0.014721303975244853,0.1253312837804716,0.053202223306256215,0.03665560992629601,0.053202223306256215
351.0,114.24451700371033,0.1253613292564069,-0.014742429337976683,0.1253613292564069,0.05325667385149197,0.03662749503503389,0.05325667385149197
351.0,114.22124148545946,0.12539137473234221,-0.01476355470070851,0.12539137473234221,0.05331112439672772,0.03659938014377176,0.05331112439672772
351.0,114.19797022003375,0.1254214202082775,-0.01478468006344034,0.1254214202082775,0.05336557494196348,0.03657126525250963,0.05336557494196348
351.0,114.17470320126603,0.12545146568421284,-0.014805805426172174,0.12545146568421284,0.05342002548719924,0.036543150361247494,0.05342002548719924
351.0,114.15144042299747,0.12548151116014813,-0.014826930788904003,0.12548151116014813,0.053474476032435,0.036515035469985364,0.053474476032435
351.0,114.12818187907772,0.12551155663608346,-0.014848056151635832,0.12551155663608346,0.05352892657767075,0.036486920578723235,0.05352892657767075
351.0,114.1049275633648,0.12554160211201876,-0.014869181514367667,0.12554160211201876,0.05358337712290652,0.0364588056874611,0.05358337712290652
351.0,114.08167746972507,0.12557164758795408,-0.014890306877099496,0.12557164758795408,0.05363782766814228,0.03643069079619897,0.05363782766814228
351.0,114.05843159203329,0.12560169306388938,-0.014911432239831324,0.12560169306388938,0.05369227821337803,0.03640257590493684,0.05369227821337803
351.0,114.03518992417249,0.1256317385398247,-0.014932557602563153,0.1256317385398247,0.05374672875861378,0.03637446101367471,0.05374672875861378
351.0,114.01195246003402,0.12566178401576,-0.014953682965294987,0.12566178401576,0.053801179303849554,0.036346346122412575,0.053801179303849554
351.0,113.98871919351757,0.12569319656993685,-0.014974551299745549,0.12569319656993685,0.05385622820042129,0.0363182437639877,0.05385622820042129
351.0,113.96549011853101,0.12572605746675872,-0.014995147327162445,0.12572605746675872,0.053911911016640265,0.03629015468340026,0.053911911016640265
351.0,113.94226522899051,0.12575891836358058,-0.015015743354579348,0.12575891836358058,0.05396759383285926,0.03626206560281281,0.05396759383285926
351.0,113.91904451882048,0.12579177926040244,-0.015036339381996245,0.12579177926040244,0.054023276649078245,0.03623397652222537,0.054023276649078245
351.0,113.89582798195353,0.1258246401572243,-0.015056935409413141,0.1258246401572243,0.05407895946529722,0.03620588744163793,0.05407895946529722
351.0,113.87261561233042,0.12585750105404614,-0.015077531436830037,0.12585750105404614,0.054134642281516196,0.036177798361050485,0.054134642281516196
351.0,113.84940740390014,0.12589036195086803,-0.015098127464246939,0.12589036195086803,0.05419032509773519,0.03614970928046304,0.05419032509773519
351.0,113.8262033506198,0.1259232228476899,-0.015118723491663835,0.1259232228476899,0.05424600791395417,0.036121620199875595,0.05424600791395417
351.0,113.80300344645465,0.12595608374451173,-0.015139319519080732,0.12595608374451173,0.05430169073017315,0.036093531119288154,0.05430169073017315
351.0,113.77980768537806,0.12598894464133362,-0.015159915546497635,0.12598894464133362,0.05435737354639214,0.0360654420387007,0.05435737354639214
351.0,113.75661606137147,0.12602180553815545,-0.015180511573914531,0.12602180553815545,0.05441305636261112,0.03603735295811326,0.05441305636261112
351.0,113.73342856842443,0.1260546664349773,-0.015201107601331428,0.1260546664349773,0.0544687391788301,0.036009263877525816,0.0544687391788301
351.0,113.71024520053452,0.12608752733179918,-0.015221703628748324,0.12608752733179918,0.054524421995049074,0.035981174796938374,0.054524421995049074
351.0,113.68706595170737,0.12612038822862104,-0.015242299656165227,0.12612038822862104,0.05458010481126807,0.035953085716350926,0.05458010481126807
351.0,113.66389081595662,0.1261532491254429,-0.015262895683582123,0.1261532491254429,0.05463578762748705,0.035924996635763484,0.05463578762748705
351.0,113.64071978730395,0.12618611002226476,-0.01528349171099902,0.12618611002226476,0.05469147044370603,0.03589690755517604,0.05469147044370603
351.0,113.61755285977895,0.12621897091908663,-0.015304087738415916,0.12621897091908663,0.054747153259925005,0.0358688184745886,0.054747153259925005
351.0,113.59439002741922,0.1262518318159085,-0.015324683765832818,0.1262518318159085,0.054802836076144,0.03584072939400115,0.054802836076144
351.0,113.57123128427034,0.12628469271273035,-0.015345279793249714,0.12628469271273035,0.05485851889236298,0.03581264031341371,0.05485851889236298
351.0,113.54807662438571,0.1263175536095522,-0.01536587582066661,0.1263175536095522,0.05491420170858195,0.03578455123282627,0.05491420170858195
351.0,113.52492604182673,0.12635041450637408,-0.015386471848083514,0.12635041450637408,0.05496988452480095,0.03575646215223882,0.05496988452480095
351.0,113.50177953066267,0.12638327540319594,-0.01540706787550041,0.12638327540319594,0.05502556734101993,0.03572837307165138,0.05502556734101993
351.0,113.47863708497064,0.1264161363000178,-0.015427663902917306,0.1264161363000178,0.05508125015723891,0.03570028399106394,0.05508125015723891
351.0,113.45549869883565,0.12644899719683966,-0.015448259930334203,0.12644899719683966,0.05513693297345788,0.0356721949104765,0.05513693297345788
351.0,113.43236436635046,0.12648185809366153,-0.015468855957751104,0.12648185809366153,0.05519261578967688,0.03564410582988904,0.05519261578967688
351.0,113.40923408161575,0.1265147189904834,-0.015489451985168,0.1265147189904834,0.055248298605895856,0.0356160167493016,0.055248298605895856
351.0,113.38610783873993,0.12654757988730525,-0.015510048012584897,0.12654757988730525,0.05530398142211484,0.03558792766871416,0.05530398142211484
351.0,113.36298563183922,0.1265804407841271,-0.0155306440400018,0.1265804407841271,0.05535966423833383,0.03555983858812671,0.05535966423833383
351.0,113.33986745503756,0.12661330168094898,-0.015551240067418697,0.12661330168094898,0.05541534705455281,0.03553174950753927,0.05541534705455281
351.0,113.31675330246668,0.12664616257777084,-0.015571836094835593,0.12664616257777084,0.055471029870771786,0.03550366042695183,0.055471029870771786
351.0,113.293643168266,0.1266790234745927,-0.01559243212225249,0.1266790234745927,0.05552671268699076,0.035475571346364386,0.05552671268699076
351.0,113.27053704658269,0.12671188437141456,-0.015613028149669392,0.12671188437141456,0.05558239550320976,0.03544748226577694,0.05558239550320976
351.0,113.24743493157155,0.12674474526823643,-0.01563362417708629,0.12674474526823643,0.055638078319428734,0.035419393185189496,0.055638078319428734
351.0,113.2243368173951,0.1267776061650583,-0.015654220204503185,0.1267776061650583,0.05569376113564772,0.035391304104602055,0.05569376113564772
351.0,113.20124269822348,0.12681046706188015,-0.01567481623192009,0.12681046706188015,0.055749443951866706,0.035363215024014606,0.055749443951866706
351.0,113.17815256823451,0.126843327958702,-0.015695412259336985,0.126843327958702,0.05580512676808569,0.035335125943427165,0.05580512676808569
351.0,113.15506642161355,0.12687618885552387,-0.01571600828675388,0.12687618885552387,0.055860809584304665,0.03530703686283972,0.055860809584304665
351.0,113.13198425255366,0.1269090497523457,-0.015736604314170777,0.1269090497523457,0.05591649240052364,0.03527894778225228,0.05591649240052364
351.0,113.10890605525539,0.1269419106491676,-0.015757200341587677,0.1269419106491676,0.05597217521674264,0.035250858701664826,0.05597217521674264
351.0,113.08583182392692,0.12697477154598946,-0.015777796369004574,0.12697477154598946,0.05602785803296161,0.035222769621077385,0.05602785803296161
351.0,113.06276155278393,0.1270076324428113,-0.01579839239642147,0.1270076324428113,0.056083540849180595,0.035194680540489943,0.056083540849180595
351.0,113.03969523604968,0.12704049333963316,-0.015818988423838366,0.12704049333963316,0.05613922366539957,0.0351665914599025,0.05613922366539957
351.0,113.01663286795488,0.12707335423645505,-0.01583958445125527,0.12707335423645505,0.05619490648161857,0.035138502379315054,0.05619490648161857
351.0,112.99357444273778,0.1271070170715352,-0.01586004731531988,0.1271070170715352,0.05625097646226777,0.035110411604876456,0.05625097646226777
351.0,112.9705199546441,0.12714275558553081,-0.015880165509006464,0.12714275558553081,0.05630804855129164,0.03508231644619619,0.05630804855129164
351.0,112.94746939792704,0.12717849409952642,-0.015900283702693054,0.12717849409952642,0.056365120640315514,0.035054221287515924,0.056365120640315514
351.0,112.92442276684719,0.12721423261352202,-0.015920401896379638,0.12721423261352202,0.056422192729339384,0.035026126128835655,0.056422192729339384
351.0,112.90138005567258,0.12724997112751762,-0.015940520090066218,0.12724997112751762,0.056479264818363246,0.03499803097015539,0.056479264818363246
351.0,112.87834125867869,0.12728570964151323,-0.0159606382837528,0.12728570964151323,0.05653633690738711,0.03496993581147513,0.05653633690738711
351.0,112.85530637014836,0.12732144815550883,-0.015980756477439392,0.12732144815550883,0.05659340899641099,0.034941840652794855,0.05659340899641099
351.0,112.8322753843718,0.12735718666950444,-0.016000874671125976,0.12735718666950444,0.056650481085434856,0.03491374549411459,0.056650481085434856
351.0,112.80924829564658,0.12739292518350004,-0.01602099286481256,0.12739292518350004,0.056707553174458726,0.03488565033543433,0.056707553174458726
351.0,112.78622509827763,0.12742866369749564,-0.016041111058499147,0.12742866369749564,0.05676462526348261,0.034857555176754054,0.05676462526348261
351.0,112.76320578657717,0.12746440221149125,-0.01606122925218573,0.12746440221149125,0.05682169735250647,0.03482946001807379,0.05682169735250647
351.0,112.74019035486478,0.12750014072548685,-0.016081347445872314,0.12750014072548685,0.056878769441530336,0.03480136485939352,0.056878769441530336
351.0,112.71717879746724,0.12753587923948242,-0.016101465639558898,0.12753587923948242,0.056935841530554206,0.03477326970071326,0.056935841530554206
351.0,112.6941711087187,0.12757161775347806,-0.016121583833245485,0.12757161775347806,0.05699291361957809,0.03474517454203299,0.05699291361957809
351.0,112.6711672829605,0.12760735626747366,-0.01614170202693207,0.12760735626747366,0.05704998570860195,0.03471707938335272,0.05704998570860195
351.0,112.64816731454125,0.12764309478146924,-0.016161820220618652,0.12764309478146924,0.057107057797625815,0.03468898422467246,0.057107057797625815
351.0,112.62517119781678,0.12767883329546487,-0.016181938414305243,0.12767883329546487,0.0571641298866497,0.03466088906599219,0.0571641298866497
351.0,112.6021789271501,0.12771457180946047,-0.016202056607991823,0.12771457180946047,0.05722120197567356,0.03463279390731192,0.05722120197567356
351.0,112.57919049691144,0.12775031032345605,-0.016222174801678407,0.12775031032345605,0.05727827406469743,0.03460469874863166,0.05727827406469743
351.0,112.5562059014782,0.12778604883745165,-0.01624229299536499,0.12778604883745165,0.057335346153721295,0.0345766035899514,0.057335346153721295
351.0,112.5332251352349,0.12782178735144728,-0.01626241118905158,0.12782178735144728,0.05739241824274518,0.03454850843127112,0.05739241824274518
351.0,112.51024819257323,0.12785752586544286,-0.016282529382738165,0.12785752586544286,0.05744949033176904,0.03452041327259086,0.05744949033176904
351.0,112.48727506789203,0.12789326437943846,-0.016302647576424745,0.12789326437943846,0.05750656242079291,0.0344923181139106,0.05750656242079291
351.0,112.4643057555972,0.12792900289343406,-0.01632276577011133,0.12792900289343406,0.057563634509816775,0.03446422295523033,0.057563634509816775
351.0,112.44134025010173,0.12796474140742967,-0.01634288396379792,0.12796474140742967,0.05762070659884066,0.03443612779655006,0.05762070659884066
351.0,112.41837854582572,0.12800047992142527,-0.016363002157484503,0.12800047992142527,0.05767777868786452,0.03440803263786979,0.05767777868786452
351.0,112.39542063719628,0.12803621843542087,-0.016383120351171086,0.12803621843542087,0.05773485077688839,0.03437993747918953,0.05773485077688839
351.0,112.37246651864761,0.12807195694941648,-0.016403238544857673,0.12807195694941648,0.05779192286591227,0.03435184232050926,0.05779192286591227
351.0,112.34951618462095,0.12810769546341208,-0.016423356738544257,0.12810769546341208,0.05784899495493614,0.03432374716182899,0.05784899495493614
351.0,112.32656962956445,0.12814343397740768,-0.01644347493223084,0.12814343397740768,0.05790606704396,0.03429565200314873,0.05790606704396
351.0,112.30362684793336,0.1281791724914033,-0.016463593125917424,0.1281791724914033,0.057963139132983864,0.034267556844468465,0.057963139132983864
351.0,112.28068783418983,0.1282149110053989,-0.01648371131960401,0.1282149110053989,0.05802021122200775,0.03423946168578819,0.05802021122200775
351.0,112.25775258280302,0.1282506495193945,-0.016503829513290595,0.1282506495193945,0.05807728331103162,0.03421136652710793,0.05807728331103162
351.0,112.23482108824905,0.1282863880333901,-0.01652394770697718,0.1282863880333901,0.05813435540005548,0.034183271368427665,0.05813435540005548
351.0,112.21189334501089,0.1283221265473857,-0.01654406590066377,0.1283221265473857,0.058191427489079364,0.03415517620974739,0.058191427489079364
351.0,112.18896934757852,0.1283578650613813,-0.016564184094350353,0.1283578650613813,0.05824849957810323,0.034127081051067126,0.05824849957810323
351.0,112.16604909044875,0.1283936035753769,-0.016584302288036933,0.1283936035753769,0.05830557166712709,0.034098985892386864,0.05830557166712709
351.0,112.14313256812528,0.1284293420893725,-0.016604420481723517,0.1284293420893725,0.05836264375615096,0.034070890733706595,0.05836264375615096
351.0,112.1202197751187,0.12846508060336811,-0.016624538675410108,0.12846508060336811,0.058419715845174844,0.034042795575026326,0.058419715845174844
351.0,112.09731070594644,0.12850081911736372,-0.01664465686909669,0.12850081911736372,0.05847678793419871,0.034014700416346064,0.05847678793419871
351.0,112.07440535513275,0.12853655763135932,-0.016664775062783275,0.12853655763135932,0.05853386002322257,0.033986605257665795,0.05853386002322257
351.0,112.05150371720872,0.12857229614535493,-0.016684893256469862,0.12857229614535493,0.058590932112246454,0.033958510098985525,0.058590932112246454
351.0,112.02860578671226,0.12860803465935053,-0.016705011450156446,0.12860803465935053,0.058648004201270316,0.033930414940305256,0.058648004201270316
351.0,112.005711558188,0.12864377317334613,-0.01672512964384303,0.12864377317334613,0.058705076290294186,0.033902319781624994,0.058705076290294186
351.0,111.98282102618741,0.1286817246068554,-0.01674492613744079,0.1286817246068554,0.05876331057744271,0.03387419416707608,0.05876331057744271
351.0,111.95993418526868,0.12872041171869208,-0.016764615682827475,0.12872041171869208,0.058821931233804935,0.033846058427566716,0.058821931233804935
351.0,111.93705102999675,0.12875909883052877,-0.016784305228214152,0.12875909883052877,0.05888055189016714,0.03381792268805737,0.05888055189016714
351.0,111.91417155494332,0.12879778594236543,-0.016803994773600832,0.12879778594236543,0.05893917254652935,0.03378978694854802,0.05893917254652935
351.0,111.89129575468671,0.12883647305420212,-0.016823684318987515,0.12883647305420212,0.05899779320289157,0.033761651209038665,0.05899779320289157
351.0,111.86842362381206,0.1288751601660388,-0.016843373864374192,0.1288751601660388,0.059056413859253774,0.03373351546952931,0.059056413859253774
351.0,111.84555515691109,0.12891384727787547,-0.01686306340976087,0.12891384727787547,0.059115034515615984,0.03370537973001996,0.059115034515615984
351.0,111.82269034858221,0.12895253438971216,-0.016882752955147545,0.12895253438971216,0.05917365517197819,0.033677243990510614,0.05917365517197819
351.0,111.79982919343051,0.12899122150154885,-0.01690244250053423,0.12899122150154885,0.05923227582834041,0.03364910825100126,0.05923227582834041
351.0,111.77697168606768,0.1290299086133855,-0.01692213204592091,0.1290299086133855,0.05929089648470262,0.0336209725114919,0.05929089648470262
351.0,111.75411782111205,0.1290685957252222,-0.016941821591307585,0.1290685957252222,0.059349517141064824,0.033592836771982555,0.059349517141064824
351.0,111.73126759318855,0.12910728283705886,-0.016961511136694262,0.12910728283705886,0.059408137797427034,0.03356470103247321,0.059408137797427034
351.0,111.70842099692865,0.12914596994889554,-0.016981200682080946,0.12914596994889554,0.05946675845378926,0.03353656529296385,0.05946675845378926
351.0,111.6855780269705,0.12918465706073223,-0.017000890227467626,0.12918465706073223,0.05952537911015146,0.0335084295534545,0.05952537911015146
351.0,111.66273867795873,0.1292233441725689,-0.017020579772854302,0.1292233441725689,0.05958399976651367,0.03348029381394515,0.05958399976651367
351.0,111.6399029445445,0.12926203128440558,-0.017040269318240986,0.12926203128440558,0.059642620422875894,0.033452158074435794,0.059642620422875894
351.0,111.61707082138557,0.12930071839624227,-0.017059958863627663,0.12930071839624227,0.0597012410792381,0.033424022334926445,0.0597012410792381
351.0,111.59424230314615,0.12933940550807893,-0.01707964840901434,0.12933940550807893,0.05975986173560031,0.0333958865954171,0.05975986173560031
351.0,111.57141738449698,0.12937809261991562,-0.01709933795440102,0.12937809261991562,0.05981848239196251,0.03336775085590774,0.05981848239196251
351.0,111.5485960601153,0.1294167797317523,-0.017119027499787703,0.1294167797317523,0.059877103048324734,0.03333961511639839,0.059877103048324734
351.0,111.52577832468477,0.12945546684358897,-0.01713871704517438,0.12945546684358897,0.059935723704686944,0.03331147937688904,0.059935723704686944
351.0,111.50296417289556,0.12949415395542566,-0.017158406590561056,0.12949415395542566,0.059994344361049154,0.03328334363737969,0.059994344361049154
351.0,111.48015359944424,0.12953284106726234,-0.01717809613594774,0.12953284106726234,0.06005296501741138,0.03325520789787033,0.06005296501741138
351.0,111.45734659903381,0.129571528179099,-0.01719778568133442,0.129571528179099,0.06011158567377358,0.03322707215836098,0.06011158567377358
351.0,111.43454316637373,0.1296102152909357,-0.017217475226721096,0.1296102152909357,0.06017020633013579,0.03319893641885163,0.06017020633013579
351.0,111.41174329617978,0.12964890240277235,-0.017237164772107773,0.12964890240277235,0.060228826986497994,0.033170800679342284,0.060228826986497994
351.0,111.38894698317418,0.12968758951460904,-0.017256854317494456,0.12968758951460904,0.06028744764286022,0.03314266493983292,0.06028744764286022
351.0,111.36615422208551,0.12972627662644573,-0.017276543862881133,0.12972627662644573,0.06034606829922243,0.033114529200323574,0.06034606829922243
351.0,111.34336500764869,0.1297649637382824,-0.017296233408267813,0.1297649637382824,0.06040468895558463,0.033086393460814226,0.06040468895558463
351.0,111.32057933460493,0.12980365085011908,-0.017315922953654497,0.12980365085011908,0.060463309611946854,0.03305825772130487,0.060463309611946854
351.0,111.2977971977019,0.12984233796195577,-0.017335612499041173,0.12984233796195577,0.060521930268309064,0.033030121981795516,0.060521930268309064
351.0,111.27501859169344,0.12988102507379243,-0.01735530204442785,0.12988102507379243,0.06058055092467127,0.03300198624228617,0.06058055092467127
351.0,111.25224351133976,0.12991971218562912,-0.01737499158981453,0.12991971218562912,0.06063917158103348,0.03297385050277682,0.06063917158103348
351.0,111.22947195140732,0.1299583992974658,-0.01739468113520121,0.1299583992974658,0.0606977922373957,0.032945714763267464,0.0606977922373957
351.0,111.20670390666889,0.12999708640930246,-0.01741437068058789,0.12999708640930246,0.060756412893757904,0.032917579023758116,0.060756412893757904
351.0,111.18393937190343,0.13003577352113915,-0.017434060225974567,0.13003577352113915,0.060815033550120114,0.03288944328424876,0.060815033550120114
351.0,111.16117834189622,0.1300744606329758,-0.017453749771361243,0.1300744606329758,0.06087365420648232,0.03286130754473941,0.06087365420648232
351.0,111.13842081143865,0.1301131477448125,-0.017473439316747927,0.1301131477448125,0.06093227486284454,0.03283317180523006,0.06093227486284454
351.0,111.11566677532845,0.1301518348566492,-0.017493128862134607,0.1301518348566492,0.06099089551920675,0.03280503606572071,0.06099089551920675
351.0,111.09291622836946,0.13019052196848585,-0.017512818407521284,0.13019052196848585,0.06104951617556895,0.032776900326211354,0.06104951617556895
351.0,111.07016916537172,0.13022920908032254,-0.017532507952907967,0.13022920908032254,0.06110813683193118,0.032748764586702,0.06110813683193118
351.0,111.04742558115149,0.13026789619215923,-0.017552197498294644,0.13026789619215923,0.06116675748829339,0.03272062884719265,0.06116675748829339
351.0,111.02468547053108,0.1303065833039959,-0.01757188704368132,0.1303065833039959,0.06122537814465559,0.0326924931076833,0.06122537814465559
351.0,111.00194882833905,0.13034527041583258,-0.017591576589068,0.13034527041583258,0.0612839988010178,0.032664357368173955,0.0612839988010178
351.0,110.97921564941002,0.13038672670106227,-0.017610917143721285,0.13038672670106227,0.061344183872472084,0.03263615078786205,0.061344183872472084
351.0,110.95648592858474,0.13042844261589825,-0.017630224978023086,0.13042844261589825,0.06140451561891445,0.03260793756572349,0.06140451561891445
351.0,110.93375966071008,0.13047015853073426,-0.017649532812324887,0.13047015853073426,0.06146484736535682,0.032579724343584936,0.06146484736535682
351.0,110.91103684063894,0.13051187444557028,-0.017668840646626695,0.13051187444557028,0.0615251791117992,0.032551511121446365,0.0615251791117992
351.0,110.88831746323038,0.13055359036040626,-0.0176881484809285,0.13055359036040626,0.061585510858241564,0.03252329789930781,0.061585510858241564
351.0,110.86560152334944,0.13059530627524224,-0.0177074563152303,0.13059530627524224,0.061645842604683934,0.03249508467716925,0.061645842604683934
351.0,110.84288901586723,0.13063702219007825,-0.0177267641495321,0.13063702219007825,0.0617061743511263,0.032466871455030695,0.0617061743511263
351.0,110.82017993566089,0.13067873810491426,-0.01774607198383391,0.13067873810491426,0.06176650609756868,0.03243865823289213,0.06176650609756868
351.0,110.7974742776136,0.13072045401975024,-0.01776537981813571,0.13072045401975024,0.06182683784401105,0.032410445010753575,0.06182683784401105
351.0,110.77477203661451,0.13076216993458625,-0.01778468765243751,0.13076216993458625,0.061887169590453414,0.03238223178861501,0.061887169590453414
351.0,110.75207320755875,0.13080388584942226,-0.01780399548673932,0.13080388584942226,0.0619475013368958,0.03235401856647645,0.0619475013368958
351.0,110.72937778534747,0.13084560176425825,-0.017823303321041123,0.13084560176425825,0.06200783308333816,0.03232580534433789,0.06200783308333816
351.0,110.70668576488778,0.13088731767909426,-0.017842611155342924,0.13088731767909426,0.06206816482978053,0.032297592122199334,0.06206816482978053
351.0,110.6839971410927,0.13092903359393024,-0.017861918989644725,0.13092903359393024,0.062128496576222894,0.03226937890006078,0.062128496576222894
351.0,110.66131190888122,0.13097074950876625,-0.017881226823946533,0.13097074950876625,0.06218882832266528,0.03224116567792221,0.06218882832266528
351.0,110.63863006317821,0.13101246542360226,-0.017900534658248334,0.13101246542360226,0.06224916006910765,0.03221295245578365,0.06224916006910765
351.0,110.61595159891452,0.13105418133843824,-0.017919842492550138,0.13105418133843824,0.06230949181555001,0.03218473923364509,0.06230949181555001
351.0,110.59327651102684,0.13109589725327425,-0.01793915032685194,0.13109589725327425,0.06236982356199238,0.03215652601150654,0.06236982356199238
351.0,110.57060479445775,0.13113761316811026,-0.017958458161153747,0.13113761316811026,0.062430155308434765,0.03212831278936797,0.062430155308434765
351.0,110.54793644415572,0.13117932908294624,-0.017977765995455548,0.13117932908294624,0.06249048705487713,0.03210009956722941,0.06249048705487713
351.0,110.52527145507507,0.13122104499778225,-0.01799707382975735,0.13122104499778225,0.06255081880131949,0.03207188634509085,0.06255081880131949
351.0,110.50260982217594,0.13126276091261826,-0.018016381664059156,0.13126276091261826,0.06261115054776188,0.03204367312295229,0.06261115054776188
351.0,110.47995154042434,0.13130447682745425,-0.018035689498360957,0.13130447682745425,0.06267148229420424,0.03201545990081373,0.06267148229420424
351.0,110.45729660479205,0.13134619274229026,-0.01805499733266276,0.13134619274229026,0.06273181404064661,0.031987246678675176,0.06273181404064661
351.0,110.43464501025669,0.13138790865712624,-0.018074305166964563,0.13138790865712624,0.06279214578708898,0.03195903345653662,0.06279214578708898
351.0,110.41199675180167,0.13142962457196225,-0.01809361300126637,0.13142962457196225,0.06285247753353136,0.03193082023439805,0.06285247753353136
351.0,110.38935182441614,0.13147134048679826,-0.01811292083556817,0.13147134048679826,0.06291280927997372,0.03190260701225949,0.06291280927997372
351.0,110.36671022309507,0.13151305640163424,-0.018132228669869972,0.13151305640163424,0.0629731410264161,0.031874393790120935,0.0629731410264161
351.0,110.34407194283914,0.13155477231647025,-0.01815153650417178,0.13155477231647025,0.06303347277285848,0.03184618056798237,0.06303347277285848
351.0,110.32143697865477,0.13159648823130624,-0.01817084433847358,0.13159648823130624,0.06309380451930084,0.031817967345843814,0.06309380451930084
351.0,110.29880532555417,0.13163820414614225,-0.018190152172775385,0.13163820414614225,0.0631541362657432,0.03178975412370526,0.0631541362657432
351.0,110.27617697855514,0.13167992006097823,-0.018209460007077186,0.13167992006097823,0.06321446801218558,0.031761540901566694,0.06321446801218558
351.0,110.25355193268129,0.13172163597581424,-0.018228767841378994,0.13172163597581424,0.06327479975862796,0.03173332767942813,0.06327479975862796
351.0,110.2309301829619,0.13176335189065025,-0.018248075675680795,0.13176335189065025,0.06333513150507032,0.031705114457289574,0.06333513150507032
351.0,110.20831172443185,0.13180506780548623,-0.018267383509982596,0.13180506780548623,0.0633954632515127,0.03167690123515102,0.0633954632515127
351.0,110.18569655213177,0.13184678372032224,-0.018286691344284404,0.13184678372032224,0.06345579499795508,0.031648688013012446,0.06345579499795508
351.0,110.16308466110789,0.13188849963515825,-0.018305999178586208,0.13188849963515825,0.06351612674439744,0.03162047479087389,0.06351612674439744
351.0,110.1404760464121,0.13193021554999423,-0.01832530701288801,0.13193021554999423,0.06357645849083982,0.03159226156873533,0.06357645849083982
351.0,110.11787070310193,0.13197193146483024,-0.01834461484718981,0.13197193146483024,0.06363679023728218,0.031564048346596776,0.06363679023728218
351.0,110.09526862624044,0.13201364737966625,-0.018363922681491618,0.13201364737966625,0.06369712198372456,0.03153583512445821,0.06369712198372456
351.0,110.07266981089637,0.13205536329450224,-0.01838323051579342,0.13205536329450224,0.06375745373016693,0.031507621902319656,0.06375745373016693
351.0,110.05007425214404,0.13209707920933825,-0.01840253835009522,0.13209707920933825,0.0638177854766093,0.03147940868018109,0.0638177854766093
351.0,110.02748194506331,0.13213879512417423,-0.018421846184397024,0.13213879512417423,0.06387811722305166,0.031451195458042536,0.06387811722305166
351.0,110.0048928847396,0.13218051103901024,-0.018441154018698832,0.13218051103901024,0.06393844896949405,0.03142298223590397,0.06393844896949405
351.0,109.98230706626393,0.13222467003662083,-0.018460197877287043,0.13222467003662083,0.06400025168545215,0.03139467766131489,0.06400025168545215
351.0,109.95972448473279,0.13226950460705003,-0.01847916874006082,0.13226950460705003,0.06406246116086686,0.031366347825513556,0.06406246116086686
351.0,109.93714513524822,0.13231433917747923,-0.0184981396028346,0.13231433917747923,0.06412467063628158,0.03133801798971222,0.06412467063628158
351.0,109.91456901291781,0.13235917374790843,-0.018517110465608375,0.13235917374790843,0.06418688011169629,0.031309688153910886,0.06418688011169629
351.0,109.89199611285457,0.13240400831833762,-0.01853608132838215,0.13240400831833762,0.064249089587111,0.03128135831810956,0.064249089587111
351.0,109.86942643017707,0.13244884288876682,-0.018555052191155923,0.13244884288876682,0.0643112990625257,0.03125302848230823,0.0643112990625257
351.0,109.84685996000933,0.13249367745919602,-0.018574023053929703,0.13249367745919602,0.06437350853794042,0.031224698646506895,0.06437350853794042
351.0,109.8242966974808,0.13253851202962522,-0.01859299391670348,0.13253851202962522,0.06443571801335513,0.031196368810705567,0.06443571801335513
351.0,109.80173663772644,0.13258334660005439,-0.018611964779477255,0.13258334660005439,0.06449792748876984,0.031168038974904236,0.06449792748876984
351.0,109.77917977588658,0.1326281811704836,-0.018630935642251035,0.1326281811704836,0.06456013696418456,0.0311397091391029,0.06456013696418456
351.0,109.75662610710704,0.13267301574091278,-0.01864990650502481,0.13267301574091278,0.06462234643959927,0.031111379303301573,0.06462234643959927
351.0,109.734075626539,0.13271785031134198,-0.018668877367798587,0.13271785031134198,0.06468455591501397,0.03108304946750024,0.06468455591501397
351.0,109.71152832933909,0.13276268488177118,-0.01868784823057236,0.13276268488177118,0.06474676539042867,0.031054719631698913,0.06474676539042867
351.0,109.68898421066928,0.13280751945220037,-0.018706819093346143,0.13280751945220037,0.0648089748658434,0.03102638979589758,0.0648089748658434
351.0,109.66644326569696,0.13285235402262957,-0.018725789956119916,0.13285235402262957,0.0648711843412581,0.030998059960096247,0.0648711843412581
351.0,109.64390548959486,0.13289718859305877,-0.01874476081889369,0.13289718859305877,0.0649333938166728,0.03096973012429492,0.0649333938166728
351.0,109.62137087754107,0.13294202316348797,-0.01876373168166747,0.13294202316348797,0.06499560329208753,0.030941400288493584,0.06499560329208753
351.0,109.59883942471902,0.13298685773391716,-0.018782702544441247,0.13298685773391716,0.06505781276750223,0.030913070452692253,0.06505781276750223
351.0,109.57631112631745,0.13303169230434633,-0.018801673407215024,0.13303169230434633,0.06512002224291695,0.030884740616890925,0.06512002224291695
351.0,109.5537859775305,0.13307652687477553,-0.018820644269988796,0.13307652687477553,0.06518223171833165,0.030856410781089597,0.06518223171833165
351.0,109.53126397355746,0.13312136144520476,-0.01883961513276258,0.13312136144520476,0.06524444119374638,0.030828080945288258,0.06524444119374638
351.0,109.50874510960308,0.13316619601563393,-0.018858585995536352,0.13316619601563393,0.06530665066916108,0.03079975110948693,0.06530665066916108
351.0,109.48622938087729,0.13321103058606312,-0.018877556858310128,0.13321103058606312,0.06536886014457578,0.030771421273685602,0.06536886014457578
351.0,109.46371678259533,0.13325586515649232,-0.018896527721083904,0.13325586515649232,0.0654310696199905,0.030743091437884274,0.0654310696199905
351.0,109.44120730997766,0.13330069972692152,-0.018915498583857684,0.13330069972692152,0.06549327909540521,0.030714761602082936,0.06549327909540521
351.0,109.41870095825003,0.13334553429735072,-0.01893446944663146,0.13334553429735072,0.06555548857081991,0.030686431766281608,0.06555548857081991
351.0,109.39619772264341,0.1333903688677799,-0.018953440309405233,0.1333903688677799,0.06561769804623463,0.03065810193048028,0.06561769804623463
351.0,109.37369759839397,0.1334352034382091,-0.018972411172179016,0.1334352034382091,0.06567990752164934,0.03062977209467894,0.06567990752164934
351.0,109.35120058074313,0.1334800380086383,-0.01899138203495279,0.1334800380086383,0.06574211699706406,0.030601442258877613,0.06574211699706406
351.0,109.32870666493749,0.13352487257906748,-0.019010352897726564,0.13352487257906748,0.06580432647247876,0.030573112423076285,0.06580432647247876
351.0,109.30621584622884,0.13356970714949667,-0.01902932376050034,0.13356970714949667,0.06586653594789346,0.030544782587274954,0.06586653594789346
351.0,109.28372811987411,0.13361454171992587,-0.01904829462327412,0.13361454171992587,0.06592874542330819,0.03051645275147362,0.06592874542330819
351.0,109.26124348113548,0.13365937629035507,-0.019067265486047896,0.13365937629035507,0.06599095489872289,0.03048812291567229,0.06599095489872289
351.0,109.2387619252802,0.13370421086078427,-0.019086236348821672,0.13370421086078427,0.06605316437413761,0.03045979307987096,0.06605316437413761
351.0,109.2162834475807,0.13374904543121346,-0.019105207211595452,0.13374904543121346,0.06611537384955232,0.030431463244069624,0.06611537384955232
351.0,109.19380804331455,0.13379388000164266,-0.019124178074369228,0.13379388000164266,0.06617758332496704,0.030403133408268296,0.06617758332496704
351.0,109.1713357077644,0.13383871457207186,-0.019143148937143,0.13383871457207186,0.06623979280038174,0.030374803572466965,0.06623979280038174
351.0,109.14886643621803,0.13388354914250106,-0.019162119799916777,0.13388354914250106,0.06630200227579644,0.030346473736665637,0.06630200227579644
351.0,109.12640022396835,0.13392838371293025,-0.019181090662690557,0.13392838371293025,0.06636421175121117,0.0303181439008643,0.06636421175121117
351.0,109.10393706631329,0.13397321828335945,-0.019200061525464333,0.13397321828335945,0.06642642122662587,0.03028981406506297,0.06642642122662587
351.0,109.08147695855591,0.13401805285378862,-0.01921903238823811,0.13401805285378862,0.06648863070204057,0.030261484229261643,0.06648863070204057
351.0,109.05901989600429,0.13406288742421785,-0.01923800325101189,0.13406288742421785,0.0665508401774553,0.030233154393460304,0.0665508401774553
351.0,109.03656587397157,0.13410772199464702,-0.019256974113785665,0.13410772199464702,0.06661304965287,0.030204824557658976,0.06661304965287
351.0,109.01411488777597,0.13415255656507621,-0.019275944976559437,0.13415255656507621,0.06667525912828472,0.030176494721857648,0.06667525912828472
351.0,108.99166693274067,0.13419858598500087,-0.0192948065662442,0.13419858598500087,0.0667382293874257,0.03014810628608305,0.0667382293874257
351.0,108.96922200419392,0.13424663915300508,-0.01931348307721831,0.13424663915300508,0.06680248820601362,0.030119618597989374,0.06680248820601362
351.0,108.94678009746897,0.13429469232100927,-0.01933215958819242,0.13429469232100927,0.0668667470246015,0.030091130909895708,0.0668667470246015
351.0,108.92434120790404,0.13434274548901348,-0.01935083609916653,0.13434274548901348,0.0669310058431894,0.030062643221802042,0.0669310058431894
351.0,108.90190533084235,0.13439079865701767,-0.019369512610140638,0.13439079865701767,0.06699526466177728,0.030034155533708373,0.06699526466177728
351.0,108.87947246163208,0.13443885182502188,-0.019388189121114754,0.13443885182502188,0.0670595234803652,0.030005667845614696,0.0670595234803652
351.0,108.85704259562638,0.13448690499302607,-0.019406865632088863,0.13448690499302607,0.06712378229895309,0.02997718015752103,0.06712378229895309
351.0,108.83461572818337,0.13453495816103028,-0.01942554214306297,0.13453495816103028,0.06718804111754098,0.029948692469427364,0.06718804111754098
351.0,108.81219185466607,0.13458301132903447,-0.019444218654037084,0.13458301132903447,0.0672522999361289,0.029920204781333688,0.0672522999361289
351.0,108.78977097044246,0.13463106449703868,-0.019462895165011193,0.13463106449703868,0.06731655875471679,0.02989171709324002,0.06731655875471679
351.0,108.76735307088543,0.13467911766504287,-0.019481571675985302,0.13467911766504287,0.06738081757330469,0.029863229405146352,0.06738081757330469
351.0,108.74493815137278,0.13472717083304706,-0.01950024818695941,0.13472717083304706,0.06744507639189258,0.029834741717052686,0.06744507639189258
351.0,108.72252620728715,0.13477522400105127,-0.019518924697933527,0.13477522400105127,0.06750933521048048,0.02980625402895901,0.06750933521048048
351.0,108.70011723401616,0.13482327716905546,-0.019537601208907636,0.13482327716905546,0.06757359402906837,0.029777766340865344,0.06757359402906837
351.0,108.67771122695224,0.13487133033705967,-0.019556277719881745,0.13487133033705967,0.06763785284765628,0.029749278652771678,0.06763785284765628
351.0,108.65530818149269,0.13491938350506388,-0.019574954230855857,0.13491938350506388,0.06770211166624418,0.029720790964678,0.06770211166624418
351.0,108.63290809303967,0.13496743667306807,-0.019593630741829966,0.13496743667306807,0.06776637048483208,0.02969230327658433,0.06776637048483208
351.0,108.61051095700022,0.13501548984107226,-0.019612307252804075,0.13501548984107226,0.06783062930341997,0.029663815588490666,0.06783062930341997
351.0,108.58811676878612,0.13506354300907647,-0.019630983763778184,0.13506354300907647,0.06789488812200786,0.029635327900397,0.06789488812200786
351.0,108.56572552381404,0.13511159617708066,-0.0196496602747523,0.13511159617708066,0.06795914694059578,0.029606840212303323,0.06795914694059578
351.0,108.54333721750545,0.13515964934508487,-0.01966833678572641,0.13515964934508487,0.06802340575918367,0.029578352524209657,0.06802340575918367
351.0,108.5209518452866,0.13520770251308906,-0.019687013296700518,0.13520770251308906,0.06808766457777156,0.029549864836115988,0.06808766457777156
351.0,108.49856940258853,0.13525575568109327,-0.019705689807674634,0.13525575568109327,0.06815192339635948,0.029521377148022315,0.06815192339635948
351.0,108.47618988484706,0.13530380884909746,-0.019724366318648743,0.13530380884909746,0.06821618221494737,0.029492889459928645,0.06821618221494737
351.0,108.4538132875028,0.13535186201710167,-0.019743042829622852,0.13535186201710167,0.06828044103353526,0.02946440177183498,0.06828044103353526
351.0,108.43143960600106,0.13539991518510586,-0.019761719340596957,0.13539991518510586,0.06834469985212314,0.029435914083741313,0.06834469985212314
351.0,108.40906883579196,0.13544796835311007,-0.019780395851571073,0.13544796835311007,0.06840895867071106,0.029407426395647637,0.06840895867071106
351.0,108.3867009723303,0.13549602152111426,-0.019799072362545182,0.13549602152111426,0.06847321748929895,0.029378938707553967,0.06847321748929895
351.0,108.36433601107564,0.13554407468911844,-0.01981774887351929,0.13554407468911844,0.06853747630788684,0.0293504510194603,0.06853747630788684
351.0,108.34197394749222,0.13559212785712266,-0.019836425384493407,0.13559212785712266,0.06860173512647476,0.029321963331366625,0.06860173512647476
351.0,108.31961477704904,0.13564018102512687,-0.019855101895467516,0.13564018102512687,0.06866599394506265,0.02929347564327296,0.06866599394506265
351.0,108.29725849521974,0.13568823419313106,-0.019873778406441625,0.13568823419313106,0.06873025276365054,0.029264987955179293,0.06873025276365054
351.0,108.27490509748264,0.13573628736113524,-0.019892454917415734,0.13573628736113524,0.06879451158223843,0.029236500267085623,0.06879451158223843
351.0,108.25255457932076,0.13578434052913946,-0.019911131428389846,0.13578434052913946,0.06885877040082634,0.02920801257899195,0.06885877040082634
351.0,108.23020693622176,0.13583239369714364,-0.019929807939363955,0.13583239369714364,0.06892302921941423,0.02917952489089828,0.06892302921941423
351.0,108.20786216367799,0.13588044686514786,-0.019948484450338064,0.13588044686514786,0.06898728803800212,0.029151037202804615,0.06898728803800212
351.0,108.18552025718638,0.13592850003315204,-0.019967160961312173,0.13592850003315204,0.06905154685659003,0.02912254951471095,0.06905154685659003
351.0,108.16318121224852,0.13597655320115626,-0.01998583747228629,0.13597655320115626,0.06911580567517793,0.029094061826617272,0.06911580567517793
351.0,108.14084502437065,0.13602460636916044,-0.020004513983260398,0.13602460636916044,0.06918006449376582,0.029065574138523603,0.06918006449376582
351.0,108.11851168906355,0.13607265953716463,-0.020023190494234507,0.13607265953716463,0.06924432331235372,0.029037086450429937,0.06924432331235372
351.0,108.09618120184267,0.13612071270516884,-0.02004186700520862,0.13612071270516884,0.06930858213094163,0.02900859876233626,0.06930858213094163
351.0,108.073853558228,0.13616876587317306,-0.02006054351618273,0.13616876587317306,0.06937284094952952,0.028980111074242594,0.06937284094952952
351.0,108.05152875374414,0.13621681904117725,-0.020079220027156838,0.13621681904117725,0.06943709976811742,0.028951623386148928,0.06943709976811742
351.0,108.02920678392024,0.13626487220918143,-0.020097896538130947,0.13626487220918143,0.06950135858670531,0.02892313569805526,0.06950135858670531
351.0,108.00688764429,0.13631292537718565,-0.020116573049105062,0.13631292537718565,0.06956561740529321,0.028894648009961586,0.06956561740529321
351.0,107.98457133039172,0.13636328023135705,-0.020135074137346935,0.13636328023135705,0.06963141578029454,0.028866021266019688,0.06963141578029454
351.0,107.96225783776815,0.13641466253592077,-0.020153496918581704,0.13641466253592077,0.0696979013983542,0.028837332448895164,0.0696979013983542
351.0,107.93994716196664,0.13646604484048447,-0.02017191969981648,0.13646604484048447,0.06976438701641391,0.02880864363177063,0.06976438701641391
351.0,107.91763929853906,0.1365174271450482,-0.020190342481051247,0.1365174271450482,0.06983087263447357,0.028779954814646104,0.06983087263447357
351.0,107.89533424304172,0.1365688094496119,-0.020208765262286016,0.1365688094496119,0.06989735825253325,0.02875126599752158,0.06989735825253325
351.0,107.87303199103549,0.13662019175417559,-0.020227188043520784,0.13662019175417559,0.06996384387059293,0.028722577180397054,0.06996384387059293
351.0,107.85073253808571,0.1366715740587393,-0.02024561082475556,0.1366715740587393,0.07003032948865262,0.02869388836327252,0.07003032948865262
351.0,107.82843587976221,0.136722956363303,-0.020264033605990328,0.136722956363303,0.07009681510671228,0.028665199546147997,0.07009681510671228
351.0,107.80614201163925,0.13677433866786673,-0.020282456387225097,0.13677433866786673,0.07016330072477196,0.02863651072902347,0.07016330072477196
351.0,107.78385092929557,0.13682572097243043,-0.020300879168459872,0.13682572097243043,0.07022978634283165,0.028607821911898937,0.07022978634283165
351.0,107.76156262831438,0.13687710327699415,-0.02031930194969464,0.13687710327699415,0.07029627196089133,0.028579133094774414,0.07029627196089133
351.0,107.73927710428332,0.13692848558155785,-0.02033772473092941,0.13692848558155785,0.07036275757895101,0.028550444277649887,0.07036275757895101
351.0,107.71699435279443,0.13697986788612154,-0.020356147512164177,0.13697986788612154,0.07042924319701069,0.028521755460525364,0.07042924319701069
351.0,107.69471436944417,0.13703125019068527,-0.02037457029339895,0.13703125019068527,0.07049572881507038,0.02849306664340083,0.07049572881507038
351.0,107.67243714983344,0.13708263249524896,-0.02039299307463372,0.13708263249524896,0.07056221443313004,0.028464377826276303,0.07056221443313004
351.0,107.65016268956752,0.13713401479981266,-0.02041141585586849,0.13713401479981266,0.07062870005118972,0.028435689009151777,0.07062870005118972
351.0,107.6278909842561,0.13718539710437638,-0.020429838637103258,0.13718539710437638,0.0706951856692494,0.028407000192027253,0.0706951856692494
351.0,107.60562202951319,0.1372367794089401,-0.02044826141833803,0.1372367794089401,0.07076167128730909,0.02837831137490272,0.07076167128730909
351.0,107.58335582095722,0.1372881617135038,-0.020466684199572798,0.1372881617135038,0.07082815690536877,0.028349622557778193,0.07082815690536877
351.0,107.56109235421101,0.1373395440180675,-0.020485106980807567,0.1373395440180675,0.07089464252342843,0.02832093374065367,0.07089464252342843
351.0,107.53883162490165,0.13739092632263122,-0.020503529762042342,0.13739092632263122,0.07096112814148813,0.028292244923529136,0.07096112814148813
351.0,107.51657362866062,0.13744230862719492,-0.02052195254327711,0.13744230862719492,0.0710276137595478,0.02826355610640461,0.0710276137595478
351.0,107.49431836112372,0.13749369093175862,-0.02054037532451188,0.13749369093175862,0.07109409937760748,0.028234867289280086,0.07109409937760748
351.0,107.47206581793107,0.13754507323632234,-0.020558798105746647,0.13754507323632234,0.07116058499566716,0.02820617847215556,0.07116058499566716
351.0,107.4498159947271,0.13759645554088606,-0.020577220886981423,0.13759645554088606,0.07122707061372685,0.028177489655031026,0.07122707061372685
351.0,107.42756888716055,0.13764783784544976,-0.02059564366821619,0.13764783784544976,0.07129355623178651,0.028148800837906503,0.07129355623178651
351.0,107.40532449088447,0.13769922015001346,-0.02061406644945096,0.13769922015001346,0.07136004184984619,0.028120112020781976,0.07136004184984619
351.0,107.3830828015561,0.13775060245457718,-0.020632489230685735,0.13775060245457718,0.07142652746790588,0.028091423203657442,0.07142652746790588
351.0,107.3608438148371,0.13780198475914088,-0.020650912011920503,0.13780198475914088,0.07149301308596556,0.02806273438653292,0.07149301308596556
351.0,107.33860752639326,0.13785336706370457,-0.02066933479315527,0.13785336706370457,0.07155949870402524,0.028034045569408392,0.07155949870402524
351.0,107.31637393189472,0.1379047493682683,-0.02068775757439004,0.1379047493682683,0.0716259843220849,0.02800535675228387,0.0716259843220849
351.0,107.29414302701579,0.137956131672832,-0.020706180355624812,0.137956131672832,0.07169246994014461,0.027976667935159336,0.07169246994014461
351.0,107.27191480743508,0.13800751397739572,-0.02072460313685958,0.13800751397739572,0.07175895555820427,0.02794797911803481,0.07175895555820427
351.0,107.24968926883537,0.13805889628195941,-0.02074302591809435,0.13805889628195941,0.07182544117626395,0.027919290300910286,0.07182544117626395
351.0,107.22746640690367,0.13811027858652314,-0.020761448699329124,0.13811027858652314,0.07189192679432364,0.027890601483785752,0.07189192679432364
351.0,107.20524621733126,0.13816166089108683,-0.020779871480563893,0.13816166089108683,0.07195841241238332,0.027861912666661225,0.07195841241238332
351.0,107.18302869581353,0.13821304319565053,-0.02079829426179866,0.13821304319565053,0.072024898030443,0.027833223849536702,0.072024898030443
351.0,107.1608138380501,0.13826442550021426,-0.02081671704303343,0.13826442550021426,0.07209138364850266,0.027804535032412175,0.07209138364850266
351.0,107.13860163974475,0.13831580780477795,-0.020835139824268205,0.13831580780477795,0.07215786926656236,0.027775846215287642,0.07215786926656236
351.0,107.11639209660545,0.13836719010934168,-0.020853562605502973,0.13836719010934168,0.07222435488462203,0.027747157398163115,0.07222435488462203
351.0,107.09418520434434,0.13841857241390537,-0.02087198538673774,0.13841857241390537,0.07229084050268171,0.027718468581038592,0.07229084050268171
351.0,107.07198095867767,0.13846995471846907,-0.02089040816797251,0.13846995471846907,0.07235732612074139,0.027689779763914065,0.07235732612074139
351.0,107.04977935532587,0.1385213370230328,-0.020908830949207285,0.1385213370230328,0.07242381173880108,0.02766109094678953,0.07242381173880108
351.0,107.02758039001348,0.1385727193275965,-0.020927253730442054,0.1385727193275965,0.07249029735686074,0.027632402129665008,0.07249029735686074
351.0,107.00538405846918,0.1386241016321602,-0.020945676511676822,0.1386241016321602,0.07255678297492042,0.02760371331254048,0.07255678297492042
351.0,106.98319035642571,0.1386780976928889,-0.020963936482684693,0.1386780976928889,0.07262509473591151,0.027574837847003097,0.07262509473591151
351.0,106.96099927962004,0.13873293087921715,-0.020982144309345422,0.13873293087921715,0.07269399136821413,0.027545902602299402,0.07269399136821413
351.0,106.93881082379308,0.13878776406554535,-0.02100035213600615,0.13878776406554535,0.07276288800051674,0.027516967357595703,0.07276288800051674
351.0,106.91662498468995,0.1388425972518736,-0.021018559962666876,0.1388425972518736,0.07283178463281934,0.027488032112892007,0.07283178463281934
351.0,106.89444175805977,0.13889743043820182,-0.02103676778932761,0.13889743043820182,0.07290068126512197,0.0274590968681883,0.07290068126512197
351.0,106.87226113965578,0.13895226362453006,-0.021054975615988337,0.13895226362453006,0.07296957789742457,0.027430161623484602,0.07296957789742457
351.0,106.85008312523523,0.13900709681085827,-0.021073183442649066,0.13900709681085827,0.07303847452972718,0.027401226378780907,0.07303847452972718
351.0,106.82790771055949,0.13906192999718653,-0.021091391269309798,0.13906192999718653,0.07310737116202981,0.0273722911340772,0.07310737116202981
351.0,106.80573489139387,0.13911676318351474,-0.021109599095970526,0.13911676318351474,0.07317626779433242,0.0273433558893735,0.07317626779433242
351.0,106.78356466350782,0.13917159636984297,-0.021127806922631255,0.13917159636984297,0.07324516442663503,0.027314420644669806,0.07324516442663503
351.0,106.76139702267474,0.1392264295561712,-0.02114601474929198,0.1392264295561712,0.07331406105893765,0.027285485399966107,0.07331406105893765
351.0,106.73923196467207,0.13928126274249944,-0.021164222575952713,0.13928126274249944,0.07338295769124027,0.0272565501552624,0.07338295769124027
351.0,106.71706948528127,0.13933609592882765,-0.02118243040261344,0.13933609592882765,0.07345185432354288,0.027227614910558706,0.07345185432354288
351.0,106.69490958028776,0.13939092911515588,-0.02120063822927417,0.13939092911515588,0.07352075095584548,0.027198679665855006,0.07352075095584548
351.0,106.67275224548096,0.13944576230148412,-0.021218846055934902,0.13944576230148412,0.07358964758814812,0.0271697444211513,0.07358964758814812
351.0,106.65059747665431,0.13950059548781235,-0.02123705388259563,0.13950059548781235,0.07365854422045072,0.027140809176447605,0.07365854422045072
351.0,106.62844526960514,0.13955542867414056,-0.021255261709256356,0.13955542867414056,0.07372744085275333,0.027111873931743906,0.07372744085275333
351.0,106.60629562013482,0.1396102618604688,-0.021273469535917085,0.1396102618604688,0.07379633748505594,0.02708293868704021,0.07379633748505594
351.0,106.58414852404863,0.13966509504679703,-0.021291677362577817,0.13966509504679703,0.07386523411735857,0.027054003442336504,0.07386523411735857
351.0,106.56200397715578,0.13971992823312526,-0.021309885189238546,0.13971992823312526,0.07393413074966118,0.027025068197632805,0.07393413074966118
351.0,106.53986197526945,0.1397747614194535,-0.021328093015899274,0.1397747614194535,0.07400302738196379,0.02699613295292911,0.07400302738196379
351.0,106.51772251420672,0.1398295946057817,-0.02134630084256,0.1398295946057817,0.0740719240142664,0.02696719770822541,0.0740719240142664
351.0,106.49558558978863,0.13988442779210994,-0.021364508669220735,0.13988442779210994,0.07414082064656903,0.026938262463521705,0.07414082064656903
351.0,106.47345119784005,0.13993926097843817,-0.02138271649588146,0.13993926097843817,0.07420971727887164,0.02690932721881801,0.07420971727887164
351.0,106.45131933418983,0.1399940941647664,-0.02140092432254219,0.1399940941647664,0.07427861391117424,0.026880391974114314,0.07427861391117424
351.0,106.42918999467065,0.14004892735109464,-0.02141913214920292,0.14004892735109464,0.07434751054347688,0.026851456729410608,0.07434751054347688
351.0,106.4070631751191,0.14010376053742288,-0.02143733997586365,0.14010376053742288,0.07441640717577948,0.02682252148470691,0.07441640717577948
351.0,106.38493887137564,0.14015859372375108,-0.02145554780252438,0.14015859372375108,0.07448530380808209,0.026793586240003213,0.07448530380808209
351.0,106.36281707928461,0.14021342691007932,-0.021473755629185104,0.14021342691007932,0.0745542004403847,0.026764650995299514,0.0745542004403847
351.0,106.34069779469415,0.14026826009640755,-0.02149196345584584,0.14026826009640755,0.07462309707268733,0.026735715750595808,0.07462309707268733
351.0,106.31858101345632,0.1403230932827358,-0.021510171282506565,0.1403230932827358,0.07469199370498994,0.026706780505892112,0.07469199370498994
351.0,106.29646673142697,0.140377926469064,-0.021528379109167294,0.140377926469064,0.07476089033729255,0.026677845261188413,0.07476089033729255
351.0,106.27435494446581,0.14043275965539223,-0.021546586935828026,0.14043275965539223,0.07482978696959518,0.026648910016484707,0.07482978696959518
351.0,106.25224564843634,0.14048759284172047,-0.021564794762488754,0.14048759284172047,0.07489868360189779,0.026619974771781012,0.07489868360189779
351.0,106.23013883920588,0.1405424260280487,-0.021583002589149483,0.1405424260280487,0.07496758023420039,0.026591039527077313,0.07496758023420039
351.0,106.2080345126456,0.1405972592143769,-0.02160121041581021,0.1405972592143769,0.075036476866503,0.026562104282373617,0.075036476866503
351.0,106.18593266463039,0.14065209240070517,-0.021619418242470944,0.14065209240070517,0.07510537349880562,0.02653316903766991,0.07510537349880562
351.0,106.16383329103897,0.14070692558703338,-0.02163762606913167,0.14070692558703338,0.07517427013110824,0.026504233792966212,0.07517427013110824
351.0,106.14173638775385,0.1407617587733616,-0.021655833895792398,0.1407617587733616,0.07524316676341085,0.026475298548262517,0.07524316676341085
351.0,106.1196419506613,0.14081659195968985,-0.02167404172245313,0.14081659195968985,0.07531206339571347,0.02644636330355881,0.07531206339571347
351.0,106.09754997565132,0.14087142514601808,-0.02169224954911386,0.14087142514601808,0.07538096002801609,0.02641742805885511,0.07538096002801609
351.0,106.07546045861773,0.1409262583323463,-0.021710457375774588,0.1409262583323463,0.0754498566603187,0.026388492814151416,0.0754498566603187
351.0,106.053373395458,0.14098109151867452,-0.021728665202435313,0.14098109151867452,0.0755187532926213,0.026359557569447717,0.0755187532926213
351.0,106.0312887820734,0.14103592470500276,-0.02174687302909605,0.14103592470500276,0.07558764992492394,0.02633062232474401,0.07558764992492394
351.0,106.00920661436898,0.141090757891331,-0.021765080855756774,0.141090757891331,0.07565654655722653,0.026301687080040315,0.07565654655722653
351.0,105.9871268882534,0.1411476810234249,-0.021783184972408037,0.1411476810234249,0.07572696083963452,0.026272580550313573,0.07572696083963452
351.0,105.96504959963909,0.14120609876397971,-0.02180121492165258,0.14120609876397971,0.07579846045771264,0.02624335152743468,0.07579846045771264
351.0,105.94297474444215,0.14126451650453453,-0.021819244870897127,0.14126451650453453,0.07586996007579078,0.026214122504555782,0.07586996007579078
351.0,105.92090231858245,0.14132293424508932,-0.02183727482014167,0.14132293424508932,0.0759414596938689,0.026184893481676887,0.0759414596938689
351.0,105.89883231798346,0.14138135198564414,-0.021855304769386213,0.14138135198564414,0.07601295931194701,0.026155664458797995,0.07601295931194701
351.0,105.87676473857236,0.14143976972619896,-0.021873334718630764,0.14143976972619896,0.07608445893002516,0.026126435435919096,0.07608445893002516
351.0,105.85469957628003,0.14149818746675374,-0.021891364667875307,0.14149818746675374,0.07615595854810327,0.026097206413040204,0.07615595854810327
351.0,105.83263682704096,0.14155660520730853,-0.02190939461711985,0.14155660520730853,0.07622745816618139,0.026067977390161312,0.07622745816618139
351.0,105.81057648679332,0.14161502294786335,-0.021927424566364394,0.14161502294786335,0.0762989577842595,0.02603874836728242,0.0762989577842595
351.0,105.78851855147893,0.14167344068841817,-0.02194545451560894,0.14167344068841817,0.07637045740233764,0.026009519344403518,0.07637045740233764
351.0,105.76646301704325,0.14173185842897296,-0.021963484464853484,0.14173185842897296,0.07644195702041576,0.025980290321524626,0.07644195702041576
351.0,105.74440987943534,0.14179027616952777,-0.021981514414098027,0.14179027616952777,0.07651345663849388,0.025951061298645734,0.07651345663849388
351.0,105.72235913460793,0.1418486939100826,-0.021999544363342574,0.1418486939100826,0.07658495625657202,0.025921832275766835,0.07658495625657202
351.0,105.7003107785173,0.14190711165063738,-0.022017574312587117,0.14190711165063738,0.07665645587465013,0.025892603252887943,0.07665645587465013
351.0,105.6782648071234,0.14196552939119217,-0.02203560426183166,0.14196552939119217,0.07672795549272825,0.02586337423000905,0.07672795549272825
351.0,105.65622121638971,0.14202394713174699,-0.022053634211076204,0.14202394713174699,0.07679945511080637,0.02583414520713016,0.07679945511080637
351.0,105.63418000228334,0.1420823648723018,-0.022071664160320754,0.1420823648723018,0.0768709547288845,0.025804916184251257,0.0768709547288845
351.0,105.612141160775,0.1421407826128566,-0.022089694109565298,0.1421407826128566,0.07694245434696262,0.025775687161372365,0.07694245434696262
351.0,105.59010468783892,0.1421992003534114,-0.02210772405880984,0.1421992003534114,0.07701395396504074,0.025746458138493473,0.07701395396504074
351.0,105.56807057945292,0.14225761809396623,-0.022125754008054388,0.14225761809396623,0.07708545358311888,0.02571722911561457,0.07708545358311888
351.0,105.54603883159838,0.14231603583452102,-0.02214378395729893,0.14231603583452102,0.07715695320119699,0.02568800009273568,0.07715695320119699
351.0,105.52400944026022,0.1423744535750758,-0.022161813906543475,0.1423744535750758,0.07722845281927511,0.025658771069856787,0.07722845281927511
351.0,105.50198240142691,0.14243287131563062,-0.022179843855788018,0.14243287131563062,0.07729995243735323,0.025629542046977895,0.07729995243735323
351.0,105.47995771109044,0.14249128905618544,-0.022197873805032565,0.14249128905618544,0.07737145205543136,0.025600313024098997,0.07737145205543136
351.0,105.45793536524631,0.14254970679674023,-0.022215903754277108,0.14254970679674023,0.07744295167350948,0.025571084001220105,0.07744295167350948
351.0,105.4359153598936,0.14260812453729502,-0.02223393370352165,0.14260812453729502,0.0775144512915876,0.025541854978341213,0.0775144512915876
351.0,105.41389769103482,0.14266654227784983,-0.022251963652766202,0.14266654227784983,0.07758595090966573,0.02551262595546231,0.07758595090966573
351.0,105.391882354676,0.14272496001840465,-0.022269993602010745,0.14272496001840465,0.07765745052774385,0.02548339693258342,0.07765745052774385
351.0,105.36986934682672,0.14278337775895944,-0.02228802355125529,0.14278337775895944,0.07772895014582197,0.025454167909704527,0.07772895014582197
351.0,105.34785866349995,0.14284179549951426,-0.022306053500499832,0.14284179549951426,0.07780044976390009,0.025424938886825635,0.07780044976390009
351.0,105.32585030071222,0.14290021324006907,-0.02232408344974438,0.14290021324006907,0.07787194938197822,0.025395709863946736,0.07787194938197822
351.0,105.30384425448351,0.14295863098062386,-0.022342113398988922,0.14295863098062386,0.07794344900005634,0.02536648084106784,0.07794344900005634
351.0,105.2818405208372,0.14301704872117865,-0.022360143348233465,0.14301704872117865,0.07801494861813446,0.02533725181818895,0.07801494861813446
351.0,105.2598390958002,0.14307546646173347,-0.02237817329747801,0.14307546646173347,0.07808644823621258,0.025308022795310057,0.07808644823621258
351.0,105.23783997540284,0.1431338842022883,-0.022396203246722556,0.1431338842022883,0.07815794785429071,0.025278793772431158,0.07815794785429071
351.0,105.21584315567885,0.14319230194284308,-0.0224142331959671,0.14319230194284308,0.07822944747236883,0.025249564749552266,0.07822944747236883
351.0,105.19384863266548,0.1432507196833979,-0.022432263145211642,0.1432507196833979,0.07830094709044695,0.025220335726673374,0.07830094709044695
351.0,105.17185640240328,0.1433091374239527,-0.022450293094456193,0.1433091374239527,0.07837244670852508,0.025191106703794472,0.07837244670852508
351.0,105.14986646093631,0.1433675551645075,-0.022468323043700736,0.1433675551645075,0.0784439463266032,0.02516187768091558,0.0784439463266032
351.0,105.12787880431199,0.1434259729050623,-0.02248635299294528,0.1434259729050623,0.07851544594468132,0.025132648658036688,0.07851544594468132
351.0,105.10589342858118,0.1434843906456171,-0.022504382942189823,0.1434843906456171,0.07858694556275944,0.025103419635157796,0.07858694556275944
351.0,105.08391032979809,0.14354280838617192,-0.02252241289143437,0.14354280838617192,0.07865844518083757,0.025074190612278897,0.07865844518083757
351.0,105.06192950402033,0.1436012261267267,-0.022540442840678913,0.1436012261267267,0.0787299447989157,0.025044961589400005,0.0787299447989157
351.0,105.03995094730887,0.14365964386728153,-0.022558472789923456,0.14365964386728153,0.07880144441699381,0.025015732566521114,0.07880144441699381
351.0,105.01797465572807,0.14371806160783634,-0.022576502739168006,0.14371806160783634,0.07887294403507195,0.02498650354364221,0.07887294403507195
351.0,104.99600062534564,0.14377715843074396,-0.022594506775093157,0.14377715843074396,0.07894495398000406,0.024957212046851546,0.07894495398000406
351.0,104.97402885223266,0.14383930714180737,-0.02261239435304793,0.14383930714180737,0.07901925740300225,0.024927639783831876,0.07901925740300225
351.0,104.95205933246353,0.14390145585287079,-0.0226302819310027,0.14390145585287079,0.07909356082600043,0.024898067520812205,0.07909356082600043
351.0,104.930092062116,0.1439636045639342,-0.02264816950895748,0.1439636045639342,0.07916786424899865,0.024868495257792528,0.07916786424899865
351.0,104.90812703727113,0.14402575327499761,-0.02266605708691225,0.14402575327499761,0.07924216767199684,0.024838922994772857,0.07924216767199684
351.0,104.88616425401335,0.14408790198606103,-0.022683944664867024,0.14408790198606103,0.07931647109499503,0.024809350731753187,0.07931647109499503
351.0,104.86420370843034,0.14415005069712444,-0.022701832242821803,0.14415005069712444,0.07939077451799323,0.02477977846873351,0.07939077451799323
351.0,104.84224539661315,0.14421219940818786,-0.022719719820776575,0.14421219940818786,0.07946507794099142,0.02475020620571384,0.07946507794099142
351.0,104.8202893146561,0.14427434811925127,-0.022737607398731347,0.14427434811925127,0.07953938136398961,0.024720633942694168,0.07953938136398961
351.0,104.7983354586568,0.1443364968303147,-0.02275549497668612,0.1443364968303147,0.0796136847869878,0.0246910616796745,0.0796136847869878
351.0,104.77638382471612,0.1443986455413781,-0.022773382554640897,0.1443986455413781,0.079687988209986,0.02466148941665482,0.079687988209986
351.0,104.7544344089383,0.14446079425244152,-0.02279127013259567,0.14446079425244152,0.07976229163298419,0.024631917153635153,0.07976229163298419
351.0,104.73248720743071,0.14452294296350493,-0.02280915771055044,0.14452294296350493,0.07983659505598238,0.024602344890615482,0.07983659505598238
351.0,104.7105422163041,0.14458509167456832,-0.022827045288505213,0.14458509167456832,0.07991089847898056,0.024572772627595812,0.07991089847898056
351.0,104.68859943167246,0.14464724038563176,-0.022844932866459992,0.14464724038563176,0.07998520190197878,0.024543200364576134,0.07998520190197878
351.0,104.66665884965295,0.14470938909669517,-0.022862820444414764,0.14470938909669517,0.08005950532497697,0.024513628101556464,0.08005950532497697
351.0,104.64472046636607,0.1447715378077586,-0.022880708022369536,0.1447715378077586,0.08013380874797515,0.024484055838536793,0.08013380874797515
351.0,104.62278427793544,0.144833686518822,-0.022898595600324315,0.144833686518822,0.08020811217097336,0.024454483575517116,0.08020811217097336
351.0,104.60085028048802,0.14489583522988542,-0.022916483178279087,0.14489583522988542,0.08028241559397155,0.024424911312497445,0.08028241559397155
351.0,104.57891847015392,0.14495798394094883,-0.02293437075623386,0.14495798394094883,0.08035671901696974,0.024395339049477775,0.08035671901696974
351.0,104.55698884306649,0.14502013265201222,-0.02295225833418863,0.14502013265201222,0.08043102243996791,0.024365766786458104,0.08043102243996791
351.0,104.53506139536226,0.14508228136307566,-0.02297014591214341,0.14508228136307566,0.08050532586296613,0.024336194523438427,0.08050532586296613
351.0,104.51313612318097,0.14514443007413907,-0.022988033490098182,0.14514443007413907,0.08057962928596432,0.024306622260418756,0.08057962928596432
351.0,104.49121302266555,0.14520657878520246,-0.023005921068052954,0.14520657878520246,0.08065393270896251,0.02427704999739909,0.08065393270896251
351.0,104.4692920899621,0.1452687274962659,-0.023023808646007733,0.1452687274962659,0.08072823613196072,0.024247477734379408,0.08072823613196072
351.0,104.4473733212199,0.14533087620732932,-0.023041696223962505,0.14533087620732932,0.0808025395549589,0.024217905471359737,0.0808025395549589
351.0,104.42545671259141,0.1453930249183927,-0.023059583801917277,0.1453930249183927,0.0808768429779571,0.02418833320834007,0.0808768429779571
351.0,104.40354226023224,0.14545517362945612,-0.02307747137987205,0.14545517362945612,0.08095114640095527,0.0241587609453204,0.08095114640095527
351.0,104.38162996030114,0.14551732234051956,-0.023095358957826828,0.14551732234051956,0.08102544982395349,0.024129188682300722,0.08102544982395349
351.0,104.35971980896,0.14557947105158295,-0.0231132465357816,0.14557947105158295,0.08109975324695168,0.02409961641928105,0.08109975324695168
351.0,104.33781180237389,0.14564161976264636,-0.023131134113736372,0.14564161976264636,0.08117405666994987,0.02407004415626138,0.08117405666994987
351.0,104.31590593671098,0.1457037684737098,-0.02314902169169115,0.1457037684737098,0.08124836009294807,0.024040471893241704,0.08124836009294807
351.0,104.29400220814256,0.1457659171847732,-0.023166909269645923,0.1457659171847732,0.08132266351594626,0.024010899630222033,0.08132266351594626
351.0,104.27210061284305,0.1458280658958366,-0.023184796847600695,0.1458280658958366,0.08139696693894445,0.023981327367202362,0.08139696693894445
351.0,104.25020114698997,0.14589021460690002,-0.023202684425555467,0.14589021460690002,0.08147127036194263,0.023951755104182692,0.08147127036194263
351.0,104.22830380676395,0.14595236331796346,-0.023220572003510246,0.14595236331796346,0.08154557378494084,0.023922182841163014,0.08154557378494084
351.0,104.2064085883487,0.14601451202902685,-0.023238459581465018,0.14601451202902685,0.08161987720793903,0.023892610578143344,0.08161987720793903
351.0,104.18451548793102,0.14607666074009026,-0.02325634715941979,0.14607666074009026,0.08169418063093722,0.023863038315123673,0.08169418063093722
351.0,104.16262450170083,0.14613880945115368,-0.023274234737374565,0.14613880945115368,0.0817684840539354,0.023833466052104006,0.0817684840539354
351.0,104.14073562585108,0.1462009581622171,-0.02329212231532934,0.1462009581622171,0.08184278747693362,0.023803893789084325,0.08184278747693362
351.0,104.11884885657778,0.1462631068732805,-0.023310009893284113,0.1462631068732805,0.08191709089993181,0.023774321526064658,0.08191709089993181
351.0,104.09696419008006,0.14632525558434392,-0.023327897471238885,0.14632525558434392,0.08199139432293,0.023744749263044988,0.08199139432293
351.0,104.07508162256,0.14638740429540734,-0.023345785049193664,0.14638740429540734,0.0820656977459282,0.023715177000025307,0.0820656977459282
351.0,104.05320115022285,0.14644955300647075,-0.023363672627148436,0.14644955300647075,0.08214000116892639,0.02368560473700564,0.08214000116892639
351.0,104.03132276927681,0.14651170171753417,-0.023381560205103208,0.14651170171753417,0.08221430459192458,0.02365603247398597,0.08221430459192458
351.0,104.00944647593312,0.14657385042859758,-0.023399447783057983,0.14657385042859758,0.08228860801492276,0.0236264602109663,0.08228860801492276
351.0,103.98757226640608,0.14663820984602655,-0.023417273813995665,0.14663820984602655,0.08236462422781818,0.023596663596437282,0.08236462422781818
351.0,103.96570013691297,0.1467042495690796,-0.02343505306450127,0.1467042495690796,0.08244194229180607,0.023566696457632055,0.08244194229180607
351.0,103.94383008367413,0.14677028929213265,-0.023452832315006878,0.14677028929213265,0.08251926035579397,0.023536729318826825,0.08251926035579397
351.0,103.92196210291283,0.14683632901518573,-0.023470611565512486,0.14683632901518573,0.0825965784197819,0.02350676218002159,0.0825965784197819
351.0,103.90009619085542,0.1469023687382388,-0.02348839081601809,0.1469023687382388,0.08267389648376978,0.023476795041216362,0.08267389648376978
351.0,103.87823234373118,0.14696840846129186,-0.023506170066523696,0.14696840846129186,0.08275121454775769,0.023446827902411135,0.08275121454775769
351.0,103.85637055777238,0.1470344481843449,-0.0235239493170293,0.1470344481843449,0.08282853261174558,0.023416860763605905,0.08282853261174558
351.0,103.83451082921428,0.147100487907398,-0.023541728567534913,0.147100487907398,0.0829058506757335,0.02338689362480067,0.0829058506757335
351.0,103.81265315429513,0.14716652763045104,-0.023559507818040518,0.14716652763045104,0.0829831687397214,0.023356926485995442,0.0829831687397214
351.0,103.7907975292561,0.1472325673535041,-0.023577287068546122,0.1472325673535041,0.0830604868037093,0.023326959347190215,0.0830604868037093
351.0,103.76894395034132,0.14729860707655718,-0.023595066319051734,0.14729860707655718,0.08313780486769722,0.02329699220838498,0.08313780486769722
351.0,103.74709241379792,0.14736464679961025,-0.02361284556955734,0.14736464679961025,0.0832151229316851,0.02326702506957975,0.0832151229316851
351.0,103.72524291587588,0.1474306865226633,-0.023630624820062944,0.1474306865226633,0.08329244099567301,0.023237057930774522,0.08329244099567301
351.0,103.7033954528282,0.14749672624571636,-0.02364840407056855,0.14749672624571636,0.0833697590596609,0.023207090791969295,0.0833697590596609
351.0,103.68155002091078,0.14756276596876944,-0.023666183321074157,0.14756276596876944,0.08344707712364882,0.02317712365316406,0.08344707712364882
351.0,103.65970661638242,0.1476288056918225,-0.023683962571579762,0.1476288056918225,0.08352439518763673,0.02314715651435883,0.08352439518763673
351.0,103.63786523550486,0.14769484541487554,-0.023701741822085367,0.14769484541487554,0.08360171325162462,0.023117189375553602,0.08360171325162462
351.0,103.61602587454273,0.14776088513792862,-0.023719521072590975,0.14776088513792862,0.08367903131561251,0.023087222236748375,0.08367903131561251
351.0,103.59418852976357,0.1478269248609817,-0.023737300323096584,0.1478269248609817,0.08375634937960043,0.02305725509794314,0.08375634937960043
351.0,103.57235319743782,0.14789296458403475,-0.02375507957360219,0.14789296458403475,0.08383366744358833,0.02302728795913791,0.08383366744358833
351.0,103.55051987383878,0.1479590043070878,-0.023772858824107793,0.1479590043070878,0.08391098550757622,0.022997320820332682,0.08391098550757622
351.0,103.52868855524268,0.14802504403014088,-0.023790638074613405,0.14802504403014088,0.08398830357156414,0.022967353681527445,0.08398830357156414
351.0,103.50685923792857,0.14809108375319394,-0.02380841732511901,0.14809108375319394,0.08406562163555205,0.02293738654272222,0.08406562163555205
351.0,103.48503191817838,0.14815712347624702,-0.023826196575624615,0.14815712347624702,0.08414293969953994,0.02290741940391699,0.08414293969953994
351.0,103.46320659227696,0.14822316319930007,-0.02384397582613022,0.14822316319930007,0.08422025776352783,0.022877452265111762,0.08422025776352783
351.0,103.4413832565119,0.14828920292235315,-0.02386175507663583,0.14828920292235315,0.08429757582751576,0.022847485126306525,0.08429757582751576
351.0,103.41956190717376,0.1483552426454062,-0.023879534327141436,0.1483552426454062,0.08437489389150366,0.0228175179875013,0.08437489389150366
351.0,103.39774254055584,0.14842128236845925,-0.02389731357764704,0.14842128236845925,0.08445221195549155,0.02278755084869607,0.08445221195549155
351.0,103.37592515295432,0.14848732209151233,-0.02391509282815265,0.14848732209151233,0.08452953001947947,0.02275758370989083,0.08452953001947947
351.0,103.35410974066825,0.14855336181456538,-0.023932872078658254,0.14855336181456538,0.08460684808346737,0.022727616571085605,0.08460684808346737
351.0,103.33229629999938,0.14861940153761846,-0.02395065132916386,0.14861940153761846,0.08468416614745526,0.02269764943228038,0.08468416614745526
351.0,103.31048482725241,0.1486854412606715,-0.023968430579669464,0.1486854412606715,0.08476148421144317,0.02266768229347515,0.08476148421144317
351.0,103.28867531873473,0.1487514809837246,-0.023986209830175076,0.1487514809837246,0.08483880227543109,0.02263771515466991,0.08483880227543109
351.0,103.26686777075663,0.14881752070677765,-0.02400398908068068,0.14881752070677765,0.08491612033941898,0.022607748015864685,0.08491612033941898
351.0,103.24506217963113,0.1488835604298307,-0.024021768331186286,0.1488835604298307,0.08499343840340687,0.02257778087705946,0.08499343840340687
351.0,103.22325854167406,0.14894960015288378,-0.024039547581691897,0.14894960015288378,0.08507075646739479,0.02254781373825422,0.08507075646739479
351.0,103.20145685320401,0.14901563987593683,-0.024057326832197502,0.14901563987593683,0.08514807453138269,0.02251784659944899,0.08514807453138269
351.0,103.17965711054238,0.1490816795989899,-0.024075106082703107,0.1490816795989899,0.08522539259537058,0.022487879460643765,0.08522539259537058
351.0,103.15785931001331,0.14914771932204296,-0.024092885333208712,0.14914771932204296,0.08530271065935849,0.02245791232183854,0.08530271065935849
351.0,103.13606344794371,0.14921375904509604,-0.02411066458371432,0.14921375904509604,0.08538002872334641,0.0224279451830333,0.08538002872334641
351.0,103.11426952066326,0.1492797987681491,-0.02412844383421993,0.1492797987681491,0.0854573467873343,0.02239797804422807,0.0854573467873343
351.0,103.09247752450436,0.14934583849120214,-0.024146223084725534,0.14934583849120214,0.08553466485132219,0.022368010905422845,0.08553466485132219
351.0,103.07068745580219,0.1494118782142552,-0.02416400233523114,0.1494118782142552,0.0856119829153101,0.02233804376661762,0.0856119829153101
351.0,103.04889931089457,0.14947791793730827,-0.024181781585736747,0.14947791793730827,0.08568930097929801,0.02230807662781238,0.08568930097929801
351.0,103.02711308612221,0.14954395766036135,-0.02419956083624235,0.14954395766036135,0.0857666190432859,0.02227810948900715,0.0857666190432859
351.0,103.00532877782841,0.1496099973834144,-0.024217340086747956,0.1496099973834144,0.08584393710727381,0.022248142350201925,0.08584393710727381
351.0,102.98354638235922,0.14967910814100424,-0.024235062204585222,0.14967910814100424,0.08592370008998679,0.022217836257296553,0.08592370008998679
351.0,102.96176589606343,0.14974921346059,-0.024252765819869033,0.14974921346059,0.0860042548655689,0.022187420393282357,0.0860042548655689
351.0,102.93998731529248,0.14981931878017576,-0.024270469435152844,0.14981931878017576,0.086084809641151,0.02215700452926816,0.086084809641151
351.0,102.91821063640057,0.14988942409976153,-0.024288173050436655,0.14988942409976153,0.0861653644167331,0.022126588665253966,0.0861653644167331
351.0,102.89643585574456,0.14995952941934731,-0.024305876665720472,0.14995952941934731,0.08624591919231524,0.022096172801239763,0.08624591919231524
351.0,102.87466296968397,0.15002963473893305,-0.024323580281004283,0.15002963473893305,0.08632647396789735,0.022065756937225567,0.08632647396789735
351.0,102.85289197458104,0.1500997400585188,-0.024341283896288094,0.1500997400585188,0.08640702874347944,0.02203534107321137,0.08640702874347944
351.0,102.83112286680065,0.1501698453781046,-0.02435898751157191,0.1501698453781046,0.08648758351906158,0.022004925209197168,0.08648758351906158
351.0,102.80935564271036,0.15023995069769036,-0.02437669112685572,0.15023995069769036,0.08656813829464369,0.021974509345182972,0.08656813829464369
351.0,102.78759029868039,0.15031005601727612,-0.02439439474213953,0.15031005601727612,0.08664869307022578,0.021944093481168776,0.08664869307022578
351.0,102.7658268310836,0.15038016133686188,-0.02441209835742334,0.15038016133686188,0.08672924784580789,0.02191367761715458,0.08672924784580789
351.0,102.74406523629551,0.15045026665644767,-0.02442980197270716,0.15045026665644767,0.08680980262139003,0.021883261753140374,0.08680980262139003
351.0,102.72230551069427,0.15052037197603343,-0.02444750558799097,0.15052037197603343,0.08689035739697212,0.021852845889126178,0.08689035739697212
351.0,102.70054765066068,0.1505904772956192,-0.02446520920327478,0.1505904772956192,0.08697091217255423,0.021822430025111986,0.08697091217255423
351.0,102.67879165257813,0.15066058261520496,-0.024482912818558595,0.15066058261520496,0.08705146694813637,0.02179201416109778,0.08705146694813637
351.0,102.65703751283267,0.15073068793479072,-0.024500616433842406,0.15073068793479072,0.08713202172371848,0.021761598297083583,0.08713202172371848
351.0,102.63528522781296,0.15080079325437648,-0.024518320049126217,0.15080079325437648,0.08721257649930057,0.021731182433069388,0.08721257649930057
351.0,102.61353479391025,0.15087089857396224,-0.024536023664410028,0.15087089857396224,0.08729313127488268,0.02170076656905519,0.08729313127488268
351.0,102.59178620751838,0.15094100389354803,-0.024553727279693845,0.15094100389354803,0.08737368605046482,0.02167035070504099,0.08737368605046482
351.0,102.57003946503384,0.1510111092131338,-0.024571430894977656,0.1510111092131338,0.08745424082604691,0.021639934841026793,0.08745424082604691
351.0,102.54829456285567,0.15108121453271955,-0.024589134510261467,0.15108121453271955,0.08753479560162902,0.021609518977012597,0.08753479560162902
351.0,102.52655149738548,0.15115131985230532,-0.024606838125545278,0.15115131985230532,0.08761535037721113,0.0215791031129984,0.08761535037721113
351.0,102.50481026502747,0.15122142517189108,-0.024624541740829092,0.15122142517189108,0.08769590515279325,0.021548687248984198,0.08769590515279325
351.0,102.48307086218847,0.15129153049147684,-0.024642245356112903,0.15129153049147684,0.08777645992837536,0.021518271384970002,0.08777645992837536
351.0,102.46133328527776,0.1513616358110626,-0.024659948971396714,0.1513616358110626,0.08785701470395747,0.021487855520955806,0.08785701470395747
351.0,102.43959753070727,0.1514317411306484,-0.024677652586680532,0.1514317411306484,0.08793756947953961,0.0214574396569416,0.08793756947953961
351.0,102.41786359489149,0.15150184645023415,-0.024695356201964343,0.15150184645023415,0.0880181242551217,0.021427023792927408,0.0880181242551217
351.0,102.39613147424735,0.1515719517698199,-0.024713059817248154,0.1515719517698199,0.08809867903070381,0.021396607928913212,0.08809867903070381
351.0,102.37440116519446,0.15164205708940567,-0.024730763432531964,0.15164205708940567,0.08817923380628592,0.021366192064899016,0.08817923380628592
351.0,102.35267266415484,0.15171216240899146,-0.02474846704781578,0.15171216240899146,0.08825978858186805,0.02133577620088481,0.08825978858186805
351.0,102.33094596755313,0.1517822677285772,-0.02476617066309959,0.1517822677285772,0.08834034335745015,0.021305360336870614,0.08834034335745015
351.0,102.30922107181645,0.15185237304816296,-0.0247838742783834,0.15185237304816296,0.08842089813303226,0.021274944472856418,0.08842089813303226
351.0,102.28749797337443,0.15192247836774875,-0.024801577893667215,0.15192247836774875,0.08850145290861439,0.021244528608842215,0.08850145290861439
351.0,102.26577666865923,0.1519925836873345,-0.024819281508951026,0.1519925836873345,0.0885820076841965,0.02121411274482802,0.0885820076841965
351.0,102.2440571541055,0.15206268900692027,-0.024836985124234837,0.15206268900692027,0.0886625624597786,0.021183696880813823,0.0886625624597786
351.0,102.22233942615041,0.15213279432650603,-0.024854688739518647,0.15213279432650603,0.08874311723536071,0.021153281016799627,0.08874311723536071
351.0,102.20062348123359,0.15220289964609182,-0.024872392354802465,0.15220289964609182,0.08882367201094284,0.021122865152785424,0.08882367201094284
351.0,102.17890931579718,0.15227300496567758,-0.024890095970086276,0.15227300496567758,0.08890422678652495,0.02109244928877123,0.08890422678652495
351.0,102.15719692628579,0.15234311028526334,-0.024907799585370087,0.15234311028526334,0.08898478156210705,0.021062033424757032,0.08898478156210705
351.0,102.1354863091465,0.1524132156048491,-0.0249255032006539,0.1524132156048491,0.08906533633768918,0.02103161756074283,0.08906533633768918
351.0,102.11377746082886,0.15248332092443487,-0.024943206815937712,0.15248332092443487,0.08914589111327129,0.021001201696728634,0.08914589111327129
351.0,102.09207037778489,0.15255342624402063,-0.024960910431221523,0.15255342624402063,0.0892264458888534,0.020970785832714438,0.0892264458888534
351.0,102.07036505646906,0.1526235315636064,-0.024978614046505334,0.1526235315636064,0.0893070006644355,0.020940369968700242,0.0893070006644355
351.0,102.04866149333829,0.15269363688319218,-0.024996317661789152,0.15269363688319218,0.08938755544001763,0.020909954104686036,0.08938755544001763
351.0,102.02695968485195,0.15276374220277794,-0.025014021277072963,0.15276374220277794,0.08946811021559974,0.02087953824067184,0.08946811021559974
351.0,102.00525962747182,0.1528338475223637,-0.025031724892356774,0.1528338475223637,0.08954866499118184,0.020849122376657647,0.08954866499118184
351.0,101.98356131766214,0.15290717697421935,-0.025049395047102126,0.15290717697421935,0.08963184962131553,0.020818324074484897,0.08963184962131553
351.0,101.96186475188958,0.15298153795962618,-0.02506705449643431,0.15298153795962618,0.08971587565092586,0.02078740341449344,0.08971587565092586
351.0,101.94016992662321,0.153055898945033,-0.025084713945766487,0.153055898945033,0.0897999016805362,0.02075648275450198,0.0897999016805362
351.0,101.91847683833453,0.15313025993043983,-0.02510237339509867,0.15313025993043983,0.08988392771014654,0.020725562094510527,0.08988392771014654
351.0,101.89678548349742,0.15320462091584666,-0.025120032844430856,0.15320462091584666,0.0899679537397569,0.020694641434519063,0.0899679537397569
351.0,101.87509585858822,0.15327898190125347,-0.025137692293763034,0.15327898190125347,0.09005197976936724,0.020663720774527605,0.09005197976936724
351.0,101.8534079600856,0.1533533428866603,-0.025155351743095217,0.1533533428866603,0.09013600579897758,0.02063280011453615,0.09013600579897758
351.0,101.83172178447067,0.1534277038720671,-0.025173011192427396,0.1534277038720671,0.09022003182858791,0.020601879454544694,0.09022003182858791
351.0,101.81003732822688,0.15350206485747397,-0.02519067064175958,0.15350206485747397,0.09030405785819828,0.02057095879455323,0.09030405785819828
351.0,101.7883545878401,0.15357642584288078,-0.02520833009109176,0.15357642584288078,0.09038808388780863,0.02054003813456177,0.09038808388780863
351.0,101.76667355979856,0.15365078682828762,-0.025225989540423942,0.15365078682828762,0.09047210991741896,0.020509117474570317,0.09047210991741896
351.0,101.74499424059285,0.15372514781369445,-0.025243648989756128,0.15372514781369445,0.09055613594702933,0.020478196814578853,0.09055613594702933
351.0,101.72331662671591,0.15379950879910126,-0.025261308439088307,0.15379950879910126,0.09064016197663965,0.020447276154587395,0.09064016197663965
351.0,101.70164071466307,0.1538738697845081,-0.02527896788842049,0.1538738697845081,0.09072418800625,0.02041635549459594,0.09072418800625
351.0,101.679966500932,0.1539482307699149,-0.025296627337752668,0.1539482307699149,0.09080821403586034,0.020385434834604484,0.09080821403586034
351.0,101.65829398202266,0.15402259175532174,-0.025314286787084854,0.15402259175532174,0.0908922400654707,0.02035451417461302,0.0908922400654707
351.0,101.63662315443743,0.15409695274072857,-0.025331946236417033,0.15409695274072857,0.09097626609508104,0.02032359351462156,0.09097626609508104
351.0,101.61495401468098,0.15417131372613538,-0.025349605685749215,0.15417131372613538,0.09106029212469138,0.020292672854630107,0.09106029212469138
351.0,101.59328655926029,0.15424567471154224,-0.0253672651350814,0.15424567471154224,0.09114431815430174,0.020261752194638643,0.09114431815430174
351.0,101.57162078468473,0.15432003569694905,-0.02538492458441358,0.15432003569694905,0.09122834418391208,0.020230831534647185,0.09122834418391208
351.0,101.54995668746587,0.15439439668235588,-0.025402584033745762,0.15439439668235588,0.09131237021352243,0.020199910874655728,0.09131237021352243
351.0,101.52829426411769,0.1544687576677627,-0.02542024348307794,0.1544687576677627,0.09139639624313275,0.020168990214664274,0.09139639624313275
351.0,101.50663351115645,0.15454311865316953,-0.025437902932410127,0.15454311865316953,0.09148042227274313,0.02013806955467281,0.09148042227274313
351.0,101.48497442510067,0.15461747963857636,-0.025455562381742305,0.15461747963857636,0.09156444830235347,0.02010714889468135,0.09156444830235347
351.0,101.46331700247121,0.15469184062398317,-0.025473221831074488,0.15469184062398317,0.0916484743319638,0.020076228234689898,0.0916484743319638
351.0,101.44166123979119,0.15476620160939,-0.025490881280406674,0.15476620160939,0.09173250036157417,0.02004530757469843,0.09173250036157417
351.0,101.42000713358603,0.15484056259479684,-0.025508540729738852,0.15484056259479684,0.09181652639118451,0.020014386914706975,0.09181652639118451
351.0,101.39835468038338,0.15491492358020365,-0.025526200179071035,0.15491492358020365,0.09190055242079484,0.019983466254715518,0.09190055242079484
351.0,101.37670387671321,0.15498928456561048,-0.025543859628403214,0.15498928456561048,0.09198457845040518,0.019952545594724064,0.09198457845040518
351.0,101.35505471910771,0.15506364555101732,-0.0255615190777354,0.15506364555101732,0.09206860448001554,0.0199216249347326,0.09206860448001554
351.0,101.33340720410139,0.15513800653642415,-0.025579178527067578,0.15513800653642415,0.09215263050962588,0.01989070427474114,0.09215263050962588
351.0,101.31176132823097,0.15521236752183096,-0.02559683797639976,0.15521236752183096,0.09223665653923623,0.019859783614749688,0.09223665653923623
351.0,101.29011708803539,0.1552867285072378,-0.02561449742573194,0.1552867285072378,0.09232068256884657,0.01982886295475823,0.09232068256884657
351.0,101.26847448005589,0.15536108949264463,-0.025632156875064125,0.15536108949264463,0.09240470859845692,0.019797942294766765,0.09240470859845692
351.0,101.2468335008359,0.15543545047805143,-0.025649816324396304,0.15543545047805143,0.09248873462806727,0.019767021634775308,0.09248873462806727
351.0,101.22519414692111,0.15550981146345827,-0.025667475773728486,0.15550981146345827,0.0925727606576776,0.019736100974783854,0.0925727606576776
351.0,101.2035564148594,0.1555841724488651,-0.025685135223060672,0.1555841724488651,0.09265678668728797,0.01970518031479239,0.09265678668728797
351.0,101.18192030120092,0.1556585334342719,-0.02570279467239285,0.1556585334342719,0.09274081271689831,0.01967425965480093,0.09274081271689831
351.0,101.160285802498,0.15573289441967875,-0.025720454121725033,0.15573289441967875,0.09282483874650864,0.019643338994809474,0.09282483874650864
351.0,101.13865291530514,0.15580725540508555,-0.025738113571057212,0.15580725540508555,0.09290886477611898,0.01961241833481802,0.09290886477611898
351.0,101.11702163617913,0.15588161639049242,-0.025755773020389398,0.15588161639049242,0.09299289080572935,0.019581497674826556,0.09299289080572935
351.0,101.0953919616789,0.15595597737589922,-0.025773432469721577,0.15595597737589922,0.09307691683533968,0.019550577014835098,0.09307691683533968
351.0,101.07376388836556,0.15603033836130606,-0.02579109191905376,0.15603033836130606,0.09316094286495002,0.019519656354843644,0.09316094286495002
351.0,101.05213741280244,0.1561046993467129,-0.025808751368385945,0.1561046993467129,0.0932449688945604,0.019488735694852176,0.0932449688945604
351.0,101.03051253155502,0.1561790603321197,-0.025826410817718123,0.1561790603321197,0.09332899492417072,0.019457815034860722,0.09332899492417072
351.0,101.00888924119097,0.15625342131752654,-0.025844070267050306,0.15625342131752654,0.09341302095378107,0.019426894374869264,0.09341302095378107
351.0,100.98726753828015,0.156330410013421,-0.02586172160238461,0.156330410013421,0.09349923734353739,0.0193956421281444,0.09349923734353739
351.0,100.96564741939454,0.1564092331931906,-0.0258793672730925,0.1564092331931906,0.0935869828897162,0.01936415839072886,0.0935869828897162
351.0,100.94402888110831,0.1564880563729602,-0.025897012943800382,0.1564880563729602,0.093674728435895,0.019332674653313328,0.093674728435895
351.0,100.92241191999774,0.1565668795527298,-0.025914658614508264,0.1565668795527298,0.09376247398207378,0.019301190915897794,0.09376247398207378
351.0,100.90079653264131,0.15664570273249945,-0.025932304285216153,0.15664570273249945,0.0938502195282526,0.019269707178482254,0.0938502195282526
351.0,100.87918271561963,0.15672452591226904,-0.025949949955924034,0.15672452591226904,0.09393796507443139,0.019238223441066724,0.09393796507443139
351.0,100.85757046551541,0.15680334909203864,-0.025967595626631916,0.15680334909203864,0.09402571062061019,0.019206739703651193,0.09402571062061019
351.0,100.83595977891353,0.15688217227180823,-0.025985241297339798,0.15688217227180823,0.09411345616678897,0.01917525596623566,0.09411345616678897
351.0,100.81435065240095,0.15696099545157785,-0.026002886968047687,0.15696099545157785,0.0942012017129678,0.01914377222882012,0.0942012017129678
351.0,100.7927430825668,0.15703981863134744,-0.02602053263875557,0.15703981863134744,0.09428894725914658,0.01911228849140459,0.09428894725914658
351.0,100.77113706600231,0.15711864181111707,-0.026038178309463453,0.15711864181111707,0.09437669280532537,0.01908080475398906,0.09437669280532537
351.0,100.74953259930079,0.15719746499088666,-0.026055823980171335,0.15719746499088666,0.09446443835150416,0.01904932101657353,0.09446443835150416
351.0,100.72792967905768,0.15727628817065628,-0.026073469650879224,0.15727628817065628,0.09455218389768297,0.019017837279157984,0.09455218389768297
351.0,100.70632830187051,0.15735511135042587,-0.026091115321587106,0.15735511135042587,0.09463992944386176,0.018986353541742454,0.09463992944386176
351.0,100.68472846433892,0.15743393453019547,-0.026108760992294987,0.15743393453019547,0.09472767499004056,0.018954869804326924,0.09472767499004056
351.0,100.66313016306458,0.1575127577099651,-0.026126406663002876,0.1575127577099651,0.09481542053621937,0.018923386066911383,0.09481542053621937
351.0,100.6415333946513,0.1575915808897347,-0.026144052333710758,0.1575915808897347,0.09490316608239815,0.018891902329495853,0.09490316608239815
351.0,100.61993815570497,0.1576704040695043,-0.02616169800441864,0.1576704040695043,0.09499091162857695,0.01886041859208032,0.09499091162857695
351.0,100.5983444428335,0.1577492272492739,-0.02617934367512652,0.1577492272492739,0.09507865717475573,0.01882893485466479,0.09507865717475573
351.0,100.57675225264688,0.15782805042904352,-0.02619698934583441,0.15782805042904352,0.09516640272093456,0.018797451117249248,0.09516640272093456
351.0,100.55516158175722,0.15790687360881311,-0.026214635016542292,0.15790687360881311,0.09525414826711334,0.018765967379833718,0.09525414826711334
351.0,100.5335724267786,0.1579856967885827,-0.026232280687250177,0.1579856967885827,0.09534189381329214,0.018734483642418184,0.09534189381329214
351.0,100.51198478432721,0.15806451996835236,-0.026249926357958062,0.15806451996835236,0.09542963935947095,0.018702999905002644,0.09542963935947095
351.0,100.49039865102122,0.15814334314812195,-0.026267572028665948,0.15814334314812195,0.09551738490564975,0.018671516167587113,0.09551738490564975
351.0,100.46881402348095,0.15822216632789154,-0.02628521769937383,0.15822216632789154,0.09560513045182853,0.018640032430171583,0.09560513045182853
351.0,100.4472308983286,0.15830098950766114,-0.02630286337008171,0.15830098950766114,0.09569287599800733,0.01860854869275605,0.09569287599800733
351.0,100.42564927218854,0.15837981268743076,-0.0263205090407896,0.15837981268743076,0.09578062154418614,0.01857706495534051,0.09578062154418614
351.0,100.40406914168707,0.15845863586720035,-0.02633815471149748,0.15845863586720035,0.09586836709036493,0.01854558121792498,0.09586836709036493
351.0,100.38249050345257,0.15853745904696998,-0.026355800382205363,0.15853745904696998,0.09595611263654372,0.01851409748050945,0.09595611263654372
351.0,100.36091335411538,0.1586162822267396,-0.026373446052913252,0.1586162822267396,0.09604385818272253,0.018482613743093908,0.09604385818272253
351.0,100.33933769030789,0.1586951054065092,-0.026391091723621134,0.1586951054065092,0.09613160372890132,0.018451130005678378,0.09613160372890132
351.0,100.31776350866444,0.15877392858627878,-0.026408737394329015,0.15877392858627878,0.09621934927508011,0.018419646268262844,0.09621934927508011
351.0,100.29619080582144,0.15885275176604838,-0.0264263830650369,0.15885275176604838,0.0963070948212589,0.018388162530847314,0.0963070948212589
351.0,100.27461957841722,0.158931574945818,-0.026444028735744786,0.158931574945818,0.09639484036743771,0.018356678793431773,0.09639484036743771
351.0,100.25304982309213,0.15901039812558762,-0.02646167440645267,0.15901039812558762,0.09648258591361651,0.018325195056016243,0.09648258591361651
351.0,100.23148153648849,0.15908922130535721,-0.026479320077160553,0.15908922130535721,0.0965703314597953,0.01829371131860071,0.0965703314597953
351.0,100.2099147152506,0.1591680444851268,-0.026496965747868435,0.1591680444851268,0.09665807700597409,0.01826222758118518,0.09665807700597409
351.0,100.18834935602476,0.15924686766489643,-0.026514611418576323,0.15924686766489643,0.0967458225521529,0.018230743843769638,0.0967458225521529
351.0,100.16678545545918,0.15932569084466602,-0.026532257089284205,0.15932569084466602,0.0968335680983317,0.018199260106354108,0.0968335680983317
351.0,100.14522301020406,0.15940451402443562,-0.026549902759992087,0.15940451402443562,0.09692131364451048,0.018167776368938574,0.09692131364451048
351.0,100.12366201691155,0.15948333720420524,-0.026567548430699976,0.15948333720420524,0.0970090591906893,0.018136292631523034,0.0970090591906893
351.0,100.10210247223576,0.15956216038397486,-0.026585194101407857,0.15956216038397486,0.09709680473686809,0.018104808894107503,0.09709680473686809
351.0,100.08054437283272,0.15964098356374445,-0.02660283977211574,0.15964098356374445,0.09718455028304689,0.018073325156691973,0.09718455028304689
351.0,100.05898771536042,0.15971980674351405,-0.026620485442823624,0.15971980674351405,0.09727229582922567,0.01804184141927644,0.09727229582922567
351.0,100.03743249647879,0.15979862992328367,-0.02663813111353151,0.15979862992328367,0.09736004137540448,0.0180103576818609,0.09736004137540448
351.0,100.01587871284964,0.15987745310305326,-0.026655776784239395,0.15987745310305326,0.09744778692158328,0.01797887394444537,0.09744778692158328
351.0,99.99432636113676,0.15995750995625937,-0.02667342657538438,0.15995750995625937,0.09753658095666964,0.017947226047111124,0.09753658095666964
351.0,99.97277543800585,0.16004101935497683,-0.026691087897941328,0.16004101935497683,0.0976283092817913,0.01791511873355397,0.0976283092817913
351.0,99.9512259401245,0.1601245287536943,-0.026708749220498276,0.1601245287536943,0.09772003760691292,0.017883011419996823,0.09772003760691292
351.0,99.92967786416222,0.16020803815241172,-0.02672641054305522,0.16020803815241172,0.09781176593203456,0.017850904106439677,0.09781176593203456
351.0,99.90813120679043,0.16029154755112915,-0.026744071865612166,0.16029154755112915,0.09790349425715618,0.017818796792882532,0.09790349425715618
351.0,99.88658596468241,0.1603750569498466,-0.02676173318816912,0.1603750569498466,0.09799522258227783,0.017786689479325376,0.09799522258227783
351.0,99.8650421345134,0.16045856634856406,-0.026779394510726064,0.16045856634856406,0.09808695090739947,0.01775458216576823,0.09808695090739947
351.0,99.84349971296047,0.1605420757472815,-0.02679705583328301,0.1605420757472815,0.09817867923252109,0.01772247485221108,0.09817867923252109
351.0,99.8219586967026,0.16062558514599895,-0.02681471715583996,0.16062558514599895,0.09827040755764274,0.01769036753865393,0.09827040755764274
351.0,99.80041908242063,0.16070909454471638,-0.026832378478396906,0.16070909454471638,0.09836213588276438,0.01765826022509678,0.09836213588276438
351.0,99.77888086679731,0.16079260394343384,-0.02685003980095385,0.16079260394343384,0.098453864207886,0.017626152911539635,0.098453864207886
351.0,99.7573440465172,0.16087611334215127,-0.026867701123510796,0.16087611334215127,0.09854559253300763,0.01759404559798249,0.09854559253300763
351.0,99.73580861826676,0.16095962274086872,-0.026885362446067748,0.16095962274086872,0.09863732085812929,0.017561938284425333,0.09863732085812929
351.0,99.71427457873432,0.16104313213958615,-0.026903023768624693,0.16104313213958615,0.09872904918325091,0.017529830970868188,0.09872904918325091
351.0,99.69274192461002,0.16112664153830358,-0.02692068509118164,0.16112664153830358,0.09882077750837254,0.017497723657311042,0.09882077750837254
351.0,99.67121065258588,0.16121015093702104,-0.026938346413738583,0.16121015093702104,0.09891250583349417,0.017465616343753897,0.09891250583349417
351.0,99.64968075935576,0.1612936603357385,-0.026956007736295536,0.1612936603357385,0.09900423415861583,0.01743350903019674,0.09900423415861583
351.0,99.62815224161534,0.16137716973445593,-0.02697366905885248,0.16137716973445593,0.09909596248373745,0.017401401716639595,0.09909596248373745
351.0,99.60662509606212,0.16146067913317336,-0.026991330381409426,0.16146067913317336,0.09918769080885909,0.01736929440308245,0.09918769080885909
351.0,99.58509931939547,0.16154418853189084,-0.027008991703966378,0.16154418853189084,0.09927941913398074,0.017337187089525294,0.09927941913398074
351.0,99.56357490831657,0.16162769793060827,-0.027026653026523323,0.16162769793060827,0.09937114745910236,0.01730507977596815,0.09937114745910236
351.0,99.5420518595284,0.1617112073293257,-0.027044314349080268,0.1617112073293257,0.099462875784224,0.017272972462411,0.099462875784224
351.0,99.52053016973575,0.16179471672804313,-0.027061975671637217,0.16179471672804313,0.09955460410934562,0.017240865148853854,0.09955460410934562
351.0,99.49900983564521,0.16187822612676062,-0.027079636994194165,0.16187822612676062,0.09964633243446727,0.017208757835296698,0.09964633243446727
351.0,99.47749085396524,0.16196173552547805,-0.02709729831675111,0.16196173552547805,0.09973806075958891,0.017176650521739553,0.09973806075958891
351.0,99.45597322140601,0.16204524492419548,-0.02711495963930806,0.16204524492419548,0.09982978908471053,0.017144543208182407,0.09982978908471053
351.0,99.43445693467952,0.16212875432291293,-0.027132620961865007,0.16212875432291293,0.09992151740983218,0.01711243589462525,0.09992151740983218
351.0,99.41294199049955,0.16221226372163036,-0.027150282284421953,0.16221226372163036,0.10001324573495382,0.017080328581068106,0.10001324573495382
351.0,99.39142838558168,0.16229577312034782,-0.0271679436069789,0.16229577312034782,0.10010497406007544,0.01704822126751096,0.10010497406007544
351.0,99.36991611664324,0.16237928251906525,-0.027185604929535846,0.16237928251906525,0.10019670238519707,0.017016113953953815,0.10019670238519707
351.0,99.34840518040338,0.1624627919177827,-0.027203266252092795,0.1624627919177827,0.10028843071031873,0.01698400664039666,0.10028843071031873
351.0,99.32689557358295,0.16254630131650014,-0.027220927574649743,0.16254630131650014,0.10038015903544036,0.016951899326839513,0.10038015903544036
351.0,99.3053872929046,0.1626298107152176,-0.02723858889720669,0.1626298107152176,0.10047188736056198,0.016919792013282368,0.10047188736056198
351.0,99.28388033509273,0.16271332011393505,-0.027256250219763637,0.16271332011393505,0.10056361568568364,0.016887684699725212,0.10056361568568364
351.0,99.26237469687355,0.16279682951265248,-0.027273911542320586,0.16279682951265248,0.10065534401080527,0.016855577386168066,0.10065534401080527
351.0,99.2408703749749,0.1628803389113699,-0.02729157286487753,0.1628803389113699,0.10074707233592689,0.016823470072610917,0.10074707233592689
351.0,99.21936736612648,0.16296384831008737,-0.027309234187434476,0.16296384831008737,0.10083880066104853,0.016791362759053772,0.10083880066104853
351.0,99.19786566705962,0.16304735770880482,-0.027326895509991428,0.16304735770880482,0.10093052898617018,0.016759255445496616,0.10093052898617018
351.0,99.17636527450749,0.16313086710752225,-0.027344556832548373,0.16313086710752225,0.1010222573112918,0.01672714813193947,0.1010222573112918
351.0,99.1548661852049,0.16321437650623968,-0.027362218155105318,0.16321437650623968,0.10111398563641344,0.016695040818382325,0.10111398563641344
351.0,99.13336839588844,0.16329788590495714,-0.02737987947766227,0.16329788590495714,0.10120571396153509,0.01666293350482517,0.10120571396153509
351.0,99.1118719032964,0.1633813953036746,-0.027397540800219215,0.1633813953036746,0.10129744228665671,0.016630826191268024,0.10129744228665671
351.0,99.09037670416879,0.16346490470239203,-0.02741520212277616,0.16346490470239203,0.10138917061177835,0.016598718877710878,0.10138917061177835
351.0,99.0688827952473,0.16354841410110946,-0.027432863445333106,0.16354841410110946,0.10148089893689997,0.016566611564153733,0.10148089893689997
351.0,99.04739017327536,0.16363192349982691,-0.027450524767890058,0.16363192349982691,0.10157262726202163,0.016534504250596577,0.10157262726202163
351.0,99.02589883499809,0.16371543289854437,-0.027468186090447003,0.16371543289854437,0.10166435558714326,0.01650239693703943,0.10166435558714326
351.0,99.00440877716228,0.1637989422972618,-0.027485847413003948,0.1637989422972618,0.10175608391226489,0.016470289623482286,0.10175608391226489
351.0,98.98291999651646,0.16388636935994197,-0.027503543868012507,0.16388636935994197,0.10185120015361823,0.016437636768481343,0.10185120015361823
351.0,98.96143248981078,0.16397480763990185,-0.027521249391318527,0.16397480763990185,0.10194719087513841,0.01640484309973526,0.10194719087513841
351.0,98.93994625379712,0.1640632459198617,-0.02753895491462454,0.1640632459198617,0.10204318159665858,0.01637204943098919,0.10204318159665858
351.0,98.91846128522901,0.16415168419982157,-0.027556660437930557,0.16415168419982157,0.10213917231817873,0.016339255762243116,0.10213917231817873
351.0,98.89697758086166,0.16424012247978143,-0.027574365961236576,0.16424012247978143,0.10223516303969891,0.016306462093497034,0.10223516303969891
351.0,98.87549513745195,0.16432856075974128,-0.02759207148454259,0.16432856075974128,0.10233115376121908,0.01627366842475096,0.10233115376121908
351.0,98.85401395175842,0.16441699903970114,-0.027609777007848606,0.16441699903970114,0.10242714448273924,0.01624087475600489,0.10242714448273924
351.0,98.83253402054125,0.164505437319661,-0.02762748253115462,0.164505437319661,0.10252313520425939,0.016208081087258817,0.10252313520425939
351.0,98.81105534056228,0.16459387559962088,-0.02764518805446064,0.16459387559962088,0.10261912592577958,0.016175287418512735,0.10261912592577958
351.0,98.78957790858499,0.16468231387958074,-0.027662893577766655,0.16468231387958074,0.10271511664729974,0.016142493749766663,0.10271511664729974
351.0,98.76810172137453,0.1647707521595406,-0.027680599101072668,0.1647707521595406,0.10281110736881989,0.01610970008102059,0.10281110736881989
351.0,98.74662677569766,0.16485919043950048,-0.027698304624378688,0.16485919043950048,0.10290709809034009,0.016076906412274508,0.10290709809034009
351.0,98.72515306832278,0.16494762871946034,-0.0277160101476847,0.16494762871946034,0.10300308881186024,0.016044112743528436,0.10300308881186024
351.0,98.7036805960199,0.1650360669994202,-0.027733715670990717,0.1650360669994202,0.1030990795333804,0.016011319074782364,0.1030990795333804
351.0,98.68220935556067,0.16512450527938005,-0.02775142119429673,0.16512450527938005,0.10319507025490056,0.015978525406036292,0.10319507025490056
351.0,98.66073934371838,0.16521294355933994,-0.02776912671760275,0.16521294355933994,0.10329106097642074,0.015945731737290213,0.10329106097642074
351.0,98.63927055726788,0.16530138183929977,-0.027786832240908766,0.16530138183929977,0.10338705169794091,0.01591293806854414,0.10338705169794091
351.0,98.61780299298567,0.16538982011925962,-0.02780453776421478,0.16538982011925962,0.10348304241946106,0.01588014439979807,0.10348304241946106
351.0,98.59633664764985,0.1654782583992195,-0.0278222432875208,0.1654782583992195,0.10357903314098124,0.015847350731051986,0.10357903314098124
351.0,98.5748715180401,0.16556669667917936,-0.027839948810826815,0.16556669667917936,0.10367502386250141,0.015814557062305914,0.10367502386250141
351.0,98.55340760093769,0.16565513495913922,-0.027857654334132828,0.16565513495913922,0.10377101458402156,0.01578176339355984,0.10377101458402156
351.0,98.53194489312553,0.16574357323909908,-0.027875359857438844,0.16574357323909908,0.10386700530554172,0.01574896972481377,0.10386700530554172
351.0,98.51048339138804,0.16583201151905896,-0.027893065380744864,0.16583201151905896,0.10396299602706191,0.015716176056067687,0.10396299602706191
351.0,98.48902309251127,0.16592044979901882,-0.027910770904050877,0.16592044979901882,0.10405898674858206,0.015683382387321615,0.10405898674858206
351.0,98.46756399328287,0.16600888807897868,-0.027928476427356894,0.16600888807897868,0.10415497747010222,0.015650588718575543,0.10415497747010222
351.0,98.44610609049197,0.16609732635893854,-0.027946181950662907,0.16609732635893854,0.10425096819162238,0.01561779504982947,0.10425096819162238
351.0,98.42464938092934,0.16618576463889842,-0.027963887473968926,0.16618576463889842,0.10434695891314257,0.015585001381083388,0.10434695891314257
351.0,98.40319386138732,0.16627420291885828,-0.027981592997274943,0.16627420291885828,0.10444294963466273,0.015552207712337316,0.10444294963466273
351.0,98.38173952865975,0.16636264119881813,-0.027999298520580956,0.16636264119881813,0.10453894035618289,0.015519414043591244,0.10453894035618289
351.0,98.36028637954205,0.166451079478778,-0.028017004043886976,0.166451079478778,0.10463493107770307,0.015486620374845163,0.10463493107770307
351.0,98.33883441083121,0.16653951775873785,-0.02803470956719299,0.16653951775873785,0.10473092179922323,0.015453826706099091,0.10473092179922323
351.0,98.31738361932575,0.1666279560386977,-0.028052415090499005,0.1666279560386977,0.10482691252074339,0.015421033037353019,0.10482691252074339
351.0,98.29593400182569,0.16671639431865756,-0.028070120613805018,0.16671639431865756,0.10492290324226354,0.015388239368606947,0.10492290324226354
351.0,98.27448555513261,0.16680483259861745,-0.028087826137111038,0.16680483259861745,0.10501889396378374,0.015355445699860864,0.10501889396378374
351.0,98.25303827604967,0.1668932708785773,-0.028105531660417054,0.1668932708785773,0.10511488468530389,0.015322652031114792,0.10511488468530389
351.0,98.23159216138146,0.16698170915853716,-0.028123237183723067,0.16698170915853716,0.10521087540682404,0.01528985836236872,0.10521087540682404
351.0,98.21014720793416,0.16707014743849705,-0.028140942707029087,0.16707014743849705,0.10530686612834424,0.01525706469362264,0.10530686612834424
351.0,98.18870341251544,0.1671585857184569,-0.028158648230335103,0.1671585857184569,0.10540285684986439,0.015224271024876567,0.10540285684986439
351.0,98.16726077193448,0.16724702399841676,-0.028176353753641116,0.16724702399841676,0.10549884757138454,0.015191477356130495,0.10549884757138454
351.0,98.14581928300197,0.16733546227837662,-0.028194059276947132,0.16733546227837662,0.10559483829290471,0.015158683687384423,0.10559483829290471
351.0,98.1243789425301,0.1674239005583365,-0.028211764800253152,0.1674239005583365,0.10569082901442489,0.01512589001863834,0.10569082901442489
351.0,98.10293974733257,0.16751233883829636,-0.028229470323559165,0.16751233883829636,0.10578681973594506,0.015093096349892268,0.10578681973594506
351.0,98.08150169422456,0.1676007771182562,-0.02824717584686518,0.1676007771182562,0.10588281045746521,0.015060302681146196,0.10588281045746521
351.0,98.06006478002271,0.16768921539821607,-0.0282648813701712,0.16768921539821607,0.1059788011789854,0.015027509012400114,0.1059788011789854
351.0,98.0386290015452,0.16777765367817593,-0.028282586893477214,0.16777765367817593,0.10607479190050556,0.014994715343654041,0.10607479190050556
351.0,98.01719435561165,0.1678660919581358,-0.02830029241678323,0.1678660919581358,0.10617078262202571,0.01496192167490797,0.10617078262202571
351.0,97.99576083904316,0.16795555703865292,-0.02831801215651379,0.16795555703865292,0.10626767521809982,0.014928979358974356,0.10626767521809982
351.0,97.9743284486623,0.168049186789904,-0.02833578955761476,0.168049186789904,0.10636822578897147,0.014895434134727858,0.10636822578897147
351.0,97.95289718129312,0.16814281654115504,-0.02835356695871572,0.16814281654115504,0.10646877635984307,0.014861888910481371,0.10646877635984307
351.0,97.93146703376112,0.16823644629240608,-0.028371344359816683,0.16823644629240608,0.10656932693071468,0.014828343686234884,0.10656932693071468
351.0,97.91003800289323,0.16833007604365713,-0.028389121760917648,0.16833007604365713,0.10666987750158628,0.014794798461988397,0.10666987750158628
351.0,97.88861008551788,0.16842370579490817,-0.028406899162018617,0.16842370579490817,0.10677042807245793,0.0147612532377419,0.10677042807245793
351.0,97.86718327846492,0.16851733554615922,-0.028424676563119578,0.16851733554615922,0.10687097864332953,0.014727708013495412,0.10687097864332953
351.0,97.84575757856564,0.16861096529741026,-0.02844245396422054,0.16861096529741026,0.10697152921420114,0.014694162789248925,0.10697152921420114
351.0,97.82433298265276,0.16870459504866134,-0.028460231365321508,0.16870459504866134,0.10707207978507277,0.014660617565002428,0.10707207978507277
351.0,97.80290948756048,0.16879822479991238,-0.02847800876642247,0.16879822479991238,0.10717263035594438,0.01462707234075594,0.10717263035594438
351.0,97.78148709012436,0.16889185455116343,-0.02849578616752343,0.16889185455116343,0.107273180926816,0.014593527116509453,0.107273180926816
351.0,97.76006578718143,0.16898548430241447,-0.028513563568624396,0.16898548430241447,0.1073737314976876,0.014559981892262966,0.1073737314976876
351.0,97.73864557557013,0.16907911405366555,-0.028531340969725365,0.16907911405366555,0.10747428206855923,0.014526436668016469,0.10747428206855923
351.0,97.71722645213033,0.1691727438049166,-0.028549118370826326,0.1691727438049166,0.10757483263943084,0.014492891443769982,0.10757483263943084
351.0,97.69580841370328,0.16926637355616764,-0.028566895771927288,0.16926637355616764,0.10767538321030244,0.014459346219523495,0.10767538321030244
351.0,97.67439145713165,0.1693600033074187,-0.028584673173028256,0.1693600033074187,0.10777593378117409,0.014425800995276997,0.10777593378117409
351.0,97.6529755792595,0.16945363305866976,-0.028602450574129218,0.16945363305866976,0.10787648435204569,0.01439225577103051,0.10787648435204569
351.0,97.63156077693235,0.16954726280992077,-0.02862022797523018,0.16954726280992077,0.1079770349229173,0.014358710546784023,0.1079770349229173
351.0,97.610147046997,0.16964089256117182,-0.028638005376331144,0.16964089256117182,0.1080775854937889,0.014325165322537536,0.1080775854937889
351.0,97.58873438630174,0.1697345223124229,-0.02865578277743211,0.1697345223124229,0.10817813606466055,0.014291620098291038,0.10817813606466055
351.0,97.56732279169621,0.16982815206367394,-0.028673560178533074,0.16982815206367394,0.10827868663553215,0.014258074874044551,0.10827868663553215
351.0,97.54591226003141,0.16992178181492498,-0.028691337579634036,0.16992178181492498,0.10837923720640376,0.014224529649798064,0.10837923720640376
351.0,97.52450278815974,0.17001541156617606,-0.028709114980735004,0.17001541156617606,0.10847978777727539,0.014190984425551566,0.10847978777727539
351.0,97.50309437293495,0.1701090413174271,-0.028726892381835966,0.1701090413174271,0.10858033834814701,0.01415743920130508,0.10858033834814701
351.0,97.4816870112122,0.17020267106867815,-0.028744669782936928,0.17020267106867815,0.10868088891901861,0.014123893977058592,0.10868088891901861
351.0,97.46028069984794,0.1702963008199292,-0.028762447184037893,0.1702963008199292,0.10878143948989022,0.014090348752812105,0.10878143948989022
351.0,97.43887543570006,0.17038993057118026,-0.028780224585138858,0.17038993057118026,0.10888199006076185,0.014056803528565608,0.10888199006076185
351.0,97.41747121562773,0.1704835603224313,-0.028798001986239823,0.1704835603224313,0.10898254063163346,0.01402325830431912,0.10898254063163346
351.0,97.3960680364915,0.17057719007368236,-0.028815779387340784,0.17057719007368236,0.10908309120250508,0.013989713080072633,0.10908309120250508
351.0,97.37466589515327,0.1706708198249334,-0.028833556788441746,0.1706708198249334,0.10918364177337668,0.013956167855826146,0.10918364177337668
351.0,97.35326478847628,0.17076444957618445,-0.028851334189542714,0.17076444957618445,0.10928419234424831,0.013922622631579649,0.10928419234424831
351.0,97.3318647133251,0.1708580793274355,-0.028869111590643676,0.1708580793274355,0.10938474291511992,0.013889077407333162,0.10938474291511992
351.0,97.31046566656563,0.17095170907868654,-0.028886888991744637,0.17095170907868654,0.10948529348599152,0.013855532183086675,0.10948529348599152
351.0,97.28906764506509,0.1710453388299376,-0.028904666392845606,0.1710453388299376,0.10958584405686317,0.013821986958840179,0.10958584405686317
351.0,97.26767064569204,0.17113896858118866,-0.02892244379394657,0.17113896858118866,0.10968639462773477,0.013788441734593692,0.10968639462773477
351.0,97.24627466531635,0.1712325983324397,-0.028940221195047532,0.1712325983324397,0.10978694519860638,0.013754896510347205,0.10978694519860638
351.0,97.22487970080918,0.17132622808369075,-0.028957998596148494,0.17132622808369075,0.10988749576947798,0.013721351286100716,0.10988749576947798
351.0,97.20348574904303,0.17141985783494182,-0.028975775997249462,0.17141985783494182,0.10998804634034963,0.01368780606185422,0.10998804634034963
351.0,97.18209280689172,0.17151348758619286,-0.028993553398350424,0.17151348758619286,0.11008859691122123,0.013654260837607733,0.11008859691122123
351.0,97.16070087123032,0.1716071173374439,-0.029011330799451385,0.1716071173374439,0.11018914748209284,0.013620715613361246,0.11018914748209284
351.0,97.13930993893521,0.17170074708869498,-0.029029108200552354,0.17170074708869498,0.11028969805296447,0.013587170389114748,0.11028969805296447
351.0,97.11792000688412,0.17179437683994603,-0.029046885601653315,0.17179437683994603,0.11039024862383608,0.013553625164868261,0.11039024862383608
351.0,97.09653107195598,0.17188800659119707,-0.02906466300275428,0.17188800659119707,0.1104907991947077,0.013520079940621774,0.1104907991947077
351.0,97.07514313103107,0.1719816363424481,-0.029082440403855242,0.1719816363424481,0.1105913497655793,0.013486534716375287,0.1105913497655793
351.0,97.0537561809909,0.17207526609369916,-0.02910021780495621,0.17207526609369916,0.11069190033645093,0.01345298949212879,0.11069190033645093
351.0,97.0323702187183,0.1721688958449502,-0.029117995206057172,0.1721688958449502,0.11079245090732254,0.013419444267882302,0.11079245090732254
351.0,97.01098524109734,0.17226252559620125,-0.029135772607158134,0.17226252559620125,0.11089300147819414,0.013385899043635815,0.11089300147819414
351.0,96.98960124501336,0.17235881802158892,-0.029153597978135017,0.17235881802158892,0.11099592358974256,0.01335195535733738,0.11099592358974256
351.0,96.96821822735298,0.17245792323054301,-0.02917147402331074,0.17245792323054301,0.11110135093862025,0.013317590745512944,0.11110135093862025
351.0,96.94683618500406,0.1725570284394971,-0.029189350068486462,0.1725570284394971,0.11120677828749793,0.013283226133688509,0.11120677828749793
351.0,96.9254551148557,0.1726561336484512,-0.029207226113662187,0.1726561336484512,0.11131220563637563,0.013248861521864073,0.11131220563637563
351.0,96.90407501379828,0.17275523885740532,-0.029225102158837914,0.17275523885740532,0.11141763298525335,0.013214496910039626,0.11141763298525335
351.0,96.88269587872341,0.1728543440663594,-0.02924297820401364,0.1728543440663594,0.11152306033413105,0.013180132298215191,0.11152306033413105
351.0,96.86131770652392,0.17295344927531353,-0.02926085424918936,0.17295344927531353,0.11162848768300875,0.013145767686390754,0.11162848768300875
351.0,96.83994049409391,0.17305255448426762,-0.029278730294365084,0.17305255448426762,0.11173391503188643,0.013111403074566319,0.11173391503188643
351.0,96.8185642383287,0.17315165969322174,-0.02929660633954081,0.17315165969322174,0.11183934238076415,0.013077038462741872,0.11183934238076415
351.0,96.79718893612483,0.17325076490217584,-0.029314482384716536,0.17325076490217584,0.11194476972964185,0.013042673850917437,0.11194476972964185
351.0,96.77581458438007,0.17334987011112993,-0.029332358429892257,0.17334987011112993,0.11205019707851954,0.013008309239093,0.11205019707851954
351.0,96.7544411799934,0.17344897532008405,-0.029350234475067984,0.17344897532008405,0.11215562442739727,0.012973944627268554,0.11215562442739727
351.0,96.73306871986503,0.17354808052903814,-0.02936811052024371,0.17354808052903814,0.11226105177627496,0.012939580015444117,0.11226105177627496
351.0,96.71169720089635,0.17364718573799223,-0.029385986565419433,0.17364718573799223,0.11236647912515264,0.012905215403619682,0.11236647912515264
351.0,96.69032661999,0.17374629094694632,-0.029403862610595154,0.17374629094694632,0.11247190647403034,0.012870850791795247,0.11247190647403034
351.0,96.66895697404978,0.17384539615590044,-0.02942173865577088,0.17384539615590044,0.11257733382290806,0.0128364861799708,0.11257733382290806
351.0,96.64758825998071,0.17394450136485454,-0.029439614700946606,0.17394450136485454,0.11268276117178576,0.012802121568146365,0.11268276117178576
351.0,96.62622047468902,0.17404360657380863,-0.02945749074612233,0.17404360657380863,0.11278818852066345,0.012767756956321928,0.11278818852066345
351.0,96.60485361508206,0.17414271178276275,-0.029475366791298058,0.17414271178276275,0.11289361586954118,0.012733392344497482,0.11289361586954118
351.0,96.58348767806845,0.17424181699171687,-0.02949324283647378,0.17424181699171687,0.11299904321841887,0.012699027732673045,0.11299904321841887
351.0,96.56212266055795,0.17434092220067096,-0.029511118881649503,0.17434092220067096,0.11310447056729656,0.01266466312084861,0.11310447056729656
351.0,96.54075855946148,0.17444002740962505,-0.029528994926825224,0.17444002740962505,0.11320989791617425,0.012630298509024173,0.11320989791617425
351.0,96.51939537169118,0.17453913261857917,-0.029546870972000955,0.17453913261857917,0.11331532526505197,0.012595933897199728,0.11331532526505197
351.0,96.49803309416029,0.17463823782753327,-0.029564747017176676,0.17463823782753327,0.11342075261392967,0.012561569285375291,0.11342075261392967
351.0,96.47667172378328,0.17473734303648736,-0.0295826230623524,0.17473734303648736,0.11352617996280737,0.012527204673550856,0.11352617996280737
351.0,96.45531125747576,0.17483644824544148,-0.029600499107528128,0.17483644824544148,0.11363160731168509,0.01249284006172641,0.11363160731168509
351.0,96.43395169215445,0.17493555345439557,-0.029618375152703852,0.17493555345439557,0.11373703466056277,0.012458475449901973,0.11373703466056277
351.0,96.4125930247373,0.17503465866334966,-0.029636251197879573,0.17503465866334966,0.11384246200944047,0.012424110838077537,0.11384246200944047
351.0,96.39123525214335,0.17513376387230375,-0.029654127243055297,0.17513376387230375,0.11394788935831816,0.012389746226253101,0.11394788935831816
351.0,96.36987837129277,0.17523286908125787,-0.029672003288231025,0.17523286908125787,0.11405331670719589,0.012355381614428656,0.11405331670719589
351.0,96.34852237910695,0.17533197429021197,-0.02968987933340675,0.17533197429021197,0.11415874405607358,0.012321017002604219,0.11415874405607358
351.0,96.32716727250832,0.17543107949916606,-0.02970775537858247,0.17543107949916606,0.11426417140495126,0.012286652390779784,0.11426417140495126
351.0,96.30581304842048,0.17553018470812015,-0.029725631423758194,0.17553018470812015,0.11436959875382896,0.012252287778955347,0.11436959875382896
351.0,96.28445970376818,0.1756292899170743,-0.029743507468933922,0.1756292899170743,0.11447502610270668,0.012217923167130901,0.11447502610270668
351.0,96.26310723547725,0.1757283951260284,-0.029761383514109646,0.1757283951260284,0.11458045345158438,0.012183558555306465,0.11458045345158438
351.0,96.24175564047466,0.17582750033498248,-0.029779259559285367,0.17582750033498248,0.11468588080046208,0.01214919394348203,0.11468588080046208
351.0,96.2204049156885,0.1759266055439366,-0.029797135604461095,0.1759266055439366,0.1147913081493398,0.012114829331657582,0.1147913081493398
351.0,96.19905505804795,0.1760257107528907,-0.02981501164963682,0.1760257107528907,0.11489673549821748,0.012080464719833147,0.11489673549821748
351.0,96.1777060644833,0.1761248159618448,-0.029832887694812543,0.1761248159618448,0.11500216284709518,0.01204610010800871,0.11500216284709518
351.0,96.15635793192595,0.17622392117079888,-0.029850763739988264,0.17622392117079888,0.11510759019597287,0.012011735496184275,0.11510759019597287
351.0,96.1350106573084,0.176323026379753,-0.029868639785163992,0.176323026379753,0.1152130175448506,0.01197737088435983,0.1152130175448506
351.0,96.11366423756421,0.1764221315887071,-0.029886515830339716,0.1764221315887071,0.11531844489372829,0.011943006272535393,0.11531844489372829
351.0,96.09231866962806,0.17652123679766119,-0.029904391875515437,0.17652123679766119,0.11542387224260599,0.011908641660710957,0.11542387224260599
351.0,96.07097395043573,0.1766203420066153,-0.029922267920691168,0.1766203420066153,0.11552929959148371,0.01187427704888651,0.11552929959148371
351.0,96.04963007692402,0.1767194472155694,-0.02994014396586689,0.1767194472155694,0.1156347269403614,0.011839912437062075,0.1156347269403614
351.0,96.02828704603088,0.1768185524245235,-0.029958020011042613,0.1768185524245235,0.11574015428923909,0.011805547825237638,0.11574015428923909
351.0,96.00694485469529,0.17691765763347758,-0.029975896056218334,0.17691765763347758,0.11584558163811678,0.011771183213413203,0.11584558163811678
351.0,95.98560349985728,0.1770206636353731,-0.02999385605852979,0.1770206636353731,0.11595452694955964,0.01173621815353864,0.11595452694955964
351.0,95.96426297845798,0.17712555133836613,-0.03001185656087209,0.17712555133836613,0.11606516928879128,0.011700963443900078,0.11606516928879128
351.0,95.94292328743958,0.17723043904135918,-0.030029857063214385,0.17723043904135918,0.11617581162802293,0.011665708734261515,0.11617581162802293
351.0,95.92158442374529,0.17733532674435226,-0.03004785756555669,0.17733532674435226,0.11628645396725461,0.011630454024622941,0.11628645396725461
351.0,95.90024638431942,0.17744021444734528,-0.030065858067898986,0.17744021444734528,0.11639709630648626,0.01159519931498438,0.11639709630648626
351.0,95.87890916610728,0.17754510215033834,-0.030083858570241283,0.17754510215033834,0.1165077386457179,0.011559944605345816,0.1165077386457179
351.0,95.85757276605526,0.17764998985333136,-0.030101859072583576,0.17764998985333136,0.11661838098494955,0.011524689895707253,0.11661838098494955
351.0,95.83623718111075,0.17775487755632444,-0.03011985957492588,0.17775487755632444,0.11672902332418122,0.011489435186068679,0.11672902332418122
351.0,95.81490240822222,0.1778597652593175,-0.030137860077268177,0.1778597652593175,0.11683966566341288,0.011454180476430117,0.11683966566341288
351.0,95.79356844433916,0.1779646529623105,-0.030155860579610474,0.1779646529623105,0.11695030800264451,0.011418925766791554,0.11695030800264451
351.0,95.77223528641204,0.1780695406653036,-0.030173861081952774,0.1780695406653036,0.11706095034187619,0.01138367105715298,0.11706095034187619
351.0,95.75090293139243,0.17817442836829664,-0.03019186158429507,0.17817442836829664,0.11717159268110784,0.011348416347514417,0.11717159268110784
351.0,95.72957137623285,0.17827931607128966,-0.030209862086637368,0.17827931607128966,0.11728223502033949,0.011313161637875855,0.11728223502033949
351.0,95.70824061788689,0.1783842037742827,-0.030227862588979665,0.1783842037742827,0.11739287735957113,0.011277906928237292,0.11739287735957113
351.0,95.6869106533091,0.17848909147727576,-0.03024586309132197,0.17848909147727576,0.11750351969880282,0.011242652218598718,0.11750351969880282
351.0,95.66558147945508,0.1785939791802688,-0.030263863593664266,0.1785939791802688,0.11761416203803446,0.011207397508960156,0.11761416203803446
351.0,95.64425309328139,0.17869886688326186,-0.030281864096006562,0.17869886688326186,0.11772480437726611,0.011172142799321593,0.11772480437726611
351.0,95.62292549174565,0.1788037545862549,-0.03029986459834886,0.1788037545862549,0.11783544671649775,0.01113688808968303,0.11783544671649775
351.0,95.60159867180639,0.17890864228924797,-0.03031786510069116,0.17890864228924797,0.11794608905572943,0.011101633380044456,0.11794608905572943
351.0,95.58027263042321,0.179013529992241,-0.030335865603033457,0.179013529992241,0.11805673139496108,0.011066378670405894,0.11805673139496108
351.0,95.55894736455663,0.17911841769523404,-0.030353866105375753,0.17911841769523404,0.11816737373419273,0.01103112396076733,0.11816737373419273
351.0,95.53762287116822,0.17922330539822712,-0.030371866607718054,0.17922330539822712,0.1182780160734244,0.010995869251128757,0.1182780160734244
351.0,95.5162991472205,0.17932819310122014,-0.03038986711006035,0.17932819310122014,0.11838865841265606,0.010960614541490193,0.11838865841265606
351.0,95.49497618967693,0.1794330808042132,-0.030407867612402648,0.1794330808042132,0.11849930075188769,0.010925359831851632,0.11849930075188769
351.0,95.47365399550196,0.1795379685072062,-0.030425868114744944,0.1795379685072062,0.11860994309111934,0.010890105122213068,0.11860994309111934
351.0,95.45233256166107,0.1796428562101993,-0.03044386861708725,0.1796428562101993,0.11872058543035102,0.010854850412574495,0.11872058543035102
351.0,95.43101188512058,0.17974774391319234,-0.030461869119429545,0.17974774391319234,0.11883122776958267,0.010819595702935931,0.11883122776958267
351.0,95.40969196284786,0.17985263161618537,-0.030479869621771842,0.17985263161618537,0.11894187010881431,0.01078434099329737,0.11894187010881431
351.0,95.38837279181122,0.17995751931917844,-0.030497870124114142,0.17995751931917844,0.11905251244804599,0.010749086283658796,0.11905251244804599
351.0,95.36705436897991,0.18006240702217147,-0.03051587062645644,0.18006240702217147,0.11916315478727764,0.010713831574020232,0.11916315478727764
351.0,95.3457366913241,0.18016729472516452,-0.030533871128798736,0.18016729472516452,0.11927379712650929,0.010678576864381669,0.11927379712650929
351.0,95.32441975581496,0.18027218242815757,-0.030551871631141033,0.18027218242815757,0.11938443946574093,0.010643322154743107,0.11938443946574093
351.0,95.30310355942453,0.18037707013115062,-0.030569872133483337,0.18037707013115062,0.1194950818049726,0.010608067445104534,0.1194950818049726
351.0,95.28178809912585,0.18048195783414367,-0.030587872635825634,0.18048195783414367,0.11960572414420426,0.01057281273546597,0.11960572414420426
351.0,95.26047337189283,0.1805868455371367,-0.030605873138167927,0.1805868455371367,0.11971636648343591,0.010537558025827409,0.11971636648343591
351.0,95.23915937470036,0.18069173324012977,-0.03062387364051023,0.18069173324012977,0.11982700882266759,0.010502303316188835,0.11982700882266759
351.0,95.21784610452424,0.18079662094312282,-0.030641874142852528,0.18079662094312282,0.11993765116189922,0.010467048606550271,0.11993765116189922
351.0,95.19653355834113,0.18090150864611584,-0.030659874645194825,0.18090150864611584,0.12004829350113087,0.010431793896911708,0.12004829350113087
351.0,95.17522173312868,0.1810063963491089,-0.03067787514753712,0.1810063963491089,0.12015893584036252,0.010396539187273146,0.12015893584036252
351.0,95.15391062586542,0.18111128405210197,-0.030695875649879422,0.18111128405210197,0.1202695781795942,0.010361284477634573,0.1202695781795942
351.0,95.1326002335308,0.181216171755095,-0.03071387615222172,0.181216171755095,0.12038022051882584,0.01032602976799601,0.12038022051882584
351.0,95.1112905531051,0.18132105945808805,-0.030731876654564016,0.18132105945808805,0.12049086285805749,0.010290775058357446,0.12049086285805749
351.0,95.08998158156963,0.18142594716108107,-0.030749877156906313,0.18142594716108107,0.12060150519728914,0.010255520348718884,0.12060150519728914
351.0,95.06867331590647,0.18153083486407415,-0.030767877659248617,0.18153083486407415,0.12071214753652082,0.01022026563908031,0.12071214753652082
351.0,95.04736575309865,0.1816357225670672,-0.030785878161590913,0.1816357225670672,0.12082278987575246,0.010185010929441747,0.12082278987575246
351.0,95.0260588901301,0.18174061027006022,-0.03080387866393321,0.18174061027006022,0.12093343221498411,0.010149756219803184,0.12093343221498411
351.0,95.00475272398559,0.1818454979730533,-0.03082187916627551,0.1818454979730533,0.12104407455421579,0.010114501510164612,0.12104407455421579
351.0,94.98344725165079,0.1819551361228283,-0.03083999568130629,0.1819551361228283,0.12115904938897569,0.010078497899980091,0.12115904938897569
351.0,94.96214247011225,0.18206613822709136,-0.030858145506051794,0.18206613822709136,0.12127526817551351,0.010042279264492127,0.12127526817551351
351.0,94.94083837635738,0.18217714033135443,-0.030876295330797297,0.18217714033135443,0.12139148696205133,0.010006060629004162,0.12139148696205133
351.0,94.91953496737446,0.18228814243561753,-0.030894445155542807,0.18228814243561753,0.1215077057485892,0.009969841993516188,0.1215077057485892
351.0,94.89823224015264,0.1823991445398806,-0.030912594980288314,0.1823991445398806,0.12162392453512702,0.009933623358028222,0.12162392453512702
351.0,94.87693019168191,0.18251014664414367,-0.030930744805033817,0.18251014664414367,0.12174014332166486,0.009897404722540259,0.12174014332166486
351.0,94.85562881895312,0.18262114874840676,-0.030948894629779327,0.18262114874840676,0.1218563621082027,0.009861186087052285,0.1218563621082027
351.0,94.834328118958,0.18273215085266983,-0.030967044454524834,0.18273215085266983,0.12197258089474054,0.00982496745156432,0.12197258089474054
351.0,94.81302808868908,0.18284315295693288,-0.030985194279270337,0.18284315295693288,0.12208879968127836,0.009788748816076356,0.12208879968127836
351.0,94.79172872513976,0.18295415506119594,-0.031003344104015843,0.18295415506119594,0.12220501846781619,0.009752530180588392,0.12220501846781619
351.0,94.7704300253043,0.18306515716545907,-0.031021493928761353,0.18306515716545907,0.12232123725435405,0.009716311545100416,0.12232123725435405
351.0,94.74913198617774,0.1831761592697221,-0.031039643753506856,0.1831761592697221,0.12243745604089187,0.009680092909612453,0.12243745604089187
351.0,94.72783460475601,0.18328716137398518,-0.031057793578252363,0.18328716137398518,0.1225536748274297,0.009643874274124487,0.1225536748274297
351.0,94.7065378780358,0.18339816347824828,-0.031075943402997873,0.18339816347824828,0.12266989361396756,0.009607655638636513,0.12266989361396756
351.0,94.6852418030147,0.18350916558251135,-0.031094093227743376,0.18350916558251135,0.12278611240050538,0.00957143700314855,0.12278611240050538
351.0,94.66394637669109,0.18362016768677442,-0.03111224305248888,0.18362016768677442,0.12290233118704322,0.009535218367660584,0.12290233118704322
351.0,94.64265159606411,0.18373116979103749,-0.031130392877234386,0.18373116979103749,0.12301854997358104,0.00949899973217262,0.12301854997358104
351.0,94.6213574581338,0.18384217189530058,-0.031148542701979896,0.18384217189530058,0.1231347687601189,0.009462781096684646,0.1231347687601189
351.0,94.60006395990096,0.18395317399956365,-0.0311666925267254,0.18395317399956365,0.12325098754665673,0.009426562461196681,0.12325098754665673
351.0,94.5787710983672,0.18406417610382672,-0.031184842351470905,0.18406417610382672,0.12336720633319455,0.009390343825708717,0.12336720633319455
351.0,94.55747887053491,0.1841751782080898,-0.03120299217621641,0.1841751782080898,0.12348342511973237,0.009354125190220754,0.12348342511973237
351.0,94.53618727340734,0.1842861803123529,-0.03122114200096192,0.1842861803123529,0.12359964390627023,0.009317906554732778,0.12359964390627023
351.0,94.51489630398844,0.18439718241661596,-0.031239291825707425,0.18439718241661596,0.12371586269280806,0.009281687919244814,0.12371586269280806
351.0,94.49360595928303,0.18450818452087903,-0.03125744165045293,0.18450818452087903,0.12383208147934589,0.00924546928375685,0.12383208147934589
351.0,94.47231623629668,0.18461918662514212,-0.03127559147519844,0.18461918662514212,0.12394830026588374,0.009209250648268875,0.12394830026588374
351.0,94.45102713203572,0.1847301887294052,-0.031293741299943945,0.1847301887294052,0.12406451905242158,0.009173032012780911,0.12406451905242158
351.0,94.42973864350732,0.18484119083366826,-0.03131189112468945,0.18484119083366826,0.1241807378389594,0.009136813377292946,0.1241807378389594
351.0,94.40845076771933,0.18495219293793133,-0.03133004094943495,0.18495219293793133,0.12429695662549722,0.009100594741804982,0.12429695662549722
351.0,94.38716350168046,0.18506319504219443,-0.03134819077418046,0.18506319504219443,0.12441317541203509,0.009064376106317006,0.12441317541203509
351.0,94.36587684240014,0.1851741971464575,-0.031366340598925964,0.1851741971464575,0.12452939419857291,0.009028157470829043,0.12452939419857291
351.0,94.34459078688856,0.18528519925072057,-0.031384490423671474,0.18528519925072057,0.12464561298511073,0.008991938835341079,0.12464561298511073
351.0,94.32330533215668,0.18539620135498366,-0.031402640248416984,0.18539620135498366,0.1247618317716486,0.008955720199853103,0.1247618317716486
351.0,94.3020204752162,0.18550720345924673,-0.03142079007316249,0.18550720345924673,0.12487805055818642,0.00891950156436514,0.12487805055818642
351.0,94.28073621307958,0.1856182055635098,-0.03143893989790799,0.1856182055635098,0.12499426934472424,0.008883282928877176,0.12499426934472424
351.0,94.25945254276003,0.18572920766777287,-0.03145708972265349,0.18572920766777287,0.12511048813126208,0.00884706429338921,0.12511048813126208
351.0,94.23816946127148,0.18584020977203597,-0.031475239547399,0.18584020977203597,0.12522670691779994,0.008810845657901236,0.12522670691779994
351.0,94.21688696562863,0.18595121187629904,-0.03149338937214451,0.18595121187629904,0.12534292570433775,0.008774627022413273,0.12534292570433775
351.0,94.1956050528469,0.1860622139805621,-0.031511539196890016,0.1860622139805621,0.12545914449087558,0.008738408386925307,0.12545914449087558
351.0,94.17432371994242,0.1861732160848252,-0.031529689021635526,0.1861732160848252,0.12557536327741345,0.008702189751437333,0.12557536327741345
351.0,94.15304296393207,0.18628421818908827,-0.03154783884638103,0.18628421818908827,0.12569158206395126,0.00866597111594937,0.12569158206395126
351.0,94.13176278183344,0.18639522029335134,-0.03156598867112653,0.18639522029335134,0.1258078008504891,0.008629752480461404,0.1258078008504891
351.0,94.11048317066489,0.1865062223976144,-0.03158413849587204,0.1865062223976144,0.12592401963702693,0.00859353384497344,0.12592401963702693
351.0,94.08920412744538,0.1866172245018775,-0.03160228832061755,0.1866172245018775,0.1260402384235648,0.008557315209485465,0.1260402384235648
351.0,94.06792564919469,0.18672822660614058,-0.031620438145363056,0.18672822660614058,0.1261564572101026,0.008521096573997501,0.1261564572101026
351.0,94.04664773293328,0.18683922871040365,-0.03163858797010856,0.18683922871040365,0.12627267599664044,0.008484877938509537,0.12627267599664044
351.0,94.02537037568229,0.1869502308146667,-0.03165673779485406,0.1869502308146667,0.12638889478317825,0.008448659303021574,0.12638889478317825
351.0,94.00409357446355,0.18706123291892982,-0.03167488761959957,0.18706123291892982,0.1265051135697161,0.008412440667533598,0.1265051135697161
351.0,93.98281732629964,0.18717746273626645,-0.03169317741961865,0.18717746273626645,0.1266261482753926,0.00837538126185539,0.1266261482753926
351.0,93.9615416282138,0.18729493797998875,-0.03171150056670491,0.18729493797998875,0.12674833030355637,0.008338121554943262,0.12674833030355637
351.0,93.94026647722993,0.1874124132237111,-0.03172982371379117,0.1874124132237111,0.12687051233172017,0.008300861848031122,0.12687051233172017
351.0,93.91899187037265,0.1875298884674334,-0.03174814686087742,0.1875298884674334,0.12699269435988395,0.008263602141118995,0.12699269435988395
351.0,93.89771780466727,0.18764736371115573,-0.031766470007963676,0.18764736371115573,0.12711487638804772,0.008226342434206868,0.12711487638804772
351.0,93.87644427713975,0.18776483895487803,-0.03178479315504993,0.18776483895487803,0.1272370584162115,0.00818908272729474,0.1272370584162115
351.0,93.85517128481673,0.18788231419860038,-0.03180311630213619,0.18788231419860038,0.1273592404443753,0.008151823020382603,0.1273592404443753
351.0,93.83389882472554,0.18799978944232268,-0.03182143944922245,0.18799978944232268,0.12748142247253907,0.008114563313470475,0.12748142247253907
351.0,93.81262689389412,0.18811726468604498,-0.031839762596308704,0.18811726468604498,0.12760360450070285,0.008077303606558348,0.12760360450070285
351.0,93.79135548935113,0.18823473992976733,-0.031858085743394965,0.18823473992976733,0.12772578652886665,0.00804004389964621,0.12772578652886665
351.0,93.77008460812588,0.18835221517348963,-0.03187640889048122,0.18835221517348963,0.12784796855703043,0.008002784192734083,0.12784796855703043
351.0,93.74881424724829,0.18846969041721195,-0.03189473203756747,0.18846969041721195,0.1279701505851942,0.007965524485821955,0.1279701505851942
351.0,93.727544403749,0.18858716566093425,-0.03191305518465373,0.18858716566093425,0.12809233261335798,0.007928264778909828,0.12809233261335798
351.0,93.7062750746592,0.1887046409046566,-0.03193137833173999,0.1887046409046566,0.12821451464152178,0.007891005071997689,0.12821451464152178
351.0,93.68500625701084,0.1888221161483789,-0.031949701478826247,0.1888221161483789,0.12833669666968556,0.007853745365085563,0.12833669666968556
351.0,93.66373794783641,0.18893959139210123,-0.0319680246259125,0.18893959139210123,0.1284588786978493,0.007816485658173436,0.1284588786978493
351.0,93.64247014416905,0.18905706663582356,-0.03198634777299876,0.18905706663582356,0.12858106072601314,0.007779225951261297,0.12858106072601314
351.0,93.62120284304262,0.18917454187954588,-0.03200467092008502,0.18917454187954588,0.1287032427541769,0.00774196624434917,0.1287032427541769
351.0,93.59993604149152,0.18929201712326818,-0.032022994067171275,0.18929201712326818,0.12882542478234066,0.007704706537437042,0.12882542478234066
351.0,93.57866973655075,0.18940949236699048,-0.03204131721425753,0.18940949236699048,0.12894760681050443,0.007667446830524915,0.12894760681050443
351.0,93.55740392525601,0.18952696761071283,-0.03205964036134379,0.18952696761071283,0.12906978883866824,0.007630187123612776,0.12906978883866824
351.0,93.53613860464358,0.18964444285443513,-0.03207796350843004,0.18964444285443513,0.129191970866832,0.007592927416700649,0.129191970866832
351.0,93.51487377175035,0.18976191809815746,-0.0320962866555163,0.18976191809815746,0.1293141528949958,0.007555667709788522,0.1293141528949958
351.0,93.49360942361382,0.18987939334187975,-0.032114609802602556,0.18987939334187975,0.12943633492315956,0.007518408002876395,0.12943633492315956
351.0,93.47234555727208,0.1899968685856021,-0.03213293294968882,0.1899968685856021,0.12955851695132337,0.0074811482959642565,0.12955851695132337
351.0,93.45108216976388,0.1901143438293244,-0.03215125609677507,0.1901143438293244,0.12968069897948714,0.007443888589052129,0.12968069897948714
351.0,93.42981925812849,0.1902318190730467,-0.032169579243861324,0.1902318190730467,0.12980288100765092,0.007406628882140002,0.12980288100765092
351.0,93.4085568194058,0.19034929431676906,-0.032187902390947584,0.19034929431676906,0.12992506303581472,0.007369369175227863,0.12992506303581472
351.0,93.38729485063632,0.19046676956049136,-0.032206225538033845,0.19046676956049136,0.1300472450639785,0.007332109468315736,0.1300472450639785
351.0,93.36603334886112,0.19058424480421368,-0.0322245486851201,0.19058424480421368,0.13016942709214227,0.007294849761403609,0.13016942709214227
351.0,93.34477231112186,0.19070172004793598,-0.03224287183220635,0.19070172004793598,0.13029160912030605,0.007257590054491482,0.13029160912030605
351.0,93.32351173446075,0.19081919529165833,-0.03226119497929261,0.19081919529165833,0.13041379114846985,0.007220330347579343,0.13041379114846985
351.0,93.30225161592061,0.19093667053538063,-0.032279518126378866,0.19093667053538063,0.13053597317663362,0.007183070640667216,0.13053597317663362
351.0,93.28099195254482,0.19105414577910293,-0.032297841273465126,0.19105414577910293,0.1306581552047974,0.007145810933755089,0.1306581552047974
351.0,93.25973274137735,0.19117162102282528,-0.03231616442055139,0.19117162102282528,0.1307803372329612,0.00710855122684295,0.1307803372329612
351.0,93.23847397946267,0.19128909626654758,-0.03233448756763764,0.19128909626654758,0.13090251926112498,0.007071291519930824,0.13090251926112498
351.0,93.21721566384588,0.1914065715102699,-0.032352810714723894,0.1914065715102699,0.13102470128928875,0.007034031813018696,0.13102470128928875
351.0,93.1959577915726,0.1915240467539922,-0.03237113386181015,0.1915240467539922,0.13114688331745253,0.006996772106106569,0.13114688331745253
351.0,93.17470035968897,0.19164152199771456,-0.03238945700889641,0.19164152199771456,0.13126906534561633,0.00695951239919443,0.13126906534561633
351.0,93.15344336524177,0.19175899724143686,-0.03240778015598267,0.19175899724143686,0.1313912473737801,0.006922252692282303,0.1313912473737801
351.0,93.13218680527824,0.19187647248515918,-0.03242610330306892,0.19187647248515918,0.13151342940194388,0.006884992985370176,0.13151342940194388
351.0,93.1109306768462,0.1919939477288815,-0.03244442645015518,0.1919939477288815,0.13163561143010769,0.006847733278458038,0.13163561143010769
351.0,93.089674976994,0.19211142297260383,-0.032462749597241436,0.19211142297260383,0.13175779345827146,0.0068104735715459105,0.13175779345827146
351.0,93.06841970277053,0.19222889821632613,-0.03248107274432769,0.19222889821632613,0.13187997548643524,0.006773213864633783,0.13187997548643524
351.0,93.04716485122518,0.19234637346004843,-0.03249939589141395,0.19234637346004843,0.13200215751459898,0.006735954157721656,0.13200215751459898
351.0,93.02591041940791,0.19246384870377078,-0.03251771903850021,0.19246384870377078,0.13212433954276281,0.006698694450809517,0.13212433954276281
351.0,93.00465640436914,0.19258132394749308,-0.032536042185586464,0.19258132394749308,0.1322465215709266,0.00666143474389739,0.1322465215709266
351.0,92.9834028031599,0.1927041568776989,-0.03255451886521404,0.1927041568776989,0.13237368394835425,0.006623299099167264,0.13237368394835425
351.0,92.96214961283167,0.19282849291188178,-0.03257303861854034,0.19282849291188178,0.13250224356744753,0.006584917709259255,0.13250224356744753
351.0,92.94089683043646,0.19295282894606464,-0.03259155837186664,0.19295282894606464,0.13263080318654075,0.006546536319351256,0.13263080318654075
351.0,92.91964445302676,0.1930771649802475,-0.03261007812519294,0.1930771649802475,0.13275936280563397,0.006508154929443258,0.13275936280563397
351.0,92.89839247765559,0.19320150101443034,-0.03262859787851923,0.19320150101443034,0.1328879224247272,0.00646977353953526,0.1328879224247272
351.0,92.87714090137648,0.19332583704861325,-0.03264711763184554,0.19332583704861325,0.13301648204382044,0.00643139214962725,0.13301648204382044
351.0,92.85588972124343,0.1934501730827961,-0.032665637385171836,0.1934501730827961,0.13314504166291366,0.006393010759719252,0.13314504166291366
351.0,92.83463893431095,0.19357450911697896,-0.032684157138498135,0.19357450911697896,0.13327360128200688,0.006354629369811253,0.13327360128200688
351.0,92.81338853763403,0.1936988451511618,-0.032702676891824434,0.1936988451511618,0.1334021609011001,0.006316247979903255,0.1334021609011001
351.0,92.79213852826815,0.1938231811853447,-0.03272119664515074,0.1938231811853447,0.13353072052019335,0.006277866589995245,0.13353072052019335
351.0,92.7708889032693,0.19394751721952755,-0.03273971639847704,0.19394751721952755,0.13365928013928657,0.0062394852000872475,0.13365928013928657
351.0,92.74963965969387,0.1940718532537104,-0.03275823615180334,0.1940718532537104,0.1337878397583798,0.006201103810179249,0.1337878397583798
351.0,92.72839079459878,0.19419618928789328,-0.032776755905129636,0.19419618928789328,0.13391639937747307,0.006162722420271239,0.13391639937747307
351.0,92.70714230504143,0.19432052532207617,-0.032795275658455934,0.19432052532207617,0.1340449589965663,0.006124341030363241,0.1340449589965663
351.0,92.68589418807969,0.194444861356259,-0.03281379541178223,0.194444861356259,0.13417351861565951,0.006085959640455243,0.13417351861565951
351.0,92.66464644077182,0.19456919739044187,-0.03283231516510853,0.19456919739044187,0.13430207823475274,0.006047578250547244,0.13430207823475274
351.0,92.64339906017662,0.19469353342462475,-0.03285083491843484,0.19469353342462475,0.13443063785384599,0.006009196860639235,0.13443063785384599
351.0,92.62215204335331,0.1948178694588076,-0.032869354671761136,0.1948178694588076,0.1345591974729392,0.005970815470731236,0.1345591974729392
351.0,92.60090538736159,0.19494220549299046,-0.032887874425087435,0.19494220549299046,0.13468775709203243,0.005932434080823238,0.13468775709203243
351.0,92.57965908926154,0.19506654152717334,-0.032906394178413734,0.19506654152717334,0.13481631671112568,0.005894052690915228,0.13481631671112568
351.0,92.55841314611378,0.1951908775613562,-0.03292491393174003,0.1951908775613562,0.1349448763302189,0.00585567130100723,0.1349448763302189
351.0,92.5371675549793,0.19531521359553905,-0.03294343368506633,0.19531521359553905,0.13507343594931212,0.005817289911099232,0.13507343594931212
351.0,92.51592231291954,0.1954395496297219,-0.03296195343839263,0.1954395496297219,0.13520199556840534,0.0057789085211912335,0.13520199556840534
351.0,92.4946774169964,0.1955638856639048,-0.032980473191718936,0.1955638856639048,0.1353305551874986,0.005740527131283224,0.1353305551874986
351.0,92.47343286427218,0.19568822169808767,-0.032998992945045234,0.19568822169808767,0.1354591148065918,0.005702145741375226,0.1354591148065918
351.0,92.45218865180962,0.19581255773227052,-0.03301751269837153,0.19581255773227052,0.13558767442568503,0.005663764351467228,0.13558767442568503
351.0,92.43094477667188,0.1959368937664534,-0.03303603245169783,0.1959368937664534,0.1357162340447783,0.005625382961559218,0.1357162340447783
351.0,92.40970123592254,0.19606122980063626,-0.03305455220502413,0.19606122980063626,0.13584479366387153,0.005587001571651219,0.13584479366387153
351.0,92.38845802662561,0.1961855658348191,-0.03307307195835043,0.1961855658348191,0.13597335328296475,0.005548620181743221,0.13597335328296475
351.0,92.36721514584545,0.19630990186900196,-0.03309159171167673,0.19630990186900196,0.13610191290205798,0.005510238791835223,0.13610191290205798
351.0,92.34597259064692,0.19643423790318484,-0.033110111465003034,0.19643423790318484,0.13623047252115122,0.005471857401927213,0.13623047252115122
351.0,92.32473035809521,0.1965585739373677,-0.03312863121832933,0.1965585739373677,0.13635903214024445,0.005433476012019215,0.13635903214024445
351.0,92.30348844525595,0.19668290997155055,-0.03314715097165563,0.19668290997155055,0.13648759175933767,0.005395094622111216,0.13648759175933767
351.0,92.28224684919515,0.1968072460057334,-0.03316567072498193,0.1968072460057334,0.1366161513784309,0.005356713232203218,0.1366161513784309
351.0,92.26100556697921,0.19693158203991631,-0.033184190478308236,0.19693158203991631,0.13674471099752414,0.005318331842295208,0.13674471099752414
351.0,92.23976459567494,0.19705591807409917,-0.03320271023163453,0.19705591807409917,0.13687327061661736,0.00527995045238721,0.13687327061661736
351.0,92.2185239323495,0.19718025410828202,-0.033221229984960826,0.19718025410828202,0.13700183023571058,0.005241569062479212,0.13700183023571058
351.0,92.19728357407047,0.1973045901424649,-0.03323974973828713,0.1973045901424649,0.13713038985480386,0.0052031876725712025,0.13713038985480386
351.0,92.17604351790578,0.19742892617664776,-0.03325826949161343,0.19742892617664776,0.13725894947389708,0.005164806282663204,0.13725894947389708
351.0,92.15480376092376,0.1975532622108306,-0.03327678924493973,0.1975532622108306,0.1373875090929903,0.005126424892755206,0.1373875090929903
351.0,92.13356430019309,0.19767759824501346,-0.03329530899826603,0.19767759824501346,0.13751606871208352,0.005088043502847208,0.13751606871208352
351.0,92.1123251327828,0.19780193427919635,-0.033313828751592334,0.19780193427919635,0.13764462833117677,0.005049662112939198,0.13764462833117677
351.0,92.09108625576235,0.1979262703133792,-0.03333234850491863,0.1979262703133792,0.13777318795027,0.0050112807230312,0.13777318795027
351.0,92.0698476662015,0.19805060634756205,-0.03335086825824493,0.19805060634756205,0.13790174756936321,0.004972899333123201,0.13790174756936321
351.0,92.04860936117036,0.19817494238174496,-0.03336938801157123,0.19817494238174496,0.13803030718845646,0.004934517943215191,0.13803030718845646
351.0,92.02737133773947,0.19829927841592782,-0.03338790776489753,0.19829927841592782,0.13815886680754969,0.004896136553307193,0.13815886680754969
351.0,92.00613359297962,0.19842361445011067,-0.03340642751822383,0.19842361445011067,0.1382874264266429,0.004857755163399195,0.1382874264266429
351.0,91.984896123962,0.1985531276517307,-0.033425103265559114,0.1985531276517307,0.13842083769183372,0.004818516168587081,0.13842083769183372
351.0,91.96365892775815,0.19868474325624133,-0.03344384236071141,0.19868474325624133,0.13855621916851638,0.004778928907845514,0.13855621916851638
351.0,91.94242200143991,0.19881635886075194,-0.03346258145586369,0.19881635886075194,0.138691600645199,0.004739341647103958,0.138691600645199
351.0,91.92118534207948,0.19894797446526255,-0.03348132055101598,0.19894797446526255,0.1388269821218816,0.0046997543863624034,0.1388269821218816
351.0,91.89994894674939,0.1990795900697732,-0.03350005964616827,0.1990795900697732,0.13896236359856426,0.004660167125620836,0.13896236359856426
351.0,91.87871281252251,0.1992112056742838,-0.033518798741320556,0.1992112056742838,0.1390977450752469,0.004620579864879281,0.1390977450752469
351.0,91.85747693647198,0.1993428212787944,-0.03353753783647284,0.1993428212787944,0.1392331265519295,0.004580992604137726,0.1392331265519295
351.0,91.8362413156713,0.19947443688330502,-0.033556276931625134,0.19947443688330502,0.1393685080286121,0.004541405343396171,0.1393685080286121
351.0,91.81500594719432,0.19960605248781566,-0.03357501602677743,0.19960605248781566,0.13950388950529474,0.004501818082654603,0.13950388950529474
351.0,91.79377082811513,0.19973766809232626,-0.03359375512192971,0.19973766809232626,0.13963927098197737,0.004462230821913048,0.13963927098197737
351.0,91.77253595550818,0.19986928369683687,-0.033612494217082,0.19986928369683687,0.13977465245865997,0.0044226435611714925,0.13977465245865997
351.0,91.7513013264482,0.20000089930134746,-0.033631233312234284,0.20000089930134746,0.1399100339353426,0.004383056300429938,0.1399100339353426
351.0,91.73006693801021,0.20013251490585812,-0.033649972407386576,0.20013251490585812,0.14004541541202525,0.004343469039688371,0.14004541541202525
351.0,91.7088327872696,0.2002641305103687,-0.03366871150253886,0.2002641305103687,0.14018079688870785,0.004303881778946815,0.14018079688870785
351.0,91.68759887130196,0.20039574611487931,-0.03368745059769115,0.20039574611487931,0.14031617836539045,0.00426429451820526,0.14031617836539045
351.0,91.66636518718322,0.20052736171938998,-0.03370618969284344,0.20052736171938998,0.1404515598420731,0.004224707257463693,0.1404515598420731
351.0,91.6451317319896,0.20065897732390056,-0.03372492878799573,0.20065897732390056,0.14058694131875574,0.004185119996722137,0.14058694131875574
351.0,91.62389850279759,0.20079059292841117,-0.03374366788314802,0.20079059292841117,0.14072232279543834,0.004145532735980582,0.14072232279543834
351.0,91.60266549668395,0.20092220853292178,-0.033762406978300304,0.20092220853292178,0.14085770427212096,0.004105945475239027,0.14085770427212096
351.0,91.58143271072575,0.20105382413743242,-0.033781146073452596,0.20105382413743242,0.1409930857488036,0.00406635821449746,0.1409930857488036
351.0,91.5602001420003,0.20118543974194303,-0.03379988516860488,0.20118543974194303,0.14112846722548622,0.004026770953755905,0.14112846722548622
351.0,91.5389677875852,0.20131705534645364,-0.03381862426375717,0.20131705534645364,0.14126384870216882,0.003987183693014349,0.14126384870216882
351.0,91.51773564455829,0.20144867095096428,-0.03383736335890946,0.20144867095096428,0.14139923017885148,0.003947596432272782,0.14139923017885148
351.0,91.49650370999768,0.20158028655547489,-0.033856102454061746,0.20158028655547489,0.1415346116555341,0.003908009171531227,0.1415346116555341
351.0,91.47527198098177,0.2017119021599855,-0.03387484154921404,0.2017119021599855,0.1416699931322167,0.0038684219107896715,0.1416699931322167
351.0,91.45404045458919,0.2018435177644961,-0.033893580644366324,0.2018435177644961,0.14180537460889933,0.003828834650048116,0.14180537460889933
351.0,91.43280912789879,0.20197513336900674,-0.033912319739518616,0.20197513336900674,0.14194075608558196,0.003789247389306549,0.14194075608558196
351.0,91.41157799798974,0.20210674897351735,-0.0339310588346709,0.20210674897351735,0.1420761375622646,0.003749660128564994,0.1420761375622646
351.0,91.39034706194138,0.20223836457802796,-0.03394979792982319,0.20223836457802796,0.1422115190389472,0.0037100728678234386,0.1422115190389472
351.0,91.36911631683331,0.2023699801825386,-0.03396853702497548,0.2023699801825386,0.14234690051562984,0.0036704856070818716,0.14234690051562984
351.0,91.34788575974541,0.2025015957870492,-0.033987276120127766,0.2025015957870492,0.14248228199231247,0.0036308983463403163,0.14248228199231247
351.0,91.32665538775774,0.2026332113915598,-0.03400601521528005,0.2026332113915598,0.14261766346899507,0.003591311085598761,0.14261766346899507
351.0,91.30542519795063,0.2027648269960704,-0.034024754310432344,0.2027648269960704,0.1427530449456777,0.0035517238248572057,0.1427530449456777
351.0,91.28419518740456,0.20289644260058104,-0.034043493405584636,0.20289644260058104,0.14288842642236033,0.0035121365641156387,0.14288842642236033
351.0,91.26296535320033,0.20302805820509165,-0.03406223250073692,0.20302805820509165,0.14302380789904295,0.0034725493033740834,0.14302380789904295
351.0,91.24173569241891,0.20315967380960226,-0.03408097159588921,0.20315967380960226,0.14315918937572555,0.003432962042632528,0.14315918937572555
351.0,91.2205062021415,0.20329128941411287,-0.03409971069104149,0.20329128941411287,0.14329457085240818,0.0033933747818909728,0.14329457085240818
351.0,91.19927687944946,0.2034229050186235,-0.034118449786193786,0.2034229050186235,0.14342995232909084,0.0033537875211494057,0.14342995232909084
351.0,91.1780477214244,0.20355452062313412,-0.03413718888134607,0.20355452062313412,0.14356533380577344,0.0033142002604078504,0.14356533380577344
351.0,91.15681872514817,0.20368613622764473,-0.03415592797649836,0.20368613622764473,0.14370071528245604,0.003274612999666295,0.14370071528245604
351.0,91.13558988770272,0.20381775183215536,-0.03417466707165065,0.20381775183215536,0.1438360967591387,0.0032350257389247277,0.1438360967591387
351.0,91.11436120617033,0.20394936743666597,-0.03419340616680294,0.20394936743666597,0.14397147823582132,0.003195438478183173,0.14397147823582132
351.0,91.09313267763335,0.20408098304117658,-0.03421214526195523,0.20408098304117658,0.14410685971250392,0.0031558512174416175,0.14410685971250392
351.0,91.07190429917436,0.2042125986456872,-0.03423088435710751,0.2042125986456872,0.14424224118918655,0.0031162639567000622,0.14424224118918655
351.0,91.05067606787615,0.20434421425019783,-0.034249623452259806,0.20434421425019783,0.1443776226658692,0.003076676695958495,0.1443776226658692
351.0,91.02944798082169,0.20447582985470844,-0.03426836254741209,0.20447582985470844,0.1445130041425518,0.0030370894352169395,0.1445130041425518
351.0,91.00822003509407,0.20460744545921902,-0.03428710164256438,0.20460744545921902,0.1446483856192344,0.0029975021744753846,0.1446483856192344
351.0,90.98699222777665,0.20474379893358954,-0.03430598881473789,0.20474379893358954,0.1447882394637214,0.0029571221484225307,0.1447882394637214
351.0,90.96576455595287,0.2048831464126305,-0.034324969561303736,0.2048831464126305,0.1449309195340209,0.002916241149756505,0.1449309195340209
351.0,90.9445370167064,0.2050224938916715,-0.03434395030786959,0.2050224938916715,0.1450735996043204,0.0028753601510904787,0.1450735996043204
351.0,90.92330960712104,0.20516184137071244,-0.034362931054435435,0.20516184137071244,0.1452162796746199,0.0028344791524244524,0.1452162796746199
351.0,90.90208232428076,0.20530118884975349,-0.03438191180100129,0.20530118884975349,0.1453589597449194,0.002793598153758414,0.1453589597449194
351.0,90.88085516526968,0.20544053632879444,-0.03440089254756713,0.20544053632879444,0.1455016398152189,0.002752717155092388,0.1455016398152189
351.0,90.8596281271721,0.20557988380783543,-0.034419873294132985,0.20557988380783543,0.1456443198855184,0.002711836156426362,0.1456443198855184
351.0,90.83840120707244,0.20571923128687644,-0.03443885404069884,0.20571923128687644,0.14578699995581795,0.0026709551577603235,0.14578699995581795
351.0,90.81717440205527,0.20585857876591743,-0.034457834787264684,0.20585857876591743,0.14592968002611745,0.0026300741590942972,0.14592968002611745
351.0,90.79594770920532,0.20599792624495838,-0.03447681553383053,0.20599792624495838,0.14607236009641694,0.002589193160428271,0.14607236009641694
351.0,90.77472112560744,0.20613727372399937,-0.03449579628039638,0.20613727372399937,0.14621504016671644,0.0025483121617622447,0.14621504016671644
351.0,90.7534946483466,0.20627662120304038,-0.034514777026962234,0.20627662120304038,0.146357720237016,0.0025074311630962067,0.146357720237016
351.0,90.73226827450796,0.20641596868208137,-0.03453375777352808,0.20641596868208137,0.14650040030731548,0.00246655016443018,0.14650040030731548
351.0,90.71104200117676,0.20655531616112233,-0.034552738520093926,0.20655531616112233,0.14664308037761498,0.0024256691657641542,0.14664308037761498
351.0,90.68981582543836,0.2066946636401633,-0.03457171926665978,0.2066946636401633,0.14678576044791447,0.002384788167098128,0.14678576044791447
351.0,90.66858974437827,0.20683401111920433,-0.03459070001322563,0.20683401111920433,0.146928440518214,0.0023439071684320896,0.146928440518214
351.0,90.6473637550821,0.2069733585982453,-0.03460968075979148,0.2069733585982453,0.1470711205885135,0.0023030261697660637,0.1470711205885135
351.0,90.62613785463557,0.20711270607728627,-0.03462866150635732,0.20711270607728627,0.147213800658813,0.002262145171100037,0.147213800658813
351.0,90.60491204012452,0.20725205355632728,-0.03464764225292318,0.20725205355632728,0.14735648072911253,0.002221264172433999,0.14735648072911253
351.0,90.58368630863488,0.20739140103536827,-0.03466662299948903,0.20739140103536827,0.14749916079941203,0.0021803831737679724,0.14749916079941203
351.0,90.5624606572527,0.20753074851440925,-0.03468560374605487,0.20753074851440925,0.14764184086971152,0.0021395021751019466,0.14764184086971152
351.0,90.54123508306414,0.2076700959934502,-0.034704584492620726,0.2076700959934502,0.14778452094001102,0.0020986211764359203,0.14778452094001102
351.0,90.52000958315541,0.20780944347249122,-0.03472356523918658,0.20780944347249122,0.14792720101031057,0.002057740177769882,0.14792720101031057
351.0,90.49878415461288,0.2079487909515322,-0.034742545985752424,0.2079487909515322,0.14806988108061006,0.0020168591791038556,0.14806988108061006
351.0,90.47755879452293,0.2080881384305732,-0.03476152673231827,0.2080881384305732,0.14821256115090956,0.0019759781804378294,0.14821256115090956
351.0,90.45633349997208,0.2082274859096142,-0.03478050747888412,0.2082274859096142,0.1483552412212091,0.0019350971817717912,0.1483552412212091
351.0,90.43510826804692,0.20836683338865516,-0.034799488225449975,0.20836683338865516,0.1484979212915086,0.001894216183105765,0.1484979212915086
351.0,90.4138830958341,0.20850618086769615,-0.03481846897201582,0.20850618086769615,0.1486406013618081,0.0018533351844397389,0.1486406013618081
351.0,90.39265798042034,0.20864552834673714,-0.034837449718581666,0.20864552834673714,0.1487832814321076,0.0018124541857737126,0.1487832814321076
351.0,90.37143291889248,0.20878487582577815,-0.03485643046514752,0.20878487582577815,0.1489259615024071,0.0017715731871076742,0.1489259615024071
351.0,90.35020790833737,0.2089242233048191,-0.03487541121171337,0.2089242233048191,0.1490686415727066,0.001730692188441648,0.1490686415727066
351.0,90.32898294584196,0.2090635707838601,-0.03489439195827922,0.2090635707838601,0.1492113216430061,0.0016898111897756217,0.1492113216430061
351.0,90.30775802849321,0.2092029182629011,-0.03491337270484507,0.2092029182629011,0.14935400171330565,0.0016489301911095833,0.14935400171330565
351.0,90.28653315337822,0.2093422657419421,-0.034932353451410915,0.2093422657419421,0.14949668178360515,0.0016080491924435573,0.14949668178360515
351.0,90.26530831758406,0.20948161322098305,-0.03495133419797677,0.20948161322098305,0.14963936185390464,0.0015671681937775312,0.14963936185390464
351.0,90.24408351819787,0.20962096070002403,-0.03497031494454261,0.20962096070002403,0.14978204192420413,0.001526287195111505,0.14978204192420413
351.0,90.22285875230686,0.20976030817906505,-0.034989295691108466,0.20976030817906505,0.14992472199450368,0.0014854061964454665,0.14992472199450368
351.0,90.2016340169983,0.20989965565810603,-0.03500827643767432,0.20989965565810603,0.15006740206480318,0.0014445251977794403,0.15006740206480318
351.0,90.18040930935942,0.210039003137147,-0.035027257184240164,0.210039003137147,0.15021008213510267,0.0014036441991134142,0.15021008213510267
351.0,90.15918462647754,0.21017835061618798,-0.03504623793080601,0.21017835061618798,0.15035276220540217,0.001362763200447388,0.15035276220540217
351.0,90.13795996543999,0.210317698095229,-0.03506521867737186,0.210317698095229,0.1504954422757017,0.0013218822017813496,0.1504954422757017
351.0,90.11673532333417,0.21045704557426997,-0.035084199423937715,0.21045704557426997,0.15063812234600119,0.0012810012031153235,0.15063812234600119
351.0,90.09551069724745,0.21059639305331093,-0.03510318017050356,0.21059639305331093,0.15078080241630068,0.0012401202044492973,0.15078080241630068
351.0,90.07428608426721,0.21073574053235197,-0.03512216091706941,0.21073574053235197,0.15092348248660023,0.0011992392057832589,0.15092348248660023
351.0,90.05306148148092,0.21087508801139293,-0.03514114166363526,0.21087508801139293,0.15106616255689972,0.0011583582071172326,0.15106616255689972
351.0,90.03183688597602,0.21101443549043392,-0.03516012241020111,0.21101443549043392,0.15120884262719922,0.0011174772084512066,0.15120884262719922
351.0,90.01061229483992,0.21115378296947487,-0.03517910315676696,0.21115378296947487,0.1513515226974987,0.0010765962097851803,0.1513515226974987
351.0,89.9893877051601,0.21129724061808883,-0.03519821568484802,0.21129724061808883,0.1514981080649708,0.0010350225035945697,0.1514981080649708
351.0,89.968163114024,0.2114448084362758,-0.0352174599944443,0.2114448084362758,0.1516485987296155,0.0009927560898793614,0.1516485987296155
351.0,89.94693851851906,0.21159237625446276,-0.03523670430404058,0.21159237625446276,0.1517990893942602,0.0009504896761641529,0.1517990893942602
351.0,89.9257139157328,0.21173994407264962,-0.03525594861363685,0.21173994407264962,0.15194958005890483,0.0009082232624489699,0.15194958005890483
351.0,89.90448930275257,0.2118875118908366,-0.03527519292323313,0.2118875118908366,0.15210007072354953,0.0008659568487337615,0.15210007072354953
351.0,89.88326467666583,0.21203507970902355,-0.035294437232829406,0.21203507970902355,0.15225056138819426,0.0008236904350185534,0.15225056138819426
351.0,89.86204003456001,0.21218264752721042,-0.03531368154242568,0.21218264752721042,0.15240105205283888,0.0007814240213033704,0.15240105205283888
351.0,89.84081537352247,0.2123302153453974,-0.03533292585202196,0.2123302153453974,0.15255154271748358,0.0007391576075881622,0.15255154271748358
351.0,89.8195906906406,0.21247778316358426,-0.03535217016161823,0.21247778316358426,0.1527020333821282,0.000696891193872979,0.1527020333821282
351.0,89.7983659830017,0.21262535098177124,-0.03537141447121451,0.21262535098177124,0.1528525240467729,0.0006546247801577707,0.1528525240467729
351.0,89.77714124769314,0.2127729187999582,-0.03539065878081079,0.2127729187999582,0.1530030147114176,0.0006123583664425625,0.1530030147114176
351.0,89.75591648180213,0.21292048661814506,-0.03540990309040706,0.21292048661814506,0.15315350537606223,0.0005700919527273795,0.15315350537606223
351.0,89.73469168241596,0.21306805443633203,-0.035429147400003344,0.21306805443633203,0.15330399604070694,0.0005278255390121714,0.15330399604070694
351.0,89.71346684662178,0.21321562225451898,-0.035448391709599625,0.21321562225451898,0.15345448670535164,0.000485559125296963,0.15345448670535164
351.0,89.69224197150679,0.21336319007270585,-0.03546763601919589,0.21336319007270585,0.15360497736999626,0.00044329271158178,0.15360497736999626
351.0,89.67101705415804,0.21351075789089283,-0.03548688032879217,0.21351075789089283,0.15375546803464096,0.00040102629786657165,0.15375546803464096
351.0,89.64979209166263,0.21365832570907978,-0.03550612463838845,0.21365832570907978,0.1539059586992857,0.0003587598841513633,0.1539059586992857
351.0,89.62856708110753,0.21380589352726664,-0.03552536894798472,0.21380589352726664,0.1540564493639303,0.0003164934704361805,0.1540564493639303
351.0,89.60734201957966,0.21395346134545362,-0.035544613257581,0.21395346134545362,0.15420694002857502,0.00027422705672097215,0.15420694002857502
351.0,89.5861169041659,0.21410102916364057,-0.03556385756717728,0.21410102916364057,0.15435743069321972,0.00023196064300576378,0.15435743069321972
351.0,89.56489173195308,0.21424859698182747,-0.035583101876773555,0.21424859698182747,0.15450792135786434,0.0001896942292905808,0.15450792135786434
351.0,89.54366650002792,0.21439616480001442,-0.035602346186369836,0.21439616480001442,0.15465841202250905,0.00014742781557537242,0.15465841202250905
351.0,89.52244120547708,0.21454373261820128,-0.0356215904959661,0.21454373261820128,0.15480890268715367,0.00010516140186018965,0.15480890268715367
351.0,89.50121584538712,0.21469130043638826,-0.035640834805562384,0.21469130043638826,0.15495939335179837,6.289498814498128e-05,0.15495939335179837
351.0,89.47999041684459,0.2148388682545752,-0.035660079115158665,0.2148388682545752,0.15510988401644307,2.0628574429773028e-05,0.15510988401644307
351.0,89.45876491693586,0.21498643607276208,-0.03567932342475493,0.21498643607276208,0.1552603746810877,-2.1637839285409965e-05,0.1552603746810877
351.0,89.4375393427473,0.21513400389094905,-0.03569856773435121,0.21513400389094905,0.1554108653457324,-6.390425300061822e-05,0.1554108653457324
351.0,89.41631369136512,0.215281571709136,-0.03571781204394749,0.215281571709136,0.1555613560103771,-0.00010617066671582658,0.1555613560103771
351.0,89.3950879598755,0.2154291395273229,-0.03573705635354377,0.2154291395273229,0.15571184667502172,-0.00014843708043100958,0.15571184667502172
351.0,89.37386214536444,0.21557670734550985,-0.03575630066314005,0.21557670734550985,0.15586233733966645,-0.00019070349414621783,0.15586233733966645
351.0,89.3526362449179,0.2157242751636968,-0.03577554497273633,0.2157242751636968,0.15601282800431115,-0.0002329699078614261,0.15601282800431115
351.0,89.33141025562173,0.2158718429818837,-0.035794789282332595,0.2158718429818837,0.15616331866895578,-0.0002752363215766091,0.15616331866895578
351.0,89.31018417456163,0.21601941080007064,-0.035814033591928876,0.21601941080007064,0.15631380933360048,-0.00031750273529181734,0.15631380933360048
351.0,89.28895799882325,0.2161669786182575,-0.03583327790152514,0.2161669786182575,0.1564642999982451,-0.00035976914900700033,0.1564642999982451
351.0,89.26773172549203,0.2163145464364445,-0.035852522211121424,0.2163145464364445,0.1566147906628898,-0.0004020355627222087,0.1566147906628898
351.0,89.24650535165338,0.21646211425463144,-0.035871766520717704,0.21646211425463144,0.1567652813275345,-0.00044430197643741695,0.1567652813275345
351.0,89.22527887439257,0.21660968207281833,-0.03589101083031398,0.21660968207281833,0.15691577199217913,-0.0004865683901525999,0.15691577199217913
351.0,89.20405229079468,0.21675724989100528,-0.03591025513991026,0.21675724989100528,0.15706626265682383,-0.0005288348038678082,0.15706626265682383
351.0,89.18282559794473,0.21690481770919223,-0.03592949944950654,0.21690481770919223,0.15721675332146853,-0.0005711012175830166,0.15721675332146853
351.0,89.16159879292758,0.21705238552737913,-0.03594874375910281,0.21705238552737913,0.15736724398611315,-0.0006133676312981995,0.15736724398611315
351.0,89.1403718728279,0.21719995334556608,-0.03596798806869909,0.21719995334556608,0.15751773465075786,-0.0006556340450134077,0.15751773465075786
351.0,89.11914483473032,0.21734752116375305,-0.03598723237829537,0.21734752116375305,0.1576682253154026,-0.0006979004587286161,0.1576682253154026
351.0,89.09791767571924,0.21749508898193992,-0.036006476687891635,0.21749508898193992,0.1578187159800472,-0.0007401668724437991,0.1578187159800472
351.0,89.07669039287897,0.21764265680012687,-0.036025720997487916,0.21764265680012687,0.1579692066446919,-0.0007824332861590073,0.1579692066446919
351.0,89.0554629832936,0.21779022461831385,-0.0360449653070842,0.21779022461831385,0.15811969730933662,-0.0008246996998742156,0.15811969730933662
351.0,89.03423544404714,0.21793779243650072,-0.03606420961668047,0.21793779243650072,0.15827018797398124,-0.0008669661135893986,0.15827018797398124
351.0,89.01300777222335,0.21808536025468767,-0.03608345392627675,0.21808536025468767,0.15842067863862594,-0.0009092325273046069,0.15842067863862594
351.0,88.99177996490594,0.218236315508121,-0.03610280859613306,0.218236315508121,0.15857440690003285,-0.0009520724595826484,0.15857440690003285
351.0,88.97055201917831,0.21839263121657115,-0.036122337905847145,0.21839263121657115,0.15873325850418862,-0.0009958199576837706,0.15873325850418862
351.0,88.94932393212385,0.21854894692502133,-0.03614186721556123,0.21854894692502133,0.1588921101083444,-0.0010395674557848928,0.1588921101083444
351.0,88.92809570082566,0.21870526263347143,-0.03616139652527531,0.21870526263347143,0.15905096171250005,-0.0010833149538859888,0.15905096171250005
351.0,88.90686732236667,0.2188615783419216,-0.03618092583498939,0.2188615783419216,0.15920981331665582,-0.001127062451987111,0.15920981331665582
351.0,88.88563879382967,0.21901789405037178,-0.03620045514470348,0.21901789405037178,0.1593686649208116,-0.001170809950088233,0.1593686649208116
351.0,88.86441011229726,0.21917420975882185,-0.03621998445441755,0.21917420975882185,0.15952751652496727,-0.0012145574481893292,0.15952751652496727
351.0,88.84318127485183,0.21933052546727203,-0.036239513764131634,0.21933052546727203,0.15968636812912304,-0.0012583049462904512,0.15968636812912304
351.0,88.8219522785756,0.2194868411757222,-0.03625904307384572,0.2194868411757222,0.1598452197332788,-0.0013020524443915736,0.1598452197332788
351.0,88.80072312055056,0.2196431568841723,-0.0362785723835598,0.2196431568841723,0.16000407133743447,-0.0013457999424926696,0.16000407133743447
351.0,88.77949379785852,0.21979947259262247,-0.03629810169327388,0.21979947259262247,0.16016292294159024,-0.0013895474405937918,0.16016292294159024
351.0,88.7582643075811,0.21995578830107254,-0.03631763100298795,0.21995578830107254,0.1603217745457459,-0.0014332949386948878,0.1603217745457459
351.0,88.73703464679967,0.22011210400952272,-0.03633716031270204,0.22011210400952272,0.16048062614990166,-0.00147704243679601,0.16048062614990166
351.0,88.71580481259544,0.2202684197179729,-0.03635668962241612,0.2202684197179729,0.16063947775405743,-0.0015207899348971324,0.16063947775405743
351.0,88.69457480204939,0.220424735426423,-0.036376218932130194,0.220424735426423,0.16079832935821312,-0.0015645374329982284,0.16079832935821312
351.0,88.67334461224226,0.22058105113487317,-0.03639574824184428,0.22058105113487317,0.16095718096236888,-0.0016082849310993506,0.16095718096236888
351.0,88.65211424025459,0.22073736684332332,-0.036415277551558364,0.22073736684332332,0.16111603256652463,-0.0016520324292004726,0.16111603256652463
351.0,88.6308836831667,0.2208936825517734,-0.03643480686127244,0.2208936825517734,0.1612748841706803,-0.0016957799273015688,0.1612748841706803
351.0,88.60965293805863,0.2210499982602236,-0.03645433617098653,0.2210499982602236,0.16143373577483608,-0.001739527425402691,0.16143373577483608
351.0,88.58842200201026,0.22120631396867377,-0.03647386548070061,0.22120631396867377,0.16159258737899185,-0.0017832749235038132,0.16159258737899185
351.0,88.56719087210121,0.22136262967712383,-0.036493394790414684,0.22136262967712383,0.1617514389831475,-0.0018270224216049092,0.1617514389831475
351.0,88.54595954541082,0.221518945385574,-0.03651292410012877,0.221518945385574,0.16191029058730327,-0.0018707699197060314,0.16191029058730327
351.0,88.52472801901823,0.2216752610940242,-0.036532453409842854,0.2216752610940242,0.16206914219145904,-0.0019145174178071536,0.16206914219145904
351.0,88.50349629000233,0.22183157680247428,-0.036551982719556925,0.22183157680247428,0.1622279937956147,-0.0019582649159082498,0.1622279937956147
351.0,88.48226435544171,0.22198789251092446,-0.03657151202927102,0.22198789251092446,0.16238684539977047,-0.002002012414009372,0.16238684539977047
351.0,88.46103221241482,0.22214420821937453,-0.03659104133898509,0.22214420821937453,0.16254569700392615,-0.0020457599121104677,0.16254569700392615
351.0,88.4397998579997,0.2223005239278247,-0.03661057064869917,0.2223005239278247,0.16270454860808192,-0.00208950741021159,0.16270454860808192
351.0,88.41856728927425,0.22245683963627488,-0.03663009995841326,0.22245683963627488,0.1628634002122377,-0.0021332549083127126,0.1628634002122377
351.0,88.39733450331605,0.22261315534472498,-0.03664962926812733,0.22261315534472498,0.16302225181639335,-0.0021770024064138084,0.16302225181639335
351.0,88.37610149720243,0.22276947105317516,-0.036669158577841414,0.22276947105317516,0.16318110342054912,-0.0022207499045149306,0.16318110342054912
351.0,88.3548682680104,0.22292578676162533,-0.0366886878875555,0.22292578676162533,0.16333995502470489,-0.0022644974026160528,0.16333995502470489
351.0,88.33363481281678,0.2230821024700754,-0.03670821719726958,0.2230821024700754,0.16349880662886054,-0.0023082449007171485,0.16349880662886054
351.0,88.31240112869804,0.22323841817852558,-0.03672774650698366,0.22323841817852558,0.1636576582330163,-0.0023519923988182707,0.1636576582330163
351.0,88.29116721273041,0.22339473388697575,-0.03674727581669775,0.22339473388697575,0.16381650983717208,-0.0023957398969193934,0.16381650983717208
351.0,88.26993306198978,0.22355104959542582,-0.03676680512641182,0.22355104959542582,0.16397536144132777,-0.002439487395020489,0.16397536144132777
351.0,88.24869867355181,0.223707365303876,-0.0367863344361259,0.223707365303876,0.16413421304548353,-0.0024832348931216114,0.16413421304548353
351.0,88.22746404449182,0.22386368101232618,-0.03680586374583999,0.22386368101232618,0.16429306464963928,-0.0025269823912227336,0.16429306464963928
351.0,88.20622917188487,0.22401999672077627,-0.03682539305555406,0.22401999672077627,0.16445191625379496,-0.0025707298893238298,0.16445191625379496
351.0,88.18499405280568,0.22417631242922645,-0.036844922365268144,0.22417631242922645,0.16461076785795073,-0.002614477387424952,0.16461076785795073
351.0,88.1637586843287,0.22433262813767652,-0.03686445167498222,0.22433262813767652,0.1647696194621064,-0.0026582248855260477,0.1647696194621064
351.0,88.14252306352803,0.2244889438461267,-0.03688398098469631,0.2244889438461267,0.16492847106626216,-0.0027019723836271704,0.16492847106626216
351.0,88.12128718747749,0.22464525955457687,-0.03690351029441039,0.22464525955457687,0.16508732267041792,-0.0027457198817282926,0.16508732267041792
351.0,88.10005105325061,0.22480157526302696,-0.036923039604124464,0.22480157526302696,0.1652461742745736,-0.0027894673798293883,0.1652461742745736
351.0,88.07881465792052,0.22495789097147714,-0.03694256891383855,0.22495789097147714,0.16540502587872935,-0.0028332148779305105,0.16540502587872935
351.0,88.05757799856009,0.22511420667992732,-0.036962098223552634,0.22511420667992732,0.16556387748288512,-0.0028769623760316328,0.16556387748288512
351.0,88.03634107224187,0.2252705223883774,-0.03698162753326671,0.2252705223883774,0.1657227290870408,-0.002920709874132729,0.1657227290870408
351.0,88.015103876038,0.22542683809682756,-0.0370011568429808,0.22542683809682756,0.16588158069119657,-0.002964457372233851,0.16588158069119657
351.0,87.99386640702038,0.2255858448552418,-0.037020774474518854,0.2255858448552418,0.16604301800149407,-0.0030086614713716454,0.16604301800149407
351.0,87.97262866226053,0.2257514783246009,-0.03704060959856184,0.2257514783246009,0.16621082261355793,-0.003053989950631528,0.16621082261355793
351.0,87.95139063882964,0.22591711179396012,-0.03706044472260484,0.22591711179396012,0.1663786272256219,-0.0030993184298914378,0.1663786272256219
351.0,87.93015233379852,0.22608274526331923,-0.03708027984664783,0.22608274526331923,0.1665464318376858,-0.00314464690915132,0.1665464318376858
351.0,87.90891374423767,0.22624837873267845,-0.03710011497069083,0.22624837873267845,0.16671423644974978,-0.0031899753884112297,0.16671423644974978
351.0,87.8876748672172,0.22641401220203766,-0.03711995009473383,0.22641401220203766,0.16688204106181376,-0.0032353038676711395,0.16688204106181376
351.0,87.86643569980693,0.22657964567139677,-0.037139785218776825,0.22657964567139677,0.16704984567387762,-0.003280632346931022,0.16704984567387762
351.0,87.84519623907626,0.22674527914075598,-0.03715962034281982,0.22674527914075598,0.1672176502859416,-0.003325960826190932,0.1672176502859416
351.0,87.82395648209423,0.2269109126101152,-0.03717945546686282,0.2269109126101152,0.16738545489800558,-0.0033712893054508412,0.16738545489800558
351.0,87.80271642592955,0.2270765460794743,-0.03719929059090581,0.2270765460794743,0.16755325951006947,-0.0034166177847107237,0.16755325951006947
351.0,87.7814760676505,0.22724217954883352,-0.037219125714948814,0.22724217954883352,0.16772106412213345,-0.0034619462639706336,0.16772106412213345
351.0,87.76023540432506,0.2274078130181927,-0.037238960838991815,0.2274078130181927,0.16788886873419742,-0.0035072747432305434,0.16788886873419742
351.0,87.73899443302079,0.22757344648755184,-0.0372587959630348,0.22757344648755184,0.16805667334626131,-0.003552603222490426,0.16805667334626131
351.0,87.71775315080485,0.22773907995691103,-0.0372786310870778,0.22773907995691103,0.1682244779583253,-0.0035979317017503353,0.1682244779583253
351.0,87.69651155474405,0.22790471342627025,-0.037298466211120804,0.22790471342627025,0.16839228257038927,-0.003643260181010245,0.16839228257038927
351.0,87.67526964190479,0.22807034689562936,-0.03731830133516379,0.22807034689562936,0.16856008718245313,-0.0036885886602701277,0.16856008718245313
351.0,87.65402740935309,0.22823598036498857,-0.03733813645920679,0.22823598036498857,0.1687278917945171,-0.0037339171395300375,0.1687278917945171
351.0,87.63278485415456,0.22840161383434768,-0.03735797158324978,0.22840161383434768,0.168895696406581,-0.00377924561878992,0.168895696406581
351.0,87.6115419733744,0.2285672473037069,-0.03737780670729278,0.2285672473037069,0.16906350101864498,-0.0038245740980498294,0.16906350101864498
351.0,87.59029876407746,0.2287328807730661,-0.03739764183133578,0.2287328807730661,0.16923130563070896,-0.0038699025773097392,0.16923130563070896
351.0,87.56905522332812,0.22889851424242522,-0.037417476955378774,0.22889851424242522,0.16939911024277282,-0.003915231056569622,0.16939911024277282
351.0,87.54781134819038,0.22906414771178443,-0.037437312079421775,0.22906414771178443,0.16956691485483683,-0.003960559535829532,0.16956691485483683
351.0,87.52656713572782,0.22922978118114365,-0.03745714720346477,0.22922978118114365,0.1697347194669008,-0.004005888015089441,0.1697347194669008
351.0,87.5053225830036,0.22939541465050275,-0.03747698232750776,0.22939541465050275,0.16990252407896467,-0.0040512164943493235,0.16990252407896467
351.0,87.48407768708046,0.22956104811986197,-0.037496817451550764,0.22956104811986197,0.17007032869102864,-0.004096544973609234,0.17007032869102864
351.0,87.4628324450207,0.2297266815892212,-0.037516652575593765,0.2297266815892212,0.17023813330309262,-0.004141873452869143,0.17023813330309262
351.0,87.44158685388622,0.2298923150585803,-0.03753648769963675,0.2298923150585803,0.1704059379151565,-0.004187201932129026,0.1704059379151565
351.0,87.42034091073845,0.2300579485279395,-0.03755632282367975,0.2300579485279395,0.1705737425272205,-0.004232530411388935,0.1705737425272205
351.0,87.39909461263844,0.23022358199729862,-0.03757615794772274,0.23022358199729862,0.17074154713928436,-0.0042778588906488176,0.17074154713928436
351.0,87.37784795664669,0.23038921546665783,-0.03759599307176574,0.23038921546665783,0.17090935175134833,-0.004323187369908728,0.17090935175134833
351.0,87.35660093982338,0.23055484893601702,-0.03761582819580874,0.23055484893601702,0.17107715636341234,-0.004368515849168637,0.17107715636341234
351.0,87.3353535592282,0.23072048240537615,-0.03763566331985173,0.23072048240537615,0.1712449609754762,-0.00441384432842852,0.1712449609754762
351.0,87.31410581192033,0.23088611587473537,-0.03765549844389473,0.23088611587473537,0.17141276558754018,-0.004459172807688429,0.17141276558754018
351.0,87.29285769495857,0.23105174934409456,-0.03767533356793773,0.23105174934409456,0.17158057019960415,-0.004504501286948339,0.17158057019960415
351.0,87.27160920540123,0.2312173828134537,-0.037695168691980724,0.2312173828134537,0.17174837481166805,-0.004549829766208222,0.17174837481166805
351.0,87.25036034030614,0.23138301628281288,-0.037715003816023725,0.23138301628281288,0.17191617942373202,-0.004595158245468131,0.17191617942373202
351.0,87.2291110967307,0.2315486497521721,-0.037734838940066726,0.2315486497521721,0.172083984035796,-0.004640486724728041,0.172083984035796
351.0,87.20786147173186,0.2317142832215312,-0.03775467406410971,0.2317142832215312,0.17225178864785987,-0.004685815203987923,0.17225178864785987
351.0,87.18661146236597,0.23187991669089042,-0.03777450918815271,0.23187991669089042,0.17241959325992384,-0.0047311436832478335,0.17241959325992384
351.0,87.16536106568905,0.23204555016024964,-0.037794344312195714,0.23204555016024964,0.17258739787198785,-0.004776472162507743,0.17258739787198785
351.0,87.14411027875657,0.23221118362960874,-0.0378141794362387,0.23221118362960874,0.1727552024840517,-0.004821800641767625,0.1727552024840517
351.0,87.12285909862352,0.23237681709896796,-0.0378340145602817,0.23237681709896796,0.1729230070961157,-0.004867129121027535,0.1729230070961157
351.0,87.10160752234442,0.23254245056832706,-0.03785384968432469,0.23254245056832706,0.17309081170817958,-0.004912457600287417,0.17309081170817958
351.0,87.08035554697325,0.23270808403768628,-0.03787368480836769,0.23270808403768628,0.17325861632024356,-0.0049577860795473275,0.17325861632024356
351.0,87.05910316956354,0.2328737175070455,-0.03789351993241069,0.2328737175070455,0.17342642093230753,-0.005003114558807237,0.17342642093230753
351.0,87.03785038716832,0.2330393509764046,-0.03791335505645368,0.2330393509764046,0.1735942255443714,-0.0050484430380671194,0.1735942255443714
351.0,87.01659719684008,0.23320498444576382,-0.03793319018049668,0.23320498444576382,0.17376203015643538,-0.005093771517327029,0.17376203015643538
351.0,86.99534359563086,0.23337279420202767,-0.037953096692586036,0.23337279420202767,0.1739319359069825,-0.005139469238613888,0.1739319359069825
351.0,86.9740895805921,0.23354836114815405,-0.03797325766130437,0.23354836114815405,0.1741093309872253,-0.00518648309174997,0.1741093309872253
351.0,86.95283514877484,0.23372392809428053,-0.037993418630022716,0.23372392809428053,0.1742867260674682,-0.0052334969448860815,0.1742867260674682
351.0,86.93158029722947,0.23389949504040702,-0.03801357959874106,0.23389949504040702,0.17446412114771112,-0.005280510798022192,0.17446412114771112
351.0,86.91032502300601,0.2340750619865334,-0.038033740567459395,0.2340750619865334,0.1746415162279539,-0.005327524651158275,0.1746415162279539
351.0,86.8890693231538,0.23425062893265988,-0.03805390153617774,0.23425062893265988,0.17481891130819682,-0.005374538504294386,0.17481891130819682
351.0,86.86781319472178,0.23442619587878627,-0.038074062504896075,0.23442619587878627,0.1749963063884396,-0.0054215523574304685,0.1749963063884396
351.0,86.84655663475823,0.23460176282491277,-0.03809422347361442,0.23460176282491277,0.17517370146868252,-0.005468566210566579,0.17517370146868252
351.0,86.82529964031103,0.23477732977103927,-0.03811438444233277,0.23477732977103927,0.17535109654892542,-0.005515580063702691,0.17535109654892542
351.0,86.80404220842742,0.23495289671716563,-0.03813454541105111,0.23495289671716563,0.17552849162916823,-0.0055625939168387735,0.17552849162916823
351.0,86.78278433615414,0.23512846366329213,-0.038154706379769456,0.23512846366329213,0.17570588670941112,-0.005609607769974884,0.17570588670941112
351.0,86.76152602053733,0.23530403060941862,-0.0381748673484878,0.23530403060941862,0.17588328178965404,-0.005656621623110996,0.17588328178965404
351.0,86.74026725862267,0.23547959755554498,-0.038195028317206135,0.23547959755554498,0.17606067686989682,-0.005703635476247078,0.17606067686989682
351.0,86.71900804745518,0.23565516450167148,-0.03821518928592448,0.23565516450167148,0.17623807195013974,-0.005750649329383189,0.17623807195013974
351.0,86.69774838407939,0.23583073144779798,-0.03823535025464283,0.23583073144779798,0.17641546703038263,-0.0057976631825193,0.17641546703038263
351.0,86.67648826553926,0.23600629839392437,-0.03825551122336116,0.23600629839392437,0.17659286211062544,-0.005844677035655383,0.17659286211062544
351.0,86.65522768887816,0.23618186534005084,-0.03827567219207951,0.23618186534005084,0.17677025719086834,-0.005891690888791493,0.17677025719086834
351.0,86.63396665113888,0.23635743228617734,-0.038295833160797856,0.23635743228617734,0.17694765227111126,-0.005938704741927605,0.17694765227111126
351.0,86.61270514936369,0.23653299923230373,-0.03831599412951619,0.23653299923230373,0.17712504735135404,-0.005985718595063688,0.17712504735135404
351.0,86.5914431805942,0.2367085661784302,-0.038336155098234535,0.2367085661784302,0.17730244243159696,-0.006032732448199798,0.17730244243159696
351.0,86.57018074187152,0.23688413312455658,-0.038356316066952875,0.23688413312455658,0.17747983751183977,-0.006079746301335881,0.17747983751183977
351.0,86.54891783023614,0.23705970007068308,-0.038376477035671215,0.23705970007068308,0.17765723259208266,-0.006126760154471992,0.17765723259208266
351.0,86.52765444272792,0.23723526701680955,-0.03839663800438956,0.23723526701680955,0.17783462767232555,-0.006173774007608103,0.17783462767232555
351.0,86.5063905763862,0.23741083396293594,-0.0384167989731079,0.23741083396293594,0.17801202275256836,-0.006220787860744186,0.17801202275256836
351.0,86.48512622824965,0.23758640090906244,-0.03843695994182625,0.23758640090906244,0.17818941783281125,-0.006267801713880297,0.17818941783281125
351.0,86.46386139535642,0.23776196785518894,-0.038457120910544595,0.23776196785518894,0.17836681291305417,-0.0063148155670164074,0.17836681291305417
351.0,86.442596074744,0.2379375348013153,-0.03847728187926293,0.2379375348013153,0.17854420799329696,-0.00636182942015249,0.17854420799329696
351.0,86.42133026344926,0.2381131017474418,-0.038497442847981275,0.2381131017474418,0.17872160307353988,-0.006408843273288601,0.17872160307353988
351.0,86.40006395850848,0.2382886686935683,-0.03851760381669962,0.2382886686935683,0.17889899815378277,-0.0064558571264247125,0.17889899815378277
351.0,86.37879715695738,0.23846423563969468,-0.038537764785417955,0.23846423563969468,0.17907639323402558,-0.006502870979560795,0.17907639323402558
351.0,86.35752985583095,0.23863980258582115,-0.0385579257541363,0.23863980258582115,0.17925378831426847,-0.006549884832696906,0.17925378831426847
351.0,86.3362620521636,0.23881536953194754,-0.038578086722854635,0.23881536953194754,0.17943118339451128,-0.006596898685832989,0.17943118339451128
351.0,86.31499374298917,0.23899093647807404,-0.03859824769157298,0.23899093647807404,0.17960857847475417,-0.0066439125389691,0.17960857847475417
351.0,86.29372492534078,0.2391665034242005,-0.03861840866029133,0.2391665034242005,0.1797859735549971,-0.006690926392105211,0.1797859735549971
351.0,86.27245559625102,0.2393420703703269,-0.03863856962900967,0.2393420703703269,0.17996336863523987,-0.006737940245241294,0.17996336863523987
351.0,86.25118575275171,0.2395176373164534,-0.038658730597728015,0.2395176373164534,0.1801407637154828,-0.0067849540983774045,0.1801407637154828
351.0,86.22991539187412,0.23969320426257987,-0.03867889156644636,0.23969320426257987,0.18031815879572569,-0.006831967951513515,0.18031815879572569
351.0,86.20864451064887,0.23986877120870626,-0.038699052535164695,0.23986877120870626,0.1804955538759685,-0.006878981804649598,0.1804955538759685
351.0,86.1873731061059,0.24004433815483275,-0.03871921350388304,0.24004433815483275,0.1806729489562114,-0.0069259956577857095,0.1806729489562114
351.0,86.16610117527446,0.24021990510095922,-0.03873937447260139,0.24021990510095922,0.1808503440364543,-0.00697300951092182,0.1808503440364543
351.0,86.14482871518327,0.2403954720470856,-0.03875953544131972,0.2403954720470856,0.1810277391166971,-0.007020023364057903,0.1810277391166971
351.0,86.12355572286026,0.2405710389932121,-0.03877969641003807,0.2405710389932121,0.18120513419694,-0.007067037217194014,0.18120513419694
351.0,86.10228219533272,0.2407466059393386,-0.038799857378756415,0.2407466059393386,0.1813825292771829,-0.007114051070330125,0.1813825292771829
351.0,86.08100812962735,0.24092217288546497,-0.03882001834747475,0.24092217288546497,0.1815599243574257,-0.007161064923466208,0.1815599243574257
351.0,86.05973352277007,0.24109773983159147,-0.038840179316193095,0.24109773983159147,0.1817373194376686,-0.007208078776602319,0.1817373194376686
351.0,86.03845837178622,0.24127330677771786,-0.03886034028491143,0.24127330677771786,0.1819147145179114,-0.0072550926297384015,0.1819147145179114
351.0,86.01718267370036,0.24144887372384435,-0.038880501253629775,0.24144887372384435,0.1820921095981543,-0.007302106482874512,0.1820921095981543
351.0,85.99590642553645,0.24162647987656838,-0.0389007285950204,0.24162647987656838,0.1822714820150656,-0.007349465602901761,0.1822714820150656
351.0,85.97462962431773,0.2418126456576353,-0.038921234537611794,0.2418126456576353,0.18245915435951252,-0.007398273990634774,0.18245915435951252
351.0,85.95335226706672,0.24199881143870233,-0.038941740480203206,0.24199881143870233,0.18264682670395954,-0.007447082378367817,0.18264682670395954
351.0,85.93207435080531,0.24218497721976937,-0.03896224642279462,0.24218497721976937,0.18283449904840657,-0.00749589076610086,0.18283449904840657
351.0,85.91079587255463,0.2423711430008363,-0.038982752365386016,0.2423711430008363,0.18302217139285348,-0.007544699153833873,0.18302217139285348
351.0,85.88951682933512,0.24255730878190332,-0.03900325830797743,0.24255730878190332,0.18320984373730054,-0.007593507541566915,0.18320984373730054
351.0,85.86823721816656,0.24274347456297035,-0.03902376425056884,0.24274347456297035,0.18339751608174756,-0.007642315929299957,0.18339751608174756
351.0,85.84695703606795,0.24292964034403727,-0.03904427019316024,0.24292964034403727,0.18358518842619448,-0.00769112431703297,0.18358518842619448
351.0,85.82567628005758,0.2431158061251043,-0.03906477613575165,0.2431158061251043,0.1837728607706415,-0.007739932704766013,0.1837728607706415
351.0,85.80439494715311,0.24330197190617123,-0.039085282078343046,0.24330197190617123,0.18396053311508842,-0.007788741092499026,0.18396053311508842
351.0,85.78311303437137,0.24348813768723826,-0.03910578802093446,0.24348813768723826,0.18414820545953545,-0.007837549480232069,0.18414820545953545
351.0,85.76183053872852,0.2436743034683053,-0.03912629396352587,0.2436743034683053,0.1843358778039825,-0.00788635786796511,0.1843358778039825
351.0,85.74054745723998,0.2438604692493722,-0.03914679990611727,0.2438604692493722,0.18452355014842942,-0.007935166255698123,0.18452355014842942
351.0,85.71926378692042,0.24404663503043925,-0.03916730584870868,0.24404663503043925,0.18471122249287644,-0.007983974643431166,0.18471122249287644
351.0,85.6979795247838,0.24423280081150628,-0.03918781179130009,0.24423280081150628,0.18489889483732347,-0.008032783031164208,0.18489889483732347
351.0,85.67669466784332,0.2444189665925732,-0.03920831773389149,0.2444189665925732,0.18508656718177038,-0.008081591418897222,0.18508656718177038
351.0,85.65540921311144,0.24460513237364023,-0.0392288236764829,0.24460513237364023,0.18527423952621744,-0.008130399806630263,0.18527423952621744
351.0,85.63412315759986,0.24479129815470727,-0.03924932961907431,0.24479129815470727,0.18546191187066446,-0.008179208194363305,0.18546191187066446
351.0,85.61283649831955,0.2449774639357742,-0.03926983556166572,0.2449774639357742,0.18564958421511138,-0.008228016582096319,0.18564958421511138
351.0,85.59154923228067,0.24516362971684122,-0.03929034150425713,0.24516362971684122,0.1858372565595584,-0.008276824969829361,0.1858372565595584
351.0,85.57026135649268,0.24534979549790825,-0.03931084744684853,0.24534979549790825,0.18602492890400543,-0.008325633357562404,0.18602492890400543
351.0,85.54897286796428,0.24553596127897517,-0.03933135338943994,0.24553596127897517,0.18621260124845235,-0.008374441745295417,0.18621260124845235
351.0,85.52768376370332,0.2457221270600422,-0.03935185933203135,0.2457221270600422,0.1864002735928994,-0.008423250133028458,0.1864002735928994
351.0,85.50639404071698,0.24590829284110913,-0.03937236527462275,0.24590829284110913,0.18658794593734632,-0.008472058520761471,0.18658794593734632
351.0,85.48510369601156,0.24609445862217616,-0.03939287121721416,0.24609445862217616,0.18677561828179334,-0.008520866908494514,0.18677561828179334
351.0,85.46381272659266,0.2462806244032432,-0.03941337715980557,0.2462806244032432,0.18696329062624037,-0.008569675296227557,0.18696329062624037
351.0,85.44252112946509,0.2464667901843101,-0.03943388310239697,0.2464667901843101,0.18715096297068728,-0.00861848368396057,0.18715096297068728
351.0,85.42122890163282,0.24665295596537715,-0.03945438904498838,0.24665295596537715,0.18733863531513434,-0.008667292071693613,0.18733863531513434
351.0,85.39993604009904,0.24683912174644418,-0.03947489498757979,0.24683912174644418,0.18752630765958136,-0.008716100459426654,0.18752630765958136
351.0,85.3786425418662,0.2470252875275111,-0.03949540093017119,0.2470252875275111,0.18771398000402828,-0.008764908847159667,0.18771398000402828
351.0,85.35734840393589,0.24721145330857813,-0.0395159068727626,0.24721145330857813,0.1879016523484753,-0.00881371723489271,0.1879016523484753
351.0,85.33605362330891,0.24739761908964517,-0.03953641281535401,0.24739761908964517,0.18808932469292233,-0.008862525622625753,0.18808932469292233
351.0,85.3147581969853,0.2475837848707121,-0.03955691875794541,0.2475837848707121,0.18827699703736925,-0.008911334010358766,0.18827699703736925
351.0,85.2934621219642,0.24776995065177912,-0.03957742470053682,0.24776995065177912,0.1884646693818163,-0.008960142398091807,0.1884646693818163
351.0,85.27216539524402,0.24795611643284604,-0.03959793064312822,0.24795611643284604,0.18865234172626322,-0.00900895078582482,0.18865234172626322
351.0,85.25086801382227,0.24814228221391307,-0.03961843658571963,0.24814228221391307,0.18884001407071024,-0.009057759173557863,0.18884001407071024
351.0,85.2295699746957,0.2483284479949801,-0.039638942528311044,0.2483284479949801,0.18902768641515727,-0.009106567561290906,0.18902768641515727
351.0,85.20827127486025,0.248514613776047,-0.03965944847090245,0.248514613776047,0.18921535875960419,-0.009155375949023919,0.18921535875960419
351.0,85.18697191131093,0.24870077955711403,-0.03967995441349386,0.24870077955711403,0.18940303110405124,-0.009204184336756962,0.18940303110405124
351.0,85.16567188104202,0.24888694533818106,-0.03970046035608527,0.24888694533818106,0.18959070344849827,-0.009252992724490003,0.18959070344849827
351.0,85.14437118104689,0.249073111119248,-0.03972096629867667,0.249073111119248,0.18977837579294518,-0.009301801112223016,0.18977837579294518
351.0,85.1230698083181,0.24925927690031502,-0.03974147224126808,0.24925927690031502,0.1899660481373922,-0.009350609499956059,0.1899660481373922
351.0,85.10176775984736,0.24944544268138205,-0.039761978183859494,0.24944544268138205,0.19015372048183923,-0.009399417887689101,0.19015372048183923
351.0,85.08046503262555,0.24963160846244897,-0.03978248412645089,0.24963160846244897,0.19034139282628615,-0.009448226275422114,0.19034139282628615
351.0,85.05916162364262,0.249817774243516,-0.0398029900690423,0.249817774243516,0.1905290651707332,-0.009497034663155157,0.1905290651707332
351.0,85.03785752988775,0.25000394002458304,-0.039823496011633715,0.25000394002458304,0.19071673751518023,-0.009545843050888198,0.19071673751518023
351.0,85.01655274834923,0.25019010580565,-0.03984400195422511,0.25019010580565,0.19090440985962714,-0.009594651438621211,0.19090440985962714
351.0,84.99524727601441,0.25037879630034116,-0.03986458890676583,0.25037879630034116,0.19109453993151454,-0.0096438856079637,0.19109453993151454
351.0,84.97394110986991,0.25057627998997845,-0.03988545800468332,0.25057627998997845,0.19129322989562117,-0.009694602710126928,0.19129322989562117
351.0,84.95263424690135,0.2507737636796158,-0.03990632710260083,0.2507737636796158,0.19149191985972794,-0.009745319812290187,0.19149191985972794
351.0,84.93132668409353,0.25097124736925314,-0.03992719620051834,0.25097124736925314,0.19169060982383468,-0.009796036914453445,0.19169060982383468
351.0,84.9100184184304,0.25116873105889037,-0.039948065298435836,0.25116873105889037,0.1918892997879413,-0.009846754016616673,0.1918892997879413
351.0,84.88870944689491,0.2513662147485277,-0.039968934396353344,0.2513662147485277,0.19208798975204805,-0.009897471118779932,0.19208798975204805
351.0,84.8673997664692,0.25156369843816506,-0.03998980349427086,0.25156369843816506,0.19228667971615482,-0.00994818822094319,0.19228667971615482
351.0,84.84608937413458,0.25176118212780235,-0.04001067259218835,0.25176118212780235,0.19248536968026145,-0.009998905323106417,0.19248536968026145
351.0,84.82477826687132,0.2519586658174397,-0.04003154169010586,0.2519586658174397,0.1926840596443682,-0.010049622425269676,0.1926840596443682
351.0,84.80346644165887,0.25215614950707704,-0.04005241078802337,0.25215614950707704,0.19288274960847493,-0.010100339527432934,0.19288274960847493
351.0,84.78215389547577,0.2523536331967143,-0.040073279885940866,0.2523536331967143,0.19308143957258156,-0.010151056629596162,0.19308143957258156
351.0,84.76084062529962,0.2525511168863516,-0.04009414898385837,0.2525511168863516,0.1932801295366883,-0.010201773731759421,0.1932801295366883
351.0,84.73952662810717,0.25274860057598886,-0.04011501808177587,0.25274860057598886,0.19347881950079493,-0.01025249083392265,0.19347881950079493
351.0,84.71821190087417,0.25294608426562626,-0.04013588717969338,0.25294608426562626,0.1936775094649017,-0.010303207936085907,0.1936775094649017
351.0,84.69689644057547,0.2531435679552636,-0.04015675627761089,0.2531435679552636,0.19387619942900844,-0.010353925038249164,0.19387619942900844
351.0,84.67558024418506,0.25334105164490084,-0.04017762537552839,0.25334105164490084,0.19407488939311507,-0.010404642140412392,0.19407488939311507
351.0,84.6542633086759,0.2535385353345382,-0.040198494473445895,0.2535385353345382,0.1942735793572218,-0.010455359242575651,0.1942735793572218
351.0,84.63294563102009,0.25373601902417553,-0.0402193635713634,0.25373601902417553,0.19447226932132855,-0.010506076344738909,0.19447226932132855
351.0,84.61162720818878,0.25393350271381276,-0.0402402326692809,0.25393350271381276,0.19467095928543518,-0.010556793446902137,0.19467095928543518
351.0,84.59030803715214,0.2541309864034501,-0.04026110176719841,0.2541309864034501,0.19486964924954195,-0.010607510549065396,0.19486964924954195
351.0,84.56898811487942,0.2543284700930875,-0.04028197086511592,0.2543284700930875,0.1950683392136487,-0.010658227651228654,0.1950683392136487
351.0,84.54766743833895,0.25452595378272475,-0.04030283996303342,0.25452595378272475,0.19526702917775532,-0.010708944753391882,0.19526702917775532
351.0,84.52634600449802,0.2547234374723621,-0.040323709060950924,0.2547234374723621,0.19546571914186206,-0.01075966185555514,0.19546571914186206
351.0,84.50502381032307,0.25492092116199944,-0.04034457815886843,0.25492092116199944,0.19566440910596883,-0.010810378957718398,0.19566440910596883
351.0,84.4837008527795,0.25511840485163667,-0.04036544725678593,0.25511840485163667,0.19586309907007543,-0.010861096059881626,0.19586309907007543
351.0,84.46237712883178,0.255315888541274,-0.04038631635470344,0.255315888541274,0.1960617890341822,-0.010911813162044886,0.1960617890341822
351.0,84.44105263544338,0.2555133722309113,-0.04040718545262094,0.2555133722309113,0.19626047899828883,-0.010962530264208114,0.19626047899828883
351.0,84.4197273695768,0.25571085592054865,-0.040428054550538446,0.25571085592054865,0.19645916896239557,-0.011013247366371371,0.19645916896239557
351.0,84.39840132819361,0.255908339610186,-0.04044892364845595,0.255908339610186,0.1966578589265023,-0.01106396446853463,0.1966578589265023
351.0,84.37707450825437,0.25610582329982323,-0.040469792746373454,0.25610582329982323,0.19685654889060894,-0.011114681570697858,0.19685654889060894
351.0,84.35574690671862,0.2563033069894606,-0.04049066184429096,0.2563033069894606,0.1970552388547157,-0.011165398672861116,0.1970552388547157
351.0,84.33441852054492,0.2565007906790979,-0.04051153094220847,0.2565007906790979,0.19725392881882245,-0.011216115775024375,0.19725392881882245
351.0,84.3130893466909,0.2566982743687352,-0.04053240004012597,0.2566982743687352,0.19745261878292908,-0.011266832877187601,0.19745261878292908
351.0,84.29175938211311,0.25689575805837256,-0.040553269138043475,0.25689575805837256,0.19765130874703582,-0.01131754997935086,0.19765130874703582
351.0,84.27042862376715,0.2570932417480099,-0.04057413823596098,0.2570932417480099,0.19784999871114256,-0.01136826708151412,0.19784999871114256
351.0,84.24909706860757,0.25729072543764714,-0.04059500733387848,0.25729072543764714,0.1980486886752492,-0.011418984183677346,0.1980486886752492
351.0,84.22776471358796,0.2574882091272845,-0.04061587643179599,0.2574882091272845,0.19824737863935596,-0.011469701285840605,0.19824737863935596
351.0,84.20643155566086,0.2576856928169217,-0.04063674552971348,0.2576856928169217,0.1984460686034626,-0.011520418388003833,0.1984460686034626
351.0,84.18509759177779,0.2578831765065591,-0.040657614627631,0.2578831765065591,0.19864475856756933,-0.01157113549016709,0.19864475856756933
351.0,84.16376281888925,0.25808066019619647,-0.040678483725548505,0.25808066019619647,0.19884344853167607,-0.01162185259233035,0.19884344853167607
351.0,84.14242723394476,0.2582781438858337,-0.040699352823466,0.2582781438858337,0.1990421384957827,-0.011672569694493578,0.1990421384957827
351.0,84.12109083389274,0.25847562757547105,-0.04072022192138351,0.25847562757547105,0.19924082845988944,-0.011723286796656835,0.19924082845988944
351.0,84.09975361568058,0.2586731112651084,-0.04074109101930102,0.2586731112651084,0.1994395184239962,-0.011774003898820095,0.1994395184239962
351.0,84.07841557625471,0.2588705949547456,-0.04076196011721851,0.2588705949547456,0.19963820838810284,-0.011824721000983323,0.19963820838810284
351.0,84.05707671256042,0.25906807864438297,-0.04078282921513603,0.25906807864438297,0.19983689835220958,-0.01187543810314658,0.19983689835220958
351.0,84.03573702154202,0.25926556233402037,-0.040803698313053534,0.25926556233402037,0.20003558831631632,-0.01192615520530984,0.20003558831631632
351.0,84.01439650014272,0.2594630460236576,-0.04082456741097103,0.2594630460236576,0.20023427828042295,-0.011976872307473067,0.20023427828042295
351.0,83.99305514530472,0.2596644656201775,-0.040845560296031425,0.2596644656201775,0.20043681335492647,-0.012028249391737566,0.20043681335492647
351.0,83.97171295396912,0.25987404440723255,-0.040866809793586666,0.25987404440723255,0.20064731939756839,-0.012080994628215665,0.20064731939756839
351.0,83.95036992307598,0.2600836231942875,-0.0408880592911419,0.2600836231942875,0.20085782544021016,-0.012133739864693733,0.20085782544021016
351.0,83.92902604956427,0.2602932019813426,-0.04090930878869714,0.2602932019813426,0.20106833148285208,-0.012186485101171832,0.20106833148285208
351.0,83.90768133037194,0.26050278076839756,-0.04093055828625237,0.26050278076839756,0.20127883752549386,-0.012239230337649898,0.20127883752549386
351.0,83.8863357624358,0.26071235955545263,-0.04095180778380761,0.26071235955545263,0.20148934356813575,-0.012291975574127997,0.20148934356813575
351.0,83.8649893426916,0.2609219383425077,-0.04097305728136286,0.2609219383425077,0.20169984961077767,-0.012344720810606096,0.20169984961077767
351.0,83.84364206807406,0.2611315171295627,-0.040994306778918084,0.2611315171295627,0.20191035565341944,-0.012397466047084164,0.20191035565341944
351.0,83.8222939355167,0.26134109591661775,-0.041015556276473325,0.26134109591661775,0.20212086169606133,-0.012450211283562263,0.20212086169606133
351.0,83.80094494195205,0.2615506747036728,-0.04103680577402857,0.2615506747036728,0.20233136773870325,-0.012502956520040362,0.20233136773870325
351.0,83.7795950843115,0.2617602534907278,-0.0410580552715838,0.2617602534907278,0.20254187378134503,-0.01255570175651843,0.20254187378134503
351.0,83.75824435952534,0.26196983227778287,-0.04107930476913904,0.26196983227778287,0.20275237982398692,-0.01260844699299653,0.20275237982398692
351.0,83.73689276452275,0.26217941106483794,-0.04110055426669429,0.26217941106483794,0.20296288586662883,-0.012661192229474628,0.20296288586662883
351.0,83.71554029623184,0.2623889898518929,-0.041121803764249516,0.2623889898518929,0.2031733919092706,-0.012713937465952695,0.2031733919092706
351.0,83.69418695157951,0.262598568638948,-0.04114305326180476,0.262598568638948,0.2033838979519125,-0.012766682702430796,0.2033838979519125
351.0,83.6728327274917,0.26280814742600295,-0.04116430275935999,0.26280814742600295,0.20359440399455428,-0.012819427938908862,0.20359440399455428
351.0,83.65147762089305,0.263017726213058,-0.04118555225691523,0.263017726213058,0.2038049100371962,-0.01287217317538696,0.2038049100371962
351.0,83.63012162870723,0.2632273050001131,-0.04120680175447047,0.2632273050001131,0.2040154160798381,-0.01292491841186506,0.2040154160798381
351.0,83.60876474785665,0.26343688378716806,-0.04122805125202571,0.26343688378716806,0.2042259221224799,-0.012977663648343128,0.2042259221224799
351.0,83.58740697526271,0.26364646257422314,-0.04124930074958095,0.26364646257422314,0.20443642816512178,-0.013030408884821227,0.20443642816512178
351.0,83.56604830784555,0.2638560413612782,-0.04127055024713619,0.2638560413612782,0.2046469342077637,-0.013083154121299326,0.2046469342077637
351.0,83.54468874252424,0.2640656201483332,-0.041291799744691424,0.2640656201483332,0.20485744025040548,-0.013135899357777394,0.20485744025040548
351.0,83.52332827621672,0.26427519893538826,-0.041313049242246665,0.26427519893538826,0.20506794629304737,-0.013188644594255491,0.20506794629304737
351.0,83.50196690583971,0.26448477772244333,-0.041334298739801906,0.26448477772244333,0.20527845233568928,-0.013241389830733592,0.20527845233568928
351.0,83.48060462830884,0.26469435650949824,-0.04135554823735714,0.26469435650949824,0.20548895837833106,-0.013294135067211658,0.20548895837833106
351.0,83.45924144053852,0.26490393529655337,-0.04137679773491238,0.26490393529655337,0.20569946442097295,-0.013346880303689758,0.20569946442097295
351.0,83.43787733944205,0.26511351408360845,-0.04139804723246762,0.26511351408360845,0.20590997046361487,-0.013399625540167857,0.20590997046361487
351.0,83.41651232193155,0.26532309287066336,-0.04141929673002285,0.26532309287066336,0.20612047650625664,-0.013452370776645925,0.20612047650625664
351.0,83.39514638491794,0.2655326716577185,-0.0414405462275781,0.2655326716577185,0.20633098254889853,-0.013505116013124024,0.20633098254889853
351.0,83.37377952531101,0.2657422504447734,-0.041461795725133324,0.2657422504447734,0.2065414885915403,-0.013557861249602092,0.2065414885915403
351.0,83.35241174001929,0.2659518292318285,-0.041483045222688565,0.2659518292318285,0.20675199463418223,-0.01361060648608019,0.20675199463418223
351.0,83.33104302595022,0.2661614080188836,-0.04150429472024381,0.2661614080188836,0.20696250067682412,-0.01366335172255829,0.20696250067682412
351.0,83.30967338001,0.2663709868059385,-0.04152554421779904,0.2663709868059385,0.2071730067194659,-0.013716096959036356,0.2071730067194659
351.0,83.28830279910365,0.2665805655929936,-0.04154679371535428,0.2665805655929936,0.2073835127621078,-0.013768842195514455,0.2073835127621078
351.0,83.26693128013497,0.2667901443800487,-0.04156804321290953,0.2667901443800487,0.20759401880474973,-0.013821587431992554,0.20759401880474973
351.0,83.24555882000661,0.26699972316710363,-0.041589292710464756,0.26699972316710363,0.2078045248473915,-0.013874332668470622,0.2078045248473915
351.0,83.22418541561993,0.2672093019541587,-0.04161054220802,0.2672093019541587,0.2080150308900334,-0.013927077904948721,0.2080150308900334
351.0,83.20281106387516,0.2674188807412138,-0.041631791705575245,0.2674188807412138,0.20822553693267531,-0.01397982314142682,0.20822553693267531
351.0,83.1814357616713,0.26762845952826875,-0.04165304120313047,0.26762845952826875,0.2084360429753171,-0.014032568377904888,0.2084360429753171
351.0,83.16005950590609,0.2678380383153238,-0.041674290700685714,0.2678380383153238,0.20864654901795898,-0.014085313614382988,0.20864654901795898
351.0,83.1386822934761,0.2680476171023788,-0.04169554019824095,0.2680476171023788,0.20885705506060076,-0.014138058850861054,0.20885705506060076
351.0,83.1173041212766,0.26825719588943386,-0.04171678969579619,0.26825719588943386,0.20906756110324268,-0.014190804087339153,0.20906756110324268
351.0,83.09592498620172,0.26846677467648894,-0.04173803919335143,0.26846677467648894,0.20927806714588457,-0.014243549323817252,0.20927806714588457
351.0,83.0745448851443,0.2686763534635439,-0.041759288690906664,0.2686763534635439,0.20948857318852634,-0.01429629456029532,0.20948857318852634
351.0,83.05316381499594,0.268885932250599,-0.041780538188461905,0.268885932250599,0.20969907923116826,-0.014349039796773419,0.20969907923116826
351.0,83.03178177264702,0.26909551103765406,-0.041801787686017146,0.26909551103765406,0.20990958527381015,-0.014401785033251518,0.20990958527381015
351.0,83.01039875498665,0.269305089824709,-0.04182303718357237,0.269305089824709,0.21012009131645193,-0.014454530269729586,0.21012009131645193
351.0,82.98901475890266,0.2695213135299274,-0.041844490483953035,0.2695213135299274,0.21033710992714666,-0.014508381514193387,0.21033710992714666
351.0,82.9676297812817,0.2697438275348846,-0.041866136710842036,0.2697438275348846,0.2105602935505796,-0.014563279742468349,0.2105602935505796
351.0,82.94624381900911,0.26996634153984156,-0.04188778293773103,0.26996634153984156,0.21078347717401236,-0.01461817797074328,0.21078347717401236
351.0,82.92485686896893,0.2701888555447987,-0.04190942916462003,0.2701888555447987,0.2110066607974453,-0.014673076199018245,0.2110066607974453
351.0,82.90346892804402,0.27041136954975586,-0.04193107539150904,0.27041136954975586,0.2112298444208782,-0.014727974427293209,0.2112298444208782
351.0,82.8820799931159,0.27063388355471285,-0.041952721618398026,0.27063388355471285,0.211453028044311,-0.01478287265556814,0.211453028044311
351.0,82.86069006106479,0.27085639755967,-0.04197436784528703,0.27085639755967,0.21167621166774392,-0.014837770883843105,0.21167621166774392
351.0,82.83929912876971,0.271078911564627,-0.04199601407217602,0.271078911564627,0.21189939529117668,-0.014892669112118034,0.21189939529117668
351.0,82.81790719310828,0.27130142556958414,-0.04201766029906502,0.27130142556958414,0.21212257891460962,-0.014947567340393,0.21212257891460962
351.0,82.79651425095697,0.2715239395745413,-0.04203930652595403,0.2715239395745413,0.21234576253804255,-0.015002465568667963,0.21234576253804255
351.0,82.77512029919083,0.2717464535794983,-0.042060952752843016,0.2717464535794983,0.21256894616147531,-0.015057363796942894,0.21256894616147531
351.0,82.75372533468366,0.27196896758445543,-0.042082598979732024,0.27196896758445543,0.21279212978490825,-0.015112262025217859,0.21279212978490825
351.0,82.73232935430795,0.2721914815894126,-0.042104245206621024,0.2721914815894126,0.21301531340834115,-0.015167160253492823,0.21301531340834115
351.0,82.71093235493493,0.2724139955943696,-0.04212589143351002,0.2724139955943696,0.21323849703177394,-0.015222058481767754,0.21323849703177394
351.0,82.68953433343438,0.2726365095993267,-0.04214753766039902,0.2726365095993267,0.21346168065520688,-0.015276956710042719,0.21346168065520688
351.0,82.6681352866749,0.2728590236042839,-0.04216918388728802,0.2728590236042839,0.21368486427863978,-0.015331854938317683,0.21368486427863978
351.0,82.64673521152372,0.27308153760924087,-0.042190830114177014,0.27308153760924087,0.21390804790207257,-0.015386753166592613,0.21390804790207257
351.0,82.62533410484673,0.273304051614198,-0.042212476341066014,0.273304051614198,0.21413123152550548,-0.015441651394867577,0.21413123152550548
351.0,82.60393196350851,0.273526565619155,-0.04223412256795501,0.273526565619155,0.21435441514893827,-0.015496549623142508,0.21435441514893827
351.0,82.58252878437229,0.27374907962411216,-0.04225576879484401,0.27374907962411216,0.2145775987723712,-0.015551447851417472,0.2145775987723712
351.0,82.56112456429994,0.2739715936290693,-0.04227741502173301,0.2739715936290693,0.2148007823958041,-0.015606346079692437,0.2148007823958041
351.0,82.53971930015206,0.2741941076340263,-0.042299061248622004,0.2741941076340263,0.2150239660192369,-0.015661244307967368,0.2150239660192369
351.0,82.51831298878781,0.27441662163898345,-0.042320707475511005,0.27441662163898345,0.21524714964266983,-0.01571614253624233,0.21524714964266983
351.0,82.49690562706505,0.2746391356439406,-0.04234235370240001,0.2746391356439406,0.21547033326610274,-0.015771040764517297,0.21547033326610274
351.0,82.47549721184026,0.2748616496488976,-0.042363999929289,0.2748616496488976,0.21569351688953553,-0.015825938992792228,0.21569351688953553
351.0,82.45408773996859,0.27508416365385474,-0.04238564615617801,0.27508416365385474,0.21591670051296843,-0.01588083722106719,0.21591670051296843
351.0,82.43267720830379,0.2753066776588119,-0.04240729238306701,0.2753066776588119,0.21613988413640137,-0.015935735449342157,0.21613988413640137
351.0,82.41126561369826,0.2755291916637689,-0.042428938609955995,0.2755291916637689,0.21636306775983416,-0.015990633677617085,0.21636306775983416
351.0,82.389852953003,0.27575170566872603,-0.042450584836845,0.27575170566872603,0.21658625138326706,-0.01604553190589205,0.21658625138326706
351.0,82.36843922306765,0.27597421967368313,-0.042472231063734,0.27597421967368313,0.2168094350067,-0.016100430134167013,0.2168094350067
351.0,82.3470244207405,0.27619673367864017,-0.042493877290623,0.27619673367864017,0.2170326186301328,-0.016155328362441945,0.2170326186301328
351.0,82.32560854286835,0.2764192476835973,-0.042515523517512,0.2764192476835973,0.2172558022535657,-0.01621022659071691,0.2172558022535657
351.0,82.30419158629674,0.2766417616885543,-0.042537169744400985,0.2766417616885543,0.2174789858769985,-0.016265124818991842,0.2174789858769985
351.0,82.28277354786967,0.27686427569351146,-0.04255881597128999,0.27686427569351146,0.2177021695004314,-0.016320023047266805,0.2177021695004314
351.0,82.26135442442987,0.2770867896984686,-0.042580462198178994,0.2770867896984686,0.21792535312386432,-0.01637492127554177,0.21792535312386432
351.0,82.23993421281858,0.2773093037034256,-0.04260210842506799,0.2773093037034256,0.21814853674729712,-0.016429819503816702,0.21814853674729712
351.0,82.21851290987564,0.27753181770838276,-0.04262375465195699,0.27753181770838276,0.21837172037073002,-0.016484717732091664,0.21837172037073002
351.0,82.19709051243952,0.27775433171333985,-0.04264540087884599,0.27775433171333985,0.21859490399416295,-0.016539615960366627,0.21859490399416295
351.0,82.17566701734724,0.2779768457182969,-0.04266704710573498,0.2779768457182969,0.21881808761759572,-0.01659451418864156,0.21881808761759572
351.0,82.15424242143438,0.27819935972325405,-0.042688693332623984,0.27819935972325405,0.21904127124102865,-0.016649412416916524,0.21904127124102865
351.0,82.13281672153508,0.27842187372821114,-0.04271033955951299,0.27842187372821114,0.21926445486446158,-0.016704310645191487,0.21926445486446158
351.0,82.11138991448212,0.2786443877331682,-0.04273198578640198,0.2786443877331682,0.21948763848789435,-0.01675920887346642,0.21948763848789435
351.0,82.08996199710677,0.27886690173812534,-0.042753632013290986,0.27886690173812534,0.21971082211132728,-0.016814107101741384,0.21971082211132728
351.0,82.06853296623889,0.2790894157430823,-0.04277527824017997,0.2790894157430823,0.21993400573476007,-0.016869005330016312,0.21993400573476007
351.0,82.04710281870689,0.2793119297480395,-0.042796924467068974,0.2793119297480395,0.22015718935819298,-0.01692390355829128,0.22015718935819298
351.0,82.0256715513377,0.2795344437529966,-0.04281857069395798,0.2795344437529966,0.2203803729816259,-0.01697880178656624,0.2203803729816259
351.0,82.00423916095684,0.2797569577579536,-0.04284021692084697,0.2797569577579536,0.22060355660505868,-0.017033700014841172,0.22060355660505868
351.0,81.98280564438835,0.279990577294256,-0.04286219376038619,0.279990577294256,0.22083765639892494,-0.017090430080455323,0.22083765639892494
351.0,81.9613709984548,0.2802269349019457,-0.04288425211255274,0.2802269349019457,0.22107444757720077,-0.017147611785999942,0.22107444757720077
351.0,81.9399352199773,0.28046329250963525,-0.04290631046471927,0.28046329250963525,0.22131123875547642,-0.017204793491544527,0.22131123875547642
351.0,81.91849830577546,0.28069965011732495,-0.042928368816885824,0.28069965011732495,0.22154802993375222,-0.017261975197089146,0.22154802993375222
351.0,81.89706025266742,0.2809360077250147,-0.04295042716905237,0.2809360077250147,0.22178482111202805,-0.017319156902633765,0.22178482111202805
351.0,81.8756210574699,0.28117236533270423,-0.042972485521218906,0.28117236533270423,0.2220216122903037,-0.01737633860817835,0.2220216122903037
351.0,81.85418071699803,0.28140872294039393,-0.04299454387338546,0.28140872294039393,0.2222584034685795,-0.01743352031372297,0.2222584034685795
351.0,81.83273922806552,0.2816450805480836,-0.043016602225552,0.2816450805480836,0.22249519464685533,-0.017490702019267588,0.22249519464685533
351.0,81.81129658748458,0.2818814381557732,-0.04303866057771854,0.2818814381557732,0.22273198582513098,-0.017547883724812172,0.22273198582513098
351.0,81.78985279206584,0.2821177957634629,-0.04306071892988509,0.2821177957634629,0.22296877700340678,-0.01760506543035679,0.22296877700340678
351.0,81.76840783861856,0.28235415337115244,-0.04308277728205162,0.28235415337115244,0.22320556818168247,-0.017662247135901376,0.22320556818168247
351.0,81.74696172395035,0.2825905109788422,-0.04310483563421817,0.2825905109788422,0.22344235935995826,-0.01771942884144599,0.22344235935995826
351.0,81.72551444486739,0.2828268685865319,-0.04312689398638472,0.2828268685865319,0.22367915053823406,-0.01777661054699061,0.22367915053823406
351.0,81.70406599817433,0.2830632261942214,-0.043148952338551254,0.2830632261942214,0.22391594171650975,-0.0178337922525352,0.22391594171650975
351.0,81.68261638067426,0.2832995838019111,-0.043171010690717805,0.2832995838019111,0.22415273289478554,-0.017890973958079814,0.22415273289478554
351.0,81.66116558916879,0.2835359414096008,-0.043193069042884356,0.2835359414096008,0.22438952407306137,-0.017948155663624434,0.22438952407306137
351.0,81.63971362045794,0.2837722990172904,-0.04321512739505089,0.2837722990172904,0.22462631525133703,-0.018005337369169018,0.22462631525133703
351.0,81.61826047134025,0.2840086566249801,-0.04323718574721744,0.2840086566249801,0.22486310642961282,-0.018062519074713637,0.22486310642961282
351.0,81.59680613861269,0.2842450142326698,-0.04325924409938399,0.2842450142326698,0.22509989760788865,-0.018119700780258256,0.22509989760788865
351.0,81.57535061907066,0.2844813718403594,-0.04328130245155052,0.2844813718403594,0.2253366887861643,-0.01817688248580284,0.2253366887861643
351.0,81.55389390950803,0.2847177294480491,-0.04330336080371707,0.2847177294480491,0.2255734799644401,-0.01823406419134746,0.2255734799644401
351.0,81.53243600671713,0.28495408705573877,-0.043325419155883615,0.28495408705573877,0.22581027114271593,-0.01829124589689208,0.22581027114271593
351.0,81.51097690748874,0.28519044466342836,-0.04334747750805015,0.28519044466342836,0.2260470623209916,-0.018348427602436664,0.2260470623209916
351.0,81.48951660861196,0.28542680227111805,-0.043369535860216704,0.28542680227111805,0.22628385349926738,-0.018405609307981283,0.22628385349926738
351.0,81.46805510687449,0.2856631598788076,-0.04339159421238324,0.2856631598788076,0.22652064467754307,-0.018462791013525867,0.22652064467754307
351.0,81.44659239906231,0.2858995174864973,-0.043413652564549786,0.2858995174864973,0.22675743585581887,-0.018519972719070486,0.22675743585581887
351.0,81.4251284819599,0.286135875094187,-0.04343571091671634,0.286135875094187,0.22699422703409466,-0.018577154424615105,0.22699422703409466
351.0,81.40366335235016,0.28637223270187656,-0.04345776926888287,0.28637223270187656,0.22723101821237035,-0.01863433613015969,0.22723101821237035
351.0,81.38219700701433,0.28660859030956626,-0.04347982762104942,0.28660859030956626,0.22746780939064615,-0.01869151783570431,0.22746780939064615
351.0,81.36072944273211,0.28684494791725595,-0.04350188597321597,0.28684494791725595,0.22770460056892194,-0.018748699541248928,0.22770460056892194
351.0,81.33926065628164,0.28708130552494554,-0.0435239443253825,0.28708130552494554,0.22794139174719763,-0.018805881246793513,0.22794139174719763
351.0,81.31779064443933,0.28731766313263524,-0.04354600267754905,0.28731766313263524,0.22817818292547343,-0.018863062952338132,0.22817818292547343
351.0,81.2963194039801,0.28755402074032493,-0.0435680610297156,0.28755402074032493,0.22841497410374925,-0.01892024465788275,0.22841497410374925
351.0,81.27484693167723,0.28779037834801446,-0.043590119381882134,0.28779037834801446,0.2286517652820249,-0.018977426363427335,0.2286517652820249
351.0,81.25337322430234,0.28802673595570416,-0.043612177734048685,0.28802673595570416,0.2288885564603007,-0.019034608068971955,0.2288885564603007
351.0,81.23189827862548,0.28826309356339375,-0.04363423608621522,0.28826309356339375,0.22912534763857637,-0.01909178977451654,0.22912534763857637
351.0,81.21042209141501,0.28849945117108344,-0.04365629443838177,0.28849945117108344,0.2293621388168522,-0.019148971480061158,0.2293621388168522
351.0,81.18894465943772,0.28873580877877314,-0.04367835279054832,0.28873580877877314,0.229598929995128,-0.019206153185605777,0.229598929995128
351.0,81.16746597945877,0.2889721663864627,-0.043700411142714855,0.2889721663864627,0.22983572117340367,-0.019263334891150362,0.22983572117340367
351.0,81.14598604824158,0.2892085239941524,-0.0437224694948814,0.2892085239941524,0.23007251235167947,-0.01932051659669498,0.23007251235167947
351.0,81.12450486254805,0.2894448816018421,-0.04374452784704795,0.2894448816018421,0.23030930352995527,-0.0193776983022396,0.23030930352995527
351.0,81.10302241913836,0.2896812392095317,-0.04376658619921449,0.2896812392095317,0.23054609470823095,-0.019434880007784185,0.23054609470823095
351.0,81.081538714771,0.2899175968172214,-0.04378864455138103,0.2899175968172214,0.23078288588650675,-0.019492061713328804,0.23078288588650675
351.0,81.06005374620288,0.2901539544249111,-0.043810702903547584,0.2901539544249111,0.23101967706478255,-0.019549243418873423,0.23101967706478255
351.0,81.03856751018924,0.29039031203260063,-0.04383276125571412,0.29039031203260063,0.23125646824305823,-0.019606425124418007,0.23125646824305823
351.0,81.01708000348356,0.2906266696402903,-0.043854819607880666,0.2906266696402903,0.23149325942133403,-0.019663606829962627,0.23149325942133403
351.0,80.9955912228377,0.2908660690100608,-0.04387696545986175,0.2908660690100608,0.2317330484213646,-0.019721284983580896,0.2317330484213646
351.0,80.97410116500191,0.29111725279246536,-0.04389945030414156,0.29111725279246536,0.23198445160015874,-0.019780886479260806,0.23198445160015874
351.0,80.95260982672464,0.2913684365748701,-0.04392193514842138,0.2913684365748701,0.23223585477895303,-0.019840487974940747,0.23223585477895303
351.0,80.93111720475271,0.29161962035727473,-0.043944419992701184,0.29161962035727473,0.2324872579577472,-0.019900089470620653,0.2324872579577472
351.0,80.90962329583122,0.2918708041396795,-0.043966904836981006,0.2918708041396795,0.23273866113654149,-0.019959690966300597,0.23273866113654149
351.0,80.8881280967036,0.2921219879220842,-0.04398938968126082,0.2921219879220842,0.23299006431533578,-0.020019292461980538,0.23299006431533578
351.0,80.86663160411156,0.2923731717044888,-0.04401187452554063,0.2923731717044888,0.23324146749412994,-0.020078893957660444,0.23324146749412994
351.0,80.8451338147951,0.29262435548689353,-0.044034359369820454,0.29262435548689353,0.23349287067292424,-0.02013849545334039,0.23349287067292424
351.0,80.82363472549251,0.29287553926929827,-0.04405684421410027,0.29287553926929827,0.23374427385171853,-0.02019809694902033,0.23374427385171853
351.0,80.80213433294038,0.2931267230517029,-0.04407932905838008,0.2931267230517029,0.2339956770305127,-0.020257698444700236,0.2339956770305127
351.0,80.78063263387354,0.29337790683410764,-0.044101813902659895,0.29337790683410764,0.23424708020930698,-0.02031729994038018,0.23424708020930698
351.0,80.7591296250251,0.2936290906165124,-0.04412429874693972,0.2936290906165124,0.23449848338810128,-0.02037690143606012,0.23449848338810128
351.0,80.73762530312645,0.29388027439891695,-0.04414678359121953,0.29388027439891695,0.23474988656689544,-0.020436502931740028,0.23474988656689544
351.0,80.71611966490725,0.29413145818132175,-0.04416926843549934,0.29413145818132175,0.23500128974568973,-0.02049610442741997,0.23500128974568973
351.0,80.6946127070954,0.2943826419637263,-0.04419175327977915,0.2943826419637263,0.23525269292448386,-0.02055570592309988,0.23525269292448386
351.0,80.67310442641707,0.29463382574613106,-0.04421423812405897,0.29463382574613106,0.23550409610327816,-0.02061530741877982,0.23550409610327816
351.0,80.65159481959662,0.2948850095285358,-0.04423672296833879,0.2948850095285358,0.23575549928207248,-0.02067490891445976,0.23575549928207248
351.0,80.63008388335678,0.29513619331094043,-0.0442592078126186,0.29513619331094043,0.2360069024608666,-0.02073451041013967,0.2360069024608666
351.0,80.60857161441832,0.29538737709334517,-0.044281692656898415,0.29538737709334517,0.2362583056396609,-0.02079411190581961,0.2362583056396609
351.0,80.58705800950045,0.2956385608757499,-0.04430417750117824,0.2956385608757499,0.2365097088184552,-0.020853713401499552,0.2365097088184552
351.0,80.5655430653205,0.2958897446581545,-0.04432666234545804,0.2958897446581545,0.23676111199724936,-0.02091331489717946,0.23676111199724936
351.0,80.544026778594,0.2961409284405592,-0.04434914718973786,0.2961409284405592,0.23701251517604366,-0.020972916392859402,0.23701251517604366
351.0,80.52250914603476,0.29639211222296397,-0.044371632034017686,0.29639211222296397,0.23726391835483795,-0.021032517888539343,0.23726391835483795
351.0,80.50099016435479,0.2966432960053686,-0.04439411687829749,0.2966432960053686,0.2375153215336321,-0.021092119384219253,0.2375153215336321
351.0,80.47946983026425,0.29689447978777334,-0.04441660172257731,0.29689447978777334,0.2377667247124264,-0.021151720879899194,0.2377667247124264
351.0,80.4579481404716,0.2971456635701781,-0.044439086566857126,0.2971456635701781,0.2380181278912207,-0.021211322375579135,0.2380181278912207
351.0,80.43642509168343,0.29739684735258265,-0.044461571411136935,0.29739684735258265,0.23826953107001486,-0.02127092387125904,0.23826953107001486
351.0,80.41490068060453,0.29764803113498745,-0.04448405625541676,0.29764803113498745,0.23852093424880916,-0.021330525366938986,0.23852093424880916
351.0,80.39337490393788,0.297899214917392,-0.04450654109969656,0.297899214917392,0.23877233742760332,-0.021390126862618892,0.23877233742760332
351.0,80.37184775838467,0.29815039869979676,-0.04452902594397638,0.29815039869979676,0.2390237406063976,-0.021449728358298833,0.2390237406063976
351.0,80.35031924064424,0.2984015824822015,-0.0445515107882562,0.2984015824822015,0.2392751437851919,-0.021509329853978777,0.2392751437851919
351.0,80.32878934741413,0.29865276626460613,-0.04457399563253601,0.29865276626460613,0.23952654696398606,-0.021568931349658683,0.23952654696398606
351.0,80.30725807538998,0.29890395004701087,-0.04459648047681583,0.29890395004701087,0.23977795014278036,-0.021628532845338624,0.23977795014278036
351.0,80.28572542126567,0.2991551338294156,-0.04461896532109565,0.2991551338294156,0.24002935332157466,-0.02168813434101857,0.24002935332157466
351.0,80.26419138173324,0.2994063176118202,-0.044641450165375456,0.2994063176118202,0.2402807565003688,-0.021747735836698475,0.2402807565003688
351.0,80.24265595348281,0.2996575013942249,-0.04466393500965527,0.2996575013942249,0.24053215967916308,-0.021807337332378416,0.24053215967916308
351.0,80.22111913320269,0.2999086851766297,-0.044686419853935094,0.2999086851766297,0.2407835628579574,-0.02186693882805836,0.2407835628579574
351.0,80.19958091757937,0.3001598689590343,-0.0447089046982149,0.3001598689590343,0.24103496603675154,-0.021926540323738267,0.24103496603675154
351.0,80.1780413032974,0.30041105274143903,-0.04473138954249472,0.30041105274143903,0.24128636921554583,-0.021986141819418208,0.24128636921554583
351.0,80.15650028703955,0.3006622365238436,-0.04475387438677453,0.3006622365238436,0.24153777239434,-0.022045743315098114,0.24153777239434
351.0,80.13495786548661,0.3009134203062484,-0.044776359231054344,0.3009134203062484,0.24178917557313429,-0.02210534481077806,0.24178917557313429
351.0,80.11341403531759,0.30116460408865314,-0.04479884407533417,0.30116460408865314,0.24204057875192858,-0.022164946306458,0.24204057875192858
351.0,80.09186879320958,0.3014157878710577,-0.044821328919613976,0.3014157878710577,0.24229198193072274,-0.022224547802137905,0.24229198193072274
351.0,80.07032213583778,0.30166697165346246,-0.04484381376389379,0.30166697165346246,0.24254338510951703,-0.02228414929781785,0.24254338510951703
351.0,80.0487740598755,0.3019181554358672,-0.044866298608173615,0.3019181554358672,0.24279478828831133,-0.02234375079349779,0.24279478828831133
351.0,80.02722456199415,0.3021693392182718,-0.04488878345245342,0.3021693392182718,0.2430461914671055,-0.022403352289177697,0.2430461914671055
351.0,80.00567363886323,0.30242052300067657,-0.04491126829673324,0.30242052300067657,0.24329759464589978,-0.02246295378485764,0.24329759464589978
351.0,79.98412128715036,0.30268341326424597,-0.04493407705858405,0.30268341326424597,0.24356056290010095,-0.022524442926667054,0.24356056290010095
351.0,79.96256750352123,0.302950486521146,-0.044957001563587735,0.302950486521146,0.24382766362012287,-0.022586606567590144,0.24382766362012287
351.0,79.94101228463958,0.3032175597780461,-0.04497992606859143,0.3032175597780461,0.24409476434014496,-0.02264877020851327,0.24409476434014496
351.0,79.91945562716728,0.3034846330349462,-0.04500285057359513,0.3034846330349462,0.24436186506016705,-0.022710933849436402,0.24436186506016705
351.0,79.89789752776424,0.3037517062918462,-0.04502577507859881,0.3037517062918462,0.24462896578018897,-0.02277309749035949,0.24462896578018897
351.0,79.87633798308845,0.30401877954874634,-0.045048699583602504,0.30401877954874634,0.24489606650021103,-0.02283526113128262,0.24489606650021103
351.0,79.85477698979595,0.30428585280564635,-0.04507162408860619,0.30428585280564635,0.24516316722023296,-0.022897424772205712,0.24516316722023296
351.0,79.83321454454081,0.30455292606254647,-0.04509454859360988,0.30455292606254647,0.24543026794025505,-0.02295958841312884,0.24543026794025505
351.0,79.81165064397524,0.3048199993194466,-0.04511747309861358,0.3048199993194466,0.24569736866027714,-0.02302175205405197,0.24569736866027714
351.0,79.79008528474941,0.3050870725763466,-0.04514039760361726,0.3050870725763466,0.24596446938029906,-0.02308391569497506,0.24596446938029906
351.0,79.76851846351151,0.3053541458332467,-0.04516332210862096,0.3053541458332467,0.24623157010032112,-0.023146079335898188,0.24623157010032112
351.0,79.74695017690787,0.30562121909014683,-0.04518624661362465,0.30562121909014683,0.2464986708203432,-0.023208242976821315,0.2464986708203432
351.0,79.7253804215828,0.30588829234704684,-0.045209171118628336,0.30588829234704684,0.24676577154036514,-0.023270406617744408,0.24676577154036514
351.0,79.70380919417856,0.30615536560394696,-0.04523209562363203,0.30615536560394696,0.24703287226038723,-0.023332570258667536,0.24703287226038723
351.0,79.68223649133556,0.3064224388608471,-0.04525502012863573,0.3064224388608471,0.2472999729804093,-0.023394733899590667,0.2472999729804093
351.0,79.66066230969211,0.3066895121177471,-0.045277944633639405,0.3066895121177471,0.2475670737004312,-0.023456897540513756,0.2475670737004312
351.0,79.63908664588462,0.3069565853746472,-0.045300869138643104,0.3069565853746472,0.2478341744204533,-0.023519061181436884,0.2478341744204533
351.0,79.61750949654744,0.30722365863154716,-0.04532379364364679,0.30722365863154716,0.24810127514047522,-0.023581224822359977,0.24810127514047522
351.0,79.59593085831293,0.30749073188844733,-0.04534671814865048,0.30749073188844733,0.24836837586049731,-0.023643388463283104,0.24836837586049731
351.0,79.57435072781146,0.30775780514534745,-0.04536964265365418,0.30775780514534745,0.24863547658051938,-0.02370555210420623,0.24863547658051938
351.0,79.55276910167142,0.30802487840224746,-0.04539256715865786,0.30802487840224746,0.2489025773005413,-0.023767715745129325,0.2489025773005413
351.0,79.53118597651907,0.3082919516591476,-0.04541549166366156,0.3082919516591476,0.2491696780205634,-0.023829879386052452,0.2491696780205634
351.0,79.50960134897878,0.3085590249160477,-0.04543841616866525,0.3085590249160477,0.24943677874058548,-0.023892043026975583,0.24943677874058548
351.0,79.4880152156728,0.3088260981729477,-0.045461340673668936,0.3088260981729477,0.2497038794606074,-0.023954206667898673,0.2497038794606074
351.0,79.4664275732214,0.3090931714298478,-0.04548426517867263,0.3090931714298478,0.24997098018062947,-0.0240163703088218,0.24997098018062947
351.0,79.44483841824278,0.30936024468674794,-0.04550718968367633,0.30936024468674794,0.2502380809006516,-0.02407853394974493,0.2502380809006516
351.0,79.42324774735312,0.30962731794364795,-0.045530114188680006,0.30962731794364795,0.2505051816206735,-0.02414069759066802,0.2505051816206735
351.0,79.4016555571665,0.30989439120054807,-0.045553038693683705,0.30989439120054807,0.25077228234069554,-0.024202861231591148,0.25077228234069554
351.0,79.38006184429503,0.3101614644574482,-0.045575963198687404,0.3101614644574482,0.25103938306071766,-0.02426502487251428,0.25103938306071766
351.0,79.35846660534871,0.3104285377143482,-0.04559888770369108,0.3104285377143482,0.25130648378073955,-0.02432718851343737,0.25130648378073955
351.0,79.33686983693542,0.3106956109712483,-0.04562181220869478,0.3106956109712483,0.25157358450076167,-0.0243893521543605,0.25157358450076167
351.0,79.3152715356611,0.31096268422814827,-0.04564473671369846,0.31096268422814827,0.25184068522078357,-0.02445151579528359,0.25184068522078357
351.0,79.29367169812949,0.31122975748504844,-0.04566766121870216,0.31122975748504844,0.25210778594080563,-0.024513679436206717,0.25210778594080563
351.0,79.27207032094232,0.31149683074194856,-0.04569058572370585,0.31149683074194856,0.25237488666082775,-0.024575843077129848,0.25237488666082775
351.0,79.25046740069921,0.31176390399884857,-0.045713510228709536,0.31176390399884857,0.25264198738084964,-0.024638006718052937,0.25264198738084964
351.0,79.22886293399769,0.3120309772557487,-0.04573643473371323,0.3120309772557487,0.25290908810087176,-0.024700170358976065,0.25290908810087176
351.0,79.2072569174332,0.3122980505126488,-0.04575935923871693,0.3122980505126488,0.2531761888208938,-0.024762333999899196,0.2531761888208938
351.0,79.18564934759907,0.3125651237695488,-0.045782283743720606,0.3125651237695488,0.2534432895409157,-0.024824497640822285,0.2534432895409157
351.0,79.16404022108648,0.31283219702644893,-0.045805208248724305,0.31283219702644893,0.25371039026093783,-0.024886661281745416,0.25371039026093783
351.0,79.14242953448459,0.31309927028334905,-0.045828132753728004,0.31309927028334905,0.2539774909809599,-0.024948824922668544,0.2539774909809599
351.0,79.12081728438038,0.31336634354024906,-0.04585105725873168,0.31336634354024906,0.25424459170098185,-0.025010988563591633,0.25424459170098185
351.0,79.09920346735869,0.3136334167971492,-0.04587398176373538,0.3136334167971492,0.2545116924210039,-0.025073152204514764,0.2545116924210039
351.0,79.07758808000227,0.31390049005404913,-0.04589690626873906,0.31390049005404913,0.25477879314102586,-0.025135315845437853,0.25477879314102586
351.0,79.0559711188917,0.3141675633109493,-0.04591983077374276,0.3141675633109493,0.2550458938610479,-0.02519747948636098,0.2550458938610479
351.0,79.03435258060546,0.3144346365678494,-0.04594275527874645,0.3144346365678494,0.25531299458107,-0.025259643127284112,0.25531299458107
351.0,79.01273246171986,0.3147017098247494,-0.04596567978375014,0.3147017098247494,0.25558009530109194,-0.0253218067682072,0.25558009530109194
351.0,78.99111075880903,0.3149757887817431,-0.04598878987748385,0.3149757887817431,0.25585413215650177,-0.025385084849649017,0.25585413215650177
351.0,78.96948746844497,0.3152599026874537,-0.04601216580808802,0.3152599026874537,0.25613810431630385,-0.025449959253129144,0.25613810431630385
351.0,78.94786258719758,0.3155440165931641,-0.046035541738692176,0.3155440165931641,0.25642207647610576,-0.02551483365660923,0.25642207647610576
351.0,78.92623611163444,0.3158281304988747,-0.046058917669296345,0.3158281304988747,0.2567060486359079,-0.025579708060089353,0.2567060486359079
351.0,78.9046080383211,0.31611224440458535,-0.046082293599900515,0.31611224440458535,0.25699002079571,-0.02564458246356948,0.25699002079571
351.0,78.88297836382087,0.3163963583102958,-0.04610566953050467,0.3163963583102958,0.2572739929555119,-0.025709456867049566,0.2572739929555119
351.0,78.86134708469486,0.31668047221600637,-0.04612904546110884,0.31668047221600637,0.257557965115314,-0.025774331270529693,0.257557965115314
351.0,78.839714197502,0.316964586121717,-0.04615242139171301,0.316964586121717,0.2578419372751161,-0.025839205674009817,0.2578419372751161
351.0,78.81807969879908,0.31724870002742744,-0.046175797322317164,0.31724870002742744,0.25812590943491803,-0.025904080077489903,0.25812590943491803
351.0,78.7964435851406,0.31753281393313804,-0.04619917325292133,0.31753281393313804,0.2584098815947201,-0.02596895448097003,0.2584098815947201
351.0,78.77480585307892,0.31781692783884846,-0.04622254918352549,0.31781692783884846,0.25869385375452203,-0.026033828884450116,0.25869385375452203
351.0,78.75316649916411,0.3181010417445591,-0.04624592511412966,0.3181010417445591,0.2589778259143241,-0.02609870328793024,0.2589778259143241
351.0,78.73152551994411,0.3183851556502697,-0.04626930104473383,0.3183851556502697,0.25926179807412625,-0.026163577691410367,0.25926179807412625
351.0,78.70988291196463,0.31866926955598013,-0.04629267697533798,0.31866926955598013,0.25954577023392816,-0.026228452094890452,0.25954577023392816
351.0,78.68823867176904,0.3189533834616908,-0.04631605290594215,0.3189533834616908,0.25982974239373025,-0.02629332649837058,0.25982974239373025
351.0,78.66659279589861,0.31923749736740137,-0.04633942883654632,0.31923749736740137,0.2601137145535323,-0.026358200901850704,0.2601137145535323
351.0,78.6449452808923,0.3195216112731118,-0.046362804767150476,0.3195216112731118,0.2603976867133343,-0.02642307530533079,0.2603976867133343
351.0,78.6232961232868,0.3198057251788224,-0.046386180697754645,0.3198057251788224,0.2606816588731364,-0.026487949708810916,0.2606816588731364
351.0,78.60164531961662,0.32008983908453303,-0.046409556628358814,0.32008983908453303,0.26096563103293846,-0.02655282411229104,0.26096563103293846
351.0,78.57999286641399,0.32037395299024346,-0.04643293255896297,0.32037395299024346,0.2612496031927404,-0.026617698515771126,0.2612496031927404
351.0,78.55833876020881,0.32065806689595405,-0.04645630848956714,0.32065806689595405,0.26153357535254246,-0.026682572919251253,0.26153357535254246
351.0,78.5366829975288,0.3209421808016645,-0.046479684420171294,0.3209421808016645,0.26181754751234443,-0.02674744732273134,0.26181754751234443
351.0,78.51502557489933,0.3212262947073751,-0.04650306035077546,0.3212262947073751,0.2621015196721465,-0.026812321726211466,0.2621015196721465
351.0,78.49336648884356,0.3215104086130857,-0.04652643628137963,0.3215104086130857,0.2623854918319486,-0.02687719612969159,0.2623854918319486
351.0,78.47170573588232,0.32179452251879614,-0.04654981221198379,0.32179452251879614,0.2626694639917505,-0.026942070533171675,0.2626694639917505
351.0,78.45004331253413,0.3220786364245068,-0.04657318814258796,0.3220786364245068,0.2629534361515526,-0.027006944936651803,0.2629534361515526
351.0,78.42837921531527,0.3223627503302174,-0.046596564073192126,0.3223627503302174,0.2632374083113547,-0.027071819340131927,0.2632374083113547
351.0,78.40671344073971,0.3226468642359278,-0.04661994000379628,0.3226468642359278,0.26352138047115664,-0.027136693743612016,0.26352138047115664
351.0,78.38504598531902,0.3229309781416384,-0.04664331593440045,0.3229309781416384,0.2638053526309587,-0.02720156814709214,0.2638053526309587
351.0,78.36337684556256,0.32321509204734905,-0.04666669186500462,0.32321509204734905,0.2640893247907608,-0.027266442550572263,0.2640893247907608
351.0,78.34170601797734,0.3234992059530595,-0.046690067795608775,0.3234992059530595,0.2643732969505628,-0.027331316954052352,0.2643732969505628
351.0,78.32003349906802,0.32378331985877007,-0.04671344372621295,0.32378331985877007,0.26465726911036486,-0.027396191357532476,0.26465726911036486
351.0,78.29835928533693,0.3240674337644807,-0.04673681965681712,0.3240674337644807,0.26494124127016694,-0.027461065761012603,0.26494124127016694
351.0,78.2766833732841,0.32435154767019114,-0.046760195587421276,0.32435154767019114,0.26522521342996885,-0.02752594016449269,0.26522521342996885
351.0,78.25500575940715,0.32463566157590173,-0.046783571518025445,0.32463566157590173,0.26550918558977094,-0.027590814567972813,0.26550918558977094
351.0,78.23332644020145,0.32491977548161216,-0.0468069474486296,0.32491977548161216,0.2657931577495729,-0.027655688971452902,0.2657931577495729
351.0,78.2116454121599,0.3252038893873228,-0.04683032337923377,0.3252038893873228,0.266077129909375,-0.027720563374933026,0.266077129909375
351.0,78.18996267177312,0.3254880032930334,-0.04685369930983794,0.3254880032930334,0.26636110206917707,-0.02778543777841315,0.26636110206917707
351.0,78.16827821552934,0.3257721171987438,-0.046877075240442094,0.3257721171987438,0.266645074228979,-0.02785031218189324,0.266645074228979
351.0,78.14659203991441,0.3260562311044545,-0.04690045117104626,0.3260562311044545,0.2669290463887811,-0.027915186585373362,0.2669290463887811
351.0,78.12490414141178,0.32634034501016507,-0.04692382710165043,0.32634034501016507,0.2672130185485832,-0.02798006098885349,0.2672130185485832
351.0,78.10321451650258,0.3266244589158755,-0.04694720303225459,0.3266244589158755,0.2674969907083851,-0.028044935392333575,0.2674969907083851
351.0,78.08152316166547,0.3269085728215861,-0.04697057896285876,0.3269085728215861,0.2677809628681872,-0.0281098097958137,0.2677809628681872
351.0,78.05983007337679,0.32719268672729673,-0.046993954893462926,0.32719268672729673,0.2680649350279893,-0.028174684199293826,0.2680649350279893
351.0,78.03813524811042,0.32747680063300716,-0.04701733082406708,0.32747680063300716,0.26834890718779125,-0.028239558602773912,0.26834890718779125
351.0,78.01643868233786,0.32776091453871775,-0.04704070675467125,0.32776091453871775,0.26863287934759333,-0.028304433006254036,0.26863287934759333
351.0,77.9947403725282,0.32804946114601347,-0.04706419457125577,0.32804946114601347,0.26892124885935825,-0.02837000206250581,0.26892124885935825
351.0,77.97304031514807,0.3283518624807757,-0.047088032095515285,0.3283518624807757,0.269223362610804,-0.02843774230593328,0.269223362610804
351.0,77.95133850666171,0.3286542638155379,-0.0471118696197748,0.3286542638155379,0.26952547636224966,-0.02850548254936075,0.26952547636224966
351.0,77.92963494353096,0.3289566651502999,-0.0471357071440343,0.3289566651502999,0.2698275901136952,-0.028573222792788178,0.2698275901136952
351.0,77.90792962221511,0.3292590664850621,-0.047159544668293814,0.3292590664850621,0.27012970386514096,-0.028640963036215644,0.27012970386514096
351.0,77.88622253917114,0.3295614678198243,-0.04718338219255333,0.3295614678198243,0.27043181761658663,-0.028708703279643113,0.27043181761658663
351.0,77.86451369085351,0.3298638691545863,-0.047207219716812826,0.3298638691545863,0.2707339313680322,-0.02877644352307054,0.2707339313680322
351.0,77.84280307371421,0.33016627048934855,-0.04723105724107234,0.33016627048934855,0.2710360451194779,-0.02884418376649801,0.2710360451194779
351.0,77.82109068420282,0.3304686718241107,-0.04725489476533186,0.3304686718241107,0.2713381588709236,-0.028911924009925476,0.2713381588709236
351.0,77.79937651876642,0.3307710731588728,-0.047278732289591355,0.3307710731588728,0.27164027262236917,-0.028979664253352903,0.27164027262236917
351.0,77.77766057384959,0.33107347449363494,-0.04730256981385087,0.33107347449363494,0.27194238637381485,-0.029047404496780373,0.27194238637381485
351.0,77.7559428458945,0.33137587582839717,-0.04732640733811039,0.33137587582839717,0.2722445001252606,-0.029115144740207842,0.2722445001252606
351.0,77.73422333134077,0.3316782771631592,-0.047350244862369884,0.3316782771631592,0.2725466138767061,-0.02918288498363527,0.2725466138767061
351.0,77.71250202662557,0.3319806784979214,-0.0473740823866294,0.3319806784979214,0.2728487276281518,-0.029250625227062736,0.2728487276281518
351.0,77.69077892818356,0.3322830798326834,-0.0473979199108889,0.3322830798326834,0.27315084137959733,-0.029318365470490163,0.27315084137959733
351.0,77.66905403244688,0.33258548116744563,-0.04742175743514842,0.33258548116744563,0.27345295513104306,-0.029386105713917633,0.27345295513104306
351.0,77.64732733584516,0.3328878825022078,-0.04744559495940793,0.3328878825022078,0.2737550688824888,-0.0294538459573451,0.2737550688824888
351.0,77.62559883480556,0.33319028383696986,-0.04746943248366743,0.33319028383696986,0.2740571826339343,-0.029521586200772526,0.2740571826339343
351.0,77.60386852575265,0.33349268517173203,-0.04749327000792695,0.33349268517173203,0.27435929638538004,-0.029589326444199995,0.27435929638538004
351.0,77.58213640510851,0.33379508650649425,-0.04751710753218646,0.33379508650649425,0.27466141013682577,-0.029657066687627465,0.27466141013682577
351.0,77.56040246929273,0.33409748784125626,-0.04754094505644596,0.33409748784125626,0.2749635238882713,-0.029724806931054892,0.2749635238882713
351.0,77.53866671472224,0.3343998891760185,-0.04756478258070548,0.3343998891760185,0.275265637639717,-0.029792547174482358,0.275265637639717
351.0,77.51692913781153,0.33470229051078065,-0.047588620104964986,0.33470229051078065,0.27556775139116274,-0.029860287417909828,0.27556775139116274
351.0,77.49518973497253,0.33500469184554266,-0.04761245762922449,0.33500469184554266,0.27586986514260825,-0.029928027661337255,0.27586986514260825
351.0,77.47344850261453,0.3353070931803049,-0.047636295153484005,0.3353070931803049,0.276171978894054,-0.02999576790476472,0.276171978894054
351.0,77.45170543714434,0.3356094945150669,-0.0476601326777435,0.3356094945150669,0.2764740926454995,-0.03006350814819215,0.2764740926454995
351.0,77.42996053496616,0.3359118958498291,-0.04768397020200302,0.3359118958498291,0.2767762063969452,-0.030131248391619618,0.2767762063969452
351.0,77.40821379248162,0.3362142971845913,-0.047707807726262534,0.3362142971845913,0.27707832014839096,-0.030198988635047087,0.27707832014839096
351.0,77.38646520608977,0.33651669851935334,-0.04773164525052204,0.33651669851935334,0.27738043389983646,-0.030266728878474515,0.27738043389983646
351.0,77.36471477218703,0.3368190998541155,-0.047755482774781546,0.3368190998541155,0.2776825476512822,-0.03033446912190198,0.2776825476512822
351.0,77.34296248716733,0.33712150118887774,-0.04777932029904106,0.33712150118887774,0.2779846614027279,-0.03040220936532945,0.2779846614027279
351.0,77.32120834742187,0.33742390252363974,-0.047803157823300566,0.33742390252363974,0.27828677515417344,-0.030469949608756878,0.27828677515417344
351.0,77.29945234933932,0.33772630385840197,-0.047826995347560075,0.33772630385840197,0.27858888890561917,-0.030537689852184344,0.27858888890561917
351.0,77.27769448930573,0.33802870519316414,-0.04785083287181959,0.33802870519316414,0.27889100265706485,-0.030605430095611813,0.27889100265706485
351.0,77.25593476370449,0.3383311065279262,-0.047874670396079094,0.3383311065279262,0.2791931164085104,-0.03067317033903924,0.2791931164085104
351.0,77.2341731689164,0.33863350786268837,-0.047898507920338604,0.33863350786268837,0.2794952301599561,-0.03074091058246671,0.2794952301599561
351.0,77.21240970131961,0.3389359091974506,-0.04792234544459812,0.3389359091974506,0.2797973439114018,-0.030808650825894176,0.2797973439114018
351.0,77.19064435728964,0.3392383105322126,-0.04794618296885762,0.3392383105322126,0.2800994576628474,-0.030876391069321604,0.2800994576628474
351.0,77.16887713319935,0.3395407118669748,-0.04797002049311713,0.3395407118669748,0.28040157141429306,-0.030944131312749073,0.28040157141429306
351.0,77.14710802541897,0.3398431132017368,-0.047993858017376635,0.3398431132017368,0.2807036851657386,-0.0310118715561765,0.2807036851657386
351.0,77.12533703031602,0.34014551453649905,-0.04801769554163615,0.34014551453649905,0.2810057989171843,-0.03107961179960397,0.2810057989171843
351.0,77.10356414425544,0.3404479158712612,-0.04804153306589566,0.3404479158712612,0.28130791266863003,-0.031147352043031436,0.28130791266863003
351.0,77.08178936359944,0.3407503172060232,-0.048065370590155164,0.3407503172060232,0.2816100264200756,-0.031215092286458863,0.2816100264200756
351.0,77.06001268470752,0.34105271854078545,-0.04808920811441468,0.34105271854078545,0.2819121401715213,-0.03128283252988633,0.2819121401715213
351.0,77.03823410393657,0.3413551198755477,-0.0481130456386742,0.3413551198755477,0.282214253922967,-0.0313505727733138,0.282214253922967
351.0,77.01645361764079,0.3416575212103097,-0.04813688316293369,0.3416575212103097,0.2825163676744125,-0.03141831301674123,0.2825163676744125
351.0,76.99467122217159,0.34196472659889454,-0.048160835665508064,0.34196472659889454,0.28282325572953987,-0.03148679387854655,0.28282325572953987
351.0,76.97288691387779,0.34228676607048897,-0.0481851432011295,0.34228676607048897,0.28314488600441334,-0.03155756164114461,0.28314488600441334
351.0,76.95110068910542,0.3426088055420832,-0.04820945073675092,0.3426088055420832,0.2834665162792866,-0.03162832940374262,0.2834665162792866
351.0,76.92931254419783,0.34293084501367754,-0.04823375827237235,0.34293084501367754,0.28378814655416,-0.03169909716634068,0.28378814655416
351.0,76.90752247549564,0.34325288448527175,-0.048258065807993765,0.34325288448527175,0.28410977682903327,-0.03176986492893869,0.28410977682903327
351.0,76.88573047933674,0.3435749239568662,-0.048282373343615195,0.3435749239568662,0.2844314071039067,-0.03184063269153675,0.2844314071039067
351.0,76.86393655205629,0.34389696342846054,-0.04830668087923663,0.34389696342846054,0.28475303737878016,-0.031911400454134806,0.28475303737878016
351.0,76.8421406899867,0.34421900290005475,-0.04833098841485805,0.34421900290005475,0.28507466765365336,-0.03198216821673282,0.28507466765365336
351.0,76.82034288945762,0.3445410423716492,-0.04835529595047948,0.3445410423716492,0.28539629792852683,-0.03205293597933088,0.28539629792852683
351.0,76.79854314679599,0.34486308184324355,-0.04837960348610091,0.34486308184324355,0.28571792820340025,-0.03212370374192894,0.28571792820340025
351.0,76.77674145832596,0.34518512131483775,-0.048403911021722326,0.34518512131483775,0.2860395584782735,-0.03219447150452695,0.2860395584782735
351.0,76.75493782036887,0.3455071607864322,-0.048428218557343757,0.3455071607864322,0.2863611887531469,-0.032265239267125004,0.2863611887531469
351.0,76.73313222924337,0.34582920025802655,-0.048452526092965194,0.34582920025802655,0.2866828190280204,-0.032336007029723064,0.2866828190280204
351.0,76.71132468126527,0.34615123972962075,-0.04847683362858661,0.34615123972962075,0.28700444930289365,-0.032406774792321076,0.28700444930289365
351.0,76.68951517274759,0.3464732792012152,-0.04850114116420804,0.3464732792012152,0.28732607957776707,-0.03247754255491914,0.28732607957776707
351.0,76.66770370000062,0.34679531867280955,-0.04852544869982947,0.34679531867280955,0.2876477098526405,-0.03254831031751719,0.2876477098526405
351.0,76.64589025933176,0.34711735814440375,-0.04854975623545089,0.34711735814440375,0.28796934012751374,-0.03261907808011521,0.28796934012751374
351.0,76.62407484704568,0.3474393976159982,-0.048574063771072325,0.3474393976159982,0.28829097040238716,-0.03268984584271326,0.28829097040238716
351.0,76.60225745944417,0.3477614370875924,-0.04859837130669374,0.3477614370875924,0.2886126006772604,-0.03276061360531128,0.2886126006772604
351.0,76.58043809282626,0.34808347655918676,-0.04862267884231517,0.34808347655918676,0.2889342309521339,-0.032831381367909335,0.2889342309521339
351.0,76.5586167434881,0.3484055160307812,-0.0486469863779366,0.3484055160307812,0.2892558612270073,-0.032902149130507395,0.2892558612270073
351.0,76.53679340772305,0.3487275555023754,-0.04867129391355802,0.3487275555023754,0.28957749150188056,-0.03297291689310541,0.28957749150188056
351.0,76.5149680818216,0.34904959497396976,-0.04869560144917945,0.34904959497396976,0.289899121776754,-0.03304368465570347,0.289899121776754
351.0,76.49314076207143,0.3493716344455642,-0.048719908984800886,0.3493716344455642,0.29022075205162745,-0.03311445241830152,0.29022075205162745
351.0,76.47131144475733,0.3496936739171584,-0.0487442165204223,0.3496936739171584,0.29054238232650065,-0.03318522018089953,0.29054238232650065
351.0,76.44948012616122,0.35001571338875276,-0.04876852405604373,0.35001571338875276,0.2908640126013741,-0.03325598794349759,0.2908640126013741
351.0,76.42764680256218,0.3503377528603472,-0.04879283159166516,0.3503377528603472,0.29118564287624754,-0.033326755706095654,0.29118564287624754
351.0,76.40581147023644,0.3506597923319414,-0.04881713912728658,0.3506597923319414,0.2915072731511208,-0.033397523468693666,0.2915072731511208
351.0,76.38397412545729,0.35098183180353576,-0.04884144666290802,0.35098183180353576,0.2918289034259942,-0.03346829123129172,0.2918289034259942
351.0,76.36213476449515,0.35130387127512996,-0.04886575419852943,0.35130387127512996,0.29215053370086747,-0.03353905899388974,0.29215053370086747
351.0,76.34029338361759,0.3516259107467244,-0.048890061734150864,0.3516259107467244,0.29247216397574094,-0.03360982675648779,0.29247216397574094
351.0,76.31844997908921,0.3519479502183188,-0.048914369269772294,0.3519479502183188,0.29279379425061436,-0.03368059451908585,0.29279379425061436
351.0,76.29660454717181,0.352269989689913,-0.04893867680539371,0.352269989689913,0.2931154245254876,-0.033751362281683864,0.2931154245254876
351.0,76.27475708412413,0.3525920291615074,-0.04896298434101514,0.3525920291615074,0.29343705480036103,-0.033822130044281924,0.29343705480036103
351.0,76.25290758620208,0.3529140686331018,-0.04898729187663658,0.3529140686331018,0.29375868507523445,-0.03389289780687998,0.29375868507523445
351.0,76.23105604965868,0.353236108104696,-0.049011599412257995,0.353236108104696,0.2940803153501077,-0.033963665569478,0.2940803153501077
351.0,76.20920247074392,0.3535581475762904,-0.049035906947879425,0.3535581475762904,0.2944019456249812,-0.03403443333207605,0.2944019456249812
351.0,76.18734684570487,0.3538801870478848,-0.049060214483500855,0.3538801870478848,0.2947235758998546,-0.03410520109467411,0.2947235758998546
351.0,76.16548917078572,0.354202226519479,-0.04908452201912227,0.354202226519479,0.29504520617472785,-0.03417596885727212,0.29504520617472785
351.0,76.14362944222762,0.3545242659910734,-0.04910882955474371,0.3545242659910734,0.29536683644960127,-0.03424673661987018,0.29536683644960127
351.0,76.12176765626883,0.3548463054626678,-0.04913313709036514,0.3548463054626678,0.2956884667244747,-0.034317504382468236,0.2956884667244747
351.0,76.09990380914458,0.355168344934262,-0.049157444625986556,0.355168344934262,0.29601009699934794,-0.03438827214506625,0.29601009699934794
351.0,76.07803789708717,0.3554903844058564,-0.049181752161607986,0.3554903844058564,0.2963317272742214,-0.03445903990766431,0.2963317272742214
351.0,76.05616991632589,0.3558124238774506,-0.0492060596972294,0.3558124238774506,0.29665335754909467,-0.03452980767026232,0.29665335754909467
351.0,76.03429986308703,0.356134463349045,-0.04923036723285084,0.356134463349045,0.2969749878239681,-0.03460057543286038,0.2969749878239681
351.0,76.01242773359392,0.3564565028206394,-0.04925467476847227,0.3564565028206394,0.2972966180988415,-0.034671343195458434,0.2972966180988415
351.0,75.9905535240669,0.35678765492764203,-0.04927918809749948,0.35678765492764203,0.29762731941600223,-0.03474349106829104,0.29762731941600223
351.0,75.96867723072319,0.35713079613996906,-0.04930397218012395,0.35713079613996906,0.29796995511619395,-0.0348174546932327,0.29796995511619395
351.0,75.94679884977714,0.3574739373522961,-0.04932875626274842,0.3574739373522961,0.2983125908163857,-0.034891418318174355,0.2983125908163857
351.0,75.92491837744,0.35781707856462297,-0.04935354034537288,0.35781707856462297,0.2986552265165773,-0.034965381943115964,0.2986552265165773
351.0,75.90303580991994,0.35816021977695,-0.04937832442799735,0.35816021977695,0.29899786221676905,-0.03503934556805762,0.29899786221676905
351.0,75.88115114342222,0.35850336098927704,-0.04940310851062182,0.35850336098927704,0.2993404979169608,-0.03511330919299928,0.2993404979169608
351.0,75.85926437414894,0.3588465022016039,-0.04942789259324627,0.3588465022016039,0.2996831336171524,-0.035187272817940894,0.2996831336171524
351.0,75.83737549829917,0.35918964341393095,-0.04945267667587074,0.35918964341393095,0.30002576931734415,-0.03526123644288255,0.30002576931734415
351.0,75.81548451206898,0.3595327846262578,-0.04947746075849519,0.3595327846262578,0.3003684050175357,-0.03533520006782416,0.3003684050175357
351.0,75.7935914116513,0.35987592583858485,-0.04950224484111966,0.35987592583858485,0.3007110407177274,-0.03540916369276582,0.3007110407177274
351.0,75.77169619323605,0.3602190670509119,-0.04952702892374413,0.3602190670509119,0.3010536764179192,-0.035483127317707475,0.3010536764179192
351.0,75.74979885301005,0.36056220826323876,-0.049551813006368586,0.36056220826323876,0.30139631211811074,-0.03555709094264909,0.30139631211811074
351.0,75.72789938715695,0.3609053494755658,-0.049576597088993056,0.3609053494755658,0.3017389478183025,-0.03563105456759075,0.3017389478183025
351.0,75.70599779185744,0.36124849068789283,-0.049601381171617526,0.36124849068789283,0.3020815835184943,-0.035705018192532405,0.3020815835184943
351.0,75.68409406328904,0.3615916319002197,-0.04962616525424198,0.3615916319002197,0.30242421921868584,-0.03577898181747401,0.30242421921868584
351.0,75.66218819762611,0.36193477311254674,-0.04965094933686645,0.36193477311254674,0.3027668549188776,-0.03585294544241567,0.3027668549188776
351.0,75.64028019104,0.3622779143248738,-0.049675733419490914,0.3622779143248738,0.30310949061906933,-0.03592690906735733,0.30310949061906933
351.0,75.61837003969887,0.3626210555372006,-0.04970051750211537,0.3626210555372006,0.30345212631926094,-0.036000872692298944,0.30345212631926094
351.0,75.59645773976777,0.3629641967495277,-0.04972530158473984,0.3629641967495277,0.30379476201945266,-0.0360748363172406,0.30379476201945266
351.0,75.57454328740859,0.3633073379618547,-0.04975008566736431,0.3633073379618547,0.30413739771964443,-0.03614879994218226,0.30413739771964443
351.0,75.5526266787801,0.36365047917418153,-0.049774869749988765,0.36365047917418153,0.304480033419836,-0.036222763567123874,0.304480033419836
351.0,75.5307079100379,0.3639936203865086,-0.049799653832613235,0.3639936203865086,0.30482266912002776,-0.03629672719206553,0.30482266912002776
351.0,75.50878697733447,0.36433676159883543,-0.04982443791523769,0.36433676159883543,0.3051653048202193,-0.03637069081700714,0.3051653048202193
351.0,75.48686387681903,0.36467990281116247,-0.04984922199786215,0.36467990281116247,0.3055079405204111,-0.0364446544419488,0.3055079405204111
351.0,75.46493860463774,0.36502304402348956,-0.04987400608048662,0.36502304402348956,0.30585057622060285,-0.036518618066890454,0.30585057622060285
351.0,75.44301115693352,0.3653661852358164,-0.04989879016311108,0.3653661852358164,0.3061932119207944,-0.03659258169183207,0.3061932119207944
351.0,75.42108152984608,0.3657093264481434,-0.04992357424573555,0.3657093264481434,0.3065358476209861,-0.03666654531677373,0.3065358476209861
351.0,75.39914971951198,0.3660524676604705,-0.04994835832836002,0.3660524676604705,0.3068784833211779,-0.036740508941715384,0.3068784833211779
351.0,75.37721572206458,0.3663956088727973,-0.049973142410984474,0.3663956088727973,0.30722111902136945,-0.03681447256665699,0.30722111902136945
351.0,75.35527953363395,0.36673875008512435,-0.049997926493608943,0.36673875008512435,0.3075637547215612,-0.03688843619159865,0.3075637547215612
351.0,75.33334115034705,0.36708189129745145,-0.05002271057623341,0.36708189129745145,0.307906390421753,-0.03696239981654031,0.307906390421753
351.0,75.31140056832756,0.36742503250977826,-0.05004749465885787,0.36742503250977826,0.30824902612194455,-0.03703636344148192,0.30824902612194455
351.0,75.2894577836959,0.3677681737221053,-0.05007227874148233,0.3677681737221053,0.3085916618221363,-0.03711032706642358,0.3085916618221363
351.0,75.26751279256929,0.3681113149344324,-0.0500970628241068,0.3681113149344324,0.3089342975223281,-0.03718429069136524,0.3089342975223281
351.0,75.24556559106172,0.3684544561467592,-0.05012184690673126,0.3684544561467592,0.30927693322251965,-0.037258254316306846,0.30927693322251965
351.0,75.22361617528388,0.36879759735908624,-0.05014663098935573,0.36879759735908624,0.30961956892271136,-0.037332217941248504,0.30961956892271136
351.0,75.20166454134322,0.3691407385714131,-0.05017141507198018,0.3691407385714131,0.3099622046229029,-0.03740618156619012,0.3099622046229029
351.0,75.1797106853439,0.36948387978374014,-0.05019619915460465,0.36948387978374014,0.3103048403230947,-0.037480145191131777,0.3103048403230947
351.0,75.15775460338685,0.3698270209960672,-0.05022098323722912,0.3698270209960672,0.31064747602328646,-0.037554108816073434,0.31064747602328646
351.0,75.13579629156966,0.37017016220839405,-0.05024576731985358,0.37017016220839405,0.310990111723478,-0.03762807244101505,0.310990111723478
351.0,75.11383574598666,0.3705133034207211,-0.05027055140247804,0.3705133034207211,0.3113327474236698,-0.03770203606595671,0.3113327474236698
351.0,75.09187296272887,0.3708564446330481,-0.05029533548510251,0.3708564446330481,0.31167538312386156,-0.03777599969089836,0.31167538312386156
351.0,75.06990793788401,0.371199585845375,-0.050320119567726966,0.371199585845375,0.3120180188240531,-0.03784996331583997,0.3120180188240531
351.0,75.04794066753647,0.371542727057702,-0.050344903650351436,0.371542727057702,0.3123606545242449,-0.03792392694078163,0.3123606545242449
351.0,75.02597114776734,0.37188586827002906,-0.050369687732975905,0.37188586827002906,0.3127032902244366,-0.03799789056572329,0.3127032902244366
351.0,75.00399937465436,0.37222900948235593,-0.05039447181560036,0.37222900948235593,0.31304592592462815,-0.0380718541906649,0.31304592592462815
351.0,74.98202534427193,0.3725907091719355,-0.050419649375500905,0.3725907091719355,0.3134070630620949,-0.038148575132669546,0.3134070630620949
351.0,74.96004905269115,0.3729565383491481,-0.05044491448889644,0.3729565383491481,0.3137723169951038,-0.03822590961136456,0.3137723169951038
351.0,74.93807049597969,0.37332236752636094,-0.05047017960229199,0.37332236752636094,0.31413757092811284,-0.03830324409005962,0.31413757092811284
351.0,74.91608967020191,0.37368819670357384,-0.050495444715687544,0.37368819670357384,0.3145028248611219,-0.03838057856875469,0.3145028248611219
351.0,74.89410657141883,0.37405402588078646,-0.050520709829083084,0.37405402588078646,0.3148680787941308,-0.0384579130474497,0.3148680787941308
351.0,74.87212119568801,0.37441985505799935,-0.05054597494247864,0.37441985505799935,0.3152333327271399,-0.03853524752614477,0.3152333327271399
351.0,74.85013353906369,0.3747856842352122,-0.05057124005587419,0.3747856842352122,0.31559858666014895,-0.03861258200483983,0.31559858666014895
351.0,74.82814359759674,0.37515151341242486,-0.05059650516926973,0.37515151341242486,0.3159638405931578,-0.03868991648353485,0.3159638405931578
351.0,74.80615136733454,0.3755173425896377,-0.050621770282665284,0.3755173425896377,0.3163290945261669,-0.03876725096222991,0.3163290945261669
351.0,74.78415684432115,0.3758831717668506,-0.05064703539606084,0.3758831717668506,0.316694348459176,-0.03884458544092497,0.316694348459176
351.0,74.76216002459718,0.3762490009440632,-0.050672300509456376,0.3762490009440632,0.31705960239218484,-0.03892191991961999,0.31705960239218484
351.0,74.7401609041998,0.37661483012127606,-0.05069756562285193,0.37661483012127606,0.3174248563251939,-0.03899925439831505,0.3174248563251939
351.0,74.7181594791628,0.37698065929848895,-0.05072283073624748,0.37698065929848895,0.317790110258203,-0.03907658887701011,0.317790110258203
351.0,74.6961557455165,0.37734648847570157,-0.05074809584964302,0.37734648847570157,0.3181553641912119,-0.03915392335570513,0.3181553641912119
351.0,74.67414969928778,0.37771231765291446,-0.050773360963038576,0.37771231765291446,0.31852061812422094,-0.03923125783440019,0.31852061812422094
351.0,74.65214133650005,0.3780781468301271,-0.05079862607643411,0.3780781468301271,0.3188858720572298,-0.03930859231309521,0.3188858720572298
351.0,74.6301306531733,0.37844397600734,-0.05082389118982966,0.37844397600734,0.31925112599023886,-0.039385926791790274,0.31925112599023886
351.0,74.608117645324,0.3788098051845528,-0.050849156303225215,0.3788098051845528,0.31961637992324793,-0.03946326127048534,0.31961637992324793
351.0,74.5861023089652,0.3791756343617655,-0.050874421416620755,0.3791756343617655,0.31998163385625683,-0.039540595749180354,0.31998163385625683
351.0,74.56408464010642,0.37954146353897833,-0.05089968653001631,0.37954146353897833,0.3203468877892659,-0.03961793022787542,0.3203468877892659
351.0,74.54206463475369,0.37990729271619117,-0.05092495164341186,0.37990729271619117,0.32071214172227497,-0.039695264706570484,0.32071214172227497
351.0,74.52004228890958,0.38027312189340384,-0.0509502167568074,0.38027312189340384,0.3210773956552838,-0.039772599185265496,0.3210773956552838
351.0,74.4980175985731,0.3806389510706167,-0.050975481870202954,0.3806389510706167,0.32144264958829294,-0.039849933663960564,0.32144264958829294
351.0,74.47599055973978,0.3810047802478296,-0.05100074698359851,0.3810047802478296,0.321807903521302,-0.039927268142655625,0.321807903521302
351.0,74.45396116840163,0.3813706094250422,-0.05102601209699405,0.3813706094250422,0.32217315745431085,-0.040004602621350645,0.32217315745431085
351.0,74.43192942054708,0.3817364386022551,-0.0510512772103896,0.3817364386022551,0.3225384113873199,-0.040081937100045706,0.3225384113873199
351.0,74.4098953121611,0.3821022677794677,-0.05107654232378514,0.3821022677794677,0.32290366532032877,-0.040159271578740725,0.32290366532032877
351.0,74.387858839225,0.3824680969566806,-0.051101807437180694,0.3824680969566806,0.3232689192533379,-0.040236606057435786,0.3232689192533379
351.0,74.36581999771666,0.38283392613389344,-0.05112707255057625,0.38283392613389344,0.32363417318634696,-0.04031394053613085,0.32363417318634696
351.0,74.34377878361032,0.38319975531110606,-0.051152337663971786,0.38319975531110606,0.3239994271193558,-0.04039127501482587,0.3239994271193558
351.0,74.32173519287662,0.38356558448831896,-0.05117760277736734,0.38356558448831896,0.3243646810523649,-0.04046860949352093,0.3243646810523649
351.0,74.2996892214827,0.3839314136655318,-0.05120286789076289,0.3839314136655318,0.324729934985374,-0.04054594397221599,0.324729934985374
351.0,74.27764086539207,0.38429724284274447,-0.051228133004158426,0.38429724284274447,0.32509518891838285,-0.04062327845091101,0.32509518891838285
351.0,74.25559012056465,0.3846630720199573,-0.05125339811755398,0.3846630720199573,0.3254604428513919,-0.04070061292960607,0.3254604428513919
351.0,74.23353698295675,0.3850289011971702,-0.05127866323094953,0.3850289011971702,0.325825696784401,-0.04077794740830114,0.325825696784401
351.0,74.21148144852107,0.3853947303743828,-0.05130392834434507,0.3853947303743828,0.32619095071740983,-0.04085528188699615,0.32619095071740983
351.0,74.18942351320668,0.3857605595515957,-0.051329193457740625,0.3857605595515957,0.32655620465041896,-0.04093261636569122,0.32655620465041896
351.0,74.16736317295904,0.38612638872880856,-0.05135445857113618,0.38612638872880856,0.326921458583428,-0.04100995084438628,0.326921458583428
351.0,74.14530042371997,0.3864922179060212,-0.05137972368453172,0.3864922179060212,0.3272867125164369,-0.04108728532308129,0.3272867125164369
351.0,74.12323526142764,0.38685804708323407,-0.05140498879792727,0.38685804708323407,0.32765196644944594,-0.04116461980177636,0.32765196644944594
351.0,74.10116768201655,0.3872238762604467,-0.05143025391132281,0.3872238762604467,0.32801722038245484,-0.04124195428047137,0.32801722038245484
351.0,74.07909768141755,0.3875897054376596,-0.051455519024718364,0.3875897054376596,0.3283824743154639,-0.04131928875916644,0.3283824743154639
351.0,74.05702525555785,0.3879555346148724,-0.05148078413811392,0.3879555346148724,0.328747728248473,-0.0413966232378615,0.328747728248473
351.0,74.03495040036093,0.3883213637920851,-0.05150604925150946,0.3883213637920851,0.32911298218148183,-0.04147395771655652,0.32911298218148183
351.0,74.0128731117466,0.38868719296929793,-0.05153131436490501,0.38868719296929793,0.3294782361144909,-0.04155129219525158,0.3294782361144909
351.0,73.99079338563102,0.3890631990189986,-0.0515567809454682,0.3890631990189986,0.3298536495423015,-0.04163010788742591,0.3298536495423015
351.0,73.9687112179266,0.3894534356261464,-0.05158252924225669,0.3894534356261464,0.3302432692279364,-0.04171099479485163,0.3302432692279364
351.0,73.94662660454202,0.3898436722332945,-0.0516082775390452,0.3898436722332945,0.33063288891357157,-0.0417918817022774,0.33063288891357157
351.0,73.92453954138227,0.3902339088404426,-0.05163402583583371,0.3902339088404426,0.33102250859920673,-0.04187276860970317,0.33102250859920673
351.0,73.90245002434868,0.3906241454475905,-0.0516597741326222,0.3906241454475905,0.3314121282848417,-0.04195365551712888,0.3314121282848417
351.0,73.8803580493387,0.3910143820547386,-0.05168552242941071,0.3910143820547386,0.33180174797047685,-0.04203454242455465,0.33180174797047685
351.0,73.85826361224615,0.39140461866188647,-0.0517112707261992,0.39140461866188647,0.3321913676561118,-0.04211542933198037,0.3321913676561118
351.0,73.83616670896103,0.39179485526903457,-0.05173701902298771,0.39179485526903457,0.33258098734174696,-0.04219631623940613,0.33258098734174696
351.0,73.81406733536961,0.39218509187618267,-0.05176276731977622,0.39218509187618267,0.3329706070273821,-0.0422772031468319,0.3329706070273821
351.0,73.7919654873544,0.3925753284833305,-0.051788515616564716,0.3925753284833305,0.333360226713017,-0.04235809005425762,0.333360226713017
351.0,73.76986116079411,0.3929655650904786,-0.051814263913353226,0.3929655650904786,0.3337498463986522,-0.04243897696168339,0.3337498463986522
351.0,73.74775435156366,0.3933558016976267,-0.051840012210141735,0.3933558016976267,0.33413946608428735,-0.04251986386910915,0.33413946608428735
351.0,73.72564505553419,0.39374603830477456,-0.051865760506930224,0.39374603830477456,0.3345290857699223,-0.04260075077653487,0.3345290857699223
351.0,73.70353326857303,0.39413627491192266,-0.05189150880371873,0.39413627491192266,0.33491870545555746,-0.04268163768396064,0.33491870545555746
351.0,73.68141898654366,0.39452651151907075,-0.05191725710050724,0.39452651151907075,0.33530832514119263,-0.04276252459138641,0.33530832514119263
351.0,73.65930220530586,0.39491674812621863,-0.05194300539729574,0.39491674812621863,0.3356979448268275,-0.04284341149881212,0.3356979448268275
351.0,73.6371829207154,0.3953069847333667,-0.05196875369408425,0.3953069847333667,0.3360875645124627,-0.04292429840623789,0.3360875645124627
351.0,73.61506112862435,0.39569722134051477,-0.05199450199087276,0.39569722134051477,0.33647718419809786,-0.04300518531366366,0.33647718419809786
351.0,73.59293682488091,0.39608745794766265,-0.052020250287661246,0.39608745794766265,0.3368668038837328,-0.04308607222108937,0.3368668038837328
351.0,73.57081000532935,0.39647769455481074,-0.052045998584449756,0.39647769455481074,0.33725642356936797,-0.04316695912851514,0.33725642356936797
351.0,73.54868066581018,0.3968679311619586,-0.05207174688123825,0.3968679311619586,0.3376460432550029,-0.04324784603594086,0.3376460432550029
351.0,73.52654880215994,0.3972581677691067,-0.05209749517802676,0.3972581677691067,0.3380356629406381,-0.04332873294336663,0.3380356629406381
351.0,73.50441441021137,0.3976484043762548,-0.05212324347481527,0.3976484043762548,0.33842528262627325,-0.04340961985079239,0.33842528262627325
351.0,73.48227748579328,0.39803864098340264,-0.05214899177160376,0.39803864098340264,0.33881490231190814,-0.04349050675821811,0.33881490231190814
351.0,73.46013802473055,0.39842887759055073,-0.05217474006839227,0.39842887759055073,0.3392045219975433,-0.04357139366564388,0.3392045219975433
351.0,73.43799602284422,0.39881911419769883,-0.05220048836518078,0.39881911419769883,0.3395941416831785,-0.04365228057306965,0.3395941416831785
351.0,73.41585147595138,0.3992093508048467,-0.05222623666196927,0.3992093508048467,0.3399837613688134,-0.04373316748049536,0.3399837613688134
351.0,73.39370437986517,0.3995995874119948,-0.05225198495875778,0.3995995874119948,0.3403733810544486,-0.04381405438792113,0.3403733810544486
351.0,73.37155473039486,0.3999898240191429,-0.05227773325554629,0.3999898240191429,0.34076300074008375,-0.0438949412953469,0.34076300074008375
351.0,73.3494025233457,0.4003800606262908,-0.05230348155233479,0.4003800606262908,0.3411526204257187,-0.04397582820277261,0.3411526204257187
351.0,73.32724775451904,0.4007702972334389,-0.05232922984912329,0.4007702972334389,0.34154224011135387,-0.04405671511019838,0.34154224011135387
351.0,73.30509041971224,0.4011605338405867,-0.052354978145911786,0.4011605338405867,0.34193185979698876,-0.0441376020176241,0.34193185979698876
351.0,73.28293051471874,0.4015507704477348,-0.052380726442700296,0.4015507704477348,0.3423214794826239,-0.04421848892504987,0.3423214794826239
351.0,73.26076803532793,0.4019410070548829,-0.052406474739488805,0.4019410070548829,0.3427110991682591,-0.04429937583247563,0.3427110991682591
351.0,73.23860297732526,0.40233124366203077,-0.0524322230362773,0.40233124366203077,0.34310071885389404,-0.04438026273990135,0.34310071885389404
351.0,73.21643533649218,0.40272148026917887,-0.05245797133306581,0.40272148026917887,0.3434903385395292,-0.04446114964732712,0.3434903385395292
351.0,73.19426510860613,0.40311171687632696,-0.05248371962985431,0.40311171687632696,0.3438799582251644,-0.04454203655475289,0.3438799582251644
351.0,73.17209228944053,0.40350195348347484,-0.05250946792664281,0.40350195348347484,0.3442695779107993,-0.0446229234621786,0.3442695779107993
351.0,73.14991687476477,0.4038921900906229,-0.05253521622343132,0.4038921900906229,0.34465919759643443,-0.04470381036960437,0.34465919759643443
351.0,73.12773886034424,0.404282426697771,-0.05256096452021983,0.404282426697771,0.3450488172820696,-0.04478469727703014,0.3450488172820696
351.0,73.10555824194024,0.40467266330491886,-0.05258671281700832,0.40467266330491886,0.34543843696770454,-0.04486558418445585,0.34543843696770454
351.0,73.08337501531007,0.40506289991206695,-0.05261246111379683,0.40506289991206695,0.3458280566533397,-0.04494647109188162,0.3458280566533397
351.0,73.06118917620692,0.40545313651921505,-0.052638209410585335,0.40545313651921505,0.3462176763389749,-0.04502735799930739,0.3462176763389749
351.0,73.03900072037997,0.4058433731263629,-0.05266395770737383,0.4058433731263629,0.3466072960246098,-0.04510824490673311,0.3466072960246098
351.0,73.01680964357429,0.406233609733511,-0.05268970600416234,0.406233609733511,0.346996915710245,-0.04518913181415887,0.346996915710245
351.0,72.99461594153084,0.40663021943539845,-0.05271557136593389,0.40663021943539845,0.3473929055823073,-0.04527092610723385,0.3473929055823073
351.0,72.97241960998653,0.40704672784265966,-0.052741802239549,0.40704672784265966,0.34780878507912416,-0.0453555535293353,0.34780878507912416
351.0,72.95022064467413,0.40746323624992087,-0.05276803311316412,0.40746323624992087,0.34822466457594103,-0.04544018095143675,0.34822466457594103
351.0,72.92801904132233,0.40787974465718185,-0.05279426398677922,0.40787974465718185,0.3486405440727577,-0.04552480837353815,0.3486405440727577
351.0,72.90581479565566,0.4082962530644431,-0.05282049486039434,0.4082962530644431,0.34905642356957456,-0.0456094357956396,0.34905642356957456
351.0,72.88360790339455,0.4087127614717043,-0.052846725734009455,0.4087127614717043,0.34947230306639143,-0.04569406321774105,0.34947230306639143
351.0,72.86139836025527,0.4091292698789653,-0.05287295660762456,0.4091292698789653,0.3498881825632081,-0.04577869063984245,0.3498881825632081
351.0,72.83918616194991,0.40954577828622657,-0.05289918748123967,0.40954577828622657,0.35030406206002496,-0.0458633180619439,0.35030406206002496
351.0,72.81697130418647,0.4099622866934878,-0.05292541835485479,0.4099622866934878,0.35071994155684183,-0.04594794548404535,0.35071994155684183
351.0,72.79475378266874,0.41037879510074876,-0.05295164922846989,0.41037879510074876,0.3511358210536585,-0.04603257290614675,0.3511358210536585
351.0,72.77253359309631,0.41079530350801,-0.05297788010208501,0.41079530350801,0.35155170055047535,-0.0461172003282482,0.35155170055047535
351.0,72.75031073116465,0.411211811915271,-0.05300411097570011,0.411211811915271,0.35196758004729195,-0.046201827750349596,0.35196758004729195
351.0,72.72808519256493,0.4116283203225322,-0.05303034184931523,0.4116283203225322,0.3523834595441088,-0.04628645517245105,0.3523834595441088
351.0,72.70585697298421,0.4120448287297934,-0.053056572722930344,0.4120448287297934,0.35279933904092575,-0.0463710825945525,0.35279933904092575
351.0,72.68362606810528,0.4124613371370544,-0.05308280359654544,0.4124613371370544,0.35321521853774235,-0.0464557100166539,0.35321521853774235
351.0,72.66139247360674,0.41287784554431567,-0.05310903447016056,0.41287784554431567,0.3536310980345592,-0.046540337438755346,0.3536310980345592
351.0,72.6391561851629,0.4132943539515769,-0.05313526534377568,0.4132943539515769,0.3540469775313761,-0.046624964860856793,0.3540469775313761
351.0,72.6169171984439,0.41371086235883786,-0.05316149621739078,0.41371086235883786,0.35446285702819275,-0.04670959228295819,0.35446285702819275
351.0,72.59467550911555,0.4141273707660991,-0.053187727091005894,0.4141273707660991,0.3548787365250096,-0.04679421970505965,0.3548787365250096
351.0,72.57243111283945,0.41454387917336033,-0.053213957964621014,0.41454387917336033,0.3552946160218265,-0.046878847127161095,0.3552946160218265
351.0,72.55018400527291,0.4149603875806213,-0.05324018883823611,0.4149603875806213,0.35571049551864314,-0.046963474549262495,0.35571049551864314
351.0,72.52793418206893,0.4153768959878826,-0.05326641971185123,0.4153768959878826,0.35612637501546,-0.04704810197136394,0.35612637501546
351.0,72.50568163887628,0.4157934043951438,-0.053292650585466346,0.4157934043951438,0.3565422545122769,-0.0471327293934654,0.3565422545122769
351.0,72.48342637133938,0.41620991280240477,-0.05331888145908145,0.41620991280240477,0.35695813400909354,-0.0472173568155668,0.35695813400909354
351.0,72.46116837509835,0.416626421209666,-0.053345112332696565,0.416626421209666,0.3573740135059104,-0.047301984237668245,0.3573740135059104
351.0,72.43890764578902,0.41704292961692696,-0.05337134320631167,0.41704292961692696,0.357789893002727,-0.047386611659769644,0.357789893002727
351.0,72.41664417904278,0.4174594380241882,-0.053397574079926784,0.4174594380241882,0.3582057724995439,-0.04747123908187109,0.3582057724995439
351.0,72.39437797048683,0.41787594643144943,-0.053423804953541904,0.41787594643144943,0.35862165199636076,-0.047555866503972546,0.35862165199636076
351.0,72.37210901574392,0.4182924548387104,-0.053450035827157,0.4182924548387104,0.3590375314931774,-0.047640493926073946,0.3590375314931774
351.0,72.34983731043249,0.4187089632459717,-0.05347626670077212,0.4187089632459717,0.3594534109899943,-0.047725121348175394,0.3594534109899943
351.0,72.32756285016656,0.4191254716532329,-0.053502497574387235,0.4191254716532329,0.35986929048681116,-0.04780974877027684,0.35986929048681116
351.0,72.30528563055584,0.41954198006049387,-0.053528728448002334,0.41954198006049387,0.3602851699836278,-0.04789437619237824,0.3602851699836278
351.0,72.28300564720558,0.41995848846775513,-0.053554959321617454,0.41995848846775513,0.3607010494804447,-0.047979003614479696,0.3607010494804447
351.0,72.26072289571668,0.42037499687501634,-0.053581190195232574,0.42037499687501634,0.36111692897726155,-0.04806363103658114,0.36111692897726155
351.0,72.2384373716856,0.4207915052822773,-0.05360742106884767,0.4207915052822773,0.3615328084740782,-0.04814825845868254,0.3615328084740782
351.0,72.21614907070443,0.4212080136895386,-0.053633651942462786,0.4212080136895386,0.3619486879708951,-0.04823288588078399,0.3619486879708951
351.0,72.19385798836078,0.42162452209679957,-0.05365988281607789,0.42162452209679957,0.3623645674677117,-0.04831751330288539,0.3623645674677117
351.0,72.1715641202378,0.4220410305040608,-0.053686113689693005,0.4220410305040608,0.36278044696452855,-0.04840214072498684,0.36278044696452855
351.0,72.14926746191429,0.422457538911322,-0.053712344563308125,0.422457538911322,0.3631963264613455,-0.04848676814708829,0.3631963264613455
351.0,72.12696800896452,0.42287404731858297,-0.053738575436923224,0.42287404731858297,0.36361220595816207,-0.04857139556918969,0.36361220595816207
351.0,72.1046657569583,0.42329055572584423,-0.05376480631053834,0.42329055572584423,0.36402808545497894,-0.04865602299129114,0.36402808545497894
351.0,72.08236070146094,0.42370706413310544,-0.053791037184153456,0.42370706413310544,0.3644439649517958,-0.04874065041339259,0.3644439649517958
351.0,72.06005283803336,0.4241235725403664,-0.05381726805776856,0.4241235725403664,0.36485984444861247,-0.04882527783549399,0.36485984444861247
351.0,72.03774216223185,0.4245400809476277,-0.053843498931383675,0.4245400809476277,0.36527572394542934,-0.04890990525759544,0.36527572394542934
351.0,72.01542866960828,0.4249565893548889,-0.053869729804998795,0.4249565893548889,0.3656916034422462,-0.04899453267969689,0.3656916034422462
351.0,71.99311235571,0.4253818299347552,-0.05389610840407952,0.4253818299347552,0.3661162211248126,-0.04908037455434477,0.3661162211248126
351.0,71.97079321607977,0.4258266322579878,-0.05392281793656914,0.4258266322579878,0.3665604140213434,-0.049168937035892965,0.3665604140213434
351.0,71.94847124625586,0.4262714345812204,-0.053949527469058754,0.4262714345812204,0.3670046069178741,-0.04925749951744116,0.3670046069178741
351.0,71.926146441772,0.4267162369044527,-0.05397623700154836,0.4267162369044527,0.36744879981440465,-0.049346061998989305,0.36744879981440465
351.0,71.90381879815733,0.42716103922768534,-0.05400294653403798,0.42716103922768534,0.3678929927109354,-0.0494346244805375,0.3678929927109354
351.0,71.88148831093646,0.42760584155091763,-0.054029656066527584,0.42760584155091763,0.3683371856074659,-0.049523186962085644,0.3683371856074659
351.0,71.85915497562937,0.4280506438741502,-0.0540563655990172,0.4280506438741502,0.36878137850399667,-0.04961174944363384,0.36878137850399667
351.0,71.83681878775148,0.42849544619738283,-0.05408307513150682,0.42849544619738283,0.3692255714005275,-0.04970031192518204,0.3692255714005275
351.0,71.81447974281365,0.42894024852061513,-0.05410978466399642,0.42894024852061513,0.36966976429705795,-0.04978887440673018,0.36966976429705795
351.0,71.79213783632203,0.4293850508438477,-0.05413649419648604,0.4293850508438477,0.37011395719358875,-0.04987743688827838,0.37011395719358875
351.0,71.76979306377824,0.42982985316708033,-0.05416320372897566,0.42982985316708033,0.3705581500901195,-0.049965999369826576,0.3705581500901195
351.0,71.74744542067926,0.43027465549031263,-0.05418991326146526,0.43027465549031263,0.37100234298665,-0.050054561851374725,0.37100234298665
351.0,71.72509490251737,0.43071945781354526,-0.05421662279395488,0.43071945781354526,0.3714465358831808,-0.05014312433292292,0.3714465358831808
351.0,71.70274150478026,0.43116426013677783,-0.0542433323264445,0.43116426013677783,0.3718907287797115,-0.05023168681447112,0.3718907287797115
351.0,71.68038522295096,0.43160906246001013,-0.0542700418589341,0.43160906246001013,0.37233492167624205,-0.05032024929601926,0.37233492167624205
351.0,71.65802605250778,0.43205386478324276,-0.05429675139142372,0.43205386478324276,0.3727791145727728,-0.05040881177756746,0.3727791145727728
351.0,71.63566398892436,0.43249866710647505,-0.054323460923913325,0.43249866710647505,0.3732233074693033,-0.0504973742591156,0.3732233074693033
351.0,71.61329902766971,0.4329434694297077,-0.05435017045640294,0.4329434694297077,0.37366750036583407,-0.0505859367406638,0.37366750036583407
351.0,71.59093116420804,0.43338827175294026,-0.05437687998889256,0.43338827175294026,0.3741116932623649,-0.050674499222212,0.3741116932623649
351.0,71.56856039399895,0.43383307407617255,-0.05440358952138216,0.43383307407617255,0.37455588615889535,-0.05076306170376014,0.37455588615889535
351.0,71.5461867124972,0.4342778763994052,-0.05443029905387178,0.4342778763994052,0.37500007905542615,-0.050851624185308336,0.37500007905542615
351.0,71.52381011515294,0.43472267872263776,-0.0544570085863614,0.43472267872263776,0.3754442719519569,-0.050940186666856534,0.3754442719519569
351.0,71.50143059741148,0.43516748104587005,-0.054483718118851006,0.43516748104587005,0.3758884648484874,-0.05102874914840468,0.3758884648484874
351.0,71.47904815471341,0.4356122833691027,-0.05451042765134062,0.4356122833691027,0.3763326577450182,-0.05111731162995288,0.3763326577450182
351.0,71.45666278249455,0.43605708569233526,-0.05453713718383024,0.43605708569233526,0.376776850641549,-0.05120587411150108,0.376776850641549
351.0,71.43427447618596,0.4365018880155676,-0.05456384671631984,0.4365018880155676,0.37722104353807945,-0.05129443659304922,0.37722104353807945
351.0,71.41188323121388,0.4369466903388002,-0.054590556248809465,0.4369466903388002,0.3776652364346102,-0.05138299907459742,0.3776652364346102
351.0,71.38948904299978,0.43739149266203275,-0.05461726578129908,0.43739149266203275,0.378109429331141,-0.051471561556145615,0.378109429331141
351.0,71.36709190696031,0.4378362949852651,-0.05464397531378869,0.4378362949852651,0.37855362222767147,-0.05156012403769376,0.37855362222767147
351.0,71.34469181850731,0.4382810973084977,-0.0546706848462783,0.4382810973084977,0.3789978151242023,-0.051648686519241954,0.3789978151242023
351.0,71.32228877304776,0.43872589963173003,-0.0546973943787679,0.43872589963173003,0.37944200802073275,-0.051737249000790096,0.37944200802073275
351.0,71.29988276598384,0.4391707019549626,-0.054724103911257524,0.4391707019549626,0.37988620091726355,-0.051825811482338294,0.37988620091726355
351.0,71.27747379271285,0.4396155042781952,-0.054750813443747146,0.4396155042781952,0.3803303938137943,-0.05191437396388649,0.3803303938137943
351.0,71.25506184862724,0.44006030660142753,-0.054777522976236746,0.44006030660142753,0.3807745867103248,-0.05200293644543464,0.3807745867103248
351.0,71.23264692911457,0.4405051089246601,-0.05480423250872637,0.4405051089246601,0.3812187796068556,-0.05209149892698284,0.3812187796068556
351.0,71.21022902955752,0.4409499112478927,-0.05483094204121598,0.4409499112478927,0.3816629725033864,-0.052180061408531035,0.3816629725033864
351.0,71.18780814533393,0.44139471357112503,-0.05485765157370558,0.44139471357112503,0.38210716539991685,-0.05226862389007918,0.38210716539991685
351.0,71.16538427181663,0.4418395158943576,-0.054884361106195205,0.4418395158943576,0.38255135829644765,-0.052357186371627375,0.38255135829644765
351.0,71.14295740437362,0.4422843182175902,-0.05491107063868483,0.4422843182175902,0.3829955511929784,-0.05244574885317557,0.3829955511929784
351.0,71.12052753836794,0.44272912054082253,-0.05493778017117443,0.44272912054082253,0.3834397440895089,-0.052534311334723714,0.3834397440895089
351.0,71.09809466915766,0.4431739228640551,-0.05496448970366404,0.4431739228640551,0.3838839369860397,-0.05262287381627191,0.3838839369860397
351.0,71.07565879209598,0.44361872518728745,-0.05499119923615365,0.44361872518728745,0.3843281298825702,-0.052711436297820054,0.3843281298825702
351.0,71.05321990253103,0.44406352751052003,-0.055017908768643264,0.44406352751052003,0.38477232277910095,-0.05279999877936825,0.38477232277910095
351.0,71.03077799580608,0.4445083298337526,-0.055044618301132886,0.4445083298337526,0.3852165156756317,-0.05288856126091645,0.3852165156756317
351.0,71.00833306725934,0.44495313215698495,-0.05507132783362249,0.44495313215698495,0.3856607085721622,-0.0529771237424646,0.3856607085721622
351.0,70.98588511222404,0.44541710426864456,-0.05509833341551133,0.44541710426864456,0.38612410451494283,-0.05306828682030795,0.38612410451494283
351.0,70.96343412602843,0.4458923944945803,-0.055125513789153605,0.4458923944945803,0.3865988382078887,-0.05316098532699376,0.3865988382078887
351.0,70.94098010399573,0.44636768472051574,-0.055152694162795855,0.44636768472051574,0.38707357190083425,-0.05325368383367952,0.38707357190083425
351.0,70.91852304144409,0.4468429749464515,-0.05517987453643812,0.4468429749464515,0.38754830559378006,-0.053346382340365324,0.38754830559378006
351.0,70.89606293368671,0.4473182651723872,-0.05520705491008039,0.4473182651723872,0.3880230392867259,-0.05343908084705113,0.3880230392867259
351.0,70.87359977603165,0.4477935553983226,-0.05523423528372264,0.4477935553983226,0.3884977729796714,-0.05353177935373689,0.3884977729796714
351.0,70.85113356378197,0.44826884562425834,-0.05526141565736491,0.44826884562425834,0.3889725066726173,-0.053624477860422695,0.3889725066726173
351.0,70.8286642922356,0.44874413585019407,-0.05528859603100717,0.44874413585019407,0.3894472403655631,-0.0537171763671085,0.3894472403655631
351.0,70.80619195668547,0.4492194260761295,-0.05531577640464942,0.4492194260761295,0.38992197405850865,-0.05380987487379426,0.38992197405850865
351.0,70.7837165524193,0.44969471630206526,-0.055342956778291694,0.44969471630206526,0.39039670775145446,-0.053902573380480066,0.39039670775145446
351.0,70.76123807471981,0.4501700065280007,-0.055370137151933944,0.4501700065280007,0.3908714414444,-0.053995271887165824,0.3908714414444
351.0,70.73875651886453,0.45064529675393644,-0.05539731752557621,0.45064529675393644,0.3913461751373459,-0.05408797039385163,0.3913461751373459
351.0,70.71627188012589,0.4511205869798722,-0.05542449789921848,0.4511205869798722,0.3918209088302917,-0.05418066890053744,0.3918209088302917
351.0,70.69378415377118,0.45159587720580757,-0.05545167827286073,0.45159587720580757,0.39229564252323723,-0.054273367407223196,0.39229564252323723
351.0,70.67129333506251,0.4520711674317433,-0.055478858646502996,0.4520711674317433,0.39277037621618305,-0.054366065913909,0.39277037621618305
351.0,70.64879941925686,0.45254645765767904,-0.05550603902014526,0.45254645765767904,0.39324510990912886,-0.054458764420594816,0.39324510990912886
351.0,70.62630240160604,0.4530217478836145,-0.05553321939378751,0.4530217478836145,0.39371984360207446,-0.05455146292728057,0.39371984360207446
351.0,70.6038022773566,0.4534970381095502,-0.05556039976742978,0.4534970381095502,0.3941945772950203,-0.05464416143396637,0.3941945772950203
351.0,70.58129904174997,0.45397232833548595,-0.05558758014107205,0.45397232833548595,0.3946693109879661,-0.05473685994065219,0.3946693109879661
351.0,70.55879269002234,0.45444761856142135,-0.0556147605147143,0.45444761856142135,0.39514404468091163,-0.05482955844733794,0.39514404468091163
351.0,70.53628321740467,0.4549229087873571,-0.05564194088835657,0.4549229087873571,0.39561877837385745,-0.05492225695402375,0.39561877837385745
351.0,70.51377061912271,0.45539819901329254,-0.05566912126199882,0.45539819901329254,0.396093512066803,-0.0550149554607095,0.396093512066803
351.0,70.49125489039692,0.45587348923922827,-0.055696301635641085,0.45587348923922827,0.39656824575974886,-0.05510765396739531,0.39656824575974886
351.0,70.46873602644254,0.456348779465164,-0.05572348200928335,0.456348779465164,0.3970429794526947,-0.05520035247408112,0.3970429794526947
351.0,70.44621402246953,0.45682406969109945,-0.0557506623829256,0.45682406969109945,0.3975177131456402,-0.055293050980766874,0.3975177131456402
351.0,70.42368887368254,0.4572993599170352,-0.05577784275656787,0.4572993599170352,0.39799244683858603,-0.05538574948745269,0.39799244683858603
351.0,70.40116057528098,0.4577746501429709,-0.05580502313021014,0.4577746501429709,0.3984671805315319,-0.055478447994138494,0.3984671805315319
351.0,70.37862912245895,0.4582499403689063,-0.05583220350385239,0.4582499403689063,0.39894191422447745,-0.055571146500824245,0.39894191422447745
351.0,70.35609451040514,0.45872523059484205,-0.05585938387749466,0.45872523059484205,0.39941664791742326,-0.05566384500751006,0.39941664791742326
351.0,70.33355673430304,0.4592005208207778,-0.05588656425113692,0.4592005208207778,0.3998913816103691,-0.055756543514195865,0.3998913816103691
351.0,70.31101578933074,0.45967581104671323,-0.055913744624779174,0.45967581104671323,0.4003661153033146,-0.055849242020881616,0.4003661153033146
351.0,70.28847167066093,0.46015110127264897,-0.05594092499842144,0.46015110127264897,0.4008408489962605,-0.05594194052756743,0.4008408489962605
351.0,70.265924373461,0.4606263914985847,-0.05596810537206371,0.4606263914985847,0.4013155826892063,-0.056034639034253236,0.4013155826892063
351.0,70.24337389289298,0.46110168172452015,-0.05599528574570596,0.46110168172452015,0.40179031638215185,-0.056127337540938994,0.40179031638215185
351.0,70.22082022411342,0.4615769719504558,-0.056022466119348226,0.4615769719504558,0.40226505007509766,-0.0562200360476248,0.40226505007509766
351.0,70.1982633622736,0.4620522621763913,-0.056049646492990476,0.4620522621763913,0.4027397837680432,-0.05631273455431055,0.4027397837680432
351.0,70.1757033025192,0.462527552402327,-0.05607682686663275,0.462527552402327,0.4032145174609891,-0.056405433060996366,0.4032145174609891
351.0,70.15314003999067,0.46300284262826275,-0.05610400724027501,0.46300284262826275,0.4036892511539349,-0.05649813156768217,0.4036892511539349
351.0,70.13057356982294,0.4634781328541982,-0.05613118761391726,0.4634781328541982,0.40416398484688043,-0.05659083007436793,0.40416398484688043
351.0,70.10800388714543,0.46395342308013393,-0.05615836798755953,0.46395342308013393,0.40463871853982625,-0.05668352858105374,0.40463871853982625
351.0,70.08543098708219,0.46442871330606966,-0.0561855483612018,0.46442871330606966,0.40511345223277206,-0.05677622708773954,0.40511345223277206
351.0,70.06285486475178,0.46490400353200506,-0.05621272873484405,0.46490400353200506,0.40558818592571766,-0.0568689255944253,0.40558818592571766
351.0,70.04027551526723,0.4653792937579408,-0.056239909108486315,0.4653792937579408,0.4060629196186635,-0.05696162410111111,0.4060629196186635
351.0,70.01769293373607,0.4658545839838765,-0.056267089482128586,0.4658545839838765,0.4065376533116093,-0.05705432260779692,0.4065376533116093
351.0,69.9951071152604,0.4663369944489496,-0.05629436920180058,0.4663369944489496,0.40701952639448213,-0.05714796198201254,0.40701952639448213
351.0,69.97251805493669,0.46684515392746667,-0.05632200818781267,0.46684515392746667,0.4075272177460487,-0.05724500382771925,0.4075272177460487
351.0,69.94992574785597,0.46735331340598346,-0.05634964717382474,0.46735331340598346,0.408034909097615,-0.057342045673425907,0.408034909097615
351.0,69.92733018910363,0.46786147288450053,-0.05637728615983683,0.46786147288450053,0.40854260044918156,-0.057439087519132626,0.40854260044918156
351.0,69.90473137375956,0.4683696323630176,-0.05640492514584892,0.4683696323630176,0.40905029180074814,-0.05753612936483934,0.40905029180074814
351.0,69.88212929689809,0.4688777918415344,-0.05643256413186099,0.4688777918415344,0.40955798315231445,-0.057633171210545994,0.40955798315231445
351.0,69.8595239535879,0.46938595132005145,-0.05646020311787308,0.46938595132005145,0.41006567450388104,-0.05773021305625271,0.41006567450388104
351.0,69.83691533889211,0.4698941107985685,-0.056487842103885175,0.4698941107985685,0.4105733658554476,-0.057827254901959425,0.4105733658554476
351.0,69.81430344786824,0.4704022702770853,-0.05651548108989724,0.4704022702770853,0.4110810572070139,-0.05792429674766609,0.4110810572070139
351.0,69.79168827556816,0.4709104297556024,-0.05654312007590934,0.4709104297556024,0.41158874855858046,-0.0580213385933728,0.41158874855858046
351.0,69.7690698170381,0.4714185892341195,-0.056570759061921425,0.4714185892341195,0.41209643991014705,-0.05811838043907952,0.41209643991014705
351.0,69.74644806731871,0.47192674871263623,-0.0565983980479335,0.47192674871263623,0.41260413126171336,-0.05821542228478618,0.41260413126171336
351.0,69.72382302144486,0.4724349081911533,-0.056626037033945587,0.4724349081911533,0.41311182261327994,-0.05831246413049289,0.41311182261327994
351.0,69.70119467444583,0.4729430676696704,-0.056653676019957674,0.4729430676696704,0.41361951396484653,-0.05840950597619961,0.41361951396484653
351.0,69.67856302134523,0.47345122714818716,-0.05668131500596975,0.47345122714818716,0.4141272053164128,-0.058506547821906264,0.4141272053164128
351.0,69.65592805716086,0.4739593866267042,-0.056708953991981836,0.4739593866267042,0.41463489666797937,-0.058603589667612976,0.41463489666797937
351.0,69.63328977690495,0.474467546105221,-0.05673659297799391,0.474467546105221,0.4151425880195457,-0.05870063151331964,0.4151425880195457
351.0,69.61064817558386,0.4749757055837381,-0.056764231964006,0.4749757055837381,0.41565027937111226,-0.05879767335902635,0.41565027937111226
351.0,69.58800324819833,0.4754838650622552,-0.056791870950018086,0.4754838650622552,0.41615797072267885,-0.05889471520473307,0.41615797072267885
351.0,69.56535498974333,0.47599202454077194,-0.05681950993603016,0.47599202454077194,0.4166656620742451,-0.05899175705043973,0.4166656620742451
351.0,69.54270339520797,0.476500184019289,-0.05684714892204225,0.476500184019289,0.4171733534258117,-0.05908879889614644,0.4171733534258117
351.0,69.52004845957566,0.47700834349780613,-0.056874787908054336,0.47700834349780613,0.4176810447773783,-0.05918584074185316,0.4176810447773783
351.0,69.49739017782406,0.47751650297632287,-0.05690242689406641,0.47751650297632287,0.4181887361289446,-0.059282882587559815,0.4181887361289446
351.0,69.47472854492494,0.47802466245484,-0.056930065880078505,0.47802466245484,0.41869642748051117,-0.05937992443326653,0.41869642748051117
351.0,69.45206355584428,0.47853282193335706,-0.05695770486609059,0.47853282193335706,0.41920411883207775,-0.059476966278973246,0.41920411883207775
351.0,69.42939520554226,0.4790409814118738,-0.05698534385210267,0.4790409814118738,0.419711810183644,-0.0595740081246799,0.419711810183644
351.0,69.40672348897316,0.4795491408903909,-0.057012982838114755,0.4795491408903909,0.4202195015352106,-0.05967104997038662,0.4202195015352106
351.0,69.3840484010855,0.48005730036890765,-0.05704062182412683,0.48005730036890765,0.4207271928867769,-0.05976809181609328,0.4207271928867769
351.0,69.3613699368218,0.4805654598474247,-0.05706826081013892,0.4805654598474247,0.4212348842383435,-0.05986513366179999,0.4212348842383435
351.0,69.33868809111878,0.48107361932594184,-0.057095899796151005,0.48107361932594184,0.4217425755899101,-0.05996217550750671,0.4217425755899101
351.0,69.31600285890731,0.48158177880445857,-0.05712353878216308,0.48158177880445857,0.4222502669414763,-0.060059217353213366,0.4222502669414763
351.0,69.29331423511223,0.4820899382829757,-0.05715117776817517,0.4820899382829757,0.4227579582930429,-0.06015625919892008,0.4227579582930429
351.0,69.27062221465253,0.48259809776149276,-0.057178816754187255,0.48259809776149276,0.4232656496446095,-0.0602533010446268,0.4232656496446095
351.0,69.24792679244126,0.4831062572400095,-0.05720645574019933,0.4831062572400095,0.4237733409961758,-0.060350342890333454,0.4237733409961758
351.0,69.2252279633855,0.4836144167185266,-0.05723409472621142,0.4836144167185266,0.4242810323477424,-0.06044738473604017,0.4242810323477424
351.0,69.2025257223864,0.4841225761970437,-0.057261733712223505,0.4841225761970437,0.424788723699309,-0.060544426581746885,0.424788723699309
351.0,69.17982006433911,0.4846307356755605,-0.05728937269823558,0.4846307356755605,0.42529641505087523,-0.06064146842745354,0.42529641505087523
351.0,69.15711098413277,0.48513889515407754,-0.057317011684247667,0.48513889515407754,0.4258041064024418,-0.06073851027316026,0.4258041064024418
351.0,69.13439847665056,0.4856470546325946,-0.05734465067025976,0.4856470546325946,0.4263117977540084,-0.06083555211886697,0.4263117977540084
351.0,69.11168253676962,0.4861552141111114,-0.057372289656271835,0.4861552141111114,0.4268194891055747,-0.06093259396457363,0.4268194891055747
351.0,69.08896315936106,0.48666337358962847,-0.05739992864228392,0.48666337358962847,0.4273271804571413,-0.06102963581028035,0.4273271804571413
351.0,69.06624033928995,0.4871715330681452,-0.057427567628296,0.4871715330681452,0.42783487180870755,-0.061126677655987005,0.42783487180870755
351.0,69.04351407141526,0.4876796925466623,-0.057455206614308085,0.4876796925466623,0.42834256316027414,-0.061223719501693724,0.42834256316027414
351.0,69.02078435058998,0.4881878520251794,-0.05748284560032017,0.4881878520251794,0.4288502545118407,-0.061320761347400436,0.4288502545118407
351.0,68.99805117166096,0.48869905070377384,-0.05751052244178808,0.48869905070377384,0.4293609958816648,-0.06141819380391375,0.4293609958816648
351.0,68.97531452946893,0.4892426650691254,-0.05753860304430068,0.4892426650691254,0.4299042683234553,-0.06151979246114732,0.4299042683234553
351.0,68.95257441884851,0.48978627943447695,-0.057566683646813284,0.48978627943447695,0.4304475407652458,-0.06162139111838088,0.4304475407652458
351.0,68.92983083462828,0.49032989379982816,-0.057594764249325865,0.49032989379982816,0.4309908132070359,-0.06172298977561438,0.4309908132070359
351.0,68.90708377163054,0.4908735081651797,-0.05762284485183847,0.4908735081651797,0.4315340856488264,-0.06182458843284794,0.4315340856488264
351.0,68.88433322467155,0.49141712253053127,-0.05765092545435107,0.49141712253053127,0.43207735809061687,-0.061926187090081505,0.43207735809061687
351.0,68.86157918856135,0.4919607368958825,-0.05767900605686365,0.4919607368958825,0.43262063053240707,-0.062027785747315003,0.43262063053240707
351.0,68.8388216581038,0.49250435126123404,-0.05770708665937625,0.49250435126123404,0.43316390297419755,-0.062129384404548564,0.43316390297419755
351.0,68.81606062809657,0.4930479656265856,-0.057735167261888855,0.4930479656265856,0.433707175415988,-0.06223098306178213,0.433707175415988
351.0,68.79329609333111,0.4935915799919368,-0.057763247864401436,0.4935915799919368,0.43425044785777817,-0.06233258171901563,0.43425044785777817
351.0,68.77052804859268,0.49413519435728837,-0.05779132846691404,0.49413519435728837,0.43479372029956864,-0.06243418037624919,0.43479372029956864
351.0,68.74775648866024,0.4946788087226396,-0.05781940906942662,0.4946788087226396,0.4353369927413588,-0.06253577903348269,0.4353369927413588
351.0,68.72498140830658,0.4952224230879911,-0.05784748967193922,0.4952224230879911,0.4358802651831493,-0.06263737769071626,0.4358802651831493
351.0,68.7022028022981,0.49576603745334263,-0.057875570274451824,0.49576603745334263,0.4364235376249398,-0.06273897634794982,0.4364235376249398
351.0,68.67942066539507,0.49630965181869385,-0.057903650876964405,0.49630965181869385,0.43696681006672994,-0.06284057500518332,0.43696681006672994
351.0,68.65663499235133,0.4968532661840454,-0.05793173147947701,0.4968532661840454,0.4375100825085204,-0.06294217366241688,0.4375100825085204
351.0,68.63384577791449,0.49739688054939696,-0.05795981208198961,0.49739688054939696,0.4380533549503109,-0.06304377231965044,0.4380533549503109
351.0,68.61105301682582,0.4979404949147482,-0.05798789268450219,0.4979404949147482,0.43859662739210103,-0.06314537097688394,0.43859662739210103
351.0,68.58825670382022,0.49848410928009973,-0.05801597328701479,0.49848410928009973,0.43913989983389157,-0.06324696963411751,0.43913989983389157
351.0,68.56545683362627,0.4990277236454513,-0.058044053889527394,0.4990277236454513,0.43968317227568204,-0.06334856829135106,0.43968317227568204
351.0,68.54265340096619,0.4995713380108025,-0.058072134492039976,0.4995713380108025,0.4402264447174722,-0.06345016694858457,0.4402264447174722
351.0,68.51984640055576,0.500114952376154,-0.05810021509455258,0.500114952376154,0.44076971715926266,-0.06355176560581813,0.44076971715926266
351.0,68.49703582710445,0.5006585667415052,-0.05812829569706516,0.5006585667415052,0.4413129896010528,-0.06365336426305163,0.4413129896010528
351.0,68.47422167531523,0.5012021811068568,-0.05815637629957776,0.5012021811068568,0.4418562620428433,-0.0637549629202852,0.4418562620428433
351.0,68.4514039398847,0.5017457954722083,-0.05818445690209036,0.5017457954722083,0.4423995344846338,-0.06385656157751876,0.4423995344846338
351.0,68.42858261550302,0.5022894098375595,-0.058212537504602944,0.5022894098375595,0.44294280692642396,-0.06395816023475226,0.44294280692642396
351.0,68.40575769685385,0.5028330242029111,-0.05824061810711555,0.5028330242029111,0.44348607936821444,-0.06405975889198583,0.44348607936821444
351.0,68.38292917861443,0.5033766385682626,-0.05826869870962815,0.5033766385682626,0.4440293518100049,-0.06416135754921938,0.4440293518100049
351.0,68.36009705545551,0.5039202529336139,-0.05829677931214073,0.5039202529336139,0.44457262425179506,-0.06426295620645288,0.44457262425179506
351.0,68.33726132204129,0.5044638672989654,-0.05832485991465333,0.5044638672989654,0.44511589669358553,-0.06436455486368645,0.44511589669358553
351.0,68.3144219730295,0.505007481664317,-0.058352940517165934,0.505007481664317,0.44565916913537607,-0.06446615352092001,0.44565916913537607
351.0,68.29157900307135,0.5055510960296682,-0.058381021119678515,0.5055510960296682,0.4462024415771662,-0.06456775217815351,0.4462024415771662
351.0,68.26873240681147,0.5060947103950197,-0.05840910172219112,0.5060947103950197,0.4467457140189567,-0.06466935083538707,0.4467457140189567
351.0,68.24588217888795,0.5066383247603713,-0.05843718232470372,0.5066383247603713,0.44728898646074716,-0.06477094949262063,0.44728898646074716
351.0,68.22302831393232,0.5071819391257225,-0.0584652629272163,0.5071819391257225,0.4478322589025373,-0.06487254814985413,0.4478322589025373
351.0,68.20017080656949,0.5077255534910741,-0.0584933435297289,0.5077255534910741,0.4483755313443278,-0.0649741468070877,0.4483755313443278
351.0,68.17730965141779,0.5082691678564253,-0.058521424132241484,0.5082691678564253,0.448918803786118,-0.0650757454643212,0.448918803786118
351.0,68.15444484308891,0.5088127822217768,-0.058549504734754086,0.5088127822217768,0.44946207622790846,-0.06517734412155476,0.44946207622790846
351.0,68.13157637618794,0.5093563965871284,-0.05857758533726669,0.5093563965871284,0.45000534866969893,-0.06527894277878832,0.45000534866969893
351.0,68.10870424531329,0.5099000109524796,-0.05860566593977927,0.5099000109524796,0.4505486211114891,-0.06538054143602183,0.4505486211114891
351.0,68.08582844505669,0.5104436253178312,-0.05863374654229187,0.5104436253178312,0.45109189355327955,-0.06548214009325538,0.45109189355327955
351.0,68.06294897000325,0.5109872396831827,-0.058661827144804474,0.5109872396831827,0.45163516599507003,-0.06558373875048895,0.45163516599507003
351.0,68.04006581473132,0.5115308540485339,-0.058689907747317055,0.5115308540485339,0.45217843843686023,-0.06568533740772245,0.45217843843686023
351.0,68.01717897381259,0.5120744684138855,-0.05871798834982966,0.5120744684138855,0.4527217108786507,-0.06578693606495602,0.4527217108786507
351.0,67.994288441812,0.5126276294914064,-0.05874617365378234,0.5126276294914064,0.4532745715718023,-0.0658897263509849,0.4532745715718023
351.0,67.97139421328775,0.513209507067517,-0.05877467389953939,0.513209507067517,0.45385627371338155,-0.06599610105498023,0.45385627371338155
351.0,67.94849628279128,0.5137913846436281,-0.05880317414529645,0.5137913846436281,0.4544379758549611,-0.06610247575897563,0.4544379758549611
351.0,67.92559464486726,0.5143732622197386,-0.05883167439105349,0.5143732622197386,0.45501967799654036,-0.06620885046297094,0.45501967799654036
351.0,67.90268929405357,0.5149551397958496,-0.05886017463681055,0.5149551397958496,0.45560138013811996,-0.06631522516696634,0.45560138013811996
351.0,67.8797802248813,0.5155370173719606,-0.05888867488256761,0.5155370173719606,0.4561830822796995,-0.06642159987096172,0.4561830822796995
351.0,67.85686743187473,0.5161188949480712,-0.05891717512832465,0.5161188949480712,0.45676478442127877,-0.06652797457495704,0.45676478442127877
351.0,67.83395090955126,0.5167007725241821,-0.05894567537408171,0.5167007725241821,0.45734648656285837,-0.06663434927895243,0.45734648656285837
351.0,67.81103065242148,0.5172826501002931,-0.058974175619838774,0.5172826501002931,0.4579281887044379,-0.06674072398294782,0.4579281887044379
351.0,67.78810665498911,0.5178645276764037,-0.05900267586559582,0.5178645276764037,0.4585098908460172,-0.06684709868694315,0.4585098908460172
351.0,67.76517891175097,0.5184464052525146,-0.05903117611135288,0.5184464052525146,0.4590915929875968,-0.06695347339093853,0.4590915929875968
351.0,67.74224741719698,0.5190282828286256,-0.059059676357109944,0.5190282828286256,0.4596732951291763,-0.06705984809493393,0.4596732951291763
351.0,67.71931216581018,0.5196101604047362,-0.059088176602866985,0.5196101604047362,0.4602549972707556,-0.06716622279892924,0.4602549972707556
351.0,67.69637315206666,0.5201920379808471,-0.059116676848624046,0.5201920379808471,0.4608366994123352,-0.06727259750292464,0.4608366994123352
351.0,67.67343037043555,0.5207739155569581,-0.05914517709438111,0.5207739155569581,0.4614184015539147,-0.06737897220692002,0.4614184015539147
351.0,67.65048381537906,0.5213557931330687,-0.05917367734013815,0.5213557931330687,0.462000103695494,-0.06748534691091534,0.462000103695494
351.0,67.62753348135237,0.5219376707091797,-0.05920217758589521,0.5219376707091797,0.46258180583707353,-0.06759172161491073,0.46258180583707353
351.0,67.60457936280372,0.5225195482852903,-0.059230677831652256,0.5225195482852903,0.4631635079786528,-0.06769809631890605,0.4631635079786528
351.0,67.5816214541743,0.5231014258614013,-0.05925917807740932,0.5231014258614013,0.4637452101202324,-0.06780447102290145,0.4637452101202324
351.0,67.55865974989827,0.5236833034375122,-0.05928767832316638,0.5236833034375122,0.464326912261812,-0.06791084572689683,0.464326912261812
351.0,67.5356942444028,0.5242651810136228,-0.05931617856892342,0.5242651810136228,0.4649086144033912,-0.06801722043089216,0.4649086144033912
351.0,67.51272493210797,0.5248470585897338,-0.05934467881468048,0.5248470585897338,0.4654903165449708,-0.06812359513488754,0.4654903165449708
351.0,67.48975180742677,0.5254289361658447,-0.05937317906043754,0.5254289361658447,0.46607201868655035,-0.06822996983888294,0.46607201868655035
351.0,67.46677486476511,0.5260108137419554,-0.05940167930619458,0.5260108137419554,0.4666537208281296,-0.06833634454287825,0.4666537208281296
351.0,67.4437940985218,0.5265926913180663,-0.059430179551951644,0.5265926913180663,0.4672354229697092,-0.06844271924687365,0.4672354229697092
351.0,67.42080950308856,0.5271745688941772,-0.059458679797708705,0.5271745688941772,0.4678171251112888,-0.06854909395086903,0.4678171251112888
351.0,67.39782107284991,0.5277564464702879,-0.05948718004346575,0.5277564464702879,0.468398827252868,-0.06865546865486435,0.468398827252868
351.0,67.37482880218322,0.5283383240463988,-0.059515680289222814,0.5283383240463988,0.4689805293944476,-0.06876184335885974,0.4689805293944476
351.0,67.35183268545876,0.5289202016225094,-0.059544180534979854,0.5289202016225094,0.46956223153602683,-0.06886821806285506,0.46956223153602683
351.0,67.3288327170395,0.5295020791986204,-0.059572680780736915,0.5295020791986204,0.47014393367760643,-0.06897459276685046,0.47014393367760643
351.0,67.3058288912813,0.5300839567747314,-0.05960118102649398,0.5300839567747314,0.47072563581918603,-0.06908096747084584,0.47072563581918603
351.0,67.28282120253277,0.530665834350842,-0.05962968127225102,0.530665834350842,0.47130733796076524,-0.06918734217484117,0.47130733796076524
351.0,67.25980964513523,0.531247711926953,-0.05965818151800808,0.531247711926953,0.47188904010234484,-0.06929371687883655,0.47188904010234484
351.0,67.23679421342283,0.5318295895030639,-0.05968668176376514,0.5318295895030639,0.47247074224392444,-0.06940009158283195,0.47247074224392444
351.0,67.21377490172239,0.5324114670791745,-0.05971518200952219,0.5324114670791745,0.47305244438550365,-0.06950646628682727,0.47305244438550365
351.0,67.19075170435343,0.5329933446552855,-0.05974368225527925,0.5329933446552855,0.47363414652708324,-0.06961284099082266,0.47363414652708324
351.0,67.1677246156282,0.5335752222313964,-0.05977218250103631,0.5335752222313964,0.47421584866866284,-0.06971921569481804,0.47421584866866284
351.0,67.14469362985164,0.534157099807507,-0.05980068274679335,0.534157099807507,0.47479755081024205,-0.06982559039881336,0.47479755081024205
351.0,67.12165874132131,0.534738977383618,-0.05982918299255041,0.534738977383618,0.47537925295182165,-0.06993196510280876,0.47537925295182165
351.0,67.09861994432742,0.5353208549597289,-0.05985768323830747,0.5353208549597289,0.47596095509340125,-0.07003833980680414,0.47596095509340125
351.0,67.07557723315281,0.5359027325358395,-0.05988618348406451,0.5359027325358395,0.47654265723498046,-0.07014471451079947,0.47654265723498046
351.0,67.05253060207296,0.5364846101119505,-0.059914683729821575,0.5364846101119505,0.47712435937656006,-0.07025108921479485,0.47712435937656006
351.0,67.02948004535588,0.5370664876880611,-0.05994318397557862,0.5370664876880611,0.47770606151813927,-0.07035746391879018,0.47770606151813927
351.0,67.00642555726222,0.5376483652641721,-0.05997168422133568,0.5376483652641721,0.47828776365971887,-0.07046383862278556,0.47828776365971887
351.0,66.98336713204512,0.5382600435323766,-0.06000046759722733,0.5382600435323766,0.47889941760031873,-0.07057382019301484,0.47889941760031873
351.0,66.96030476395035,0.538883235293798,-0.06002936036040681,0.538883235293798,0.4795226434142755,-0.07068519527550843,0.4795226434142755
351.0,66.93723844721606,0.5395064270552198,-0.06005825312358631,0.5395064270552198,0.4801458692282326,-0.07079657035800209,0.4801458692282326
351.0,66.91416817607308,0.5401296188166416,-0.06008714588676581,0.5401296188166416,0.4807690950421897,-0.07090794544049574,0.4807690950421897
351.0,66.89109394474461,0.540752810578063,-0.06011603864994529,0.540752810578063,0.4813923208561464,-0.07101932052298933,0.4813923208561464
351.0,66.86801574744635,0.5413760023394848,-0.06014493141312478,0.5413760023394848,0.48201554667010355,-0.07113069560548299,0.48201554667010355
351.0,66.84493357838645,0.5419991941009066,-0.060173824176304284,0.5419991941009066,0.4826387724840606,-0.07124207068797664,0.4826387724840606
351.0,66.8218474317655,0.542622385862328,-0.060202716939483765,0.542622385862328,0.48326199829801736,-0.07135344577047023,0.48326199829801736
351.0,66.79875730177652,0.5432455776237497,-0.060231609702663266,0.5432455776237497,0.4838852241119745,-0.07146482085296389,0.4838852241119745
351.0,66.77566318260492,0.5438687693851711,-0.06026050246584275,0.5438687693851711,0.48450844992593123,-0.07157619593545748,0.48450844992593123
351.0,66.75256506842845,0.5444919611465929,-0.06028939522902224,0.5444919611465929,0.48513167573988836,-0.07168757101795113,0.48513167573988836
351.0,66.72946295341731,0.5451151529080147,-0.06031828799220174,0.5451151529080147,0.48575490155384543,-0.0717989461004448,0.48575490155384543
351.0,66.706356831734,0.5457383446694362,-0.06034718075538122,0.5457383446694362,0.48637812736780217,-0.07191032118293839,0.48637812736780217
351.0,66.68324669753333,0.5463615364308579,-0.06037607351856072,0.5463615364308579,0.4870013531817593,-0.07202169626543203,0.4870013531817593
351.0,66.66013254496244,0.5469847281922797,-0.06040496628174022,0.5469847281922797,0.48762457899571643,-0.0721330713479257,0.48762457899571643
351.0,66.63701436816079,0.5476079199537012,-0.0604338590449197,0.5476079199537012,0.4882478048096731,-0.07224444643041929,0.4882478048096731
351.0,66.61389216126008,0.548231111715123,-0.0604627518080992,0.548231111715123,0.48887103062363024,-0.07235582151291295,0.48887103062363024
351.0,66.59076591838425,0.5488543034765447,-0.060491644571278695,0.5488543034765447,0.48949425643758737,-0.0724671965954066,0.48949425643758737
351.0,66.56763563364953,0.5494774952379661,-0.060520537334458176,0.5494774952379661,0.4901174822515441,-0.07257857167790019,0.4901174822515441
351.0,66.54450130116436,0.5501006869993879,-0.06054943009763768,0.5501006869993879,0.4907407080655012,-0.07268994676039385,0.4907407080655012
351.0,66.52136291502934,0.5507238787608096,-0.06057832286081717,0.5507238787608096,0.4913639338794583,-0.0728013218428875,0.4913639338794583
351.0,66.49822046933734,0.5513470705222311,-0.06060721562399665,0.5513470705222311,0.49198715969341505,-0.07291269692538109,0.49198715969341505
351.0,66.47507395817327,0.5519702622836529,-0.06063610838717615,0.5519702622836529,0.4926103855073722,-0.07302407200787475,0.4926103855073722
351.0,66.45192337561431,0.5525934540450743,-0.060665001150355634,0.5525934540450743,0.49323361132132887,-0.07313544709036834,0.49323361132132887
351.0,66.42876871572967,0.5532166458064961,-0.060693893913535135,0.5532166458064961,0.493856837135286,-0.07324682217286199,0.493856837135286
351.0,66.40560997258078,0.5538398375679179,-0.06072278667671463,0.5538398375679179,0.4944800629492431,-0.07335819725535565,0.4944800629492431
351.0,66.38244714022106,0.5544630293293392,-0.06075167943989411,0.5544630293293392,0.49510328876319987,-0.07346957233784925,0.49510328876319987
351.0,66.35928021269606,0.555086221090761,-0.06078057220307361,0.555086221090761,0.49572651457715694,-0.0735809474203429,0.49572651457715694
351.0,66.33610918404338,0.5557094128521828,-0.060809464966253106,0.5557094128521828,0.49634974039111407,-0.07369232250283655,0.49634974039111407
351.0,66.31293404829265,0.5563326046136042,-0.060838357729432586,0.5563326046136042,0.4969729662050708,-0.07380369758533015,0.4969729662050708
351.0,66.28975479946548,0.556955796375026,-0.06086725049261209,0.556955796375026,0.49759619201902794,-0.0739150726678238,0.49759619201902794
351.0,66.26657143157557,0.5575789881364478,-0.06089614325579158,0.5575789881364478,0.498219417832985,-0.07402644775031746,0.498219417832985
351.0,66.24338393862854,0.5582021798978692,-0.06092503601897106,0.5582021798978692,0.49884264364694175,-0.07413782283281105,0.49884264364694175
351.0,66.22019231462194,0.558825371659291,-0.060953928782150564,0.558825371659291,0.4994658694608989,-0.0742491979153047,0.4994658694608989
351.0,66.19699655354535,0.5594485634207124,-0.060982821545330045,0.5594485634207124,0.5000890952748556,-0.07436057299779829,0.5000890952748556
351.0,66.17379664938021,0.5600717551821341,-0.061011714308509546,0.5600717551821341,0.5007123210888127,-0.07447194808029195,0.5007123210888127
351.0,66.15059259609986,0.5606949469435559,-0.06104060707168904,0.5606949469435559,0.5013355469027698,-0.07458332316278561,0.5013355469027698
351.0,66.1273843876696,0.5613181387049774,-0.06106949983486852,0.5613181387049774,0.5019587727167265,-0.07469469824527919,0.5019587727167265
351.0,66.10417201804648,0.5619413304663992,-0.06109839259804802,0.5619413304663992,0.5025819985306836,-0.07480607332777285,0.5025819985306836
351.0,66.08095548117952,0.5625645222278209,-0.06112728536122752,0.5625645222278209,0.5032052243446408,-0.07491744841026651,0.5032052243446408
351.0,66.05773477100949,0.5631877139892424,-0.061156178124407,0.5631877139892424,0.5038284501585976,-0.07502882349276009,0.5038284501585976
351.0,66.034509881469,0.5638109057506642,-0.0611850708875865,0.5638109057506642,0.5044516759725546,-0.07514019857525375,0.5044516759725546
351.0,66.01128080648243,0.564434097512086,-0.061213963650766,0.564434097512086,0.5050749017865117,-0.07525157365774741,0.5050749017865117
351.0,65.98804753996598,0.5650802480869784,-0.061243041572476314,0.5650802480869784,0.5057212178197892,-0.07536563863234552,0.5057212178197892
351.0,65.96481007582751,0.5657480692896439,-0.061272294263741076,0.5657480692896439,0.5063893285136978,-0.07548224257310668,0.5063893285136978
351.0,65.94156840796671,0.5664158904923096,-0.06130154695500584,0.5664158904923096,0.5070574392076063,-0.07559884651386783,0.5070574392076063
351.0,65.91832253027493,0.5670837116949746,-0.061330799646270584,0.5670837116949746,0.5077255499015144,-0.07571545045462892,0.5077255499015144
351.0,65.8950724366352,0.5677515328976402,-0.06136005233753535,0.5677515328976402,0.508393660595423,-0.07583205439539008,0.508393660595423
351.0,65.8718181209223,0.5684193541003053,-0.0613893050288001,0.5684193541003053,0.5090617712893312,-0.07594865833615116,0.5090617712893312
351.0,65.84855957700255,0.5690871753029709,-0.06141855772006486,0.5690871753029709,0.5097298819832397,-0.07606526227691232,0.5097298819832397
351.0,65.82529679873397,0.5697549965056364,-0.06144781041132963,0.5697549965056364,0.5103979926771482,-0.07618186621767348,0.5103979926771482
351.0,65.80202977996623,0.5704228177083016,-0.061477063102594376,0.5704228177083016,0.5110661033710564,-0.07629847015843456,0.5110661033710564
351.0,65.77875851454054,0.5710906389109671,-0.06150631579385914,0.5710906389109671,0.511734214064965,-0.07641507409919572,0.511734214064965
351.0,65.75548299628967,0.5717584601136326,-0.061535568485123905,0.5717584601136326,0.5124023247588735,-0.07653167803995688,0.5124023247588735
351.0,65.73220321903801,0.5724262813162978,-0.06156482117638865,0.5724262813162978,0.5130704354527816,-0.07664828198071796,0.5130704354527816
351.0,65.7089191766014,0.5730941025189633,-0.061594073867653414,0.5730941025189633,0.5137385461466902,-0.07676488592147912,0.5137385461466902
351.0,65.68563086278726,0.5737619237216289,-0.06162332655891818,0.5737619237216289,0.5144066568405988,-0.07688148986224028,0.5144066568405988
351.0,65.66233827139453,0.574429744924294,-0.06165257925018292,0.574429744924294,0.515074767534507,-0.07699809380300136,0.515074767534507
351.0,65.63904139621351,0.5750975661269595,-0.06168183194144769,0.5750975661269595,0.5157428782284155,-0.07711469774376252,0.5157428782284155
351.0,65.6157402310261,0.5757653873296247,-0.06171108463271244,0.5757653873296247,0.5164109889223236,-0.0772313016845236,0.5164109889223236
351.0,65.59243476960546,0.5764332085322902,-0.0617403373239772,0.5764332085322902,0.5170790996162322,-0.07734790562528476,0.5170790996162322
351.0,65.56912500571633,0.5771010297349558,-0.06176959001524197,0.5771010297349558,0.5177472103101407,-0.07746450956604592,0.5177472103101407
351.0,65.54581093311477,0.5777688509376209,-0.061798842706506714,0.5777688509376209,0.5184153210040489,-0.077581113506807,0.5184153210040489
351.0,65.52249254554818,0.5784366721402865,-0.061828095397771475,0.5784366721402865,0.5190834316979575,-0.07769771744756818,0.5190834316979575
351.0,65.49916983675537,0.579104493342952,-0.06185734808903624,0.579104493342952,0.519751542391866,-0.07781432138832933,0.519751542391866
351.0,65.47584280046648,0.5797723145456172,-0.06188660078030099,0.5797723145456172,0.5204196530857742,-0.07793092532909042,0.5204196530857742
351.0,65.45251143040292,0.5804401357482827,-0.06191585347156575,0.5804401357482827,0.5210877637796827,-0.07804752926985158,0.5210877637796827
351.0,65.42917572027739,0.5811079569509482,-0.06194510616283052,0.5811079569509482,0.5217558744735913,-0.07816413321061273,0.5217558744735913
351.0,65.40583566379394,0.5817757781536134,-0.06197435885409526,0.5817757781536134,0.5224239851674994,-0.07828073715137382,0.5224239851674994
351.0,65.38249125464775,0.5824435993562789,-0.06200361154536003,0.5824435993562789,0.5230920958614079,-0.07839734109213498,0.5230920958614079
351.0,65.35914248652531,0.5831114205589445,-0.06203286423662479,0.5831114205589445,0.5237602065553165,-0.07851394503289613,0.5237602065553165
351.0,65.33578935310432,0.5837792417616096,-0.06206211692788954,0.5837792417616096,0.5244283172492247,-0.07863054897365722,0.5244283172492247
351.0,65.3124318480536,0.5844470629642751,-0.062091369619154305,0.5844470629642751,0.5250964279431333,-0.07874715291441838,0.5250964279431333
351.0,65.2890699650332,0.5851148841669402,-0.06212062231041905,0.5851148841669402,0.5257645386370414,-0.07886375685517946,0.5257645386370414
351.0,65.26570369769428,0.5857827053696057,-0.06214987500168381,0.5857827053696057,0.5264326493309499,-0.07898036079594062,0.5264326493309499
351.0,65.24233303967911,0.5864505265722714,-0.06217912769294858,0.5864505265722714,0.5271007600248585,-0.07909696473670177,0.5271007600248585
351.0,65.21895798462114,0.5871183477749364,-0.06220838038421333,0.5871183477749364,0.5277688707187667,-0.07921356867746286,0.5277688707187667
351.0,65.1955785261448,0.587786168977602,-0.06223763307547809,0.587786168977602,0.5284369814126753,-0.07933017261822402,0.5284369814126753
351.0,65.17219465786563,0.5884539901802676,-0.06226688576674286,0.5884539901802676,0.5291050921065837,-0.07944677655898517,0.5291050921065837
351.0,65.14880637339022,0.5891218113829327,-0.0622961384580076,0.5891218113829327,0.5297732028004919,-0.07956338049974626,0.5297732028004919
351.0,65.12541366631613,0.5897896325855982,-0.062325391149272366,0.5897896325855982,0.5304413134944005,-0.07967998444050742,0.5304413134944005
351.0,65.10201653023195,0.5904574537882638,-0.06235464384053713,0.5904574537882638,0.531109424188309,-0.07979658838126857,0.531109424188309
351.0,65.07861495871725,0.5911252749909289,-0.062383896531801875,0.5911252749909289,0.5317775348822171,-0.07991319232202966,0.5317775348822171
351.0,65.05520894534253,0.5917930961935944,-0.06241314922306664,0.5917930961935944,0.5324456455761257,-0.08002979626279082,0.5324456455761257
351.0,65.03179848366922,0.5924609173962596,-0.06244240191433139,0.5924609173962596,0.5331137562700339,-0.0801464002035519,0.5331137562700339
351.0,65.00838356724965,0.5931287385989251,-0.06247165460559615,0.5931287385989251,0.5337818669639425,-0.08026300414431307,0.5337818669639425
351.0,64.98496418962708,0.5938275251524062,-0.06250111355803761,0.5938275251524062,0.534481138559839,-0.08038311361111543,0.534481138559839
351.0,64.9615403443356,0.5945435788061046,-0.06253068752717723,0.5945435788061046,0.535197786300469,-0.08050517785213714,0.535197786300469
351.0,64.93811202490012,0.5952596324598035,-0.06256026149631688,0.5952596324598035,0.5359144340410994,-0.0806272420931589,0.5359144340410994
351.0,64.91467922483643,0.5959756861135023,-0.06258983546545652,0.5959756861135023,0.5366310817817298,-0.08074930633418068,0.5366310817817298
351.0,64.89124193765109,0.5966917397672007,-0.06261940943459615,0.5966917397672007,0.5373477295223598,-0.08087137057520238,0.5373477295223598
351.0,64.86780015684141,0.5974077934208996,-0.06264898340373579,0.5974077934208996,0.5380643772629902,-0.08099343481622415,0.5380643772629902
351.0,64.84435387589546,0.5981238470745983,-0.06267855737287543,0.5981238470745983,0.5387810250036206,-0.08111549905724592,0.5387810250036206
351.0,64.82090308829211,0.5988399007282967,-0.06270813134201506,0.5988399007282967,0.5394976727442505,-0.08123756329826762,0.5394976727442505
351.0,64.79744778750086,0.5995559543819956,-0.0627377053111547,0.5995559543819956,0.5402143204848809,-0.0813596275392894,0.5402143204848809
351.0,64.77398796698192,0.6002720080356944,-0.06276727928029434,0.6002720080356944,0.5409309682255112,-0.08148169178031117,0.5409309682255112
351.0,64.75052362018619,0.6009880616893928,-0.06279685324943397,0.6009880616893928,0.5416476159661412,-0.08160375602133287,0.5416476159661412
351.0,64.72705474055518,0.6017041153430917,-0.06282642721857361,0.6017041153430917,0.5423642637067716,-0.08172582026235464,0.5423642637067716
351.0,64.70358132152103,0.6024201689967901,-0.06285600118771323,0.6024201689967901,0.5430809114474016,-0.08184788450337634,0.5430809114474016
351.0,64.68010335650649,0.6031362226504888,-0.06288557515685288,0.6031362226504888,0.543797559188032,-0.08196994874439811,0.543797559188032
351.0,64.65662083892487,0.6038522763041877,-0.06291514912599253,0.6038522763041877,0.5445142069286624,-0.08209201298541989,0.5445142069286624
351.0,64.63313376218002,0.6045683299578861,-0.06294472309513215,0.6045683299578861,0.5452308546692923,-0.08221407722644158,0.5452308546692923
351.0,64.60964211966638,0.6052843836115849,-0.0629742970642718,0.6052843836115849,0.5459475024099227,-0.08233614146746336,0.5459475024099227
351.0,64.5861459047688,0.6060004372652837,-0.06300387103341143,0.6060004372652837,0.5466641501505531,-0.08245820570848514,0.5466641501505531
351.0,64.5626451108627,0.6067164909189822,-0.06303344500255105,0.6067164909189822,0.5473807978911831,-0.08258026994950683,0.5473807978911831
351.0,64.53913973131391,0.6074325445726809,-0.0630630189716907,0.6074325445726809,0.5480974456318134,-0.08270233419052861,0.5480974456318134
351.0,64.51562975947868,0.6081485982263798,-0.06309259294083035,0.6081485982263798,0.5488140933724438,-0.08282439843155039,0.5488140933724438
351.0,64.49211518870379,0.6088646518800782,-0.06312216690996997,0.6088646518800782,0.5495307411130738,-0.08294646267257208,0.5495307411130738
351.0,64.46859601232623,0.609580705533777,-0.0631517408791096,0.609580705533777,0.5502473888537042,-0.08306852691359386,0.5502473888537042
351.0,64.44507222367352,0.6102967591874754,-0.06318131484824924,0.6102967591874754,0.5509640365943341,-0.08319059115461555,0.5509640365943341
351.0,64.42154381606342,0.6110128128411743,-0.06321088881738887,0.6110128128411743,0.5516806843349645,-0.08331265539563733,0.5516806843349645
351.0,64.39801078280405,0.611728866494873,-0.06324046278652852,0.611728866494873,0.5523973320755949,-0.0834347196366591,0.5523973320755949
351.0,64.37447311719386,0.6124449201485714,-0.06327003675566814,0.6124449201485714,0.5531139798162249,-0.0835567838776808,0.5531139798162249
351.0,64.35093081252147,0.6131609738022703,-0.06329961072480779,0.6131609738022703,0.5538306275568553,-0.08367884811870258,0.5538306275568553
351.0,64.32738386206589,0.6138770274559691,-0.06332918469394742,0.6138770274559691,0.5545472752974856,-0.08380091235972435,0.5545472752974856
351.0,64.30383225909627,0.6145930811096675,-0.06335875866308706,0.6145930811096675,0.5552639230381156,-0.08392297660074605,0.5552639230381156
351.0,64.28027599687192,0.6153091347633663,-0.0633883326322267,0.6153091347633663,0.555980570778746,-0.08404504084176782,0.555980570778746
351.0,64.25671506864244,0.6160251884170651,-0.06341790660136634,0.6160251884170651,0.5566972185193764,-0.08416710508278959,0.5566972185193764
351.0,64.23314946764752,0.6167412420707635,-0.06344748057050596,0.6167412420707635,0.5574138662600063,-0.0842891693238113,0.5574138662600063
351.0,64.20957918711699,0.6174572957244624,-0.06347705453964561,0.6174572957244624,0.5581305140006367,-0.08441123356483307,0.5581305140006367
351.0,64.18600422027076,0.6181733493781612,-0.06350662850878525,0.6181733493781612,0.5588471617412671,-0.08453329780585483,0.5588471617412671
351.0,64.16242456031888,0.6188894030318596,-0.06353620247792488,0.6188894030318596,0.5595638094818971,-0.08465536204687654,0.5595638094818971
351.0,64.13884020046143,0.6196054566855584,-0.06356577644706451,0.6196054566855584,0.5602804572225274,-0.0847774262878983,0.5602804572225274
351.0,64.11525113388852,0.6203215103392569,-0.06359535041620415,0.6203215103392569,0.5609971049631574,-0.08489949052892001,0.5609971049631574
351.0,64.09165735378025,0.6210375639929556,-0.06362492438534378,0.6210375639929556,0.5617137527037878,-0.08502155476994179,0.5617137527037878
351.0,64.06805885330674,0.6217536176466545,-0.06365449835448343,0.6217536176466545,0.5624304004444182,-0.08514361901096355,0.5624304004444182
351.0,64.04445562562807,0.6224696713003529,-0.06368407232362305,0.6224696713003529,0.5631470481850481,-0.08526568325198526,0.5631470481850481
351.0,64.02084766389426,0.6231857249540517,-0.0637136462927627,0.6231857249540517,0.5638636959256785,-0.08538774749300702,0.5638636959256785
351.0,63.99723496124517,0.623907884665672,-0.06374325253552009,0.623907884665672,0.5645864915502466,-0.08551047836495917,0.5645864915502466
351.0,63.97361751081066,0.624676087071647,-0.06377310213730493,0.624676087071647,0.5653556452580025,-0.08563823596357674,0.5653556452580025
351.0,63.949995305710374,0.6254442894776224,-0.06380295173908979,0.6254442894776224,0.5661247989657587,-0.08576599356219436,0.5661247989657587
351.0,63.926368339053816,0.626212491883598,-0.06383280134087464,0.626212491883598,0.5668939526735151,-0.08589375116081199,0.5668939526735151
351.0,63.902736603940326,0.6269806942895729,-0.06386265094265949,0.6269806942895729,0.5676631063812709,-0.08602150875942956,0.5676631063812709
351.0,63.87910009345898,0.6277488966955483,-0.06389250054444434,0.6277488966955483,0.5684322600890273,-0.08614926635804718,0.5684322600890273
351.0,63.855458800688666,0.6285170991015233,-0.06392235014622918,0.6285170991015233,0.569201413796783,-0.08627702395666474,0.569201413796783
351.0,63.83181271869798,0.6292853015074988,-0.06395219974801404,0.6292853015074988,0.5699705675045393,-0.08640478155528238,0.5699705675045393
351.0,63.80816184054524,0.6300535039134743,-0.06398204934979891,0.6300535039134743,0.5707397212122957,-0.0865325391539,0.5707397212122957
351.0,63.78450615927847,0.6308217063194492,-0.06401189895158375,0.6308217063194492,0.5715088749200514,-0.08666029675251756,0.5715088749200514
351.0,63.760845667935314,0.6315899087254246,-0.06404174855336861,0.6315899087254246,0.5722780286278077,-0.0867880543511352,0.5722780286278077
351.0,63.73718035954308,0.6323581111314002,-0.06407159815515347,0.6323581111314002,0.5730471823355641,-0.08691581194975281,0.5730471823355641
351.0,63.71351022711871,0.6331263135373751,-0.06410144775693831,0.6331263135373751,0.5738163360433199,-0.08704356954837038,0.5738163360433199
351.0,63.68983526366868,0.6338945159433506,-0.06413129735872317,0.6338945159433506,0.5745854897510762,-0.08717132714698801,0.5745854897510762
351.0,63.666155462189046,0.6346627183493261,-0.06416114696050802,0.6346627183493261,0.5753546434588325,-0.08729908474560563,0.5753546434588325
351.0,63.64247081566543,0.635430920755301,-0.06419099656229287,0.635430920755301,0.5761237971665883,-0.0874268423442232,0.5761237971665883
351.0,63.61878131707291,0.6361991231612765,-0.06422084616407774,0.6361991231612765,0.5768929508743446,-0.08755459994284083,0.5768929508743446
351.0,63.595086959376076,0.6369673255672519,-0.06425069576586259,0.6369673255672519,0.5776621045821009,-0.08768235754145845,0.5776621045821009
351.0,63.571387735529,0.637735527973227,-0.06428054536764743,0.637735527973227,0.5784312582898568,-0.08781011514007601,0.5784312582898568
351.0,63.54768363847512,0.6385037303792024,-0.06431039496943229,0.6385037303792024,0.5792004119976131,-0.08793787273869365,0.5792004119976131
351.0,63.52397466114733,0.6392719327851774,-0.06434024457121713,0.6392719327851774,0.5799695657053688,-0.0880656303373112,0.5799695657053688
351.0,63.50026079646788,0.6400401351911528,-0.06437009417300199,0.6400401351911528,0.5807387194131252,-0.08819338793592883,0.5807387194131252
351.0,63.47654203734837,0.6408083375971283,-0.06439994377478685,0.6408083375971283,0.5815078731208815,-0.08832114553454647,0.5815078731208815
351.0,63.45281837668978,0.6415765400031033,-0.06442979337657169,0.6415765400031033,0.5822770268286372,-0.08844890313316402,0.5822770268286372
351.0,63.42908980738229,0.6423447424090787,-0.06445964297835655,0.6423447424090787,0.5830461805363936,-0.08857666073178165,0.5830461805363936
351.0,63.40535632230542,0.6431129448150542,-0.06448949258014142,0.6431129448150542,0.5838153342441499,-0.08870441833039928,0.5838153342441499
351.0,63.38161791432794,0.6438811472210292,-0.06451934218192626,0.6438811472210292,0.5845844879519057,-0.08883217592901684,0.5845844879519057
351.0,63.357874576307815,0.6446493496270046,-0.06454919178371112,0.6446493496270046,0.585353641659662,-0.08895993352763447,0.585353641659662
351.0,63.33412630109219,0.64541755203298,-0.06457904138549597,0.64541755203298,0.5861227953674183,-0.0890876911262521,0.5861227953674183
351.0,63.31037308151744,0.6461857544389551,-0.06460889098728081,0.6461857544389551,0.5868919490751742,-0.08921544872486965,0.5868919490751742
351.0,63.286614910409,0.6469539568449305,-0.06463874058906567,0.6469539568449305,0.5876611027829304,-0.08934320632348729,0.5876611027829304
351.0,63.26285178058147,0.6477221592509055,-0.06466859019085051,0.6477221592509055,0.5884302564906863,-0.08947096392210484,0.5884302564906863
351.0,63.239083684838505,0.6484903616568809,-0.06469843979263537,0.6484903616568809,0.5891994101984426,-0.08959872152072247,0.5891994101984426
351.0,63.21531061597284,0.6492585640628564,-0.06472828939442024,0.6492585640628564,0.5899685639061988,-0.0897264791193401,0.5899685639061988
351.0,63.191532566766256,0.6500267664688314,-0.06475813899620507,0.6500267664688314,0.5907377176139547,-0.08985423671795766,0.5907377176139547
351.0,63.16774952998947,0.6507949688748068,-0.06478798859798994,0.6507949688748068,0.591506871321711,-0.08998199431657529,0.591506871321711
351.0,63.14396149840225,0.6515631712807822,-0.0648178381997748,0.6515631712807822,0.5922760250294673,-0.09010975191519292,0.5922760250294673
351.0,63.12016846475329,0.6523313736867573,-0.06484768780155964,0.6523313736867573,0.5930451787372231,-0.09023750951381047,0.5930451787372231
351.0,63.096370421780165,0.6530995760927327,-0.0648775374033445,0.6530995760927327,0.5938143324449794,-0.09036526711242811,0.5938143324449794
351.0,63.07256736220942,0.6538677784987081,-0.06490738700512935,0.6538677784987081,0.5945834861527357,-0.09049302471104574,0.5945834861527357
351.0,63.04875927875641,0.6546359809046831,-0.0649372366069142,0.6546359809046831,0.5953526398604915,-0.09062078230966329,0.5953526398604915
351.0,63.02494616412531,0.6554041833106586,-0.06496708620869905,0.6554041833106586,0.5961217935682478,-0.09074853990828093,0.5961217935682478
351.0,63.00112801100918,0.656172385716634,-0.06499693581048392,0.656172385716634,0.5968909472760041,-0.09087629750689856,0.5968909472760041
351.0,62.977304812089805,0.6569943232578535,-0.06502699671449141,0.6569943232578535,0.5977142300926401,-0.09100970104004125,0.5977142300926401
351.0,62.95347656003775,0.657818931860769,-0.06505706812189248,0.657818931860769,0.5985402035545815,-0.09114338522083434,0.5985402035545815
351.0,62.92964324751228,0.6586435404636841,-0.06508713952929353,0.6586435404636841,0.5993661770165224,-0.09127706940162737,0.5993661770165224
351.0,62.90580486716137,0.6594681490665998,-0.0651172109366946,0.6594681490665998,0.6001921504784639,-0.09141075358242047,0.6001921504784639
351.0,62.881961411621674,0.6602927576695153,-0.06514728234409567,0.6602927576695153,0.6010181239404052,-0.09154443776321357,0.6010181239404052
351.0,62.858112873518515,0.6611173662724305,-0.06517735375149672,0.6611173662724305,0.6018440974023461,-0.0916781219440066,0.6018440974023461
351.0,62.83425924546575,0.661941974875346,-0.0652074251588978,0.661941974875346,0.6026700708642876,-0.0918118061247997,0.6026700708642876
351.0,62.8104005200659,0.6627665834782617,-0.06523749656629886,0.6627665834782617,0.6034960443262289,-0.09194549030559279,0.6034960443262289
351.0,62.78653668991001,0.6635911920811767,-0.06526756797369991,0.6635911920811767,0.6043220177881699,-0.0920791744863858,0.6043220177881699
351.0,62.76266774757762,0.6644158006840923,-0.06529763938110097,0.6644158006840923,0.6051479912501112,-0.09221285866717892,0.6051479912501112
351.0,62.73879368563683,0.6652404092870079,-0.06532771078850205,0.6652404092870079,0.6059739647120527,-0.09234654284797202,0.6059739647120527
351.0,62.71491449664419,0.666065017889923,-0.0653577821959031,0.666065017889923,0.6067999381739936,-0.09248022702876503,0.6067999381739936
351.0,62.69103017314466,0.6668896264928386,-0.06538785360330417,0.6668896264928386,0.6076259116359349,-0.09261391120955814,0.6076259116359349
351.0,62.667140707671635,0.6677142350957537,-0.06541792501070522,0.6677142350957537,0.6084518850978758,-0.09274759539035116,0.6084518850978758
351.0,62.64324609274688,0.6685388436986692,-0.0654479964181063,0.6685388436986692,0.6092778585598173,-0.09288127957114425,0.6092778585598173
351.0,62.619346320880545,0.6693634523015849,-0.06547806782550736,0.6693634523015849,0.6101038320217587,-0.09301496375193737,0.6101038320217587
351.0,62.59544138457107,0.6701880609045,-0.06550813923290841,0.6701880609045,0.6109298054836996,-0.09314864793273038,0.6109298054836996
351.0,62.5715312763052,0.6710126695074156,-0.06553821064030947,0.6710126695074156,0.6117557789456409,-0.09328233211352348,0.6117557789456409
351.0,62.54761598855796,0.6718372781103311,-0.06556828204771055,0.6718372781103311,0.6125817524075824,-0.09341601629431659,0.6125817524075824
351.0,62.52369551379259,0.6726618867132462,-0.0655983534551116,0.6726618867132462,0.6134077258695233,-0.0935497004751096,0.6134077258695233
351.0,62.499769844460516,0.6734864953161619,-0.06562842486251266,0.6734864953161619,0.6142336993314647,-0.0936833846559027,0.6142336993314647
351.0,62.475838973001395,0.6743111039190774,-0.06565849626991373,0.6743111039190774,0.6150596727934061,-0.0938170688366958,0.6150596727934061
351.0,62.45190289184301,0.6751357125219926,-0.06568856767731479,0.6751357125219926,0.615885646255347,-0.09395075301748883,0.615885646255347
351.0,62.42796159340123,0.6759603211249081,-0.06571863908471585,0.6759603211249081,0.6167116197172884,-0.09408443719828193,0.6167116197172884
351.0,62.40401507008002,0.6767849297278237,-0.06574871049211692,0.6767849297278237,0.6175375931792298,-0.09421812137907502,0.6175375931792298
351.0,62.38006331427145,0.6776095383307388,-0.06577878189951797,0.6776095383307388,0.6183635666411708,-0.09435180555986805,0.6183635666411708
351.0,62.35610631835556,0.6784341469336544,-0.06580885330691905,0.6784341469336544,0.6191895401031121,-0.09448548974066115,0.6191895401031121
351.0,62.332144074700395,0.6792587555365696,-0.0658389247143201,0.6792587555365696,0.620015513565053,-0.09461917392145418,0.620015513565053
351.0,62.30817657566197,0.6800833641394851,-0.06586899612172116,0.6800833641394851,0.6208414870269944,-0.09475285810224728,0.6208414870269944
351.0,62.28420381358423,0.6809079727424007,-0.06589906752912222,0.6809079727424007,0.6216674604889358,-0.09488654228304037,0.6216674604889358
351.0,62.26022578079907,0.6817325813453158,-0.06592913893652329,0.6817325813453158,0.6224934339508768,-0.09502022646383339,0.6224934339508768
351.0,62.23624246962617,0.6825571899482313,-0.06595921034392435,0.6825571899482313,0.6233194074128181,-0.0951539106446265,0.6233194074128181
351.0,62.21225387237314,0.683381798551147,-0.06598928175132542,0.683381798551147,0.6241453808747596,-0.0952875948254196,0.6241453808747596
351.0,62.188259981335335,0.6842064071540621,-0.06601935315872647,0.6842064071540621,0.6249713543367005,-0.09542127900621261,0.6249713543367005
351.0,62.164260788795936,0.6850310157569777,-0.06604942456612754,0.6850310157569777,0.6257973277986418,-0.09555496318700572,0.6257973277986418
351.0,62.14025628702582,0.6858556243598932,-0.0660794959735286,0.6858556243598932,0.6266233012605833,-0.09568864736779882,0.6266233012605833
351.0,62.11624646828367,0.6866802329628083,-0.06610956738092966,0.6866802329628083,0.6274492747225242,-0.09582233154859184,0.6274492747225242
351.0,62.09223132481575,0.687504841565724,-0.06613963878833073,0.687504841565724,0.6282752481844656,-0.09595601572938495,0.6282752481844656
351.0,62.06821084885607,0.6883294501686396,-0.0661697101957318,0.6883294501686396,0.6291012216464069,-0.09608969991017804,0.6291012216464069
351.0,62.04418503262621,0.6891540587715547,-0.06619978160313285,0.6891540587715547,0.6299271951083478,-0.09622338409097106,0.6299271951083478
351.0,62.02015386833535,0.6899786673744702,-0.06622985301053391,0.6899786673744702,0.6307531685702893,-0.09635706827176416,0.6307531685702893
351.0,61.996117348180256,0.690813134153851,-0.06625995002501124,0.690813134153851,0.6315890767497842,-0.09649174713770207,0.6315890767497842
351.0,61.97207546434518,0.6916987779522136,-0.0662901799741985,0.6916987779522136,0.6324765592980895,-0.09663158973962285,0.6324765592980895
351.0,61.94802820900191,0.6925844217505762,-0.06632040992338577,0.6925844217505762,0.6333640418463949,-0.09677143234154363,0.6333640418463949
351.0,61.92397557430969,0.6934700655489383,-0.066350639872573,0.6934700655489383,0.6342515243946998,-0.09691127494346433,0.6342515243946998
351.0,61.89991755241518,0.6943557093473008,-0.06638086982176027,0.6943557093473008,0.6351390069430052,-0.0970511175453851,0.6351390069430052
351.0,61.87585413545247,0.6952413531456635,-0.06641109977094753,0.6952413531456635,0.6360264894913106,-0.09719096014730588,0.6360264894913106
351.0,61.85178531554299,0.6961269969440256,-0.06644132972013476,0.6961269969440256,0.6369139720396154,-0.09733080274922658,0.6369139720396154
351.0,61.82771108479551,0.6970126407423881,-0.06647155966932203,0.6970126407423881,0.6378014545879207,-0.09747064535114736,0.6378014545879207
351.0,61.80363143530612,0.6978982845407508,-0.06650178961850928,0.6978982845407508,0.6386889371362261,-0.09761048795306813,0.6386889371362261
351.0,61.77954635915818,0.6987839283391128,-0.06653201956769653,0.6987839283391128,0.6395764196845309,-0.09775033055498883,0.6395764196845309
351.0,61.755455848422265,0.6996695721374754,-0.06656224951688378,0.6996695721374754,0.6404639022328363,-0.09789017315690961,0.6404639022328363
351.0,61.73135989515618,0.7005552159358375,-0.06659247946607103,0.7005552159358375,0.6413513847811412,-0.0980300157588303,0.6413513847811412
351.0,61.707258491404886,0.7014408597342001,-0.06662270941525829,0.7014408597342001,0.6422388673294466,-0.09816985836075108,0.6422388673294466
351.0,61.68315162920049,0.7023265035325627,-0.06665293936444554,0.7023265035325627,0.643126349877752,-0.09830970096267186,0.643126349877752
351.0,61.65903930056223,0.7032121473309247,-0.06668316931363279,0.7032121473309247,0.6440138324260568,-0.09844954356459257,0.6440138324260568
351.0,61.63492149749636,0.7040977911292874,-0.06671339926282004,0.7040977911292874,0.6449013149743622,-0.09858938616651335,0.6449013149743622
351.0,61.61079821199622,0.7049834349276499,-0.0667436292120073,0.7049834349276499,0.6457887975226676,-0.09872922876843412,0.6457887975226676
351.0,61.586669436042186,0.705869078726012,-0.06677385916119453,0.705869078726012,0.6466762800709724,-0.09886907137035482,0.6466762800709724
351.0,61.5625351616015,0.7067547225243747,-0.0668040891103818,0.7067547225243747,0.6475637626192778,-0.0990089139722756,0.6475637626192778
351.0,61.538395380628444,0.7076403663227372,-0.06683431905956906,0.7076403663227372,0.6484512451675832,-0.09914875657419638,0.6484512451675832
351.0,61.51425008506419,0.7085260101210993,-0.0668645490087563,0.7085260101210993,0.6493387277158881,-0.09928859917611707,0.6493387277158881
351.0,61.49009926683674,0.7094116539194618,-0.06689477895794356,0.7094116539194618,0.6502262102641934,-0.09942844177803785,0.6502262102641934
351.0,61.46594291786095,0.7102972977178245,-0.06692500890713082,0.7102972977178245,0.6511136928124988,-0.09956828437995863,0.6511136928124988
351.0,61.44178103003852,0.7111829415161866,-0.06695523885631806,0.7111829415161866,0.6520011753608036,-0.09970812698187932,0.6520011753608036
351.0,61.417613595257855,0.7120685853145491,-0.06698546880550532,0.7120685853145491,0.652888657909109,-0.0998479695838001,0.652888657909109
351.0,61.39344060539417,0.7129542291129112,-0.06701569875469256,0.7129542291129112,0.6537761404574138,-0.0999878121857208,0.6537761404574138
351.0,61.369262052309296,0.7138398729112738,-0.06704592870387982,0.7138398729112738,0.6546636230057192,-0.10012765478764157,0.6546636230057192
351.0,61.34507792785179,0.7147255167096364,-0.06707615865306708,0.7147255167096364,0.6555511055540246,-0.10026749738956235,0.6555511055540246
351.0,61.320888223856855,0.7156111605079984,-0.06710638860225432,0.7156111605079984,0.6564385881023295,-0.10040733999148305,0.6564385881023295
351.0,61.29669293214623,0.7164968043063611,-0.06713661855144158,0.7164968043063611,0.6573260706506349,-0.10054718259340382,0.6573260706506349
351.0,61.27249204452826,0.7173824481047236,-0.06716684850062883,0.7173824481047236,0.6582135531989403,-0.1006870251953246,0.6582135531989403
351.0,61.248285552797824,0.7182680919030857,-0.06719707844981608,0.7182680919030857,0.6591010357472451,-0.1008268677972453,0.6591010357472451
351.0,61.22407344873625,0.7191537357014484,-0.06722730839900334,0.7191537357014484,0.6599885182955505,-0.10096671039916608,0.6599885182955505
351.0,61.19985572411139,0.7200393794998109,-0.0672575383481906,0.7200393794998109,0.6608760008438558,-0.10110655300108685,0.6608760008438558
351.0,61.17563237067744,0.720925023298173,-0.06728776829737784,0.720925023298173,0.6617634833921606,-0.10124639560300755,0.6617634833921606
351.0,61.15140338017505,0.7218106670965356,-0.06731799824656509,0.7218106670965356,0.662650965940466,-0.10138623820492833,0.662650965940466
351.0,61.12716874433118,0.7226963108948976,-0.06734822819575234,0.7226963108948976,0.6635384484887709,-0.10152608080684902,0.6635384484887709
351.0,61.10292845485913,0.7235819546932603,-0.06737845814493959,0.7235819546932603,0.6644259310370763,-0.1016659234087698,0.6644259310370763
351.0,61.078682503458474,0.7244675984916229,-0.06740868809412685,0.7244675984916229,0.6653134135853817,-0.10180576601069058,0.6653134135853817
351.0,61.05443088181502,0.7253532422899849,-0.0674389180433141,0.7253532422899849,0.6662008961336865,-0.10194560861261127,0.6662008961336865
351.0,61.0301735816008,0.7262388860883475,-0.06746914799250135,0.7262388860883475,0.6670883786819919,-0.10208545121453205,0.6670883786819919
351.0,61.005910594473995,0.7271245298867102,-0.06749937794168862,0.7271245298867102,0.6679758612302973,-0.10222529381645283,0.6679758612302973
351.0,60.98164191207898,0.728060150219027,-0.06752967197217645,0.728060150219027,0.6689137276441418,-0.10236996783599671,0.6689137276441418
351.0,60.957367526046134,0.7290118629522204,-0.06755998663678789,0.7290118629522204,0.6698678176192822,-0.1025161975678528,0.6698678176192822
351.0,60.933087427992,0.7299635756854138,-0.06759030130139933,0.7299635756854138,0.6708219075944225,-0.10266242729970888,0.6708219075944225
351.0,60.908801609519074,0.7309152884186065,-0.06762061596601075,0.7309152884186065,0.6717759975695623,-0.10280865703156489,0.6717759975695623
351.0,60.88451006221589,0.7318670011517999,-0.06765093063062219,0.7318670011517999,0.6727300875447026,-0.10295488676342097,0.6727300875447026
351.0,60.8602127776569,0.7328187138849933,-0.06768124529523363,0.7328187138849933,0.673684177519843,-0.10310111649527706,0.673684177519843
351.0,60.83590974740252,0.7337704266181861,-0.06771155995984506,0.7337704266181861,0.6746382674949827,-0.10324734622713307,0.6746382674949827
351.0,60.81160096299898,0.7347221393513794,-0.0677418746244565,0.7347221393513794,0.675592357470123,-0.10339357595898915,0.675592357470123
351.0,60.78728641597843,0.7356738520845723,-0.06777218928906792,0.7356738520845723,0.6765464474452628,-0.10353980569084514,0.6765464474452628
351.0,60.76296609785873,0.7366255648177656,-0.06780250395367936,0.7366255648177656,0.6775005374204032,-0.10368603542270123,0.6775005374204032
351.0,60.7386400001436,0.737577277550959,-0.0678328186182908,0.737577277550959,0.6784546273955435,-0.10383226515455732,0.6784546273955435
351.0,60.71430811432247,0.7385289902841518,-0.06786313328290222,0.7385289902841518,0.6794087173706833,-0.10397849488641332,0.6794087173706833
351.0,60.68997043187039,0.7394807030173451,-0.06789344794751366,0.7394807030173451,0.6803628073458237,-0.10412472461826941,0.6803628073458237
351.0,60.66562694424819,0.7404324157505385,-0.0679237626121251,0.7404324157505385,0.681316897320964,-0.1042709543501255,0.681316897320964
351.0,60.64127764290222,0.7413841284837314,-0.06795407727673652,0.7413841284837314,0.6822709872961037,-0.1044171840819815,0.6822709872961037
351.0,60.61692251926442,0.7423358412169246,-0.06798439194134796,0.7423358412169246,0.683225077271244,-0.10456341381383759,0.683225077271244
351.0,60.59256156475232,0.743287553950118,-0.0680147066059594,0.743287553950118,0.6841791672463844,-0.10470964354569368,0.6841791672463844
351.0,60.56819477076894,0.7442392666833109,-0.06804502127057083,0.7442392666833109,0.6851332572215242,-0.10485587327754967,0.6851332572215242
351.0,60.54382212870271,0.7451909794165043,-0.06807533593518227,0.7451909794165043,0.6860873471966645,-0.10500210300940577,0.6860873471966645
351.0,60.51944362992756,0.746142692149697,-0.06810565059979369,0.746142692149697,0.6870414371718043,-0.10514833274126176,0.6870414371718043
351.0,60.49505926580274,0.7470944048828904,-0.06813596526440513,0.7470944048828904,0.6879955271469447,-0.10529456247311784,0.6879955271469447
351.0,60.47066902767292,0.7480461176160837,-0.06816627992901657,0.7480461176160837,0.688949617122085,-0.10544079220497393,0.688949617122085
351.0,60.446272906868046,0.7489978303492766,-0.06819659459362798,0.7489978303492766,0.6899037070972248,-0.10558702193682994,0.6899037070972248
351.0,60.4218708947033,0.7499495430824699,-0.06822690925823943,0.7499495430824699,0.6908577970723652,-0.10573325166868602,0.6908577970723652
351.0,60.39746298247917,0.7509012558156632,-0.06825722392285087,0.7509012558156632,0.6918118870475054,-0.10587948140054211,0.6918118870475054
351.0,60.37304916148127,0.7518529685488561,-0.06828753858746228,0.7518529685488561,0.6927659770226452,-0.10602571113239811,0.6927659770226452
351.0,60.34862942298042,0.7528046812820495,-0.06831785325207372,0.7528046812820495,0.6937200669977855,-0.1061719408642542,0.6937200669977855
351.0,60.32420375823252,0.7537563940152427,-0.06834816791668516,0.7537563940152427,0.6946741569729259,-0.10631817059611029,0.6946741569729259
351.0,60.29977215847858,0.7547081067484356,-0.06837848258129658,0.7547081067484356,0.6956282469480657,-0.10646440032796628,0.6956282469480657
351.0,60.27533461494459,0.755659819481629,-0.06840879724590802,0.755659819481629,0.696582336923206,-0.10661063005982237,0.696582336923206
351.0,60.25089111884157,0.7566115322148224,-0.06843911191051946,0.7566115322148224,0.6975364268983464,-0.10675685979167845,0.6975364268983464
351.0,60.22644166136553,0.7575632449480151,-0.06846942657513089,0.7575632449480151,0.6984905168734862,-0.10690308952353446,0.6984905168734862
351.0,60.20198623369731,0.7585149576812085,-0.06849974123974233,0.7585149576812085,0.6994446068486265,-0.10704931925539055,0.6994446068486265
351.0,60.17752482700271,0.7594666704144013,-0.06853005590435375,0.7594666704144013,0.7003986968237662,-0.10719554898724655,0.7003986968237662
351.0,60.1530574324323,0.7604183831475947,-0.06856037056896519,0.7604183831475947,0.7013527867989066,-0.10734177871910264,0.7013527867989066
351.0,60.12858404112149,0.761370095880788,-0.06859068523357663,0.761370095880788,0.7023068767740469,-0.10748800845095872,0.7023068767740469
351.0,60.10410464419043,0.7623218086139808,-0.06862099989818805,0.7623218086139808,0.7032609667491867,-0.10763423818281471,0.7032609667491867
351.0,60.07961923274396,0.7632735213471742,-0.06865131456279949,0.7632735213471742,0.704215056724327,-0.1077804679146708,0.704215056724327
351.0,60.055127797871606,0.7642252340803676,-0.06868162922741093,0.7642252340803676,0.7051691466994674,-0.10792669764652689,0.7051691466994674
351.0,60.03063033064757,0.7651769468135603,-0.06871194389202236,0.7651769468135603,0.7061232366746072,-0.1080729273783829,0.7061232366746072
351.0,60.00612682213055,0.7661286595467537,-0.0687422585566338,0.7661286595467537,0.7070773266497475,-0.10821915711023898,0.7070773266497475
351.0,59.98161726336387,0.7671340299562855,-0.06877257280631119,0.7671340299562855,0.7080855300299246,-0.10837034480883787,0.7080855300299246
351.0,59.95710164537535,0.7681572862579298,-0.06880288691767722,0.7681572862579298,0.7091117712117799,-0.10852318516301757,0.7091117712117799
351.0,59.93257995917723,0.7691805425595745,-0.06883320102904326,0.7691805425595745,0.7101380123936358,-0.10867602551719738,0.7101380123936358
351.0,59.90805219576623,0.7702037988612187,-0.06886351514040928,0.7702037988612187,0.7111642535754912,-0.10882886587137709,0.7111642535754912
351.0,59.88351834612339,0.7712270551628634,-0.06889382925177533,0.7712270551628634,0.7121904947573472,-0.1089817062255569,0.7121904947573472
351.0,59.85897840121416,0.7722503114645082,-0.06892414336314139,0.7722503114645082,0.7132167359392031,-0.1091345465797367,0.7132167359392031
351.0,59.834432351988234,0.7732735677661523,-0.0689544574745074,0.7732735677661523,0.7142429771210584,-0.10928738693391642,0.7142429771210584
351.0,59.80988018937958,0.7742968240677971,-0.06898477158587345,0.7742968240677971,0.7152692183029145,-0.10944022728809623,0.7152692183029145
351.0,59.78532190430637,0.7753200803694419,-0.06901508569723949,0.7753200803694419,0.7162954594847704,-0.10959306764227603,0.7162954594847704
351.0,59.76075748767099,0.776343336671086,-0.06904539980860552,0.776343336671086,0.7173217006666257,-0.10974590799645574,0.7173217006666257
351.0,59.73618693035986,0.7773665929727307,-0.06907571391997157,0.7773665929727307,0.7183479418484817,-0.10989874835063555,0.7183479418484817
351.0,59.71161022324357,0.7783898492743755,-0.06910602803133761,0.7783898492743755,0.7193741830303376,-0.11005158870481536,0.7193741830303376
351.0,59.68702735717675,0.7794131055760196,-0.06913634214270364,0.7794131055760196,0.720400424212193,-0.11020442905899508,0.720400424212193
351.0,59.66243832299795,0.7804363618776644,-0.06916665625406969,0.7804363618776644,0.7214266653940489,-0.11035726941317488,0.7214266653940489
351.0,59.63784311152975,0.7814596181793092,-0.06919697036543573,0.7814596181793092,0.7224529065759049,-0.11051010976735469,0.7224529065759049
351.0,59.613241713578624,0.7824828744809533,-0.06922728447680176,0.7824828744809533,0.7234791477577602,-0.1106629501215344,0.7234791477577602
351.0,59.58863411993489,0.7835061307825981,-0.06925759858816781,0.7835061307825981,0.7245053889396161,-0.1108157904757142,0.7245053889396161
351.0,59.56402032137272,0.7845293870842422,-0.06928791269953383,0.7845293870842422,0.7255316301214715,-0.11096863082989392,0.7255316301214715
351.0,59.53940030865004,0.785552643385887,-0.06931822681089987,0.785552643385887,0.7265578713033275,-0.11112147118407373,0.7265578713033275
351.0,59.51477407250853,0.7865758996875317,-0.06934854092226593,0.7865758996875317,0.7275841124851834,-0.11127431153825354,0.7275841124851834
351.0,59.49014160367358,0.787599155989176,-0.06937885503363195,0.787599155989176,0.7286103536670387,-0.11142715189243324,0.7286103536670387
351.0,59.465502892854154,0.7886224122908206,-0.06940916914499799,0.7886224122908206,0.7296365948488948,-0.11157999224661305,0.7296365948488948
351.0,59.440857930742915,0.7896456685924654,-0.06943948325636404,0.7896456685924654,0.7306628360307507,-0.11173283260079286,0.7306628360307507
351.0,59.41620670801604,0.7906689248941096,-0.06946979736773007,0.7906689248941096,0.731689077212606,-0.11188567295497258,0.731689077212606
351.0,59.391549215333185,0.7916921811957544,-0.06950011147909611,0.7916921811957544,0.732715318394462,-0.11203851330915238,0.732715318394462
351.0,59.36688544333752,0.7927154374973991,-0.06953042559046216,0.7927154374973991,0.7337415595763179,-0.11219135366333219,0.7337415595763179
351.0,59.34221538265568,0.7937386937990433,-0.06956073970182819,0.7937386937990433,0.7347678007581733,-0.1123441940175119,0.7347678007581733
351.0,59.317539023897545,0.7947619501006881,-0.06959105381319423,0.7947619501006881,0.7357940419400293,-0.1124970343716917,0.7357940419400293
351.0,59.292856357656476,0.7957852064023322,-0.06962136792456027,0.7957852064023322,0.7368202831218846,-0.11264987472587142,0.7368202831218846
351.0,59.26816737450901,0.7968084627039769,-0.06965168203592631,0.7968084627039769,0.7378465243037405,-0.11280271508005123,0.7378465243037405
351.0,59.243472065015,0.7978317190056217,-0.06968199614729235,0.7978317190056217,0.7388727654855965,-0.11295555543423104,0.7388727654855965
351.0,59.21877041971746,0.7988549753072658,-0.06971231025865837,0.7988549753072658,0.7398990066674519,-0.11310839578841075,0.7398990066674519
351.0,59.19406242914255,0.7998782316089106,-0.06974262437002442,0.7998782316089106,0.7409252478493078,-0.11326123614259055,0.7409252478493078
351.0,59.16934808379956,0.8009014879105554,-0.06977293848139048,0.8009014879105554,0.7419514890311638,-0.11341407649677036,0.7419514890311638
351.0,59.14462737418082,0.8019247442121995,-0.06980325259275649,0.8019247442121995,0.7429777302130192,-0.11356691685095008,0.7429777302130192
351.0,59.11990029076166,0.8029480005138443,-0.06983356670412254,0.8029480005138443,0.7440039713948751,-0.11371975720512988,0.7440039713948751
351.0,59.095166824000394,0.803971256815489,-0.06986388081548858,0.803971256815489,0.7450302125767311,-0.11387259755930969,0.7450302125767311
351.0,59.070426964338274,0.8049945131171332,-0.06989419492685461,0.8049945131171332,0.7460564537585864,-0.1140254379134894,0.7460564537585864
351.0,59.04568070219935,0.8060177694187779,-0.06992450903822066,0.8060177694187779,0.7470826949404423,-0.1141782782676692,0.7470826949404423
351.0,59.02092802799056,0.8070410257204227,-0.0699548231495867,0.8070410257204227,0.7481089361222983,-0.11433111862184901,0.7481089361222983
351.0,58.99616893210163,0.8080762723235609,-0.06998512211199115,0.8080762723235609,0.7491472730596319,-0.11448501512027438,0.7491472730596319
351.0,58.97140340490494,0.8091770270159439,-0.07001533830921011,0.8091770270159439,0.750251694225935,-0.11464468178148794,0.750251694225935
351.0,58.94663143675564,0.8102777817083261,-0.07004555450642908,0.8102777817083261,0.7513561153922373,-0.1148043484427014,0.7513561153922373
351.0,58.9218530179914,0.811378536400709,-0.07007577070364804,0.811378536400709,0.7524605365585404,-0.11496401510391496,0.7524605365585404
351.0,58.89706813893262,0.8124792910930918,-0.070105986900867,0.8124792910930918,0.7535649577248434,-0.11512368176512851,0.7535649577248434
351.0,58.872276789882136,0.813580045785474,-0.07013620309808596,0.813580045785474,0.7546693788911458,-0.11528334842634197,0.7546693788911458
351.0,58.8474789611253,0.814680800477857,-0.07016641929530493,0.814680800477857,0.7557738000574489,-0.11544301508755553,0.7557738000574489
351.0,58.82267464292988,0.8157815551702399,-0.07019663549252389,0.8157815551702399,0.7568782212237519,-0.11560268174876907,0.7568782212237519
351.0,58.797863825546116,0.8168823098626221,-0.07022685168974285,0.8168823098626221,0.7579826423900543,-0.11576234840998254,0.7579826423900543
351.0,58.77304649920647,0.817983064555005,-0.07025706788696182,0.817983064555005,0.7590870635563574,-0.1159220150711961,0.7590870635563574
351.0,58.74822265412582,0.8190838192473878,-0.07028728408418078,0.8190838192473878,0.7601914847226605,-0.11608168173240965,0.7601914847226605
351.0,58.72339228050121,0.8201845739397701,-0.07031750028139974,0.8201845739397701,0.7612959058889629,-0.1162413483936231,0.7612959058889629
351.0,58.698555368511904,0.821285328632153,-0.0703477164786187,0.821285328632153,0.762400327055266,-0.11640101505483666,0.762400327055266
351.0,58.673711908319326,0.8223860833245352,-0.07037793267583765,0.8223860833245352,0.7635047482215683,-0.11656068171605012,0.7635047482215683
351.0,58.648861890066975,0.8234868380169181,-0.07040814887305663,0.8234868380169181,0.7646091693878714,-0.11672034837726367,0.7646091693878714
351.0,58.62400530388039,0.8245875927093009,-0.0704383650702756,0.8245875927093009,0.7657135905541744,-0.11688001503847723,0.7657135905541744
351.0,58.599142139867155,0.8256883474016832,-0.07046858126749454,0.8256883474016832,0.7668180117204768,-0.11703968169969069,0.7668180117204768
351.0,58.574272388116746,0.8267891020940661,-0.07049879746471352,0.8267891020940661,0.7679224328867799,-0.11719934836090425,0.7679224328867799
351.0,58.54939603870057,0.827889856786449,-0.07052901366193248,0.827889856786449,0.7690268540530829,-0.11735901502211779,0.7690268540530829
351.0,58.52451308167188,0.8289906114788312,-0.07055922985915143,0.8289906114788312,0.7701312752193853,-0.11751868168333125,0.7701312752193853
351.0,58.49962350706569,0.8300913661712142,-0.0705894460563704,0.8300913661712142,0.7712356963856883,-0.11767834834454481,0.7712356963856883
351.0,58.47472730489881,0.831192120863597,-0.07061966225358937,0.831192120863597,0.7723401175519914,-0.11783801500575836,0.7723401175519914
351.0,58.44982446516972,0.8322928755559792,-0.07064987845080832,0.8322928755559792,0.7734445387182939,-0.11799768166697182,0.7734445387182939
351.0,58.424914977858506,0.8333936302483621,-0.07068009464802728,0.8333936302483621,0.7745489598845969,-0.11815734832818538,0.7745489598845969
351.0,58.39999883292691,0.834494384940745,-0.07071031084524626,0.834494384940745,0.7756533810509,-0.11831701498939894,0.7756533810509
351.0,58.37507602031819,0.8355951396331273,-0.07074052704246521,0.8355951396331273,0.7767578022172024,-0.11847668165061238,0.7767578022172024
351.0,58.350146529957065,0.8366958943255102,-0.07077074323968417,0.8366958943255102,0.7778622233835054,-0.11863634831182594,0.7778622233835054
351.0,58.32521035174973,0.8377966490178923,-0.07080095943690314,0.8377966490178923,0.7789666445498078,-0.1187960149730394,0.7789666445498078
351.0,58.30026747558372,0.8388974037102752,-0.0708311756341221,0.8388974037102752,0.7800710657161108,-0.11895568163425296,0.7800710657161108
351.0,58.27531789132795,0.8399981584026581,-0.07086139183134106,0.8399981584026581,0.7811754868824139,-0.11911534829546651,0.7811754868824139
351.0,58.250361588832604,0.8410989130950404,-0.07089160802856002,0.8410989130950404,0.7822799080487163,-0.11927501495667997,0.7822799080487163
351.0,58.22539855792906,0.8421996677874233,-0.07092182422577899,0.8421996677874233,0.7833843292150193,-0.11943468161789353,0.7833843292150193
351.0,58.20042878842988,0.8433004224798062,-0.07095204042299795,0.8433004224798062,0.7844887503813224,-0.11959434827910707,0.7844887503813224
351.0,58.175452270128794,0.8444011771721883,-0.07098225662021691,0.8444011771721883,0.7855931715476249,-0.11975401494032054,0.7855931715476249
351.0,58.15046899280054,0.8455019318645712,-0.07101247281743588,0.8455019318645712,0.7866975927139279,-0.1199136816015341,0.7866975927139279
351.0,58.125478946200886,0.8466026865569541,-0.07104268901465484,0.8466026865569541,0.787802013880231,-0.12007334826274765,0.787802013880231
351.0,58.10048212006661,0.8477034412493364,-0.0710729052118738,0.8477034412493364,0.7889064350465333,-0.1202330149239611,0.7889064350465333
351.0,58.0754785041153,0.8488041959417193,-0.07110312140909276,0.8488041959417193,0.7900108562128364,-0.12039268158517466,0.7900108562128364
351.0,58.05046808804552,0.8499049506341015,-0.07113333760631171,0.8499049506341015,0.7911152773791388,-0.12055234824638812,0.7911152773791388
351.0,58.025450861536505,0.8510057053264843,-0.07116355380353069,0.8510057053264843,0.7922196985454418,-0.12071201490760168,0.7922196985454418
351.0,58.00042681424832,0.8521064600188673,-0.07119377000074965,0.8521064600188673,0.7933241197117449,-0.12087168156881523,0.7933241197117449
351.0,57.97539593582172,0.8532897586178072,-0.07122378182072162,0.8532897586178072,0.7945118324042137,-0.12103825929034073,0.7945118324042137
351.0,57.95035821587803,0.8544744893267319,-0.07125379009481472,0.8544744893267319,0.7957009901776249,-0.12120495691651935,0.7957009901776249
351.0,57.92531364401923,0.8556592200356565,-0.07128379836890782,0.8556592200356565,0.796890147951036,-0.12137165454269797,0.796890147951036
351.0,57.9002622098278,0.8568439507445805,-0.0713138066430009,0.8568439507445805,0.7980793057244463,-0.12153835216887647,0.7980793057244463
351.0,57.87520390286665,0.8580286814535052,-0.07134381491709399,0.8580286814535052,0.7992684634978574,-0.12170504979505507,0.7992684634978574
351.0,57.85013871267917,0.85921341216243,-0.07137382319118708,0.85921341216243,0.8004576212712685,-0.12187174742123369,0.8004576212712685
351.0,57.82506662878905,0.8603981428713539,-0.07140383146528016,0.8603981428713539,0.801646779044679,-0.1220384450474122,0.801646779044679
351.0,57.799987640700344,0.8615828735802785,-0.07143383973937326,0.8615828735802785,0.8028359368180901,-0.12220514267359081,0.8028359368180901
351.0,57.77490173789728,0.8627676042892033,-0.07146384801346635,0.8627676042892033,0.8040250945915011,-0.12237184029976941,0.8040250945915011
351.0,57.74980890984437,0.8639523349981272,-0.07149385628755943,0.8639523349981272,0.8052142523649115,-0.12253853792594793,0.8052142523649115
351.0,57.72470914598617,0.8651370657070518,-0.07152386456165252,0.8651370657070518,0.8064034101383226,-0.12270523555212653,0.8064034101383226
351.0,57.69960243574735,0.8663217964159758,-0.0715538728357456,0.8663217964159758,0.8075925679117331,-0.12287193317830504,0.8075925679117331
351.0,57.67448876853262,0.8675065271249005,-0.0715838811098387,0.8675065271249005,0.8087817256851441,-0.12303863080448366,0.8087817256851441
351.0,57.64936813372661,0.8686912578338253,-0.07161388938393179,0.8686912578338253,0.8099708834585552,-0.12320532843066226,0.8099708834585552
351.0,57.62424052069391,0.8698759885427492,-0.07164389765802487,0.8698759885427492,0.8111600412319656,-0.12337202605684078,0.8111600412319656
351.0,57.59910591877892,0.8710607192516738,-0.07167390593211796,0.8710607192516738,0.8123491990053767,-0.12353872368301938,0.8123491990053767
351.0,57.57396431730583,0.8722454499605986,-0.07170391420621106,0.8722454499605986,0.8135383567787878,-0.123705421309198,0.8135383567787878
351.0,57.548815705578605,0.8734301806695225,-0.07173392248030414,0.8734301806695225,0.8147275145521982,-0.1238721189353765,0.8147275145521982
351.0,57.52366007288082,0.8746149113784472,-0.07176393075439724,0.8746149113784472,0.8159166723256093,-0.12403881656155512,0.8159166723256093
351.0,57.498497408475735,0.8757996420873719,-0.07179393902849034,0.8757996420873719,0.8171058300990204,-0.12420551418773372,0.8171058300990204
351.0,57.47332770160612,0.8769843727962958,-0.07182394730258342,0.8769843727962958,0.8182949878724308,-0.12437221181391223,0.8182949878724308
351.0,57.44815094149425,0.8781691035052206,-0.07185395557667651,0.8781691035052206,0.8194841456458419,-0.12453890944009084,0.8194841456458419
351.0,57.42296711734188,0.8793538342141445,-0.07188396385076959,0.8793538342141445,0.8206733034192523,-0.12470560706626935,0.8206733034192523
351.0,57.397776218330065,0.8805385649230691,-0.07191397212486268,0.8805385649230691,0.8218624611926634,-0.12487230469244796,0.8218624611926634
351.0,57.37257823361929,0.8817232956319939,-0.07194398039895578,0.8817232956319939,0.8230516189660745,-0.12503900231862658,0.8230516189660745
351.0,57.347373152349235,0.8829080263409178,-0.07197398867304886,0.8829080263409178,0.8242407767394849,-0.12520569994480507,0.8242407767394849
351.0,57.32216096363877,0.8840927570498425,-0.07200399694714195,0.8840927570498425,0.8254299345128959,-0.1253723975709837,0.8254299345128959
351.0,57.296941656585936,0.8852774877587672,-0.07203400522123504,0.8852774877587672,0.826619092286307,-0.1255390951971623,0.826619092286307
351.0,57.27171522026789,0.8864622184676911,-0.07206401349532812,0.8864622184676911,0.8278082500597175,-0.1257057928233408,0.8278082500597175
351.0,57.24648164374073,0.8876469491766158,-0.07209402176942122,0.8876469491766158,0.8289974078331286,-0.12587249044951943,0.8289974078331286
351.0,57.22124091603957,0.8888316798855406,-0.07212403004351431,0.8888316798855406,0.8301865656065397,-0.12603918807569803,0.8301865656065397
351.0,57.195993026178435,0.8900164105944645,-0.07215403831760739,0.8900164105944645,0.83137572337995,-0.12620588570187655,0.83137572337995
351.0,57.17073796315013,0.8912011413033892,-0.07218404659170048,0.8912011413033892,0.8325648811533611,-0.12637258332805515,0.8325648811533611
351.0,57.145475715926295,0.8923858720123139,-0.07221405486579358,0.8923858720123139,0.8337540389267722,-0.12653928095423375,0.8337540389267722
351.0,57.120206273457285,0.8935706027212378,-0.07224406313988666,0.8935706027212378,0.8349431967001827,-0.12670597858041227,0.8349431967001827
351.0,57.094929624672055,0.8947553334301626,-0.07227407141397975,0.8947553334301626,0.8361323544735938,-0.12687267620659087,0.8361323544735938
351.0,57.06964575847822,0.8959400641390864,-0.07230407968807283,0.8959400641390864,0.8373215122470041,-0.1270393738327694,0.8373215122470041
351.0,57.04435466376186,0.8971247948480111,-0.07233408796216592,0.8971247948480111,0.8385106700204152,-0.127206071458948,0.8385106700204152
351.0,57.01905632938756,0.8983095255569359,-0.07236409623625903,0.8983095255569359,0.8396998277938263,-0.1273727690851266,0.8396998277938263
351.0,56.993750744198344,0.8995167320144402,-0.07239402272122095,0.8995167320144402,0.8409116699229144,-0.1275412496816564,0.8409116699229144
351.0,56.9684378970155,0.900792485303824,-0.07242369976462136,0.900792485303824,0.8421926950965346,-0.12771516800447505,0.8421926950965346
351.0,56.94311777663864,0.902068238593208,-0.07245337680802177,0.902068238593208,0.8434737202701549,-0.12788908632729368,0.8434737202701549
351.0,56.91779037184561,0.903343991882591,-0.07248305385142217,0.903343991882591,0.8447547454437744,-0.12806300465011222,0.8447547454437744
351.0,56.892455671392355,0.9046197451719749,-0.07251273089482257,0.9046197451719749,0.8460357706173947,-0.12823692297293085,0.8460357706173947
351.0,56.867113664012955,0.9058954984613588,-0.07254240793822299,0.9058954984613588,0.8473167957910148,-0.12841084129574948,0.8473167957910148
351.0,56.8417643384195,0.9071712517507419,-0.07257208498162339,0.9071712517507419,0.8485978209646343,-0.12858475961856802,0.8485978209646343
351.0,56.81640768330202,0.9084470050401257,-0.0726017620250238,0.9084470050401257,0.8498788461382546,-0.12875867794138665,0.8498788461382546
351.0,56.79104368732847,0.9097227583295088,-0.07263143906842419,0.9097227583295088,0.8511598713118741,-0.1289325962642052,0.8511598713118741
351.0,56.7656723391446,0.9109985116188927,-0.0726611161118246,0.9109985116188927,0.8524408964854943,-0.12910651458702382,0.8524408964854943
351.0,56.74029362737396,0.9122742649082765,-0.07269079315522502,0.9122742649082765,0.8537219216591145,-0.12928043290984248,0.8537219216591145
351.0,56.7149075406178,0.9135500181976596,-0.07272047019862542,0.9135500181976596,0.855002946832734,-0.12945435123266102,0.855002946832734
351.0,56.689514067454965,0.9148257714870435,-0.07275014724202583,0.9148257714870435,0.8562839720063542,-0.12962826955547965,0.8562839720063542
351.0,56.6641131964419,0.9161015247764274,-0.07277982428542625,0.9161015247764274,0.8575649971799745,-0.12980218787829828,0.8575649971799745
351.0,56.63870491611257,0.9173772780658104,-0.07280950132882663,0.9173772780658104,0.858846022353594,-0.12997610620111683,0.858846022353594
351.0,56.61328921497832,0.9186530313551943,-0.07283917837222705,0.9186530313551943,0.8601270475272143,-0.13015002452393545,0.8601270475272143
351.0,56.58786608152791,0.9199287846445782,-0.07286885541562746,0.9199287846445782,0.8614080727008344,-0.1303239428467541,0.8614080727008344
351.0,56.56243550422742,0.9212045379339613,-0.07289853245902785,0.9212045379339613,0.8626890978744539,-0.13049786116957263,0.8626890978744539
351.0,56.53699747152008,0.9224802912233451,-0.07292820950242826,0.9224802912233451,0.8639701230480742,-0.13067177949239128,0.8639701230480742
351.0,56.51155197182639,0.923756044512729,-0.07295788654582867,0.923756044512729,0.8652511482216945,-0.1308456978152099,0.8652511482216945
351.0,56.486098993543905,0.9250317978021121,-0.07298756358922907,0.9250317978021121,0.866532173395314,-0.13101961613802846,0.866532173395314
351.0,56.460638525047194,0.926307551091496,-0.07301724063262949,0.926307551091496,0.8678131985689341,-0.13119353446084708,0.8678131985689341
351.0,56.435170554687836,0.927583304380879,-0.07304691767602987,0.927583304380879,0.8690942237425536,-0.13136745278366563,0.8690942237425536
351.0,56.409695070794264,0.9288590576702629,-0.07307659471943029,0.9288590576702629,0.8703752489161739,-0.13154137110648426,0.8703752489161739
351.0,56.384212061671775,0.9301348109596468,-0.0731062717628307,0.9301348109596468,0.8716562740897941,-0.1317152894293029,0.8716562740897941
351.0,56.35872151560242,0.9314105642490298,-0.0731359488062311,0.9314105642490298,0.8729372992634136,-0.13188920775212143,0.8729372992634136
351.0,56.33322342084491,0.9326863175384137,-0.07316562584963152,0.9326863175384137,0.8742183244370338,-0.13206312607494008,0.8742183244370338
351.0,56.30771776563462,0.9339620708277976,-0.07319530289303192,0.9339620708277976,0.8754993496106541,-0.1322370443977587,0.8754993496106541
351.0,56.282204538183464,0.9352378241171807,-0.07322497993643232,0.9352378241171807,0.8767803747842735,-0.13241096272057726,0.8767803747842735
351.0,56.25668372667981,0.9365135774065645,-0.07325465697983273,0.9365135774065645,0.8780613999578938,-0.13258488104339589,0.8780613999578938
351.0,56.23115531928848,0.9377893306959484,-0.07328433402323314,0.9377893306959484,0.8793424251315141,-0.1327587993662145,0.8793424251315141
351.0,56.20561930415063,0.9390650839853315,-0.07331401106663353,0.9390650839853315,0.8806234503051336,-0.13293271768903306,0.8806234503051336
351.0,56.18007566938365,0.9403408372747154,-0.07334368811003394,0.9403408372747154,0.8819044754787537,-0.1331066360118517,0.8819044754787537
351.0,56.15452440308119,0.9416165905640984,-0.07337336515343434,0.9416165905640984,0.8831855006523732,-0.13328055433467023,0.8831855006523732
351.0,56.12896549331297,0.9428923438534823,-0.07340304219683476,0.9428923438534823,0.8844665258259935,-0.13345447265748886,0.8844665258259935
351.0,56.103398928124804,0.9441680971428662,-0.07343271924023517,0.9441680971428662,0.8857475509996138,-0.13362839098030752,0.8857475509996138
351.0,56.07782469553851,0.9454438504322493,-0.07346239628363556,0.9454438504322493,0.8870285761732333,-0.13380230930312603,0.8870285761732333
351.0,56.05224278355176,0.9467196037216331,-0.07349207332703597,0.9467196037216331,0.8883096013468534,-0.1339762276259447,0.8883096013468534
351.0,56.026653180138126,0.947995357011017,-0.07352175037043639,0.947995357011017,0.8895906265204737,-0.13415014594876332,0.8895906265204737
351.0,56.00105587324693,0.9492711103004001,-0.07355142741383679,0.9492711103004001,0.8908716516940932,-0.13432406427158186,0.8908716516940932
351.0,55.97545085080319,0.9506414813728936,-0.07358065505045192,0.9506414813728936,0.8922481905504503,-0.134505068704572,0.8922481905504503
351.0,55.94983810070753,0.9520159226250706,-0.07360986335490445,0.9520159226250706,0.8936288381254669,-0.13468637796125071,0.8936288381254669
351.0,55.92421761083619,0.9533903638772467,-0.07363907165935696,0.9533903638772467,0.8950094857004826,-0.13486768721792936,0.8950094857004826
351.0,55.898589369040785,0.9547648051294237,-0.07366827996380951,0.9547648051294237,0.8963901332754991,-0.13504899647460808,0.8963901332754991
351.0,55.87295336314842,0.9561392463816007,-0.07369748826826204,0.9561392463816007,0.8977707808505155,-0.13523030573128683,0.8977707808505155
351.0,55.847309580961515,0.957513687633777,-0.07372669657271455,0.957513687633777,0.8991514284255313,-0.13541161498796545,0.8991514284255313
351.0,55.8216580102577,0.958888128885954,-0.0737559048771671,0.958888128885954,0.9005320760005477,-0.1355929242446442,0.9005320760005477
351.0,55.79599863878984,0.9602625701381302,-0.07378511318161961,0.9602625701381302,0.9019127235755635,-0.1357742335013228,0.9019127235755635
351.0,55.77033145428585,0.9616370113903072,-0.07381432148607216,0.9616370113903072,0.90329337115058,-0.13595554275800156,0.90329337115058
351.0,55.74465644444874,0.9630114526424842,-0.07384352979052469,0.9630114526424842,0.9046740187255965,-0.1361368520146803,0.9046740187255965
351.0,55.718973596956445,0.9643858938946603,-0.0738727380949772,0.9643858938946603,0.9060546663006122,-0.13631816127135893,0.9060546663006122
351.0,55.693282899461735,0.9657603351468373,-0.07390194639942975,0.9657603351468373,0.9074353138756287,-0.13649947052803765,0.9074353138756287
351.0,55.66758433959225,0.9671347763990144,-0.07393115470388228,0.9671347763990144,0.9088159614506452,-0.1366807797847164,0.9088159614506452
351.0,55.64187790495035,0.9685092176511906,-0.0739603630083348,0.9685092176511906,0.9101966090256609,-0.13686208904139502,0.9101966090256609
351.0,55.616163583112986,0.9698836589033676,-0.07398957131278734,0.9698836589033676,0.9115772566006775,-0.13704339829807377,0.9115772566006775
351.0,55.59044136163173,0.9712581001555446,-0.07401877961723988,0.9712581001555446,0.9129579041756939,-0.1372247075547525,0.9129579041756939
351.0,55.56471122803267,0.9726325414077207,-0.0740479879216924,0.9726325414077207,0.9143385517507097,-0.13740601681143114,0.9143385517507097
351.0,55.538973169816245,0.9740069826598977,-0.07407719622614493,0.9740069826598977,0.9157191993257261,-0.13758732606810986,0.9157191993257261
351.0,55.5132271744573,0.9753814239120739,-0.07410640453059746,0.9753814239120739,0.9170998469007419,-0.1377686353247885,0.9170998469007419
351.0,55.48747322940488,0.976755865164251,-0.07413561283504999,0.976755865164251,0.9184804944757583,-0.13794994458146723,0.9184804944757583
351.0,55.46171132208226,0.978130306416428,-0.07416482113950253,0.978130306416428,0.9198611420507748,-0.13813125383814598,0.9198611420507748
351.0,55.43594143988683,0.9795047476686041,-0.07419402944395505,0.9795047476686041,0.9212417896257905,-0.1383125630948246,0.9212417896257905
351.0,55.410163570189944,0.9808791889207811,-0.07422323774840758,0.9808791889207811,0.922622437200807,-0.13849387235150334,0.922622437200807
351.0,55.38437770033696,0.9822536301729581,-0.07425244605286012,0.9822536301729581,0.9240030847758236,-0.13867518160818207,0.9240030847758236
351.0,55.35858381764709,0.9836280714251343,-0.07428165435731264,0.9836280714251343,0.9253837323508393,-0.1388564908648607,0.9253837323508393
351.0,55.332781909413285,0.9850025126773113,-0.07431086266176518,0.9850025126773113,0.9267643799258558,-0.13903780012153943,0.9267643799258558
351.0,55.306971962902274,0.9863769539294883,-0.07434007096621771,0.9863769539294883,0.9281450275008724,-0.1392191093782182,0.9281450275008724
351.0,55.28115396535439,0.9877513951816644,-0.07436927927067023,0.9877513951816644,0.929525675075888,-0.1394004186348968,0.929525675075888
351.0,55.25532790398346,0.9891258364338414,-0.07439848757512277,0.9891258364338414,0.9309063226509046,-0.13958172789157555,0.9309063226509046
351.0,55.22949376597684,0.9905002776860184,-0.0744276958795753,0.9905002776860184,0.932286970225921,-0.13976303714825428,0.932286970225921
351.0,55.20365153849525,0.9918747189381947,-0.07445690418402783,0.9918747189381947,0.9336676178009368,-0.13994434640493292,0.9336676178009368
351.0,55.17780120867267,0.9932491601903717,-0.07448611248848036,0.9932491601903717,0.9350482653759532,-0.14012565566161164,0.9350482653759532
351.0,55.151942763616354,0.9946236014425479,-0.07451532079293288,0.9946236014425479,0.936428912950969,-0.14030696491829028,0.936428912950969
351.0,55.12607619040664,0.9959980426947249,-0.07454452909738542,0.9959980426947249,0.9378095605259854,-0.140488274174969,0.9378095605259854
351.0,55.10020147609696,0.9973724839469019,-0.07457373740183795,0.9973724839469019,0.939190208101002,-0.14066958343164773,0.939190208101002
351.0,55.074318607713714,0.998746925199078,-0.07460294570629047,0.998746925199078,0.9405708556760176,-0.14085089268832637,0.9405708556760176
351.0,55.048427572256145,1.0001213664512552,-0.07463215401074301,1.0001213664512552,0.9419515032510342,-0.1410322019450051,0.9419515032510342
351.0,55.02252835669633,1.0014958077034322,-0.07466136231519555,1.0014958077034322,0.9433321508260507,-0.14121351120168385,0.9433321508260507
351.0,54.996620947979075,1.0028842062292382,-0.07469048954859421,1.0028842062292382,0.9447268899441914,-0.14139580329113807,0.9447268899441914
351.0,54.97070533302179,1.0043656735231337,-0.07471907619051993,1.0043656735231337,0.9462155931554568,-0.1415846490269625,0.9462155931554568
351.0,54.94478149871444,1.0058471408170289,-0.07474766283244566,1.0058471408170289,0.9477042963667222,-0.14177349476278694,0.9477042963667222
351.0,54.9188494319195,1.0073286081109234,-0.07477624947437136,1.0073286081109234,0.9491929995779866,-0.14196234049861126,0.9491929995779866
351.0,54.89290911947172,1.0088100754048188,-0.07480483611629708,1.0088100754048188,0.950681702789252,-0.1421511862344357,0.950681702789252
351.0,54.86696054817825,1.0102915426987142,-0.07483342275822281,1.0102915426987142,0.9521704060005174,-0.14234003197026013,0.9521704060005174
351.0,54.84100370481839,1.0117730099926088,-0.07486200940014852,1.0117730099926088,0.9536591092117819,-0.14252887770608447,0.9536591092117819
351.0,54.81503857614356,1.0132544772865042,-0.07489059604207424,1.0132544772865042,0.9551478124230472,-0.1427177234419089,0.9551478124230472
351.0,54.78906514887724,1.0147359445803987,-0.07491918268399995,1.0147359445803987,0.9566365156343117,-0.14290656917773323,0.9566365156343117
351.0,54.763083409714824,1.0162174118742942,-0.07494776932592567,1.0162174118742942,0.9581252188455771,-0.14309541491355765,0.9581252188455771
351.0,54.73709334532357,1.0176988791681896,-0.0749763559678514,1.0176988791681896,0.9596139220568425,-0.1432842606493821,0.9596139220568425
351.0,54.71109494234255,1.019180346462084,-0.07500494260977711,1.019180346462084,0.961102625268107,-0.14347310638520644,0.961102625268107
351.0,54.685088187382426,1.0206618137559795,-0.07503352925170283,1.0206618137559795,0.9625913284793725,-0.14366195212103086,0.9625913284793725
351.0,54.65907306702555,1.022143281049875,-0.07506211589362856,1.022143281049875,0.9640800316906378,-0.1438507978568553,0.9640800316906378
351.0,54.63304956782575,1.0236247483437695,-0.07509070253555426,1.0236247483437695,0.9655687349019023,-0.14403964359267962,0.9655687349019023
351.0,54.60701767630821,1.025106215637665,-0.07511928917747998,1.025106215637665,0.9670574381131677,-0.14422848932850407,0.9670574381131677
351.0,54.580977378969514,1.0265876829315603,-0.07514787581940571,1.0265876829315603,0.9685461413244331,-0.1444173350643285,0.9685461413244331
351.0,54.55492866227746,1.0280691502254549,-0.07517646246133142,1.0280691502254549,0.9700348445356975,-0.14460618080015283,0.9700348445356975
351.0,54.52887151267097,1.0295506175193503,-0.07520504910325713,1.0295506175193503,0.9715235477469629,-0.14479502653597726,0.9715235477469629
351.0,54.50280591656005,1.0310320848132448,-0.07523363574518285,1.0310320848132448,0.9730122509582274,-0.1449838722718016,0.9730122509582274
351.0,54.476731860325636,1.0325135521071402,-0.07526222238710857,1.0325135521071402,0.9745009541694928,-0.14517271800762602,0.9745009541694928
351.0,54.450649330319564,1.0339950194010357,-0.07529080902903429,1.0339950194010357,0.9759896573807582,-0.14536156374345047,0.9759896573807582
351.0,54.42455831286447,1.0354764866949302,-0.07531939567096001,1.0354764866949302,0.9774783605920226,-0.14555040947927478,0.9774783605920226
351.0,54.3984587942536,1.0369579539888256,-0.07534798231288573,1.0369579539888256,0.978967063803288,-0.14573925521509923,0.978967063803288
351.0,54.37235076075089,1.038439421282721,-0.07537656895481144,1.038439421282721,0.9804557670145534,-0.14592810095092365,0.9804557670145534
351.0,54.34623419859073,1.0399208885766156,-0.07540515559673716,1.0399208885766156,0.9819444702258179,-0.146116946686748,0.9819444702258179
351.0,54.3201090939779,1.041402355870511,-0.07543374223866288,1.041402355870511,0.9834331734370833,-0.1463057924225724,0.9834331734370833
351.0,54.29397543308753,1.0428838231644064,-0.07546232888058861,1.0428838231644064,0.9849218766483486,-0.14649463815839686,0.9849218766483486
351.0,54.26783320206499,1.044365290458301,-0.07549091552251432,1.044365290458301,0.9864105798596131,-0.14668348389422117,0.9864105798596131
351.0,54.241682387025726,1.0458467577521964,-0.07551950216444003,1.0458467577521964,0.9878992830708785,-0.14687232963004562,0.9878992830708785
351.0,54.215522974055254,1.0473282250460918,-0.07554808880636577,1.0473282250460918,0.9893879862821439,-0.14706117536587007,0.9893879862821439
351.0,54.189354949209026,1.0488096923399863,-0.07557667544829147,1.0488096923399863,0.9908766894934083,-0.14725002110169438,0.9908766894934083
351.0,54.1631782985123,1.0502911596338818,-0.07560526209021719,1.0502911596338818,0.9923653927046737,-0.14743886683751883,0.9923653927046737
351.0,54.13699300796015,1.0517726269277763,-0.0756338487321429,1.0517726269277763,0.9938540959159382,-0.14762771257334315,0.9938540959159382
351.0,54.11079906351721,1.0532540942216717,-0.07566243537406862,1.0532540942216717,0.9953427991272037,-0.1478165583091676,0.9953427991272037
351.0,54.084596451117754,1.0547355615155671,-0.07569102201599434,1.0547355615155671,0.9968315023384691,-0.14800540404499202,0.9968315023384691
351.0,54.05838515666547,1.0562170288094617,-0.07571960865792006,1.0562170288094617,0.9983202055497336,-0.14819424978081636,0.9983202055497336
351.0,54.0321651660334,1.057698496103357,-0.07574819529984578,1.057698496103357,0.9998089087609989,-0.14838309551664078,0.9998089087609989
351.0,54.00593646506386,1.0591799633972525,-0.0757767819417715,1.0591799633972525,1.0012976119722643,-0.14857194125246523,1.0012976119722643
351.0,53.979699039568345,1.060751254695015,-0.0758047562112155,1.060751254695015,1.0028770138301168,-0.1487667070604243,1.0028770138301168
351.0,53.95345287532737,1.0623488169561477,-0.0758325513791461,1.0623488169561477,1.0044829424594297,-0.14896320432090732,1.0044829424594297
351.0,53.92719795809046,1.0639463792172805,-0.07586034654707668,1.0639463792172805,1.0060888710887426,-0.14915970158139036,1.0060888710887426
351.0,53.900934273576006,1.0655439414784125,-0.07588814171500725,1.0655439414784125,1.0076947997180543,-0.14935619884187326,1.0076947997180543
351.0,53.87466180747111,1.0671415037395453,-0.07591593688293785,1.0671415037395453,1.0093007283473672,-0.14955269610235628,1.0093007283473672
351.0,53.84838054543162,1.0687390660006773,-0.07594373205086842,1.0687390660006773,1.0109066569766791,-0.14974919336283918,1.0109066569766791
351.0,53.82209047308187,1.07033662826181,-0.07597152721879902,1.07033662826181,1.0125125856059918,-0.1499456906233222,1.0125125856059918
351.0,53.795791576014715,1.071934190522943,-0.0759993223867296,1.071934190522943,1.0141185142353046,-0.1501421878838052,1.0141185142353046
351.0,53.76948383979138,1.0735317527840746,-0.07602711755466018,1.0735317527840746,1.0157244428646166,-0.1503386851442881,1.0157244428646166
351.0,53.74316724994127,1.0751293150452075,-0.07605491272259077,1.0751293150452075,1.0173303714939295,-0.15053518240477112,1.0173303714939295
351.0,53.71684179196205,1.0767268773063403,-0.07608270789052136,1.0767268773063403,1.018936300123242,-0.15073167966525414,1.018936300123242
351.0,53.69050745131939,1.0783244395674723,-0.07611050305845193,1.0783244395674723,1.020542228752554,-0.15092817692573704,1.020542228752554
351.0,53.66416421344691,1.079922001828605,-0.07613829822638252,1.079922001828605,1.022148157381867,-0.15112467418622005,1.022148157381867
351.0,53.63781206374608,1.081519564089738,-0.07616609339431311,1.081519564089738,1.0237540860111798,-0.15132117144670307,1.0237540860111798
351.0,53.61145098758616,1.0831171263508699,-0.07619388856224368,1.0831171263508699,1.0253600146404915,-0.15151766870718597,1.0253600146404915
351.0,53.58508097030398,1.0847146886120027,-0.07622168373017428,1.0847146886120027,1.0269659432698044,-0.15171416596766898,1.0269659432698044
351.0,53.55870199720395,1.0863122508731355,-0.07624947889810486,1.0863122508731355,1.0285718718991173,-0.15191066322815203,1.0285718718991173
351.0,53.53231405355791,1.0879098131342673,-0.07627727406603543,1.0879098131342673,1.030177800528429,-0.15210716048863493,1.030177800528429
351.0,53.50591712460501,1.0895073753954,-0.07630506923396603,1.0895073753954,1.0317837291577419,-0.15230365774911794,1.0317837291577419
351.0,53.47951119555166,1.091104937656532,-0.0763328644018966,1.091104937656532,1.0333896577870538,-0.15250015500960085,1.0333896577870538
351.0,53.4530962515713,1.0927024999176649,-0.0763606595698272,1.0927024999176649,1.0349955864163665,-0.15269665227008386,1.0349955864163665
351.0,53.42667227780446,1.0943000621787977,-0.07638845473775778,1.0943000621787977,1.0366015150456793,-0.15289314953056687,1.0366015150456793
351.0,53.40023925935852,1.0958976244399297,-0.07641624990568835,1.0958976244399297,1.0382074436749913,-0.15308964679104978,1.0382074436749913
351.0,53.37379718130767,1.0974951867010625,-0.07644404507361895,1.0974951867010625,1.0398133723043042,-0.1532861440515328,1.0398133723043042
351.0,53.34734602869278,1.099092748962195,-0.07647184024154953,1.099092748962195,1.041419300933617,-0.1534826413120158,1.041419300933617
351.0,53.320885786521295,1.100690311223327,-0.07649963540948011,1.100690311223327,1.0430252295629288,-0.1536791385724987,1.0430252295629288
351.0,53.2944164397671,1.10228787348446,-0.0765274305774107,1.10228787348446,1.0446311581922416,-0.15387563583298172,1.0446311581922416
351.0,53.26793797337046,1.1038854357455927,-0.0765552257453413,1.1038854357455927,1.0462370868215545,-0.15407213309346474,1.0462370868215545
351.0,53.24145037223789,1.1054829980067247,-0.07658302091327186,1.1054829980067247,1.0478430154508662,-0.15426863035394764,1.0478430154508662
351.0,53.21495362124202,1.1070805602678575,-0.07661081608120246,1.1070805602678575,1.049448944080179,-0.15446512761443068,1.049448944080179
351.0,53.18844770522151,1.1086781225289892,-0.07663861124913303,1.1086781225289892,1.051054872709491,-0.15466162487491356,1.051054872709491
351.0,53.16193260898092,1.110275684790122,-0.07666640641706361,1.110275684790122,1.0526608013388037,-0.1548581221353966,1.0526608013388037
351.0,53.13540831729062,1.111873247051255,-0.07669420158499421,1.111873247051255,1.0542667299681165,-0.1550546193958796,1.0542667299681165
351.0,53.10887481488669,1.1134708093123868,-0.07672199675292478,1.1134708093123868,1.0558726585974285,-0.15525111665636251,1.0558726585974285
351.0,53.08233208647073,1.1150683715735197,-0.07674979192085538,1.1150683715735197,1.0574785872267414,-0.15544761391684553,1.0574785872267414
351.0,53.05578011670983,1.1166659338346525,-0.07677758708878596,1.1166659338346525,1.059084515856054,-0.15564411117732854,1.059084515856054
351.0,53.029218890236464,1.1182634960957845,-0.07680538225671653,1.1182634960957845,1.060690444485366,-0.15584060843781145,1.060690444485366
351.0,53.00264839164825,1.1198610583569173,-0.07683317742464713,1.1198610583569173,1.0622963731146788,-0.15603710569829446,1.0622963731146788
351.0,52.976068605508004,1.1215720257782584,-0.07686009046995919,1.1215720257782584,1.064016820806357,-0.15624056227607433,1.064016820806357
351.0,52.94947951634352,1.1232955454891198,-0.07688690587722302,1.1232955454891198,1.065749944080202,-0.15644478914830467,1.065749944080202
351.0,52.922881108647445,1.125019065199982,-0.07691372128448687,1.125019065199982,1.067483067354048,-0.15664901602053516,1.067483067354048
351.0,52.89627336687723,1.1267425849108443,-0.0769405366917507,1.1267425849108443,1.0692161906278943,-0.15685324289276564,1.0692161906278943
351.0,52.869656275455,1.1284661046217057,-0.07696735209901454,1.1284661046217057,1.0709493139017394,-0.157057469764996,1.0709493139017394
351.0,52.84302981876734,1.130189624332568,-0.07699416750627838,1.130189624332568,1.0726824371755856,-0.15726169663722647,1.0726824371755856
351.0,52.81639398116535,1.1319131440434294,-0.07702098291354222,1.1319131440434294,1.0744155604494305,-0.15746592350945685,1.0744155604494305
351.0,52.789748746964335,1.1336366637542916,-0.07704779832080606,1.1336366637542916,1.0761486837232768,-0.1576701503816873,1.0761486837232768
351.0,52.76309410044386,1.1353601834651539,-0.0770746137280699,1.1353601834651539,1.077881806997123,-0.15787437725391779,1.077881806997123
351.0,52.73643002584751,1.1370837031760153,-0.07710142913533373,1.1370837031760153,1.079614930270968,-0.15807860412614816,1.079614930270968
351.0,52.709756507382814,1.1388072228868775,-0.07712824454259758,1.1388072228868775,1.0813480535448141,-0.15828283099837862,1.0813480535448141
351.0,52.68307352922113,1.1405307425977398,-0.07715505994986142,1.1405307425977398,1.0830811768186603,-0.1584870578706091,1.0830811768186603
351.0,52.65638107549755,1.1422542623086012,-0.07718187535712524,1.1422542623086012,1.0848143000925055,-0.15869128474283947,1.0848143000925055
351.0,52.629679130310656,1.1439777820194634,-0.07720869076438909,1.1439777820194634,1.0865474233663515,-0.15889551161506993,1.0865474233663515
351.0,52.60296767772258,1.145701301730326,-0.07723550617165294,1.145701301730326,1.0882805466401977,-0.1590997384873004,1.0882805466401977
351.0,52.57624670175878,1.147424821441187,-0.07726232157891677,1.147424821441187,1.0900136699140428,-0.15930396535953079,1.0900136699140428
351.0,52.54951618640784,1.1491483411520493,-0.07728913698618062,1.1491483411520493,1.0917467931878888,-0.15950819223176127,1.0917467931878888
351.0,52.522776115621554,1.1508718608629107,-0.07731595239344444,1.1508718608629107,1.093479916461734,-0.15971241910399162,1.093479916461734
351.0,52.49602647331458,1.152595380573773,-0.07734276780070828,1.152595380573773,1.0952130397355802,-0.1599166459762221,1.0952130397355802
351.0,52.469267243364484,1.1543189002846355,-0.07736958320797213,1.1543189002846355,1.0969461630094264,-0.16012087284845258,1.0969461630094264
351.0,52.44249840961153,1.1560424199954966,-0.07739639861523596,1.1560424199954966,1.0986792862832715,-0.16032509972068293,1.0986792862832715
351.0,52.41571995585855,1.1577659397063589,-0.07742321402249981,1.1577659397063589,1.1004124095571175,-0.1605293265929134,1.1004124095571175
351.0,52.38893186587087,1.1594894594172214,-0.07745002942976364,1.1594894594172214,1.1021455328309637,-0.1607335534651439,1.1021455328309637
351.0,52.36213412337616,1.1612129791280825,-0.07747684483702748,1.1612129791280825,1.1038786561048088,-0.16093778033737424,1.1038786561048088
351.0,52.33532671206425,1.162936498838945,-0.07750366024429133,1.162936498838945,1.1056117793786548,-0.16114200720960473,1.1056117793786548
351.0,52.308509615587106,1.1646600185498073,-0.07753047565155517,1.1646600185498073,1.107344902652501,-0.1613462340818352,1.107344902652501
351.0,52.281682817558654,1.1663835382606687,-0.07755729105881899,1.1663835382606687,1.1090780259263462,-0.16155046095406556,1.1090780259263462
351.0,52.254846301554586,1.168107057971531,-0.07758410646608284,1.168107057971531,1.1108111492001922,-0.16175468782629604,1.1108111492001922
351.0,52.228000051112346,1.1698305776823932,-0.07761092187334669,1.1698305776823932,1.1125442724740384,-0.16195891469852652,1.1125442724740384
351.0,52.201144049730964,1.1715540973932546,-0.07763773728061052,1.1715540973932546,1.1142773957478835,-0.16216314157075687,1.1142773957478835
351.0,52.17427828087081,1.1732776171041168,-0.07766455268787437,1.1732776171041168,1.1160105190217295,-0.16236736844298735,1.1160105190217295
351.0,52.14740272795368,1.1750011368149782,-0.07769136809513819,1.1750011368149782,1.1177436422955747,-0.1625715953152177,1.1177436422955747
351.0,52.12051737436245,1.1767246565258405,-0.07771818350240203,1.1767246565258405,1.1194767655694209,-0.16277582218744818,1.1194767655694209
351.0,52.09362220344109,1.1784481762367027,-0.07774499890966588,1.1784481762367027,1.121209888843267,-0.16298004905967867,1.121209888843267
351.0,52.066717198494494,1.180171695947564,-0.07777181431692971,1.180171695947564,1.1229430121171122,-0.163184275931909,1.1229430121171122
351.0,52.03980234278826,1.1818952156584264,-0.07779862972419356,1.1818952156584264,1.1246761353909582,-0.1633885028041395,1.1246761353909582
351.0,52.012877619548696,1.1836187353692886,-0.0778254451314574,1.1836187353692886,1.1264092586648045,-0.16359272967636998,1.1264092586648045
351.0,51.985943011962625,1.185413581725647,-0.07785164055774284,1.185413581725647,1.1282144130861054,-0.16380100791949154,1.1282144130861054
351.0,51.95899850317716,1.1872737824876842,-0.07787726791457693,1.1872737824876842,1.1300855674265047,-0.16401299830882357,1.1300855674265047
351.0,51.932044076299746,1.1891339832497216,-0.07790289527141102,1.1891339832497216,1.131956721766904,-0.16422498869815558,1.131956721766904
351.0,51.9050797143979,1.190994184011758,-0.0779285226282451,1.190994184011758,1.133827876107302,-0.16443697908748747,1.133827876107302
351.0,51.87810540049907,1.1928543847737951,-0.0779541499850792,1.1928543847737951,1.1356990304477013,-0.16464896947681948,1.1356990304477013
351.0,51.851121117590566,1.1947145855358314,-0.07797977734191328,1.1947145855358314,1.1375701847880995,-0.16486095986615135,1.1375701847880995
351.0,51.82412684861937,1.1965747862978686,-0.07800540469874737,1.1965747862978686,1.1394413391284988,-0.16507295025548338,1.1394413391284988
351.0,51.79712257649204,1.198434987059906,-0.07803103205558146,1.198434987059906,1.141312493468898,-0.1652849406448154,1.141312493468898
351.0,51.77010828407454,1.2002951878219423,-0.07805665941241553,1.2002951878219423,1.143183647809296,-0.16549693103414728,1.143183647809296
351.0,51.74308395419205,1.2021553885839795,-0.07808228676924964,1.2021553885839795,1.1450548021496953,-0.1657089214234793,1.1450548021496953
351.0,51.71604956962898,1.204015589346017,-0.07810791412608373,1.204015589346017,1.1469259564900947,-0.1659209118128113,1.1469259564900947
351.0,51.689005113128665,1.205875790108053,-0.0781335414829178,1.205875790108053,1.1487971108304929,-0.1661329022021432,1.1487971108304929
351.0,51.66195056739329,1.2077359908700904,-0.0781591688397519,1.2077359908700904,1.1506682651708922,-0.1663448925914752,1.1506682651708922
351.0,51.63488591508376,1.2095961916321278,-0.07818479619658598,1.2095961916321278,1.1525394195112915,-0.1665568829808072,1.1525394195112915
351.0,51.60781113881958,1.211456392394164,-0.07821042355342006,1.211456392394164,1.1544105738516894,-0.1667688733701391,1.1544105738516894
351.0,51.58072622117859,1.2133165931562013,-0.07823605091025417,1.2133165931562013,1.1562817281920887,-0.1669808637594711,1.1562817281920887
351.0,51.55363114469697,1.2151767939182387,-0.07826167826708826,1.2151767939182387,1.158152882532488,-0.1671928541488031,1.158152882532488
351.0,51.52652589186906,1.2170369946802748,-0.07828730562392233,1.2170369946802748,1.1600240368728862,-0.167404844538135,1.1600240368728862
351.0,51.4994104451471,1.2188971954423122,-0.07831293298075642,1.2188971954423122,1.1618951912132855,-0.167616834927467,1.1618951912132855
351.0,51.47228478694124,1.2207573962043483,-0.0783385603375905,1.2207573962043483,1.1637663455536837,-0.1678288253167989,1.1637663455536837
351.0,51.44514889961928,1.2226175969663857,-0.0783641876944246,1.2226175969663857,1.1656374998940828,-0.1680408157061309,1.1656374998940828
351.0,51.418002765506586,1.2244777977284231,-0.0783898150512587,1.2244777977284231,1.1675086542344821,-0.16825280609546295,1.1675086542344821
351.0,51.39084636688594,1.2263379984904592,-0.07841544240809277,1.2263379984904592,1.1693798085748803,-0.16846479648479482,1.1693798085748803
351.0,51.36367968599733,1.2281981992524966,-0.07844106976492686,1.2281981992524966,1.1712509629152796,-0.16867678687412682,1.1712509629152796
351.0,51.336502705037894,1.2300584000145338,-0.07846669712176096,1.2300584000145338,1.173122117255679,-0.16888877726345886,1.173122117255679
351.0,51.309315406161694,1.2319186007765701,-0.07849232447859504,1.2319186007765701,1.1749932715960771,-0.16910076765279072,1.1749932715960771
351.0,51.28211777147957,1.2337788015386075,-0.07851795183542913,1.2337788015386075,1.1768644259364762,-0.16931275804212276,1.1768644259364762
351.0,51.25490978305905,1.2356390023006447,-0.07854357919226322,1.2356390023006447,1.1787355802768755,-0.16952474843145476,1.1787355802768755
351.0,51.22769142292415,1.237499203062681,-0.0785692065490973,1.237499203062681,1.1806067346172737,-0.16973673882078666,1.1806067346172737
351.0,51.2004626730552,1.2393594038247184,-0.0785948339059314,1.2393594038247184,1.182477888957673,-0.16994872921011867,1.182477888957673
351.0,51.17322351538877,1.2412196045867545,-0.07862046126276548,1.2412196045867545,1.1843490432980712,-0.17016071959945053,1.1843490432980712
351.0,51.14597393181741,1.243079805348792,-0.07864608861959957,1.243079805348792,1.1862201976384705,-0.17037270998878257,1.1862201976384705
351.0,51.11871390418958,1.2449400061108291,-0.07867171597643366,1.2449400061108291,1.1880913519788696,-0.17058470037811457,1.1880913519788696
351.0,51.09144341430951,1.2468002068728654,-0.07869734333326774,1.2468002068728654,1.1899625063192678,-0.17079669076744647,1.1899625063192678
351.0,51.0641624439369,1.2486604076349028,-0.07872297069010184,1.2486604076349028,1.1918336606596671,-0.17100868115677847,1.1918336606596671
351.0,51.03687097478695,1.25052060839694,-0.07874859804693593,1.25052060839694,1.1937048150000664,-0.17122067154611048,1.1937048150000664
351.0,51.00956898853009,1.2523808091589763,-0.07877422540377,1.2523808091589763,1.1955759693404646,-0.17143266193544238,1.1955759693404646
351.0,50.98225646679182,1.2543373712310386,-0.07879893183565866,1.2543373712310386,1.1975444392948915,-0.17164968356237073,1.1975444392948915
351.0,50.95493339115261,1.256345910452322,-0.07882314152198316,1.256345910452322,1.1995654011487185,-0.1718694190314754,1.1995654011487185
351.0,50.92759974314771,1.2583544496736043,-0.07884735120830766,1.2583544496736043,1.2015863630025443,-0.17208915450057993,1.2015863630025443
351.0,50.900255504266966,1.260362988894888,-0.07887156089463217,1.260362988894888,1.2036073248563712,-0.17230888996968463,1.2036073248563712
351.0,50.87290065595469,1.2623715281161714,-0.07889577058095666,1.2623715281161714,1.2056282867101982,-0.1725286254387893,1.2056282867101982
351.0,50.84553517960952,1.2643800673374537,-0.07891998026728116,1.2643800673374537,1.2076492485640238,-0.17274836090789386,1.2076492485640238
351.0,50.81815905658416,1.2663886065587373,-0.07894418995360566,1.2663886065587373,1.2096702104178507,-0.17296809637699853,1.2096702104178507
351.0,50.790772268185364,1.2683971457800196,-0.07896839963993016,1.2683971457800196,1.2116911722716766,-0.1731878318461031,1.2116911722716766
351.0,50.76337479567362,1.2704056850013032,-0.07899260932625465,1.2704056850013032,1.2137121341255035,-0.17340756731520776,1.2137121341255035
351.0,50.73596662026309,1.2724142242225867,-0.07901681901257916,1.2724142242225867,1.2157330959793304,-0.17362730278431243,1.2157330959793304
351.0,50.70854772312144,1.274422763443869,-0.07904102869890366,1.274422763443869,1.217754057833156,-0.173847038253417,1.217754057833156
351.0,50.681118085369576,1.2764313026651526,-0.07906523838522816,1.2764313026651526,1.219775019686983,-0.17406677372252166,1.219775019686983
351.0,50.65367768808159,1.278439841886436,-0.07908944807155267,1.278439841886436,1.22179598154081,-0.17428650919162636,1.22179598154081
351.0,50.62622651228458,1.2804483811077183,-0.07911365775787715,1.2804483811077183,1.2238169433946358,-0.1745062446607309,1.2238169433946358
351.0,50.59876453895837,1.282456920329002,-0.07913786744420166,1.282456920329002,1.2258379052484627,-0.17472598012983556,1.2258379052484627
351.0,50.57129174903547,1.2844654595502853,-0.07916207713052617,1.2844654595502853,1.2278588671022896,-0.17494571559894026,1.2278588671022896
351.0,50.54380812340086,1.2864739987715677,-0.07918628681685067,1.2864739987715677,1.2298798289561155,-0.1751654510680448,1.2298798289561155
351.0,50.51631364289179,1.2884825379928513,-0.07921049650317516,1.2884825379928513,1.2319007908099424,-0.1753851865371495,1.2319007908099424
351.0,50.488808288297655,1.2904910772141336,-0.07923470618949965,1.2904910772141336,1.233921752663768,-0.17560492200625402,1.233921752663768
351.0,50.46129204035977,1.2924996164354172,-0.07925891587582416,1.2924996164354172,1.235942714517595,-0.17582465747535872,1.235942714517595
351.0,50.433764879771275,1.2945081556567006,-0.07928312556214867,1.2945081556567006,1.237963676371422,-0.1760443929444634,1.237963676371422
351.0,50.406226787176884,1.296516694877983,-0.07930733524847315,1.296516694877983,1.2399846382252477,-0.17626412841356792,1.2399846382252477
351.0,50.37867774317272,1.2985252340992666,-0.07933154493479766,1.2985252340992666,1.2420056000790747,-0.17648386388267262,1.2420056000790747
351.0,50.351117728306214,1.30053377332055,-0.07935575462112217,1.30053377332055,1.2440265619329016,-0.1767035993517773,1.2440265619329016
351.0,50.323546723075836,1.3025423125418323,-0.07937996430744666,1.3025423125418323,1.2460475237867272,-0.17692333482088185,1.2460475237867272
351.0,50.295964707930935,1.304550851763116,-0.07940417399377117,1.304550851763116,1.2480684856405542,-0.17714307028998652,1.2480684856405542
351.0,50.26837166327162,1.3065593909843993,-0.07942838368009567,1.3065593909843993,1.2500894474943811,-0.1773628057590912,1.2500894474943811
351.0,50.240767569448565,1.3085679302056816,-0.07945259336642016,1.3085679302056816,1.252110409348207,-0.17758254122819575,1.252110409348207
351.0,50.21315240676271,1.3105764694269653,-0.07947680305274467,1.3105764694269653,1.2541313712020339,-0.17780227669730042,1.2541313712020339
351.0,50.185526155465276,1.3125850086482487,-0.07950101273906918,1.3125850086482487,1.2561523330558608,-0.17802201216640512,1.2561523330558608
351.0,50.157888795757444,1.314593547869531,-0.07952522242539366,1.314593547869531,1.2581732949096867,-0.17824174763550965,1.2581732949096867
351.0,50.13024030779019,1.3166020870908146,-0.07954943211171817,1.3166020870908146,1.2601942567635136,-0.17846148310461432,1.2601942567635136
351.0,50.102580671664185,1.318610626312097,-0.07957364179804266,1.318610626312097,1.2622152186173392,-0.17868121857371888,1.2622152186173392
351.0,50.07490986742948,1.3206191655333805,-0.07959785148436717,1.3206191655333805,1.2642361804711661,-0.17890095404282355,1.2642361804711661
351.0,50.04722787508545,1.322627704754664,-0.07962206117069166,1.322627704754664,1.266257142324993,-0.17912068951192825,1.266257142324993
351.0,50.01953467458053,1.3246362439759463,-0.07964627085701616,1.3246362439759463,1.268278104178819,-0.17934042498103278,1.268278104178819
351.0,49.99183024581202,1.3266922559446466,-0.07966998824036757,1.3266922559446466,1.2703470088714228,-0.1795624204580334,1.2703470088714228
351.0,49.964114568625966,1.3288618028837318,-0.07969252824076747,1.3288618028837318,1.2725305727964686,-0.1797898209293412,1.2725305727964686
351.0,49.93638762281695,1.3310313498228157,-0.07971506824116736,1.3310313498228157,1.2747141367215131,-0.18001722140064888,1.2747141367215131
351.0,49.9086493881278,1.333200896761901,-0.07973760824156725,1.333200896761901,1.276897700646559,-0.1802446218719567,1.276897700646559
351.0,49.880899844249555,1.335370443700986,-0.07976014824196716,1.335370443700986,1.2790812645716048,-0.18047202234326448,1.2790812645716048
351.0,49.8531389708212,1.3375399906400698,-0.07978268824236705,1.3375399906400698,1.2812648284966492,-0.18069942281457216,1.2812648284966492
351.0,49.82536674742943,1.339709537579155,-0.07980522824276694,1.339709537579155,1.283448392421695,-0.18092682328587997,1.283448392421695
351.0,49.79758315360854,1.341879084518239,-0.07982776824316683,1.341879084518239,1.2856319563467395,-0.18115422375718765,1.2856319563467395
351.0,49.76978816884018,1.3440486314573241,-0.07985030824356672,1.3440486314573241,1.2878155202717851,-0.18138162422849544,1.2878155202717851
351.0,49.74198177255317,1.3462181783964093,-0.07987284824396662,1.3462181783964093,1.289999084196831,-0.18160902469980325,1.289999084196831
351.0,49.71416394412335,1.3483877253354932,-0.07989538824436651,1.3483877253354932,1.2921826481218754,-0.18183642517111093,1.2921826481218754
351.0,49.686334662873264,1.3505572722745782,-0.0799179282447664,1.3505572722745782,1.2943662120469213,-0.18206382564241874,1.2943662120469213
351.0,49.65849390807212,1.3527268192136634,-0.0799404682451663,1.3527268192136634,1.296549775971967,-0.18229122611372653,1.296549775971967
351.0,49.630641658935474,1.3548963661527473,-0.0799630082455662,1.3548963661527473,1.2987333398970116,-0.1825186265850342,1.2987333398970116
351.0,49.60277789462506,1.3570659130918326,-0.07998554824596608,1.3570659130918326,1.3009169038220574,-0.18274602705634202,1.3009169038220574
351.0,49.574902594248634,1.3592354600309178,-0.08000808824636599,1.3592354600309178,1.3031004677471032,-0.1829734275276498,1.3031004677471032
351.0,49.54701573685973,1.3614050069700017,-0.08003062824676588,1.3614050069700017,1.3052840316721477,-0.18320082799895748,1.3052840316721477
351.0,49.51911730145741,1.3635745539090867,-0.08005316824716577,1.3635745539090867,1.3074675955971935,-0.1834282284702653,1.3074675955971935
351.0,49.49120726698621,1.3657441008481719,-0.08007570824756567,1.3657441008481719,1.3096511595222393,-0.1836556289415731,1.3096511595222393
351.0,49.46328561233578,1.3679136477872558,-0.08009824824796555,1.3679136477872558,1.3118347234472838,-0.18388302941288076,1.3118347234472838
351.0,49.435352316340754,1.370083194726341,-0.08012078824836545,1.370083194726341,1.3140182873723294,-0.18411042988418858,1.3140182873723294
351.0,49.40740735778054,1.3722527416654249,-0.08014332824876534,1.3722527416654249,1.3162018512973739,-0.18433783035549625,1.3162018512973739
351.0,49.3794507153791,1.37442228860451,-0.08016586824916523,1.37442228860451,1.3183854152224197,-0.18456523082680407,1.3183854152224197
351.0,49.35148236780475,1.376591835543595,-0.08018840824956514,1.376591835543595,1.3205689791474655,-0.18479263129811185,1.3205689791474655
351.0,49.32350229366996,1.378761382482679,-0.08021094824996503,1.378761382482679,1.32275254307251,-0.18502003176941953,1.32275254307251
351.0,49.295510471531095,1.3809309294217642,-0.08023348825036491,1.3809309294217642,1.3249361069975558,-0.18524743224072734,1.3249361069975558
351.0,49.26750687988828,1.3831004763608494,-0.08025602825076482,1.3831004763608494,1.3271196709226016,-0.18547483271203513,1.3271196709226016
351.0,49.23949149718514,1.3852700232999333,-0.08027856825116471,1.3852700232999333,1.3293032348476461,-0.1857022331833428,1.3293032348476461
351.0,49.211464301808576,1.3874395702390183,-0.0803011082515646,1.3874395702390183,1.331486798772692,-0.18592963365465062,1.331486798772692
351.0,49.18342527208859,1.3896091171781035,-0.0803236482519645,1.3896091171781035,1.3336703626977378,-0.18615703412595844,1.3336703626977378
351.0,49.15537438629808,1.3917786641171874,-0.08034618825236439,1.3917786641171874,1.3358539266227822,-0.18638443459726609,1.3358539266227822
351.0,49.127311622652506,1.3939482110562726,-0.08036872825276428,1.3939482110562726,1.338037490547828,-0.1866118350685739,1.338037490547828
351.0,49.09923695930988,1.3961177579953565,-0.08039126825316417,1.3961177579953565,1.3402210544728725,-0.18683923553988158,1.3402210544728725
351.0,49.071150374370305,1.3982873049344418,-0.08041380825356406,1.3982873049344418,1.3424046183979184,-0.1870666360111894,1.3424046183979184
351.0,49.043051845875986,1.4004568518735268,-0.08043634825396397,1.4004568518735268,1.344588182322964,-0.18729403648249718,1.344588182322964
351.0,49.01494135181087,1.4026263988126106,-0.08045888825436386,1.4026263988126106,1.3467717462480084,-0.18752143695380485,1.3467717462480084
351.0,48.986818870100414,1.4048778530491262,-0.08048051676062638,1.4048778530491262,1.3490380262812576,-0.18775235824314784,1.3490380262812576
351.0,48.958684378611466,1.4072221723784615,-0.0805011118304269,1.4072221723784615,1.3513980884231462,-0.1879872713757563,1.3513980884231462
351.0,48.930537855151975,1.4095664917077952,-0.08052170690022739,1.4095664917077952,1.3537581505650333,-0.1882221845083646,1.3537581505650333
351.0,48.90237927747073,1.4119108110371303,-0.0805423019700279,1.4119108110371303,1.356118212706922,-0.18845709764097304,1.356118212706922
351.0,48.874208623257225,1.4142551303664654,-0.08056289703982841,1.4142551303664654,1.3584782748488107,-0.18869201077358147,1.3584782748488107
351.0,48.84602587014138,1.4165994496957992,-0.0805834921096289,1.4165994496957992,1.3608383369906978,-0.1889269239061898,1.3608383369906978
351.0,48.81783099569329,1.4189437690251343,-0.0806040871794294,1.4189437690251343,1.3631983991325864,-0.18916183703879824,1.3631983991325864
351.0,48.78962397742304,1.4212880883544696,-0.08062468224922992,1.4212880883544696,1.3655584612744749,-0.18939675017140667,1.3655584612744749
351.0,48.761404792780496,1.4236324076838034,-0.08064527731903041,1.4236324076838034,1.3679185234163622,-0.18963166330401499,1.3679185234163622
351.0,48.73317341915496,1.4259767270131385,-0.08066587238883093,1.4259767270131385,1.3702785855582507,-0.1898665764366234,1.3702785855582507
351.0,48.70492983387509,1.4283210463424723,-0.08068646745863142,1.4283210463424723,1.372638647700138,-0.19010148956923173,1.372638647700138
351.0,48.67667401420854,1.4306653656718074,-0.08070706252843192,1.4306653656718074,1.3749987098420264,-0.19033640270184016,1.3749987098420264
351.0,48.648405937361794,1.4330096850011427,-0.08072765759823243,1.4330096850011427,1.377358771983915,-0.1905713158344486,1.377358771983915
351.0,48.62012558047995,1.4353540043304762,-0.08074825266803293,1.4353540043304762,1.3797188341258022,-0.1908062289670569,1.3797188341258022
351.0,48.59183292064636,1.4376983236598115,-0.08076884773783344,1.4376983236598115,1.3820788962676909,-0.19104114209966536,1.3820788962676909
351.0,48.56352793488256,1.4400426429891466,-0.08078944280763395,1.4400426429891466,1.3844389584095795,-0.1912760552322738,1.3844389584095795
351.0,48.53521060014791,1.4423869623184804,-0.08081003787743443,1.4423869623184804,1.3867990205514666,-0.1915109683648821,1.3867990205514666
351.0,48.506880893339385,1.4447312816478155,-0.08083063294723494,1.4447312816478155,1.3891590826933553,-0.19174588149749056,1.3891590826933553
351.0,48.47853879129136,1.4470756009771508,-0.08085122801703545,1.4470756009771508,1.3915191448352437,-0.19198079463009898,1.3915191448352437
351.0,48.45018427077536,1.4494199203064846,-0.08087182308683595,1.4494199203064846,1.393879206977131,-0.1922157077627073,1.393879206977131
351.0,48.421817308499726,1.4517642396358197,-0.08089241815663646,1.4517642396358197,1.3962392691190195,-0.19245062089531573,1.3962392691190195
351.0,48.39343788110956,1.4541085589651535,-0.08091301322643696,1.4541085589651535,1.3985993312609069,-0.19268553402792404,1.3985993312609069
351.0,48.365045965186255,1.4564528782944886,-0.08093360829623746,1.4564528782944886,1.4009593934027953,-0.19292044716053247,1.4009593934027953
351.0,48.33664153724744,1.4587971976238236,-0.08095420336603797,1.4587971976238236,1.403319455544684,-0.19315536029314093,1.403319455544684
351.0,48.308224573746614,1.4611415169531574,-0.08097479843583846,1.4611415169531574,1.405679517686571,-0.19339027342574924,1.405679517686571
351.0,48.2797950510729,1.4634858362824927,-0.08099539350563897,1.4634858362824927,1.4080395798284597,-0.19362518655835767,1.4080395798284597
351.0,48.251352945550884,1.4658301556118278,-0.08101598857543948,1.4658301556118278,1.4103996419703484,-0.19386009969096613,1.4103996419703484
351.0,48.22289823344027,1.4681744749411616,-0.08103658364523997,1.4681744749411616,1.4127597041122355,-0.19409501282357441,1.4127597041122355
351.0,48.19443089093563,1.4705187942704967,-0.08105717871504048,1.4705187942704967,1.415119766254124,-0.19432992595618287,1.415119766254124
351.0,48.16595089416622,1.4728631135998318,-0.08107777378484099,1.4728631135998318,1.4174798283960126,-0.1945648390887913,1.4174798283960126
351.0,48.13745821919568,1.4752074329291656,-0.08109836885464149,1.4752074329291656,1.4198398905378997,-0.1947997522213996,1.4198398905378997
351.0,48.10895284202172,1.4775517522585009,-0.081118963924442,1.4775517522585009,1.4221999526797884,-0.19503466535400807,1.4221999526797884
351.0,48.08043473857597,1.479896071587836,-0.0811395589942425,1.479896071587836,1.424560014821677,-0.1952695784866165,1.424560014821677
351.0,48.051903884723664,1.4822403909171697,-0.08116015406404299,1.4822403909171697,1.4269200769635642,-0.1955044916192248,1.4269200769635642
351.0,48.02336025626333,1.4845847102465048,-0.0811807491338435,1.4845847102465048,1.4292801391054528,-0.19573940475183324,1.4292801391054528
351.0,47.99480382892665,1.4869635452813263,-0.08120093593784189,1.4869635452813263,1.431675055932745,-0.19597564158549596,1.431675055932745
351.0,47.966234578378035,1.48949758625887,-0.0812192869028272,1.48949758625887,1.434226702985601,-0.19621783067385348,1.434226702985601
351.0,47.93765248021452,1.4920316272364138,-0.08123763786781252,1.4920316272364138,1.4367783500384572,-0.196460019762211,1.4367783500384572
351.0,47.909057509965415,1.494565668213956,-0.08125598883279783,1.494565668213956,1.4393299970913118,-0.19670220885056838,1.4393299970913118
351.0,47.880449643091985,1.4970997091914997,-0.08127433979778315,1.4970997091914997,1.4418816441441678,-0.1969443979389259,1.4418816441441678
351.0,47.8518288549873,1.4996337501690435,-0.08129269076276846,1.4996337501690435,1.444433291197024,-0.19718658702728342,1.444433291197024
351.0,47.82319512097591,1.5021677911465858,-0.08131104172775377,1.5021677911465858,1.4469849382498785,-0.1974287761156408,1.4469849382498785
351.0,47.79454841631349,1.5047018321241294,-0.08132939269273909,1.5047018321241294,1.4495365853027347,-0.19767096520399835,1.4495365853027347
351.0,47.765888716186716,1.5072358731016733,-0.0813477436577244,1.5072358731016733,1.4520882323555906,-0.19791315429235587,1.4520882323555906
351.0,47.73721599571291,1.5097699140792156,-0.08136609462270972,1.5097699140792156,1.4546398794084452,-0.19815534338071325,1.4546398794084452
351.0,47.708530229939704,1.5123039550567592,-0.08138444558769503,1.5123039550567592,1.4571915264613013,-0.19839753246907077,1.4571915264613013
351.0,47.67983139384492,1.5148379960343015,-0.08140279655268035,1.5148379960343015,1.459743173514156,-0.19863972155742815,1.459743173514156
351.0,47.65111946233611,1.5173720370118453,-0.08142114751766566,1.5173720370118453,1.4622948205670119,-0.19888191064578567,1.4622948205670119
351.0,47.62239441025042,1.519906077989389,-0.08143949848265099,1.519906077989389,1.464846467619868,-0.19912409973414322,1.464846467619868
351.0,47.59365621235424,1.5224401189669312,-0.08145784944763629,1.5224401189669312,1.4673981146727226,-0.1993662888225006,1.4673981146727226
351.0,47.56490484334289,1.524974159944475,-0.0814762004126216,1.524974159944475,1.4699497617255788,-0.19960847791085812,1.4699497617255788
351.0,47.53614027784041,1.5275082009220187,-0.08149455137760693,1.5275082009220187,1.4725014087784347,-0.19985066699921564,1.4725014087784347
351.0,47.50736249039926,1.530042241899561,-0.08151290234259223,1.530042241899561,1.4750530558312893,-0.20009285608757302,1.4750530558312893
351.0,47.47857145549994,1.5325762828771048,-0.08153125330757756,1.5325762828771048,1.4776047028841455,-0.20033504517593054,1.4776047028841455
351.0,47.44976714755081,1.5351103238546484,-0.08154960427256287,1.5351103238546484,1.4801563499370016,-0.20057723426428808,1.4801563499370016
351.0,47.4209495408878,1.5376443648321907,-0.08156795523754817,1.5376443648321907,1.482707996989856,-0.20081942335264547,1.482707996989856
351.0,47.392118609773966,1.5401784058097345,-0.0815863062025335,1.5401784058097345,1.4852596440427122,-0.20106161244100298,1.4852596440427122
351.0,47.36327432839939,1.5427124467872781,-0.08160465716751882,1.5427124467872781,1.4878112910955683,-0.2013038015293605,1.4878112910955683
351.0,47.33441667088081,1.5452464877648204,-0.08162300813250413,1.5452464877648204,1.490362938148423,-0.20154599061771789,1.490362938148423
351.0,47.30554561126122,1.5477805287423643,-0.08164135909748944,1.5477805287423643,1.4929145852012788,-0.2017881797060754,1.4929145852012788
351.0,47.27666112350977,1.5503145697199063,-0.08165971006247474,1.5503145697199063,1.4954662322541334,-0.20203036879443279,1.4954662322541334
351.0,47.24776318152126,1.5528486106974502,-0.08167806102746007,1.5528486106974502,1.4980178793069896,-0.2022725578827903,1.4980178793069896
351.0,47.21885175911599,1.5553826516749938,-0.08169641199244539,1.5553826516749938,1.5005695263598458,-0.20251474697114785,1.5005695263598458
351.0,47.18992683003943,1.557916692652536,-0.0817147629574307,1.557916692652536,1.5031211734127004,-0.20275693605950523,1.5031211734127004
351.0,47.16098836796181,1.56045073363008,-0.08173311392241601,1.56045073363008,1.5056728204655563,-0.20299912514786275,1.5056728204655563
351.0,47.13203634647793,1.5629847746076235,-0.08175146488740133,1.5629847746076235,1.5082244675184124,-0.20324131423622027,1.5082244675184124
351.0,47.10307073910684,1.5655188155851658,-0.08176981585238664,1.5655188155851658,1.510776114571267,-0.20348350332457765,1.510776114571267
351.0,47.074091519291436,1.5680528565627097,-0.08178816681737196,1.5680528565627097,1.513327761624123,-0.20372569241293517,1.513327761624123
351.0,47.04509866039827,1.5705868975402533,-0.08180651778235727,1.5705868975402533,1.5158794086769791,-0.20396788150129272,1.5158794086769791
351.0,47.016092135717166,1.5731209385177956,-0.08182486874734259,1.5731209385177956,1.5184310557298337,-0.2042100705896501,1.5184310557298337
351.0,46.98707191846088,1.5757467153215743,-0.08184207590809875,1.5757467153215743,1.5210753322908865,-0.20445535147668828,1.5210753322908865
351.0,46.95803798176487,1.578486706598293,-0.0818578589905799,1.578486706598293,1.5238349359917456,-0.20470448176663963,1.5238349359917456
351.0,46.92899029868694,1.58122669787501,-0.08187364207306105,1.58122669787501,1.5265945396926026,-0.20495361205659085,1.5265945396926026
351.0,46.89992884220685,1.5839666891517288,-0.08188942515554222,1.5839666891517288,1.5293541433934617,-0.2052027423465422,1.5293541433934617
351.0,46.87085358522612,1.586706680428446,-0.08190520823802337,1.586706680428446,1.5321137470943187,-0.20545187263649342,1.5321137470943187
351.0,46.84176450056758,1.5894466717051647,-0.08192099132050454,1.5894466717051647,1.5348733507951775,-0.20570100292644478,1.5348733507951775
351.0,46.812661560975165,1.5921866629818835,-0.08193677440298569,1.5921866629818835,1.5376329544960365,-0.20595013321639613,1.5376329544960365
351.0,46.7835447391135,1.5949266542586005,-0.08195255748546684,1.5949266542586005,1.5403925581968936,-0.20619926350634735,1.5403925581968936
351.0,46.75441400756759,1.5976666455353192,-0.08196834056794801,1.5976666455353192,1.5431521618977526,-0.2064483937962987,1.5431521618977526
351.0,46.72526933884252,1.600406636812038,-0.08198412365042916,1.600406636812038,1.5459117655986114,-0.20669752408625006,1.5459117655986114
351.0,46.69611070536312,1.6031466280887552,-0.08199990673291031,1.6031466280887552,1.5486713692994685,-0.20694665437620127,1.5486713692994685
351.0,46.666938079473574,1.605886619365474,-0.08201568981539148,1.605886619365474,1.5514309730003275,-0.20719578466615263,1.5514309730003275
351.0,46.637751433437145,1.6086266106421927,-0.08203147289787265,1.6086266106421927,1.5541905767011863,-0.20744491495610398,1.5541905767011863
351.0,46.60855073943585,1.61136660191891,-0.0820472559803538,1.61136660191891,1.5569501804020436,-0.2076940452460552,1.5569501804020436
351.0,46.579335969570025,1.6141065931956287,-0.08206303906283495,1.6141065931956287,1.5597097841029024,-0.20794317553600655,1.5597097841029024
351.0,46.55010709585811,1.6168465844723456,-0.0820788221453161,1.6168465844723456,1.5624693878037597,-0.20819230582595777,1.5624693878037597
351.0,46.520864090236195,1.6195865757490644,-0.08209460522779727,1.6195865757490644,1.5652289915046185,-0.20844143611590912,1.5652289915046185
351.0,46.49160692455776,1.6223265670257832,-0.08211038831027843,1.6223265670257832,1.5679885952054773,-0.20869056640586048,1.5679885952054773
351.0,46.4623355705933,1.6250665583025004,-0.08212617139275959,1.6250665583025004,1.5707481989063345,-0.20893969669581167,1.5707481989063345
351.0,46.433050000029915,1.627806549579219,-0.08214195447524074,1.627806549579219,1.5735078026071934,-0.20918882698576305,1.5735078026071934
351.0,46.40375018447107,1.6305465408559379,-0.0821577375577219,1.6305465408559379,1.5762674063080522,-0.2094379572757144,1.5762674063080522
351.0,46.37443609543621,1.6332865321326548,-0.08217352064020306,1.6332865321326548,1.5790270100089094,-0.2096870875656656,1.5790270100089094
351.0,46.34510770436028,1.6360265234093736,-0.08218930372268422,1.6360265234093736,1.5817866137097683,-0.20993621785561697,1.5817866137097683
351.0,46.31576498259357,1.6387665146860924,-0.08220508680516538,1.6387665146860924,1.584546217410627,-0.21018534814556833,1.584546217410627
351.0,46.28640790140125,1.6415065059628096,-0.08222086988764653,1.6415065059628096,1.5873058211114843,-0.21043447843551952,1.5873058211114843
351.0,46.257036431962966,1.6442464972395283,-0.0822366529701277,1.6442464972395283,1.5900654248123431,-0.21068360872547087,1.5900654248123431
351.0,46.22765054537258,1.646986488516247,-0.08225243605260886,1.646986488516247,1.592825028513202,-0.21093273901542225,1.592825028513202
351.0,46.198250212637774,1.6497264797929643,-0.08226821913509001,1.6497264797929643,1.5955846322140592,-0.21118186930537344,1.5955846322140592
351.0,46.1688354046796,1.652466471069683,-0.08228400221757116,1.652466471069683,1.598344235914918,-0.2114309995953248,1.598344235914918
351.0,46.13940609233227,1.6552064623464,-0.08229978530005232,1.6552064623464,1.6011038396157753,-0.211680129885276,1.6011038396157753
351.0,46.10996224634262,1.6579464536231188,-0.08231556838253348,1.6579464536231188,1.603863443316634,-0.21192926017522737,1.603863443316634
351.0,46.08050383736987,1.6606864448998375,-0.08233135146501465,1.6606864448998375,1.6066230470174931,-0.21217839046517872,1.6066230470174931
351.0,46.051030835985195,1.6634264361765547,-0.0823471345474958,1.6634264361765547,1.6093826507183502,-0.21242752075512994,1.6093826507183502
351.0,46.021543212671304,1.6661664274532735,-0.08236291762997695,1.6661664274532735,1.6121422544192092,-0.2126766510450813,1.6121422544192092
351.0,45.992040937822175,1.6689667190035238,-0.08237791392237599,1.6689667190035238,1.6149627395726076,-0.21292753270555614,1.6149627395726076
351.0,45.962523981742585,1.671930269058191,-0.08239078003916259,1.671930269058191,1.6179480567293492,-0.21318315607142618,1.6179480567293492
351.0,45.93299231464772,1.67489381911286,-0.08240364615594918,1.67489381911286,1.6209333738860925,-0.21343877943729636,1.6209333738860925
351.0,45.90344590666287,1.677857369167529,-0.08241651227273578,1.677857369167529,1.6239186910428358,-0.21369440280316657,1.6239186910428358
351.0,45.873884727823,1.6808209192221963,-0.08242937838952237,1.6808209192221963,1.6269040081995774,-0.21395002616903658,1.6269040081995774
351.0,45.84430874807231,1.6837844692768653,-0.08244224450630896,1.6837844692768653,1.6298893253563207,-0.21420564953490678,1.6298893253563207
351.0,45.814717937263964,1.6867480193315325,-0.08245511062309556,1.6867480193315325,1.6328746425130622,-0.21446127290077682,1.6328746425130622
351.0,45.785112265159555,1.6897115693862017,-0.08246797673988215,1.6897115693862017,1.6358599596698058,-0.214716896266647,1.6358599596698058
351.0,45.75549170142884,1.6926751194408707,-0.08248084285666876,1.6926751194408707,1.6388452768265491,-0.2149725196325172,1.6388452768265491
351.0,45.72585621564927,1.6956386694955379,-0.08249370897345534,1.6956386694955379,1.6418305939832907,-0.21522814299838725,1.6418305939832907
351.0,45.69620577730559,1.6986022195502068,-0.08250657509024195,1.6986022195502068,1.644815911140034,-0.21548376636425742,1.644815911140034
351.0,45.66654035578947,1.7015657696048758,-0.08251944120702855,1.7015657696048758,1.6478012282967773,-0.21573938973012763,1.6478012282967773
351.0,45.63685992039911,1.7045293196595432,-0.08253230732381514,1.7045293196595432,1.6507865454535189,-0.21599501309599767,1.6507865454535189
351.0,45.60716444033876,1.7074928697142122,-0.08254517344060174,1.7074928697142122,1.6537718626102622,-0.21625063646186785,1.6537718626102622
351.0,45.57745388471839,1.7104564197688812,-0.08255803955738834,1.7104564197688812,1.6567571797670055,-0.21650625982773805,1.6567571797670055
351.0,45.54772822255329,1.7134199698235486,-0.08257090567417492,1.7134199698235486,1.659742496923747,-0.21676188319360806,1.659742496923747
351.0,45.51798742276353,1.7163835198782176,-0.08258377179096153,1.7163835198782176,1.6627278140804906,-0.21701750655947827,1.6627278140804906
351.0,45.48823145417373,1.7193470699328866,-0.08259663790774813,1.7193470699328866,1.665713131237234,-0.21727312992534845,1.665713131237234
351.0,45.4584602855125,1.7223106199875537,-0.08260950402453472,1.7223106199875537,1.6686984483939755,-0.21752875329121849,1.6686984483939755
351.0,45.428673885412074,1.725274170042223,-0.08262237014132132,1.725274170042223,1.6716837655507188,-0.2177843766570887,1.6716837655507188
351.0,45.3988722224079,1.7282377200968901,-0.08263523625810791,1.7282377200968901,1.6746690827074604,-0.21804000002295873,1.6746690827074604
351.0,45.36905526493817,1.7312012701515591,-0.0826481023748945,1.7312012701515591,1.6776543998642037,-0.2182956233888289,1.6776543998642037
351.0,45.33922298134344,1.734164820206228,-0.08266096849168111,1.734164820206228,1.680639717020947,-0.2185512467546991,1.680639717020947
351.0,45.309375339866214,1.7371283702608955,-0.0826738346084677,1.7371283702608955,1.6836250341776888,-0.21880687012056915,1.6836250341776888
351.0,45.27951230865041,1.7400919203155645,-0.0826867007252543,1.7400919203155645,1.6866103513344322,-0.21906249348643933,1.6866103513344322
351.0,45.24963385574107,1.7430554703702335,-0.0826995668420409,1.7430554703702335,1.6895956684911755,-0.2193181168523095,1.6895956684911755
351.0,45.21973994908382,1.7460190204249006,-0.08271243295882749,1.7460190204249006,1.692580985647917,-0.21957374021817955,1.692580985647917
351.0,45.18983055652445,1.7489825704795698,-0.08272529907561409,1.7489825704795698,1.6955663028046604,-0.21982936358404975,1.6955663028046604
351.0,45.15990564580852,1.7519461205342388,-0.08273816519240068,1.7519461205342388,1.6985516199614037,-0.22008498694991993,1.6985516199614037
351.0,45.12996518458088,1.754909670588906,-0.08275103130918728,1.754909670588906,1.7015369371181452,-0.22034061031578997,1.7015369371181452
351.0,45.10000914038519,1.757873220643575,-0.08276389742597387,1.757873220643575,1.7045222542748886,-0.22059623368166018,1.7045222542748886
351.0,45.07003748066356,1.7608367706982424,-0.08277676354276046,1.7608367706982424,1.7075075714316303,-0.22085185704753021,1.7075075714316303
351.0,45.040050172755976,1.7638003207529114,-0.08278962965954707,1.7638003207529114,1.7104928885883737,-0.2211074804134004,1.7104928885883737
351.0,45.01004718389999,1.7667638708075803,-0.08280249577633367,1.7667638708075803,1.713478205745117,-0.2213631037792706,1.713478205745117
351.0,44.98002848123017,1.769888844436014,-0.08281317187744938,1.769888844436014,1.716626481672138,-0.22162266179760898,1.716626481672138
351.0,44.94999403177763,1.7730950476050453,-0.08282274594642261,1.7730950476050453,1.719856759662038,-0.22188419976227727,1.719856759662038
351.0,44.91994380246962,1.7763012507740767,-0.08283232001539585,1.7763012507740767,1.7230870376519383,-0.22214573772694554,1.7230870376519383
351.0,44.88987776012907,1.7795074539431062,-0.0828418940843691,1.7795074539431062,1.7263173156418365,-0.22240727569161367,1.7263173156418365
351.0,44.859795871474034,1.7827136571121376,-0.08285146815334234,1.7827136571121376,1.7295475936317368,-0.22266881365628197,1.7295475936317368
351.0,44.82969810311734,1.785919860281169,-0.08286104222231556,1.785919860281169,1.732777871621637,-0.22293035162095023,1.732777871621637
351.0,44.79958442156603,1.7891260634501984,-0.0828706162912888,1.7891260634501984,1.7360081496115354,-0.22319188958561836,1.7360081496115354
351.0,44.7694547932209,1.7923322666192298,-0.08288019036026205,1.7923322666192298,1.7392384276014354,-0.22345342755028663,1.7392384276014354
351.0,44.73930918437607,1.7955384697882613,-0.08288976442923529,1.7955384697882613,1.7424687055913357,-0.22371496551495493,1.7424687055913357
351.0,44.70914756121846,1.798744672957291,-0.08289933849820852,1.798744672957291,1.745698983581234,-0.22397650347962306,1.745698983581234
351.0,44.67896988982728,1.8019508761263223,-0.08290891256718176,1.8019508761263223,1.7489292615711343,-0.22423804144429133,1.7489292615711343
351.0,44.64877613617363,1.8051570792953517,-0.08291848663615499,1.8051570792953517,1.7521595395610325,-0.22449957940895945,1.7521595395610325
351.0,44.61856626611992,1.8083632824643832,-0.08292806070512823,1.8083632824643832,1.7553898175509328,-0.22476111737362772,1.7553898175509328
351.0,44.588340245419445,1.8115694856334146,-0.08293763477410147,1.8115694856334146,1.758620095540833,-0.22502265533829602,1.758620095540833
351.0,44.55809803971587,1.814775688802444,-0.0829472088430747,1.814775688802444,1.7618503735307314,-0.22528419330296415,1.7618503735307314
351.0,44.52783961454269,1.8179818919714754,-0.08295678291204794,1.8179818919714754,1.7650806515206314,-0.22554573126763242,1.7650806515206314
351.0,44.497564935322806,1.8211880951405068,-0.08296635698102119,1.8211880951405068,1.7683109295105317,-0.2258072692323007,1.7683109295105317
351.0,44.46727396736797,1.8243942983095363,-0.08297593104999443,1.8243942983095363,1.77154120750043,-0.2260688071969688,1.77154120750043
351.0,44.43696667587827,1.8276005014785677,-0.08298550511896766,1.8276005014785677,1.7747714854903303,-0.2263303451616371,1.7747714854903303
351.0,44.40664302594167,1.830806704647599,-0.0829950791879409,1.830806704647599,1.7780017634802303,-0.22659188312630538,1.7780017634802303
351.0,44.37630298253347,1.8340129078166285,-0.08300465325691414,1.8340129078166285,1.7812320414701288,-0.2268534210909735,1.7812320414701288
351.0,44.345946510515745,1.83721911098566,-0.08301422732588738,1.83721911098566,1.7844623194600289,-0.2271149590556418,1.7844623194600289
351.0,44.31557357463695,1.8404253141546896,-0.08302380139486061,1.8404253141546896,1.7876925974499271,-0.22737649702030993,1.7876925974499271
351.0,44.28518413953124,1.843631517323721,-0.08303337546383385,1.843631517323721,1.7909228754398274,-0.2276380349849782,1.7909228754398274
351.0,44.25477816971808,1.8468377204927522,-0.0830429495328071,1.8468377204927522,1.7941531534297277,-0.2278995729496465,1.7941531534297277
351.0,44.22435562960167,1.8500439236617818,-0.08305252360178032,1.8500439236617818,1.797383431419626,-0.2281611109143146,1.797383431419626
351.0,44.193916483470346,1.8532501268308132,-0.08306209767075357,1.8532501268308132,1.8006137094095263,-0.2284226488789829,1.8006137094095263
351.0,44.16346069549617,1.8564563299998447,-0.08307167173972681,1.8564563299998447,1.8038439873994263,-0.22868418684365116,1.8038439873994263
351.0,44.13298822973433,1.859662533168874,-0.08308124580870004,1.859662533168874,1.8070742653893246,-0.2289457248083193,1.8070742653893246
351.0,44.10249905012256,1.8628687363379055,-0.08309081987767328,1.8628687363379055,1.8103045433792249,-0.22920726277298759,1.8103045433792249
351.0,44.07199312048067,1.866074939506937,-0.08310039394664652,1.866074939506937,1.8135348213691251,-0.22946880073765585,1.8135348213691251
351.0,44.04147040450999,1.8692811426759663,-0.08310996801561975,1.8692811426759663,1.8167650993590234,-0.22973033870232398,1.8167650993590234
351.0,44.01093086579273,1.8724873458449978,-0.08311954208459299,1.8724873458449978,1.8199953773489237,-0.22999187666699225,1.8199953773489237
351.0,43.98037446779157,1.8758626714462108,-0.08312674403113457,1.8758626714462108,1.8233963606550596,-0.23025674585570735,1.8233963606550596
351.0,43.94980117384901,1.8793322194701365,-0.08313262440773653,1.8793322194701365,1.8268924482490076,-0.23052347095434655,1.8268924482490076
351.0,43.919210947186784,1.8828017674940645,-0.08313850478433847,1.8828017674940645,1.830388535842958,-0.23079019605298587,1.830388535842958
351.0,43.88860375090542,1.8862713155179902,-0.08314438516094043,1.8862713155179902,1.833884623436906,-0.23105692115162507,1.833884623436906
351.0,43.85797954798352,1.889740863541918,-0.08315026553754239,1.889740863541918,1.837380711030856,-0.2313236462502644,1.837380711030856
351.0,43.82733830127732,1.8932104115658457,-0.08315614591414433,1.8932104115658457,1.8408767986248062,-0.23159037134890373,1.8408767986248062
351.0,43.796679973520085,1.8966799595897714,-0.08316202629074629,1.8966799595897714,1.8443728862187543,-0.23185709644754293,1.8443728862187543
351.0,43.766004527321435,1.9001495076136994,-0.08316790666734825,1.9001495076136994,1.8478689738127043,-0.23212382154618225,1.8478689738127043
351.0,43.7353119251669,1.9036190556376271,-0.08317378704395019,1.9036190556376271,1.8513650614066544,-0.2323905466448216,1.8513650614066544
351.0,43.70460212941729,1.9070886036615529,-0.08317966742055215,1.9070886036615529,1.8548611490006026,-0.23265727174346076,1.8548611490006026
351.0,43.67387510230804,1.9105581516854806,-0.0831855477971541,1.9105581516854806,1.8583572365945527,-0.2329239968421001,1.8583572365945527
351.0,43.64313080594873,1.9140276997094086,-0.08319142817375605,1.9140276997094086,1.8618533241885027,-0.23319072194073945,1.8618533241885027
351.0,43.61236920232243,1.9174972477333343,-0.083197308550358,1.9174972477333343,1.865349411782451,-0.23345744703937862,1.865349411782451
351.0,43.58159025328506,1.920966795757262,-0.08320318892695996,1.920966795757262,1.868845499376401,-0.23372417213801797,1.868845499376401
351.0,43.55079392056492,1.9244363437811878,-0.08320906930356191,1.9244363437811878,1.872341586970349,-0.23399089723665714,1.872341586970349
351.0,43.51998016576193,1.9279058918051155,-0.08321494968016387,1.9279058918051155,1.8758376745642993,-0.23425762233529648,1.8758376745642993
351.0,43.489148950347136,1.9313754398290435,-0.08322083005676581,1.9313754398290435,1.8793337621582493,-0.23452434743393583,1.8793337621582493
351.0,43.45830023566208,1.9348449878529692,-0.08322671043336777,1.9348449878529692,1.8828298497521974,-0.234791072532575,1.8828298497521974
351.0,43.42743398291808,1.938314535876897,-0.08323259080996973,1.938314535876897,1.8863259373461474,-0.23505779763121434,1.8863259373461474
351.0,43.39655015319577,1.9417840839008247,-0.08323847118657167,1.9417840839008247,1.8898220249400977,-0.23532452272985369,1.8898220249400977
351.0,43.36564870744438,1.9452536319247504,-0.08324435156317363,1.9452536319247504,1.8933181125340457,-0.23559124782849286,1.8933181125340457
351.0,43.33472960648107,1.9487231799486784,-0.08325023193977558,1.9487231799486784,1.8968142001279957,-0.2358579729271322,1.8968142001279957
351.0,43.30379281099044,1.9521927279726061,-0.08325611231637753,1.9521927279726061,1.900310287721946,-0.23612469802577155,1.900310287721946
351.0,43.272838281523775,1.9556622759965319,-0.08326199269297949,1.9556622759965319,1.903806375315894,-0.23639142312441072,1.903806375315894
351.0,43.24186597849841,1.9591318240204598,-0.08326787306958144,1.9591318240204598,1.907302462909844,-0.23665814822305006,1.907302462909844
351.0,43.21087586219715,1.9626013720443876,-0.08327375344618339,1.9626013720443876,1.9107985505037943,-0.2369248733216894,1.9107985505037943
351.0,43.17986789276761,1.9660709200683133,-0.08327963382278535,1.9660709200683133,1.9142946380977424,-0.23719159842032858,1.9142946380977424
351.0,43.148842030221495,1.969540468092241,-0.0832855141993873,1.969540468092241,1.9177907256916924,-0.23745832351896792,1.9177907256916924
351.0,43.11779823443405,1.9730100161161668,-0.08329139457598925,1.9730100161161668,1.9212868132856404,-0.2377250486176071,1.9212868132856404
351.0,43.08673646514327,1.9764795641400947,-0.0832972749525912,1.9764795641400947,1.9247829008795907,-0.23799177371624644,1.9247829008795907
351.0,43.05565668194941,1.9799491121640225,-0.08330315532919316,1.9799491121640225,1.9282789884735407,-0.23825849881488578,1.9282789884735407
351.0,43.024558844314164,1.9834186601879482,-0.0833090357057951,1.9834186601879482,1.9317750760674888,-0.23852522391352496,1.9317750760674888
351.0,42.99344291156004,1.9869484109145275,-0.08331404761263224,1.9869484109145275,1.9353319193607683,-0.23879285291961885,1.9353319193607683
351.0,42.96230884286973,1.9907037098130562,-0.08331580581557863,1.9907037098130562,1.9391163826165367,-0.23906386839617016,1.9391163826165367
351.0,42.9311565972854,1.9944590087115828,-0.08331756401852503,1.9944590087115828,1.942900845872303,-0.23933488387272134,1.942900845872303
351.0,42.899986133707955,1.9982143076101115,-0.08331932222147141,1.9982143076101115,1.9466853091280714,-0.23960589934927265,1.9466853091280714
351.0,42.86879741089644,2.00196960650864,-0.08332108042441781,2.00196960650864,1.9504697723838398,-0.239876914825824,1.9504697723838398
351.0,42.8375903874673,2.005724905407167,-0.0833228386273642,2.005724905407167,1.9542542356396058,-0.24014793030237516,1.9542542356396058
351.0,42.80636502189367,2.0094802043056954,-0.0833245968303106,2.0094802043056954,1.9580386988953742,-0.24041894577892647,1.9580386988953742
351.0,42.77512127250472,2.013235503204222,-0.083326355033257,2.013235503204222,1.9618231621511404,-0.24068996125547765,1.9618231621511404
351.0,42.74385909748487,2.0169908021027507,-0.08332811323620339,2.0169908021027507,1.9656076254069088,-0.24096097673202896,1.9656076254069088
351.0,42.712578454873196,2.0207461010012797,-0.08332987143914979,2.0207461010012797,1.9693920886626772,-0.2412319922085803,1.9693920886626772
351.0,42.681279302562636,2.024501399899806,-0.08333162964209617,2.024501399899806,1.9731765519184432,-0.24150300768513147,1.9731765519184432
351.0,42.649961598299235,2.0282566987983346,-0.08333338784504257,2.0282566987983346,1.9769610151742116,-0.24177402316168278,1.9769610151742116
351.0,42.618625299681526,2.0320119976968636,-0.08333514604798896,2.0320119976968636,1.98074547842998,-0.24204503863823412,1.98074547842998
351.0,42.58727036415976,2.03576729659539,-0.08333690425093536,2.03576729659539,1.9845299416857463,-0.24231605411478527,1.9845299416857463
351.0,42.555896749035085,2.039522595493919,-0.08333866245388175,2.039522595493919,1.9883144049415147,-0.2425870695913366,1.9883144049415147
351.0,42.52450441145896,2.0432778943924474,-0.08334042065682815,2.0432778943924474,1.992098868197283,-0.24285808506788792,1.992098868197283
351.0,42.493093308432336,2.047033193290974,-0.08334217885977453,2.047033193290974,1.995883331453049,-0.2431291005444391,1.995883331453049
351.0,42.46166339680485,2.0507884921895028,-0.08334393706272093,2.0507884921895028,1.9996677947088175,-0.24340011602099043,1.9996677947088175
351.0,42.4302146332742,2.0545437910880318,-0.08334569526566732,2.0545437910880318,2.003452257964586,-0.24367113149754174,2.003452257964586
351.0,42.3987469743853,2.058299089986558,-0.08334745346861372,2.058299089986558,2.007236721220352,-0.24394214697409292,2.007236721220352
351.0,42.36726037652951,2.062054388885087,-0.0833492116715601,2.062054388885087,2.0110211844761205,-0.24421316245064423,2.0110211844761205
351.0,42.33575479594396,2.0658096877836134,-0.0833509698745065,2.0658096877836134,2.0148056477318868,-0.2444841779271954,2.0148056477318868
351.0,42.30423018871068,2.069564986682142,-0.0833527280774529,2.069564986682142,2.018590110987655,-0.2447551934037467,2.018590110987655
351.0,42.27268651075589,2.073320285580671,-0.08335448628039929,2.073320285580671,2.0223745742434236,-0.24502620888029805,2.0223745742434236
351.0,42.2411237178492,2.0770755844791973,-0.08335624448334569,2.0770755844791973,2.0261590374991894,-0.24529722435684922,2.0261590374991894
351.0,42.20954176560276,2.0808308833777263,-0.08335800268629208,2.0808308833777263,2.0299435007549578,-0.24556823983340054,2.0299435007549578
351.0,42.177940609470596,2.084586182276255,-0.08335976088923848,2.084586182276255,2.033727964010726,-0.24583925530995188,2.033727964010726
351.0,42.146320204747745,2.0883414811747816,-0.08336151909218487,2.0883414811747816,2.0375124272664924,-0.24611027078650302,2.0375124272664924
351.0,42.114680506569385,2.09209678007331,-0.08336327729513127,2.09209678007331,2.041296890522261,-0.24638128626305436,2.041296890522261
351.0,42.08302146991018,2.095852078971839,-0.08336503549807765,2.095852078971839,2.0450813537780292,-0.24665230173960567,2.0450813537780292
351.0,42.051343049583345,2.0996073778703654,-0.08336679370102405,2.0996073778703654,2.0488658170337954,-0.24692331721615685,2.0488658170337954
351.0,42.01964520023985,2.103362676768894,-0.08336855190397044,2.103362676768894,2.052650280289564,-0.24719433269270819,2.052650280289564
351.0,41.98792787636769,2.107235941523865,-0.08336856823052431,2.107235941523865,2.0565537698109755,-0.247466566784563,2.0565537698109755
351.0,41.9561910322909,2.1113012334141943,-0.08336574909651455,2.1113012334141943,2.0606510126226456,-0.24774078456231585,2.0606510126226456
351.0,41.92443462216886,2.1153665253045237,-0.08336292996250479,2.1153665253045237,2.064748255434316,-0.24801500234006874,2.064748255434316
351.0,41.89265859999543,2.119431817194851,-0.08336011082849502,2.119431817194851,2.0688454982459845,-0.24828922011782142,2.0688454982459845
351.0,41.86086291959799,2.12349710908518,-0.08335729169448527,2.12349710908518,2.0729427410576546,-0.2485634378955743,2.0729427410576546
351.0,41.829047534636764,2.1275624009755094,-0.08335447256047551,2.1275624009755094,2.077039983869325,-0.2488376556733272,2.077039983869325
351.0,41.79721239860388,2.1316276928658366,-0.08335165342646575,2.1316276928658366,2.081137226680993,-0.24911187345107988,2.081137226680993
351.0,41.76535746482244,2.135692984756166,-0.08334883429245599,2.135692984756166,2.0852344694926637,-0.24938609122883276,2.0852344694926637
351.0,41.7334826864458,2.1397582766464955,-0.08334601515844624,2.1397582766464955,2.0893317123043342,-0.24966030900658562,2.0893317123043342
351.0,41.701588016456604,2.1438235685368223,-0.08334319602443648,2.1438235685368223,2.093428955116002,-0.24993452678433833,2.093428955116002
351.0,41.6696734076659,2.1478888604271518,-0.08334037689042671,2.1478888604271518,2.0975261979276727,-0.2502087445620912,2.0975261979276727
351.0,41.637738812712314,2.151954152317481,-0.08333755775641695,2.151954152317481,2.1016234407393433,-0.2504829623398441,2.1016234407393433
351.0,41.605784184061136,2.156019444207808,-0.0833347386224072,2.156019444207808,2.105720683551011,-0.2507571801175968,2.105720683551011
351.0,41.57380947400336,2.1600847360981374,-0.08333191948839744,2.1600847360981374,2.1098179263626817,-0.2510313978953497,2.1098179263626817
351.0,41.54181463465493,2.1641500279884642,-0.08332910035438768,2.1641500279884642,2.1139151691743496,-0.25130561567310233,2.1139151691743496
351.0,41.50979961795565,2.1682153198787937,-0.08332628122037791,2.1682153198787937,2.11801241198602,-0.2515798334508552,2.11801241198602
351.0,41.47776437566844,2.172280611769123,-0.08332346208636816,2.172280611769123,2.1221096547976908,-0.2518540512286081,2.1221096547976908
351.0,41.44570885937832,2.17634590365945,-0.0833206429523584,2.17634590365945,2.1262068976093587,-0.2521282690063608,2.1262068976093587
351.0,41.41363302049148,2.1804111955497794,-0.08331782381834864,2.1804111955497794,2.1303041404210292,-0.25240248678411364,2.1303041404210292
351.0,41.3815368102344,2.184476487440109,-0.08331500468433888,2.184476487440109,2.1344013832327,-0.2526767045618665,2.1344013832327
351.0,41.34942017965291,2.188541779330436,-0.08331218555032913,2.188541779330436,2.1384986260443677,-0.25295092233961924,2.1384986260443677
351.0,41.31728307961115,2.1926070712207655,-0.08330936641631936,2.1926070712207655,2.1425958688560383,-0.2532251401173721,2.1425958688560383
351.0,41.28512546079077,2.1966723631110945,-0.0833065472823096,2.1966723631110945,2.146693111667709,-0.253499357895125,2.146693111667709
351.0,41.252947273689884,2.2007376550014217,-0.08330372814829984,2.2007376550014217,2.1507903544793767,-0.25377357567287767,2.1507903544793767
351.0,41.22074846862205,2.204802946891751,-0.08330090901429009,2.204802946891751,2.1548875972910473,-0.25404779345063055,2.1548875972910473
351.0,41.18852899571546,2.208868238782078,-0.08329808988028033,2.208868238782078,2.158984840102715,-0.25432201122838327,2.158984840102715
351.0,41.15628880491181,2.2129335306724074,-0.08329527074627056,2.2129335306724074,2.1630820829143858,-0.25459622900613615,2.1630820829143858
351.0,41.12402784596541,2.216998822562737,-0.0832924516122608,2.216998822562737,2.1671793257260563,-0.25487044678388904,2.1671793257260563
351.0,41.091746068442184,2.2210641144530636,-0.08328963247825105,2.2210641144530636,2.171276568537724,-0.2551446645616417,2.171276568537724
351.0,41.05944342171858,2.225129406343393,-0.08328681334424129,2.225129406343393,2.175373811349395,-0.2554188823393946,2.175373811349395
351.0,41.02711985498073,2.2291946982337225,-0.08328399421023153,2.2291946982337225,2.1794710541610653,-0.25569310011714746,2.1794710541610653
351.0,40.99477531722331,2.233314282018145,-0.08328035818623238,2.233314282018145,2.183623065023832,-0.25596762456364464,2.183623065023832
351.0,40.96240975724854,2.2377157712152678,-0.08327248053991691,2.2377157712152678,2.188059453698517,-0.2562437413579575,2.188059453698517
351.0,40.93002312366523,2.2421172604123907,-0.08326460289360145,2.2421172604123907,2.1924958423732024,-0.25651985815227046,2.1924958423732024
351.0,40.897615364887706,2.246518749609511,-0.08325672524728599,2.246518749609511,2.196932231047885,-0.25679597494658324,2.196932231047885
351.0,40.865186429134724,2.250920238806634,-0.08324884760097054,2.250920238806634,2.2013686197225706,-0.2570720917408961,2.2013686197225706
351.0,40.832736264428505,2.2553217280037567,-0.08324096995465508,2.2553217280037567,2.2058050083972556,-0.25734820853520907,2.2058050083972556
351.0,40.80026481859369,2.259723217200877,-0.08323309230833961,2.259723217200877,2.2102413970719383,-0.25762432532952184,2.2102413970719383
351.0,40.767772039256144,2.264124706398,-0.08322521466202415,2.264124706398,2.2146777857466233,-0.25790044212383473,2.2146777857466233
351.0,40.73525787384209,2.26852619559512,-0.08321733701570869,2.26852619559512,2.219114174421306,-0.2581765589181475,2.219114174421306
351.0,40.70272226957684,2.272927684792243,-0.08320945936939324,2.272927684792243,2.2235505630959915,-0.25845267571246044,2.2235505630959915
351.0,40.67016517348387,2.277329173989366,-0.08320158172307777,2.277329173989366,2.2279869517706765,-0.25872879250677333,2.2279869517706765
351.0,40.637586532383686,2.281730663186486,-0.08319370407676231,2.281730663186486,2.2324233404453593,-0.2590049093010861,2.2324233404453593
351.0,40.60498629289261,2.286132152383609,-0.08318582643044685,2.286132152383609,2.2368597291200447,-0.25928102609539905,2.2368597291200447
351.0,40.57236440142188,2.290533641580732,-0.08317794878413139,2.290533641580732,2.2412961177947297,-0.25955714288971193,2.2412961177947297
351.0,40.53972080417638,2.2949351307778523,-0.08317007113781594,2.2949351307778523,2.2457325064694125,-0.2598332596840247,2.2457325064694125
351.0,40.50705544715359,2.299336619974975,-0.08316219349150047,2.299336619974975,2.250168895144098,-0.26010937647833765,2.250168895144098
351.0,40.47436827614243,2.303738109172098,-0.08315431584518501,2.303738109172098,2.254605283818783,-0.26038549327265054,2.254605283818783
351.0,40.44165923672217,2.308139598369219,-0.08314643819886955,2.308139598369219,2.2590416724934657,-0.2606616100669633,2.2590416724934657
351.0,40.40892827426121,2.3125410875663417,-0.08313856055255409,2.3125410875663417,2.263478061168151,-0.26093772686127625,2.263478061168151
351.0,40.376175333916024,2.316942576763462,-0.08313068290623864,2.316942576763462,2.2679144498428334,-0.261213843655589,2.2679144498428334
351.0,40.34340036062989,2.321344065960585,-0.08312280525992317,2.321344065960585,2.272350838517519,-0.2614899604499019,2.272350838517519
351.0,40.310603299131856,2.3257455551577078,-0.08311492761360771,2.3257455551577078,2.2767872271922043,-0.26176607724421486,2.2767872271922043
351.0,40.27778409393549,2.330147044354828,-0.08310704996729225,2.330147044354828,2.2812236158668866,-0.2620421940385276,2.2812236158668866
351.0,40.2449426893376,2.334548533551951,-0.08309917232097679,2.334548533551951,2.285660004541572,-0.2623183108328405,2.285660004541572
351.0,40.212079029417254,2.338950022749074,-0.08309129467466132,2.338950022749074,2.2900963932162575,-0.2625944276271534,2.2900963932162575
351.0,40.17919305803445,2.343351511946194,-0.08308341702834587,2.343351511946194,2.29453278189094,-0.2628705444214662,2.29453278189094
351.0,40.146284718828866,2.347753001143317,-0.08307553938203041,2.347753001143317,2.298969170565625,-0.2631466612157791,2.298969170565625
351.0,40.11335395521875,2.35215449034044,-0.08306766173571495,2.35215449034044,2.3034055592403107,-0.263422778010092,2.3034055592403107
351.0,40.08040071039966,2.35655597953756,-0.08305978408939949,2.35655597953756,2.307841947914993,-0.2636988948044048,2.307841947914993
351.0,40.04742492734316,2.360957468734683,-0.08305190644308402,2.360957468734683,2.3122783365896784,-0.2639750115987177,2.3122783365896784
351.0,40.01442654879567,2.365358957931806,-0.08304402879676856,2.365358957931806,2.316714725264364,-0.2642511283930306,2.316714725264364
351.0,39.981405517277196,2.3699656662171136,-0.08303301820670794,2.3699656662171136,2.3213580835035637,-0.26452744482512314,2.3213580835035637
351.0,39.94836177507998,2.374731648636521,-0.08301957608405164,2.374731648636521,2.3261620744522475,-0.2648039161995985,2.3261620744522475
351.0,39.91529526426739,2.3794976310559255,-0.08300613396139535,2.3794976310559255,2.330966065400929,-0.26508038757407365,2.330966065400929
351.0,39.882205926672434,2.384263613475333,-0.08299269183873903,2.384263613475333,2.335770056349613,-0.265356858948549,2.335770056349613
351.0,39.849093703896685,2.3890295958947405,-0.08297924971608273,2.3890295958947405,2.3405740472982974,-0.26563333032302433,2.3405740472982974
351.0,39.81595853730886,2.393795578314145,-0.08296580759342642,2.393795578314145,2.3453780382469787,-0.26590980169749956,2.3453780382469787
351.0,39.78280036804349,2.3985615607335524,-0.08295236547077012,2.3985615607335524,2.350182029195663,-0.2661862730719749,2.350182029195663
351.0,39.749619136999684,2.40332754315296,-0.08293892334811381,2.40332754315296,2.3549860201443473,-0.26646274444645024,2.3549860201443473
351.0,39.716414784839806,2.4080935255723643,-0.08292548122545751,2.4080935255723643,2.3597900110930285,-0.2667392158209254,2.3597900110930285
351.0,39.683187251988016,2.412859507991772,-0.0829120391028012,2.412859507991772,2.364594002041713,-0.26701568719540075,2.364594002041713
351.0,39.64993647862907,2.4176254904111794,-0.0828985969801449,2.4176254904111794,2.369397992990397,-0.2672921585698761,2.369397992990397
351.0,39.61666240470693,2.4223914728305838,-0.0828851548574886,2.4223914728305838,2.3742019839390784,-0.2675686299443513,2.3742019839390784
351.0,39.583364969923274,2.4271574552499913,-0.08287171273483229,2.4271574552499913,2.3790059748877628,-0.26784510131882666,2.3790059748877628
351.0,39.55004411373633,2.431923437669396,-0.08285827061217599,2.431923437669396,2.383809965836444,-0.26812157269330184,2.383809965836444
351.0,39.516699775359285,2.436689420088803,-0.08284482848951968,2.436689420088803,2.3886139567851283,-0.2683980440677772,2.3886139567851283
351.0,39.48333189375906,2.4414554025082107,-0.08283138636686338,2.4414554025082107,2.3934179477338122,-0.2686745154422525,2.3934179477338122
351.0,39.44994040765482,2.4462213849276155,-0.08281794424420708,2.4462213849276155,2.398221938682494,-0.26895098681672774,2.398221938682494
351.0,39.41652525551652,2.4509873673470226,-0.08280450212155077,2.4509873673470226,2.403025929631178,-0.2692274581912031,2.403025929631178
351.0,39.38308637556357,2.45575334976643,-0.08279105999889447,2.45575334976643,2.407829920579862,-0.2695039295656784,2.407829920579862
351.0,39.34962370576338,2.460519332185835,-0.08277761787623816,2.460519332185835,2.4126339115285433,-0.2697804009401536,2.4126339115285433
351.0,39.316137183829795,2.465285314605242,-0.08276417575358186,2.465285314605242,2.4174379024772277,-0.27005687231462894,2.4174379024772277
351.0,39.282626747221826,2.4700512970246495,-0.08275073363092555,2.4700512970246495,2.422241893425912,-0.2703333436891043,2.422241893425912
351.0,39.24909233314207,2.474817279444054,-0.08273729150826925,2.474817279444054,2.4270458843745932,-0.2706098150635795,2.4270458843745932
351.0,39.21553387853519,2.4795832618634615,-0.08272384938561295,2.4795832618634615,2.4318498753232776,-0.27088628643805485,2.4318498753232776
351.0,39.18195132008653,2.484349244282869,-0.08271040726295664,2.484349244282869,2.436653866271962,-0.2711627578125302,2.436653866271962
351.0,39.14834459422059,2.4891152267022734,-0.08269696514030034,2.4891152267022734,2.441457857220643,-0.27143922918700536,2.441457857220643
351.0,39.1147136370994,2.493881209121681,-0.08268352301764403,2.493881209121681,2.4462618481693275,-0.2717157005614807,2.4462618481693275
351.0,39.081058384621166,2.4986471915410857,-0.08267008089498773,2.4986471915410857,2.4510658391180087,-0.2719921719359559,2.4510658391180087
351.0,39.0473787724186,2.503413173960493,-0.08265663877233143,2.503413173960493,2.455869830066693,-0.27226864331043127,2.455869830066693
351.0,39.01367473585746,2.5081791563799003,-0.08264319664967512,2.5081791563799003,2.460673821015377,-0.2725451146849066,2.460673821015377
351.0,38.97994621003496,2.513179964452258,-0.08262613212317214,2.513179964452258,2.4657145792930057,-0.2728207185851744,2.4657145792930057
351.0,38.946193129778145,2.5183409590158266,-0.08260659657123118,2.5183409590158266,2.470916848577547,-0.2730957307372764,2.470916848577547
351.0,38.912415429642415,2.5235019535793954,-0.08258706101929023,2.5235019535793954,2.476119117862088,-0.2733707428893783,2.476119117862088
351.0,38.87861304390989,2.5286629481429608,-0.08256752546734927,2.5286629481429608,2.4813213871466258,-0.27364575504148003,2.4813213871466258
351.0,38.84478590658769,2.533823942706529,-0.0825479899154083,2.533823942706529,2.4865236564311672,-0.27392076719358194,2.4865236564311672
351.0,38.81093395140654,2.538984937270098,-0.08252845436346735,2.538984937270098,2.4917259257157083,-0.2741957793456839,2.4917259257157083
351.0,38.77705711181896,2.5441459318336634,-0.0825089188115264,2.5441459318336634,2.496928195000246,-0.27447079149778564,2.496928195000246
351.0,38.74315532099766,2.549306926397232,-0.08248938325958544,2.549306926397232,2.5021304642847872,-0.27474580364988754,2.5021304642847872
351.0,38.70922851183396,2.5544679209607972,-0.08246984770764448,2.5544679209607972,2.5073327335693256,-0.27502081580198934,2.5073327335693256
351.0,38.67527661693601,2.559628915524366,-0.08245031215570353,2.559628915524366,2.5125350028538667,-0.27529582795409124,2.5125350028538667
351.0,38.6412995686272,2.5647899100879346,-0.08243077660376256,2.5647899100879346,2.5177372721384077,-0.27557084010619315,2.5177372721384077
351.0,38.60729729894445,2.5699509046515,-0.08241124105182161,2.5699509046515,2.5229395414229456,-0.2758458522582949,2.5229395414229456
351.0,38.57326973963643,2.5751118992150683,-0.08239170549988066,2.5751118992150683,2.528141810707487,-0.27612086441039685,2.528141810707487
351.0,38.53921682216195,2.5802728937786372,-0.0823721699479397,2.5802728937786372,2.533344079992028,-0.27639587656249875,2.533344079992028
351.0,38.50513847768817,2.5854338883422026,-0.08235263439599874,2.5854338883422026,2.538546349276566,-0.2766708887146005,2.538546349276566
351.0,38.47103463708882,2.590594882905771,-0.08233309884405779,2.590594882905771,2.543748618561107,-0.27694590086670245,2.543748618561107
351.0,38.436905230942536,2.59575587746934,-0.08231356329211682,2.59575587746934,2.5489508878456486,-0.27722091301880436,2.5489508878456486
351.0,38.402750189531005,2.6009168720329052,-0.08229402774017587,2.6009168720329052,2.5541531571301865,-0.2774959251709061,2.5541531571301865
351.0,38.368569442837185,2.6060778665964737,-0.08227449218823492,2.6060778665964737,2.5593554264147276,-0.277770937323008,2.5593554264147276
351.0,38.334362920543555,2.611238861160042,-0.08225495663629395,2.611238861160042,2.5645576956992686,-0.27804594947510997,2.5645576956992686
351.0,38.300130552030296,2.616399855723608,-0.082235421084353,2.616399855723608,2.569759964983807,-0.2783209616272117,2.569759964983807
351.0,38.26587226637337,2.6215608502871763,-0.08221588553241205,2.6215608502871763,2.574962234268348,-0.2785959737793136,2.574962234268348
351.0,38.2315879923428,2.6267218448507417,-0.0821963499804711,2.6267218448507417,2.580164503552886,-0.27887098593141535,2.580164503552886
351.0,38.19727765840073,2.6318828394143106,-0.08217681442853013,2.6318828394143106,2.585366772837427,-0.2791459980835173,2.585366772837427
351.0,38.1629411926996,2.637043833977879,-0.08215727887658916,2.637043833977879,2.5905690421219685,-0.2794210102356192,2.5905690421219685
351.0,38.12857852308025,2.6422048285414443,-0.08213774332464822,2.6422048285414443,2.5957713114065064,-0.27969602238772096,2.5957713114065064
351.0,38.09418957706998,2.647365823105013,-0.08211820777270726,2.647365823105013,2.6009735806910474,-0.2799710345398229,2.6009735806910474
351.0,38.0597742818807,2.6525268176685817,-0.08209867222076629,2.6525268176685817,2.6061758499755885,-0.2802460466919248,2.6061758499755885
351.0,38.02533256440697,2.657687812232147,-0.08207913666882535,2.657687812232147,2.611378119260127,-0.28052105884402656,2.611378119260127
351.0,37.990864351224,2.662962183990057,-0.08205784092911603,2.662962183990057,2.6166946713911408,-0.28079512425127484,2.6166946713911408
351.0,37.956369568585785,2.6685510644315364,-0.08203166242315833,2.6685510644315364,2.6223282444875053,-0.28106656338540587,2.6223282444875053
351.0,37.92184814242311,2.674139944873013,-0.08200548391720065,2.674139944873013,2.6279618175838664,-0.2813380025195368,2.6279618175838664
351.0,37.88729999834143,2.6797288253144926,-0.08197930541124296,2.6797288253144926,2.6335953906802305,-0.2816094416536678,2.6335953906802305
351.0,37.852725061619054,2.6853177057559723,-0.08195312690528528,2.6853177057559723,2.639228963776595,-0.2818808807877989,2.639228963776595
351.0,37.81812325720503,2.690906586197449,-0.0819269483993276,2.690906586197449,2.644862536872956,-0.2821523199219298,2.644862536872956
351.0,37.783494509717016,2.6964954666389285,-0.0819007698933699,2.6964954666389285,2.6504961099693207,-0.2824237590560608,2.6504961099693207
351.0,37.74883874343943,2.702084347080405,-0.08187459138741222,2.702084347080405,2.6561296830656818,-0.28269519819019173,2.6561296830656818
351.0,37.714155882321144,2.7076732275218847,-0.08184841288145454,2.7076732275218847,2.661763256162046,-0.28296663732432276,2.661763256162046
351.0,37.67944584997359,2.7132621079633643,-0.08182223437549685,2.7132621079633643,2.6673968292584105,-0.28323807645845384,2.6673968292584105
351.0,37.644708569668595,2.718850988404841,-0.08179605586953917,2.718850988404841,2.6730304023547715,-0.28350951559258475,2.6730304023547715
351.0,37.60994396433611,2.7244398688463205,-0.08176987736358148,2.7244398688463205,2.678663975451136,-0.2837809547267158,2.678663975451136
351.0,37.575151956562344,2.7300287492878,-0.08174369885762378,2.7300287492878,2.6842975485475002,-0.28405239386084685,2.6842975485475002
351.0,37.54033246858739,2.7356176297292767,-0.08171752035166611,2.7356176297292767,2.6899311216438613,-0.2843238329949777,2.6899311216438613
351.0,37.50548542230309,2.7412065101707563,-0.08169134184570842,2.7412065101707563,2.695564694740226,-0.2845952721291088,2.695564694740226
351.0,37.470610739250944,2.746795390612236,-0.08166516333975073,2.746795390612236,2.7011982678365904,-0.28486671126323987,2.7011982678365904
351.0,37.4357083406198,2.7523842710537125,-0.08163898483379305,2.7523842710537125,2.7068318409329515,-0.2851381503973707,2.7068318409329515
351.0,37.40077814724362,2.757973151495192,-0.08161280632783535,2.757973151495192,2.7124654140293156,-0.2854095895315018,2.7124654140293156
351.0,37.36582007959934,2.7635620319366687,-0.08158662782187769,2.7635620319366687,2.7180989871256767,-0.28568102866563266,2.7180989871256767
351.0,37.33083405780445,2.7691509123781484,-0.08156044931591999,2.7691509123781484,2.7237325602220412,-0.28595246779976374,2.7237325602220412
351.0,37.29582000161488,2.774739792819628,-0.0815342708099623,2.774739792819628,2.729366133318406,-0.2862239069338948,2.729366133318406
351.0,37.260777830422576,2.7803286732611046,-0.08150809230400462,2.7803286732611046,2.734999706414767,-0.2864953460680257,2.734999706414767
351.0,37.2257074632532,2.785917553702584,-0.08148191379804694,2.785917553702584,2.740633279511131,-0.28676678520215676,2.740633279511131
351.0,37.19060881876384,2.7915064341440643,-0.08145573529208924,2.7915064341440643,2.7462668526074956,-0.2870382243362878,2.7462668526074956
351.0,37.15548181524065,2.7970953145855404,-0.08142955678613156,2.7970953145855404,2.7519004257038566,-0.2873096634704187,2.7519004257038566
351.0,37.120326370596345,2.80268419502702,-0.08140337828017387,2.80268419502702,2.757533998800221,-0.2875811026045497,2.757533998800221
351.0,37.085142402368,2.8082730754685,-0.08137719977421617,2.8082730754685,2.7631675718965854,-0.2878525417386808,2.7631675718965854
351.0,37.04992982771452,2.8138619559099762,-0.08135102126825851,2.8138619559099762,2.7688011449929464,-0.2881239808728117,2.7688011449929464
351.0,37.014688563414154,2.8194508363514563,-0.08132484276230081,2.8194508363514563,2.774434718089311,-0.28839542000694274,2.774434718089311
351.0,36.97941852586217,2.8253099925794602,-0.08129445768052691,2.8253099925794602,2.780340645150485,-0.2886633469323408,2.780340645150485
351.0,36.944119631068304,2.8313621177349013,-0.08126106922788551,2.8313621177349013,2.7864410248969995,-0.28892876624445646,2.7864410248969995
351.0,36.9087917946542,2.8374142428903455,-0.08122768077524407,2.8374142428903455,2.792541404643518,-0.2891941855565723,2.792541404643518
351.0,36.87343493185106,2.8434663680457866,-0.08119429232260265,2.8434663680457866,2.798641784390033,-0.289459604868688,2.798641784390033
351.0,36.8380489574969,2.849518493201231,-0.08116090386996122,2.849518493201231,2.8047421641365515,-0.2897250241808038,2.8047421641365515
351.0,36.80263378603415,2.8555706183566754,-0.08112751541731979,2.8555706183566754,2.81084254388307,-0.28999044349291964,2.81084254388307
351.0,36.767189331507026,2.8616227435121164,-0.08109412696467837,2.8616227435121164,2.816942923629585,-0.2902558628050353,2.816942923629585
351.0,36.73171550755884,2.867674868667561,-0.08106073851203693,2.867674868667561,2.8230433033761035,-0.2905212821171511,2.8230433033761035
351.0,36.6962122274295,2.8737269938230057,-0.0810273500593955,2.8737269938230057,2.829143683122622,-0.29078670142926694,2.829143683122622
351.0,36.66067940395281,2.8797791189784463,-0.08099396160675408,2.8797791189784463,2.835244062869137,-0.2910521207413826,2.835244062869137
351.0,36.62511694955375,2.885831244133891,-0.08096057315411265,2.885831244133891,2.8413444426156556,-0.2913175400534984,2.8413444426156556
351.0,36.58952477624584,2.8918833692893355,-0.08092718470147121,2.8918833692893355,2.847444822362174,-0.29158295936561424,2.847444822362174
351.0,36.55390279562846,2.897935494444776,-0.0808937962488298,2.897935494444776,2.853545202108689,-0.2918483786777299,2.853545202108689
351.0,36.51825091888397,2.903987619600221,-0.08086040779618836,2.903987619600221,2.8596455818552076,-0.29211379798984577,2.8596455818552076
351.0,36.48256905677514,2.910039744755662,-0.08082701934354694,2.910039744755662,2.8657459616017227,-0.2923792173019614,2.8657459616017227
351.0,36.446857119642154,2.916091869911106,-0.08079363089090551,2.916091869911106,2.871846341348241,-0.29264463661407725,2.871846341348241
351.0,36.41111501739998,2.9221439950665506,-0.08076024243826407,2.9221439950665506,2.8779467210947596,-0.29291005592619307,2.8779467210947596
351.0,36.37534265953547,2.9281961202219917,-0.08072685398562265,2.9281961202219917,2.8840471008412747,-0.2931754752383087,2.8840471008412747
351.0,36.33953995510443,2.9342482453774363,-0.08069346553298122,2.9342482453774363,2.890147480587793,-0.29344089455042455,2.890147480587793
351.0,36.30370681272885,2.9403003705328805,-0.08066007708033979,2.9403003705328805,2.8962478603343116,-0.29370631386254037,2.8962478603343116
351.0,36.267843140593946,2.9463524956883216,-0.08062668862769838,2.9463524956883216,2.9023482400808267,-0.293971733174656,2.9023482400808267
351.0,36.2319488464452,2.952404620843766,-0.08059330017505693,2.952404620843766,2.908448619827345,-0.29423715248677185,2.908448619827345
351.0,36.19602383758546,2.9584567459992104,-0.0805599117224155,2.9584567459992104,2.9145489995738636,-0.29450257179888767,2.9145489995738636
351.0,36.16006802087192,2.9645088711546514,-0.0805265232697741,2.9645088711546514,2.9206493793203787,-0.2947679911110034,2.9206493793203787
351.0,36.12408130271307,2.970560996310096,-0.08049313481713266,2.970560996310096,2.926749759066897,-0.2950334104231192,2.926749759066897
351.0,36.08806358906579,2.9766131214655407,-0.08045974636449121,2.9766131214655407,2.9328501388134156,-0.295298829735235,2.9328501388134156
351.0,36.052014785432156,2.9826652466209813,-0.08042635791184981,2.9826652466209813,2.9389505185599307,-0.2955642490473507,2.9389505185599307
351.0,36.01593479685637,2.988717371776426,-0.08039296945920837,2.988717371776426,2.945050898306449,-0.2958296683594665,2.945050898306449
351.0,35.97982352792175,2.9950494875825378,-0.08035522903001832,2.9950494875825378,2.9514333330531546,-0.29609015235225605,2.9514333330531546
351.0,35.94368088274742,3.0016028278820492,-0.08031405004384454,3.0016028278820492,2.9580386233644247,-0.2963467368808491,2.9580386233644247
351.0,35.90750676498531,3.0081561681815607,-0.08027287105767075,3.0081561681815607,2.964643913675695,-0.29660332140944223,2.964643913675695
351.0,35.87130107781684,3.0147095084810687,-0.080231692071497,3.0147095084810687,2.9712492039869605,-0.2968599059380352,2.9712492039869605
351.0,35.8350637239497,3.02126284878058,-0.0801905130853232,3.02126284878058,2.9778544942982306,-0.2971164904666283,2.9778544942982306
351.0,35.798794605614674,3.0278161890800916,-0.08014933409914941,3.0278161890800916,2.9844597846095007,-0.29737307499522136,2.9844597846095007
351.0,35.76249362456232,3.0343695293795996,-0.08010815511297566,3.0343695293795996,2.991065074920767,-0.2976296595238143,2.991065074920767
351.0,35.72616068205954,3.040922869679111,-0.08006697612680187,3.040922869679111,2.997670365232037,-0.29788624405240743,2.997670365232037
351.0,35.68979567888646,3.0474762099786226,-0.08002579714062807,3.0474762099786226,3.0042756555433066,-0.29814282858100055,3.0042756555433066
351.0,35.653398515332896,3.05402955027813,-0.07998461815445432,3.05402955027813,3.0108809458545727,-0.2983994131095935,3.0108809458545727
351.0,35.61696909119494,3.060582890577642,-0.07994343916828053,3.060582890577642,3.0174862361658428,-0.29865599763818657,3.0174862361658428
351.0,35.580507305771675,3.0671362308771495,-0.07990226018210676,3.0671362308771495,3.024091526477109,-0.2989125821667795,3.024091526477109
351.0,35.54401305786153,3.073689571176661,-0.07986108119593298,3.073689571176661,3.030696816788379,-0.29916916669537263,3.030696816788379
351.0,35.50748624575892,3.080242911476173,-0.0798199022097592,3.080242911476173,3.0373021070996487,-0.29942575122396575,3.0373021070996487
351.0,35.47092676725068,3.0867962517756804,-0.07977872322358544,3.0867962517756804,3.0439073974109148,-0.2996823357525587,3.0439073974109148
351.0,35.434334519612456,3.093349592075192,-0.07973754423741164,3.093349592075192,3.050512687722185,-0.29993892028115177,3.050512687722185
351.0,35.397709399605205,3.099902932374704,-0.07969636525123786,3.099902932374704,3.057117978033455,-0.3001955048097449,3.057117978033455
351.0,35.361051303471534,3.1064562726742113,-0.0796551862650641,3.1064562726742113,3.0637232683447206,-0.30045208933833784,3.0637232683447206
351.0,35.32436012693196,3.113009612973723,-0.07961400727889031,3.113009612973723,3.0703285586559907,-0.3007086738669309,3.0703285586559907
351.0,35.28763576518138,3.1195629532732343,-0.07957282829271652,3.1195629532732343,3.076933848967261,-0.300965258395524,3.076933848967261
351.0,35.250878112885275,3.1261162935727422,-0.07953164930654276,3.1261162935727422,3.083539139278527,-0.30122184292411697,3.083539139278527
351.0,35.214087064175864,3.1326696338722537,-0.07949047032036897,3.1326696338722537,3.090144429589797,-0.3014784274527101,3.090144429589797
351.0,35.177262512648475,3.139222974171765,-0.07944929133419519,3.139222974171765,3.0967497199010667,-0.30173501198130315,3.0967497199010667
351.0,35.14040435135766,3.145776314471273,-0.07940811234802142,3.145776314471273,3.103355010212333,-0.3019915965098961,3.103355010212333
351.0,35.10351247281323,3.1523296547707846,-0.07936693336184764,3.1523296547707846,3.109960300523603,-0.3022481810384892,3.109960300523603
351.0,35.06658676897655,3.158882995070292,-0.07932575437567388,3.158882995070292,3.116565590834869,-0.30250476556708217,3.116565590834869
351.0,35.02962713125641,3.165436335369804,-0.07928457538950008,3.165436335369804,3.123170881146139,-0.3027613500956753,3.123170881146139
351.0,34.99263345050526,3.1720975477588964,-0.0792417283109668,3.1720975477588964,3.1298848029699546,-0.30301553506051493,3.1298848029699546
351.0,34.95560561701506,3.1791928051577414,-0.07919216932792454,3.1791928051577414,3.1370358254942903,-0.30326006489883534,3.1370358254942903
351.0,34.91854352051323,3.1862880625565904,-0.07914261034488225,3.1862880625565904,3.14418684801863,-0.30350459473715596,3.14418684801863
351.0,34.881447050158705,3.19338331995544,-0.07909305136183996,3.19338331995544,3.1513378705429695,-0.30374912457547654,3.1513378705429695
351.0,34.844316094537724,3.2004785773542843,-0.0790434923787977,3.2004785773542843,3.158488893067305,-0.30399365441379694,3.158488893067305
351.0,34.807150541659624,3.2075738347531337,-0.0789939333957554,3.2075738347531337,3.165639915591645,-0.30423818425211757,3.165639915591645
351.0,34.769950278952784,3.2146690921519827,-0.07894437441271311,3.2146690921519827,3.172790938115985,-0.30448271409043814,3.172790938115985
351.0,34.732715193260326,3.2217643495508277,-0.07889481542967085,3.2217643495508277,3.17994196064032,-0.3047272439287586,3.17994196064032
351.0,34.695445170835754,3.2288596069496767,-0.07884525644662856,3.2288596069496767,3.18709298316466,-0.3049717737670792,3.18709298316466
351.0,34.65814009733884,3.2359548643485216,-0.07879569746358629,3.2359548643485216,3.1942440056889954,-0.3052163036053996,3.1942440056889954
351.0,34.62079985783105,3.243050121747371,-0.078746138480544,3.243050121747371,3.2013950282133354,-0.3054608334437202,3.2013950282133354
351.0,34.58342433677134,3.25014537914622,-0.07869657949750171,3.25014537914622,3.208546050737675,-0.3057053632820408,3.208546050737675
351.0,34.546013418011604,3.257240636545065,-0.07864702051445945,3.257240636545065,3.2156970732620107,-0.30594989312036125,3.2156970732620107
351.0,34.50856698479221,3.264335893943914,-0.07859746153141715,3.264335893943914,3.2228480957863503,-0.3061944229586818,3.2228480957863503
351.0,34.471084919737535,3.2714311513427634,-0.07854790254837486,3.2714311513427634,3.22999911831069,-0.3064389527970024,3.22999911831069
351.0,34.433567104851384,3.278526408741608,-0.0784983435653326,3.278526408741608,3.2371501408350256,-0.30668348263532286,3.2371501408350256
351.0,34.39601342151229,3.2856216661404574,-0.0784487845822903,3.2856216661404574,3.2443011633593652,-0.30692801247364343,3.2443011633593652
351.0,34.35842375046902,3.2927169235393063,-0.07839922559924802,3.2927169235393063,3.251452185883705,-0.307172542311964,3.251452185883705
351.0,34.3207979718358,3.2998121809381513,-0.07834966661620575,3.2998121809381513,3.2586032084080405,-0.30741707215028446,3.2586032084080405
351.0,34.2831359650875,3.3069074383370007,-0.07830010763316346,3.3069074383370007,3.26575423093238,-0.30766160198860504,3.26575423093238
351.0,34.245437609054996,3.3140026957358497,-0.07825054865012117,3.3140026957358497,3.2729052534567202,-0.3079061318269256,3.2729052534567202
351.0,34.20770278192027,3.3210979531346947,-0.0782009896670789,3.3210979531346947,3.2800562759810554,-0.3081506616652461,3.2800562759810554
351.0,34.16993136121146,3.3281932105335437,-0.07815143068403661,3.3281932105335437,3.2872072985053955,-0.30839519150356665,3.2872072985053955
351.0,34.132123223798104,3.3352884679323886,-0.07810187170099435,3.3352884679323886,3.2943583210297307,-0.3086397213418871,3.2943583210297307
351.0,34.09427824588595,3.3423837253312376,-0.07805231271795206,3.3423837253312376,3.3015093435540708,-0.3088842511802077,3.3015093435540708
351.0,34.05639630301216,3.349478982730087,-0.07800275373490977,3.349478982730087,3.3086603660784104,-0.30912878101852825,3.3086603660784104
351.0,34.01847727004009,3.356574240128932,-0.07795319475186752,3.356574240128932,3.315811388602746,-0.3093733108568487,3.315811388602746
351.0,33.980521021154175,3.363969881477077,-0.07789903211018727,3.363969881477077,3.323264804953722,-0.3096097765816177,3.323264804953722
351.0,33.94252742985485,3.3716505994537855,-0.07784050040855345,3.3716505994537855,3.3310052053888937,-0.3098385891334758,3.3310052053888937
351.0,33.90449636895326,3.3793313174304895,-0.07778196870691968,3.3793313174304895,3.338745605824061,-0.31006740168533364,3.338745605824061
351.0,33.86642771056597,3.387012035407198,-0.07772343700528586,3.387012035407198,3.3464860062592328,-0.3102962142371917,3.3464860062592328
351.0,33.82832132610971,3.3946927533839064,-0.07766490530365205,3.3946927533839064,3.3542264066944045,-0.31052502678904975,3.3542264066944045
351.0,33.790177086295984,3.4023734713606104,-0.07760637360201827,3.4023734713606104,3.361966807129572,-0.31075383934090767,3.361966807129572
351.0,33.751994861125546,3.410054189337319,-0.07754784190038447,3.410054189337319,3.3697072075647436,-0.31098265189276575,3.3697072075647436
351.0,33.71377451988307,3.417734907314023,-0.07748931019875069,3.417734907314023,3.377447607999911,-0.31121146444462366,3.377447607999911
351.0,33.67551593113145,3.4254156252907313,-0.07743077849711688,3.4254156252907313,3.3851880084350827,-0.3114402769964817,3.3851880084350827
351.0,33.63721896270638,3.4330963432674397,-0.07737224679548306,3.4330963432674397,3.3929284088702545,-0.3116690895483397,3.3929284088702545
351.0,33.59888348171057,3.4407770612441437,-0.07731371509384928,3.4407770612441437,3.400668809305422,-0.31189790210019763,3.400668809305422
351.0,33.56050935450806,3.448457779220852,-0.07725518339221547,3.448457779220852,3.4084092097405936,-0.3121267146520557,3.4084092097405936
351.0,33.52209644671853,3.4561384971975606,-0.07719665169058167,3.4561384971975606,3.4161496101757653,-0.31235552720391374,3.4161496101757653
351.0,33.483644623211454,3.463819215174264,-0.07713811998894789,3.463819215174264,3.4238900106109327,-0.31258433975577166,3.4238900106109327
351.0,33.4451537481001,3.471499933150973,-0.07707958828731408,3.471499933150973,3.4316304110461044,-0.3128131523076297,3.4316304110461044
351.0,33.4066236847358,3.4791806511276815,-0.07702105658568026,3.4791806511276815,3.439370811481276,-0.31304196485948776,3.439370811481276
351.0,33.36805429570183,3.486861369104385,-0.0769625248840465,3.486861369104385,3.4471112119164435,-0.3132707774113457,3.4471112119164435
351.0,33.32944544280729,3.4945420870810935,-0.07690399318241267,3.4945420870810935,3.4548516123516153,-0.3134995899632037,3.4548516123516153
351.0,33.29079698708116,3.5022228050578024,-0.07684546148077886,3.5022228050578024,3.462592012786787,-0.31372840251506173,3.462592012786787
351.0,33.25210878876599,3.509903523034506,-0.07678692977914509,3.509903523034506,3.4703324132219544,-0.31395721506691965,3.4703324132219544
351.0,33.21338070731161,3.5175842410112144,-0.07672839807751128,3.5175842410112144,3.478072813657126,-0.31418602761877773,3.478072813657126
351.0,33.17461260136901,3.5252649589879184,-0.0766698663758775,3.5252649589879184,3.485813214092293,-0.31441484017063565,3.485813214092293
351.0,33.13580432878377,3.532945676964627,-0.07661133467424369,3.532945676964627,3.4935536145274653,-0.31464365272249367,3.4935536145274653
351.0,33.09695574658973,3.5406263949413352,-0.07655280297260987,3.5406263949413352,3.501294014962637,-0.3148724652743517,3.501294014962637
351.0,33.058066711002475,3.5483071129180392,-0.07649427127097609,3.5483071129180392,3.509034415397804,-0.3151012778262096,3.509034415397804
351.0,33.01913707741268,3.5559878308947477,-0.07643573956934228,3.5559878308947477,3.516774815832976,-0.3153300903780677,3.516774815832976
351.0,32.980166700379606,3.5639900818843904,-0.07637234264134883,3.5639900818843904,3.524838783585535,-0.3155487978703214,3.524838783585535
351.0,32.941155433624296,3.5723027414012702,-0.07630424881540639,3.5723027414012702,3.533215123786372,-0.3157577499205418,3.533215123786372
351.0,32.90210313002275,3.580615400918155,-0.07623615498946389,3.580615400918155,3.5415914639872144,-0.31596670197076226,3.5415914639872144
351.0,32.863009641599234,3.58892806043504,-0.0761680611635214,3.58892806043504,3.5499678041880562,-0.3161756540209827,3.5499678041880562
351.0,32.82387481951925,3.59724071995192,-0.07609996733757896,3.59724071995192,3.5583441443888932,-0.31638460607120306,3.5583441443888932
351.0,32.78469851408247,3.605553379468805,-0.07603187351163646,3.605553379468805,3.5667204845897356,-0.31659355812142354,3.5667204845897356
351.0,32.74548057471589,3.6138660389856847,-0.07596377968569401,3.6138660389856847,3.5750968247905726,-0.31680251017164385,3.5750968247905726
351.0,32.706220849966435,3.62217869850257,-0.07589568585975152,3.62217869850257,3.5834731649914144,-0.3170114622218643,3.5834731649914144
351.0,32.666919187493946,3.6304913580194547,-0.07582759203380902,3.6304913580194547,3.5918495051922568,-0.3172204142720848,3.5918495051922568
351.0,32.6275754340638,3.6388040175363345,-0.07575949820786658,3.6388040175363345,3.6002258453930938,-0.3174293663223052,3.6002258453930938
351.0,32.588189435539476,3.6471166770532197,-0.0756914043819241,3.6471166770532197,3.6086021855939356,-0.3176383183725256,3.6086021855939356
351.0,32.548761036875234,3.6554293365701045,-0.0756233105559816,3.6554293365701045,3.616978525794778,-0.3178472704227461,3.616978525794778
351.0,32.50929008210856,3.6637419960869844,-0.07555521673003915,3.6637419960869844,3.625354865995615,-0.31805622247296644,3.625354865995615
351.0,32.46977641435243,3.6720546556038696,-0.07548712290409666,3.6720546556038696,3.6337312061964573,-0.3182651745231869,3.6337312061964573
351.0,32.4302198757878,3.6803673151207543,-0.07541902907815416,3.6803673151207543,3.642107546397299,-0.31847412657340735,3.642107546397299
351.0,32.39062030765576,3.688679974637634,-0.07535093525221172,3.688679974637634,3.650483886598136,-0.3186830786236277,3.650483886598136
351.0,32.35097755024959,3.6969926341545194,-0.07528284142626923,3.6969926341545194,3.6588602267989785,-0.3188920306738482,3.6588602267989785
351.0,32.311291442907,3.705305293671404,-0.07521474760032673,3.705305293671404,3.6672365669998204,-0.31910098272406867,3.6672365669998204
351.0,32.271561824001985,3.713617953188284,-0.07514665377438429,3.713617953188284,3.6756129072006574,-0.319309934774289,3.6756129072006574
351.0,32.23178853093668,3.7219306127051692,-0.0750785599484418,3.7219306127051692,3.6839892474014997,-0.31951888682450946,3.6839892474014997
351.0,32.19197140013332,3.730243272222049,-0.07501046612249934,3.730243272222049,3.6923655876023367,-0.31972783887472983,3.6923655876023367
351.0,32.15211026702574,3.738555931738934,-0.07494237229655686,3.738555931738934,3.7007419278031786,-0.31993679092495025,3.7007419278031786
351.0,32.1122049660512,3.746868591255819,-0.07487427847061437,3.746868591255819,3.709118268004021,-0.32014574297517073,3.709118268004021
351.0,32.07225533064182,3.755181250772699,-0.07480618464467191,3.755181250772699,3.717494608204858,-0.3203546950253911,3.717494608204858
351.0,32.03226119321594,3.7634939102895837,-0.07473809081872942,3.7634939102895837,3.7258709484056998,-0.3205636470756116,3.7258709484056998
351.0,31.992222385169615,3.7719388806247234,-0.07466802805015195,3.7719388806247234,3.734380386585318,-0.3207678378842176,3.734380386585318
351.0,31.95213873686781,3.780932977113171,-0.07458979363008372,3.780932977113171,3.743442217850114,-0.3209522682353853,3.743442217850114
351.0,31.91201007763544,3.789927073601623,-0.07451155921001545,3.789927073601623,3.7525040491149153,-0.3211366985865532,3.7525040491149153
351.0,31.871836235748606,3.798921170090076,-0.07443332478994719,3.798921170090076,3.7615658803797167,-0.321321128937721,3.7615658803797167
351.0,31.831617038425463,3.807915266578523,-0.07435509036987896,3.807915266578523,3.770627711644513,-0.32150555928888874,3.770627711644513
351.0,31.791352311816997,3.816909363066976,-0.07427685594981069,3.816909363066976,3.7796895429093142,-0.3216899896400566,3.7796895429093142
351.0,31.751041880997946,3.8259034595554233,-0.07419862152974246,3.8259034595554233,3.7887513741741103,-0.3218744199912243,3.7887513741741103
351.0,31.710685569957274,3.8348975560438756,-0.07412038710967418,3.8348975560438756,3.7978132054389118,-0.3220588503423922,3.7978132054389118
351.0,31.670283201588855,3.8438916525323283,-0.07404215268960591,3.8438916525323283,3.806875036703713,-0.32224328069356,3.806875036703713
351.0,31.62983459768189,3.8528857490207757,-0.07396391826953769,3.8528857490207757,3.8159368679685093,-0.3224277110447277,3.8159368679685093
351.0,31.58933957891109,3.8618798455092285,-0.07388568384946942,3.8618798455092285,3.8249986992333107,-0.32261214139589556,3.8249986992333107
351.0,31.54879796482712,3.870873941997681,-0.07380744942940114,3.870873941997681,3.834060530498112,-0.3227965717470634,3.834060530498112
351.0,31.508209573846596,3.879868038486128,-0.07372921500933291,3.879868038486128,3.8431223617629082,-0.32298100209823116,3.8431223617629082
351.0,31.467574223242014,3.888862134974581,-0.07365098058926464,3.888862134974581,3.8521841930277096,-0.323165432449399,3.8521841930277096
351.0,31.426891729131807,3.8978562314630336,-0.07357274616919637,3.8978562314630336,3.8612460242925115,-0.3233498628005668,3.8612460242925115
351.0,31.386161906470004,3.906850327951481,-0.07349451174912815,3.906850327951481,3.8703078555573076,-0.32353429315173454,3.8703078555573076
351.0,31.345384569035843,3.9158444244399337,-0.07341627732905986,3.9158444244399337,3.879369686822109,-0.3237187235029024,3.879369686822109
351.0,31.304559529423464,3.924838520928386,-0.0733380429089916,3.924838520928386,3.8884315180869105,-0.32390315385407026,3.8884315180869105
351.0,31.2636865990312,3.9338326174168334,-0.07325980848892337,3.9338326174168334,3.8974933493517065,-0.324087584205238,3.8974933493517065
351.0,31.222765588050855,3.942826713905286,-0.0731815740688551,3.942826713905286,3.906555180616508,-0.3242720145564058,3.906555180616508
351.0,31.18179630545701,3.9518208103937336,-0.07310333964878687,3.9518208103937336,3.915617011881304,-0.3244564449075735,3.915617011881304
351.0,31.140778558995887,3.9608149068821863,-0.0730251052287186,3.9608149068821863,3.9246788431461055,-0.3246408752587414,3.9246788431461055
351.0,31.09971215517444,3.969809003370639,-0.07294687080865032,3.969809003370639,3.933740674410907,-0.32482530560990924,3.933740674410907
351.0,31.058596899249075,3.978803099859086,-0.0728686363885821,3.978803099859086,3.942802505675703,-0.32500973596107696,3.942802505675703
351.0,31.017432595214217,3.9877971963475387,-0.07279040196851383,3.9877971963475387,3.9518643369405044,-0.3251941663122448,3.9518643369405044
351.0,30.976219045791005,3.9972147161360874,-0.07270599541762754,3.9972147161360874,3.9613519461283655,-0.32536144222104757,3.9613519461283655
351.0,30.93495605241561,4.006942811640233,-0.07261706168567884,4.006942811640233,3.971151858118433,-0.32551613556008596,3.971151858118433
351.0,30.893643415227416,4.016670907144384,-0.0725281279537301,4.016670907144384,3.980951770108507,-0.32567082889912446,3.980951770108507
351.0,30.85228093305726,4.026399002648535,-0.07243919422178136,4.026399002648535,3.99075168209858,-0.3258255222381629,3.99075168209858
351.0,30.81086840341538,4.03612709815268,-0.07235026048983266,4.03612709815268,4.000551594088648,-0.3259802155772013,4.000551594088648
351.0,30.76940562247915,4.045855193656831,-0.07226132675788391,4.045855193656831,4.010351506078721,-0.3261349089162398,4.010351506078721
351.0,30.727892385080953,4.055583289160976,-0.07217239302593521,4.055583289160976,4.020151418068789,-0.3262896022552782,4.020151418068789
351.0,30.68632848469551,4.065311384665128,-0.07208345929398646,4.065311384665128,4.0299513300588625,-0.32644429559431665,4.0299513300588625
351.0,30.644713713427503,4.075039480169279,-0.07199452556203773,4.075039480169279,4.039751242048936,-0.32659898893335515,4.039751242048936
351.0,30.603047861998668,4.084767575673425,-0.07190559183008903,4.084767575673425,4.049551154039004,-0.32675368227239354,4.049551154039004
351.0,30.56133071973488,4.094495671177576,-0.07181665809814028,4.094495671177576,4.059351066029078,-0.326908375611432,4.059351066029078
351.0,30.519562074553214,4.104223766681727,-0.07172772436619153,4.104223766681727,4.069150978019151,-0.3270630689504705,4.069150978019151
351.0,30.477741712948653,4.113951862185872,-0.07163879063424283,4.113951862185872,4.078950890009219,-0.32721776228950883,4.078950890009219
351.0,30.435869419980627,4.123679957690023,-0.07154985690229408,4.123679957690023,4.088750801999292,-0.32737245562854733,4.088750801999292
351.0,30.39394497925963,4.133408053194175,-0.07146092317034534,4.133408053194175,4.098550713989366,-0.32752714896758583,4.098550713989366
351.0,30.351968172933447,4.14313614869832,-0.07137198943839665,4.14313614869832,4.108350625979433,-0.32768184230662417,4.108350625979433
351.0,30.309938781673196,4.152864244202471,-0.0712830557064479,4.152864244202471,4.118150537969507,-0.3278365356456627,4.118150537969507
351.0,30.267856584659423,4.162592339706622,-0.07119412197449915,4.162592339706622,4.127950449959581,-0.3279912289847012,4.127950449959581
351.0,30.225721359567842,4.172320435210768,-0.07110518824255045,4.172320435210768,4.1377503619496485,-0.3281459223237395,4.1377503619496485
351.0,30.18353288255485,4.182048530714919,-0.07101625451060171,4.182048530714919,4.147550273939721,-0.328300615662778,4.147550273939721
351.0,30.141290928243155,4.191776626219064,-0.07092732077865302,4.191776626219064,4.157350185929789,-0.3284553090018164,4.157350185929789
351.0,30.098995269706787,4.201504721723215,-0.07083838704670427,4.201504721723215,4.167150097919863,-0.32861000234085486,4.167150097919863
351.0,30.056645678456405,4.2112328172273665,-0.07074945331475552,4.2112328172273665,4.176950009909937,-0.32876469567989336,4.176950009909937
351.0,30.01424192442407,4.2209609127315115,-0.07066051958280682,4.2209609127315115,4.186749921900004,-0.32891938901893175,4.186749921900004
351.0,29.971783775947866,4.231213668171656,-0.07056412567982809,4.231213668171656,4.197077203727252,-0.3290504682793935,4.197077203727252
351.0,29.929270999756582,4.241731411751695,-0.07046396389462908,4.241731411751695,4.207670842374608,-0.329169620860633,4.207670842374608
351.0,29.88670336095391,4.252249155331726,-0.07036380210943013,4.252249155331726,4.218264481021957,-0.32928877344187246,4.218264481021957
351.0,29.844080623002537,4.262766898911764,-0.07026364032423113,4.262766898911764,4.2288581196693125,-0.329407926023112,4.2288581196693125
351.0,29.801402547708175,4.273284642491801,-0.07016347853903213,4.273284642491801,4.239451758316667,-0.32952707860435154,4.239451758316667
351.0,29.758668895203208,4.283802386071833,-0.07006331675383318,4.283802386071833,4.250045396964016,-0.329646231185591,4.250045396964016
351.0,29.715879423930122,4.2943201296518705,-0.06996315496863417,4.2943201296518705,4.260639035611372,-0.3297653837668305,4.260639035611372
351.0,29.67303389062497,4.304837873231902,-0.06986299318343522,4.304837873231902,4.271232674258721,-0.32988453634806997,4.271232674258721
351.0,29.630132050300283,4.31535561681194,-0.06976283139823622,4.31535561681194,4.281826312906076,-0.3300036889293095,4.281826312906076
351.0,29.58717365622809,4.325873360391977,-0.06966266961303721,4.325873360391977,4.292419951553431,-0.33012284151054905,4.292419951553431
351.0,29.544158459922485,4.336391103972009,-0.06956250782783827,4.336391103972009,4.303013590200781,-0.3302419940917885,4.303013590200781
351.0,29.501086211122004,4.346908847552046,-0.06946234604263926,4.346908847552046,4.313607228848136,-0.330361146673028,4.313607228848136
351.0,29.457956657771966,4.357426591132084,-0.06936218425744026,4.357426591132084,4.324200867495491,-0.33048029925426753,4.324200867495491
351.0,29.414769546006355,4.367944334712115,-0.06926202247224131,4.367944334712115,4.33479450614284,-0.330599451835507,4.33479450614284
351.0,29.371524620129485,4.378462078292154,-0.0691618606870423,4.378462078292154,4.345388144790196,-0.3307186044167465,4.345388144790196
351.0,29.32822162259766,4.388979821872192,-0.0690616989018433,4.388979821872192,4.355981783437551,-0.33083775699798607,4.355981783437551
351.0,29.284860294000357,4.399497565452223,-0.06896153711664435,4.399497565452223,4.3665754220849,-0.3309569095792255,4.3665754220849
351.0,29.241440373041158,4.410015309032261,-0.06886137533144535,4.410015309032261,4.377169060732255,-0.33107606216046503,4.377169060732255
351.0,29.19796159651866,4.420533052612298,-0.06876121354624634,4.420533052612298,4.387762699379611,-0.33119521474170455,4.387762699379611
351.0,29.15442369930691,4.43105079619233,-0.06866105176104739,4.43105079619233,4.398356338026959,-0.331314367322944,4.398356338026959
351.0,29.110826414335616,4.441568539772367,-0.06856088997584839,4.441568539772367,4.4089499766743145,-0.33143351990418357,4.4089499766743145
351.0,29.067169472570264,4.452086283352399,-0.06846072819064944,4.452086283352399,4.419543615321664,-0.33155267248542303,4.419543615321664
351.0,29.023452602991693,4.4626040269324365,-0.06836056640545043,4.4626040269324365,4.430137253969019,-0.33167182506666254,4.430137253969019
351.0,28.979675532575698,4.473515497096522,-0.06825496770488725,4.473515497096522,4.441126495611899,-0.3317715017485108,4.441126495611899
351.0,28.935837986272173,4.484881605456495,-0.06814309096902618,4.484881605456495,4.45257254215305,-0.3318486895049945,4.45257254215305
351.0,28.89193968698389,4.496247713816474,-0.06803121423316504,4.496247713816474,4.464018588694208,-0.33192587726147826,4.464018588694208
351.0,28.847980355545328,4.507613822176453,-0.0679193374973039,4.507613822176453,4.475464635235366,-0.33200306501796206,4.475464635235366
351.0,28.803959710700912,4.5189799305364255,-0.06780746076144284,4.5189799305364255,4.486910681776517,-0.3320802527744458,4.486910681776517
351.0,28.759877469082966,4.530346038896405,-0.06769558402558169,4.530346038896405,4.498356728317675,-0.33215744053092955,4.498356728317675
351.0,28.715733345189637,4.541712147256384,-0.06758370728972056,4.541712147256384,4.509802774858833,-0.33223462828741335,4.509802774858833
351.0,28.671527051362244,4.553078255616357,-0.06747183055385948,4.553078255616357,4.5212488213999835,-0.33231181604389703,4.5212488213999835
351.0,28.62725829776235,4.564444363976335,-0.06735995381799835,4.564444363976335,4.532694867941141,-0.33238900380038083,4.532694867941141
351.0,28.58292679234876,4.575810472336308,-0.06724807708213727,4.575810472336308,4.544140914482292,-0.3324661915568646,4.544140914482292
351.0,28.53853224085383,4.587176580696287,-0.06713620034627614,4.587176580696287,4.55558696102345,-0.3325433793133483,4.55558696102345
351.0,28.494074346759813,4.598542689056266,-0.06702432361041501,4.598542689056266,4.567033007564608,-0.3326205670698321,4.567033007564608
351.0,28.44955281127467,4.609908797416239,-0.06691244687455393,4.609908797416239,4.57847905410576,-0.33269775482631586,4.57847905410576
351.0,28.404967333307482,4.621274905776218,-0.0668005701386928,4.621274905776218,4.5899251006469175,-0.3327749425827996,4.5899251006469175
351.0,28.360317609443808,4.6326410141361976,-0.06668869340283165,4.6326410141361976,4.601371147188075,-0.3328521303392834,4.601371147188075
351.0,28.315603333920446,4.64400712249617,-0.06657681666697059,4.64400712249617,4.612817193729226,-0.33292931809576715,4.612817193729226
351.0,28.27082419859982,4.655373230856149,-0.06646493993110944,4.655373230856149,4.624263240270384,-0.3330065058522509,4.624263240270384
351.0,28.225979892944288,4.666739339216128,-0.06635306319524831,4.666739339216128,4.635709286811542,-0.3330836936087347,4.635709286811542
351.0,28.18107010398983,4.6781054475761,-0.06624118645938723,4.6781054475761,4.647155333352693,-0.33316088136521843,4.647155333352693
351.0,28.136094516319343,4.68947155593608,-0.0661293097235261,4.68947155593608,4.658601379893851,-0.3332380691217022,4.658601379893851
351.0,28.091052812035844,4.700837664296059,-0.06601743298766496,4.700837664296059,4.6700474264350085,-0.333315256878186,4.6700474264350085
351.0,28.045944670735015,4.712203772656031,-0.06590555625180389,4.712203772656031,4.681493472976159,-0.33339244463466966,4.681493472976159
351.0,28.00076976947738,4.723569881016011,-0.06579367951594275,4.723569881016011,4.692939519517317,-0.33346963239115346,4.692939519517317
351.0,27.955527782760342,4.735830574231403,-0.06566986329586635,4.735830574231403,4.705284057959606,-0.33349861724347707,4.705284057959606
351.0,27.91021838248941,4.748106763321012,-0.065545840261708,4.748106763321012,4.717644159953412,-0.3335267671318117,4.717644159953412
351.0,27.864841237949445,4.7603829524106205,-0.06542181722754965,4.7603829524106205,4.73000426194722,-0.3335549170201463,4.73000426194722
351.0,27.819396015775194,4.772659141500222,-0.06529779419339138,4.772659141500222,4.742364363941019,-0.3335830669084809,4.742364363941019
351.0,27.7738823799214,4.784935330589832,-0.06517377115923302,4.784935330589832,4.754724465934825,-0.3336112167968155,4.754724465934825
351.0,27.728299991632746,4.797211519679441,-0.06504974812507468,4.797211519679441,4.767084567928633,-0.3336393666851501,4.767084567928633
351.0,27.6826485094131,4.809487708769042,-0.0649257250909164,4.809487708769042,4.779444669922432,-0.3336675165734847,4.779444669922432
351.0,27.636927588994286,4.821763897858651,-0.06480170205675805,4.821763897858651,4.791804771916238,-0.3336956664618193,4.791804771916238
351.0,27.591136883304724,4.83404008694826,-0.0646776790225997,4.83404008694826,4.804164873910046,-0.3337238163501539,4.804164873910046
351.0,27.54527604243725,4.846316276037862,-0.06455365598844143,4.846316276037862,4.816524975903845,-0.3337519662384885,4.816524975903845
351.0,27.499344713616583,4.8585924651274714,-0.06442963295428307,4.8585924651274714,4.828885077897652,-0.3337801161268231,4.828885077897652
351.0,27.453342541166467,4.870868654217073,-0.0643056099201248,4.870868654217073,4.841245179891452,-0.33380826601515773,4.841245179891452
351.0,27.407269166476016,4.883144843306682,-0.06418158688596645,4.883144843306682,4.853605281885258,-0.33383641590349233,4.853605281885258
351.0,27.361124227965906,4.895421032396291,-0.0640575638518081,4.895421032396291,4.8659653838790655,-0.33386456579182694,4.8659653838790655
351.0,27.314907361053805,4.9076972214858925,-0.06393354081764982,4.9076972214858925,4.878325485872865,-0.3338927156801615,4.878325485872865
351.0,27.2686181981193,4.919973410575502,-0.06380951778349148,4.919973410575502,4.890685587866671,-0.3339208655684961,4.890685587866671
351.0,27.222256368468525,4.932249599665111,-0.06368549474933312,4.932249599665111,4.903045689860479,-0.3339490154568307,4.903045689860479
351.0,27.17582149829802,4.944525788754713,-0.06356147171517484,4.944525788754713,4.915405791854278,-0.3339771653451653,4.915405791854278
351.0,27.129313210658044,4.9568019778443215,-0.0634374486810165,4.9568019778443215,4.927765893848085,-0.3340053152334999,4.927765893848085
351.0,27.082731125415545,4.969078166933931,-0.06331342564685814,4.969078166933931,4.940125995841892,-0.3340334651218345,4.940125995841892
351.0,27.0360748592164,4.981354356023533,-0.06318940261269987,4.981354356023533,4.952486097835691,-0.3340616150101691,4.952486097835691
351.0,26.989344025446965,4.99385266020862,-0.06306252950661403,4.99385266020862,4.965069197734965,-0.33407682448083714,4.965069197734965
351.0,26.942538234195396,5.00710351729654,-0.06292600001090866,5.00710351729654,4.978407841604465,-0.3340481902457999,4.978407841604465
351.0,26.895657092212048,5.020354374384451,-0.06278947051520337,5.020354374384451,4.991746485473956,-0.33401955601076266,4.991746485473956
351.0,26.84870020286928,5.033605231472371,-0.062652941019498,5.033605231472371,5.005085129343456,-0.33399092177572537,5.005085129343456
351.0,26.801667166120954,5.046856088560283,-0.06251641152379271,5.046856088560283,5.018423773212948,-0.33396228754068813,5.018423773212948
351.0,26.754557578460833,5.060106945648202,-0.06237988202808734,5.060106945648202,5.031762417082448,-0.3339336533056509,5.031762417082448
351.0,26.70737103288078,5.073357802736122,-0.062243352532381974,5.073357802736122,5.045101060951948,-0.3339050190706136,5.045101060951948
351.0,26.660107118828012,5.086608659824034,-0.06210682303667669,5.086608659824034,5.05843970482144,-0.33387638483557636,5.05843970482144
351.0,26.6127654221617,5.099859516911954,-0.06197029354097131,5.099859516911954,5.07177834869094,-0.33384775060053906,5.07177834869094
351.0,26.56534552510911,5.113110373999873,-0.06183376404526594,5.113110373999873,5.085116992560439,-0.3338191163655018,5.085116992560439
351.0,26.51784700622081,5.126361231087785,-0.06169723454956066,5.126361231087785,5.098455636429931,-0.3337904821304646,5.098455636429931
351.0,26.47026944032518,5.139612088175705,-0.06156070505385529,5.139612088175705,5.111794280299431,-0.3337618478954273,5.111794280299431
351.0,26.42261239848242,5.152862945263624,-0.06142417555814991,5.152862945263624,5.125132924168931,-0.33373321366039005,5.125132924168931
351.0,26.374875447937615,5.166113802351536,-0.06128764606244463,5.166113802351536,5.138471568038423,-0.33370457942535275,5.138471568038423
351.0,26.327058152072997,5.179364659439456,-0.06115111656673926,5.179364659439456,5.151810211907923,-0.3336759451903155,5.151810211907923
351.0,26.279160070359705,5.1926155165273755,-0.06101458707103389,5.1926155165273755,5.1651488557774226,-0.3336473109552782,5.1651488557774226
351.0,26.23118075830856,5.205866373615287,-0.0608780575753286,5.205866373615287,5.178487499646915,-0.333618676720241,5.178487499646915
351.0,26.18311976741997,5.2191172307032065,-0.06074152807962323,5.2191172307032065,5.191826143516415,-0.33359004248520374,5.191826143516415
351.0,26.134976645133346,5.2323680877911185,-0.06060499858391794,5.2323680877911185,5.205164787385907,-0.33356140825016645,5.205164787385907
351.0,26.08675093477526,5.245618944879038,-0.06046846908821257,5.245618944879038,5.218503431255407,-0.3335327740151292,5.218503431255407
351.0,26.038442175507168,5.2588698019669575,-0.0603319395925072,5.2588698019669575,5.231842075124907,-0.3335041397800919,5.231842075124907
351.0,25.99004990227201,5.272334745972454,-0.0601927845877899,5.272334745972454,5.245395574792888,-0.3334621043143582,5.245395574792888
351.0,25.941573645739897,5.286627530435103,-0.06004347715243702,5.286627530435103,5.259779888059622,-0.3333682483961126,5.259779888059622
351.0,25.893012932253193,5.300920314897753,-0.05989416971708413,5.300920314897753,5.274164201326355,-0.33327439247786705,5.274164201326355
351.0,25.844367283770385,5.315213099360394,-0.05974486228173134,5.315213099360394,5.288548514593081,-0.3331805365596215,5.288548514593081
351.0,25.795636217809044,5.329505883823043,-0.05959555484637846,5.329505883823043,5.302932827859815,-0.3330866806413759,5.302932827859815
351.0,25.746819247388096,5.343798668285693,-0.059446247411025575,5.343798668285693,5.317317141126548,-0.33299282472313035,5.317317141126548
351.0,25.697915880968825,5.358091452748334,-0.059296939975672786,5.358091452748334,5.331701454393273,-0.3328989688048848,5.331701454393273
351.0,25.648925622394913,5.372384237210984,-0.0591476325403199,5.372384237210984,5.346085767660007,-0.3328051128866392,5.346085767660007
351.0,25.599847970831746,5.386677021673624,-0.05899832510496711,5.386677021673624,5.360470080926731,-0.3327112569683937,5.360470080926731
351.0,25.55068242070425,5.400969806136274,-0.05884901766961423,5.400969806136274,5.3748543941934654,-0.3326174010501481,5.3748543941934654
351.0,25.50142846163409,5.415262590598924,-0.05869971023426134,5.415262590598924,5.3892387074601995,-0.3325235451319025,5.3892387074601995
351.0,25.45208557837554,5.429555375061565,-0.05855040279890855,5.429555375061565,5.403623020726924,-0.332429689213657,5.403623020726924
351.0,25.40265325075018,5.443848159524214,-0.05840109536355567,5.443848159524214,5.418007333993658,-0.33233583329541144,5.418007333993658
351.0,25.353130953580813,5.458140943986863,-0.058251787928202785,5.458140943986863,5.432391647260391,-0.3322419773771658,5.432391647260391
351.0,25.303518156623902,5.472433728449504,-0.058102480492849995,5.472433728449504,5.446775960527116,-0.3321481214589203,5.446775960527116
351.0,25.25381432450087,5.486726512912154,-0.057953173057497115,5.486726512912154,5.46116027379385,-0.33205426554067474,5.46116027379385
351.0,25.20401891662846,5.501019297374803,-0.05780386562214423,5.501019297374803,5.4755445870605834,-0.3319604096224291,5.4755445870605834
351.0,25.15413138714759,5.515312081837444,-0.05765455818679144,5.515312081837444,5.489928900327309,-0.3318665537041836,5.489928900327309
351.0,25.10415118485097,5.529604866300094,-0.05750525075143856,5.529604866300094,5.504313213594043,-0.33177269778593804,5.504313213594043
351.0,25.054077753109716,5.5438976507627435,-0.05735594331608567,5.5438976507627435,5.518697526860776,-0.3316788418676924,5.518697526860776
351.0,25.003910529798357,5.558190435225384,-0.05720663588073288,5.558190435225384,5.533081840127501,-0.3315849859494469,5.533081840127501
351.0,24.95364894721856,5.573508235445123,-0.05704539460666291,5.573508235445123,5.54849447156453,-0.3314225603905586,5.54849447156453
351.0,24.903292432021733,5.588912595266839,-0.05688314555459314,5.588912595266839,5.563993941482736,-0.3312543443247817,5.563993941482736
351.0,24.852840405129832,5.604316955088565,-0.05672089650252327,5.604316955088565,5.579493411400951,-0.3310861282590047,5.579493411400951
351.0,24.802292281655173,5.619721314910291,-0.056558647450453414,5.619721314910291,5.594992881319166,-0.33091791219322764,5.594992881319166
351.0,24.75164747081848,5.6351256747320075,-0.056396398398383646,5.6351256747320075,5.6104923512373714,-0.33074969612745075,5.6104923512373714
351.0,24.700905375865467,5.650530034553733,-0.05623414934631378,5.650530034553733,5.625991821155586,-0.33058148006167376,5.625991821155586
351.0,24.65006539398216,5.665934394375459,-0.056071900294243915,5.665934394375459,5.641491291073801,-0.3304132639958967,5.641491291073801
351.0,24.59912691620839,5.681338754197175,-0.05590965124217415,5.681338754197175,5.656990760992007,-0.33024504793011983,5.656990760992007
351.0,24.548089327349683,5.6967431140189015,-0.05574740219010429,5.6967431140189015,5.672490230910221,-0.3300768318643428,5.672490230910221
351.0,24.496952005887835,5.712147473840627,-0.05558515313803442,5.712147473840627,5.687989700828437,-0.3299086157985658,5.687989700828437
351.0,24.44571432388951,5.727551833662344,-0.05542290408596466,5.727551833662344,5.703489170746642,-0.32974039973278885,5.703489170746642
351.0,24.394375646913172,5.742956193484069,-0.055260655033894795,5.742956193484069,5.718988640664858,-0.32957218366701185,5.718988640664858
351.0,24.34293533391454,5.758360553305786,-0.05509840598182503,5.758360553305786,5.7344881105830625,-0.32940396760123497,5.7344881105830625
351.0,24.291392737149856,5.773764913127512,-0.05493615692975517,5.773764913127512,5.749987580501278,-0.3292357515354579,5.749987580501278
351.0,24.23974720207776,5.789169272949238,-0.0547739078776853,5.789169272949238,5.765487050419493,-0.3290675354696809,5.765487050419493
351.0,24.18799806725898,5.804573632770954,-0.054611658825615535,5.804573632770954,5.780986520337699,-0.328899319403904,5.780986520337699
351.0,24.13614466425418,5.81997799259268,-0.05444940977354567,5.81997799259268,5.796485990255913,-0.328731103338127,5.796485990255913
351.0,24.084186317520054,5.835382352414405,-0.05428716072147581,5.835382352414405,5.811985460174128,-0.32856288727235,5.811985460174128
351.0,24.032122344303215,5.850786712236122,-0.05412491166940604,5.850786712236122,5.827484930092334,-0.32839467120657306,5.827484930092334
351.0,23.979952054531992,5.866645476234658,-0.05395767887883766,5.866645476234658,5.843440107577821,-0.32819412012953086,5.843440107577821
351.0,23.92767475070644,5.88323306596867,-0.05378245259467486,5.88323306596867,5.8601262013264686,-0.3279417064386096,5.8601262013264686
351.0,23.875289727785937,5.899820655702673,-0.05360722631051217,5.899820655702673,5.876812295075107,-0.3276892927476885,5.876812295075107
351.0,23.82279627307455,5.916408245436684,-0.05343200002634938,5.916408245436684,5.893498388823755,-0.32743687905676716,5.893498388823755
351.0,23.7701936661045,5.932995835170696,-0.05325677374218659,5.932995835170696,5.910184482572403,-0.3271844653658459,5.910184482572403
351.0,23.717481178516962,5.949583424904699,-0.0530815474580239,5.949583424904699,5.92687057632104,-0.3269320516749248,5.92687057632104
351.0,23.66465807394061,5.96617101463871,-0.05290632117386111,5.96617101463871,5.943556670069688,-0.3266796379840035,5.943556670069688
351.0,23.61172360786798,5.982758604372712,-0.05273109488969842,5.982758604372712,5.960242763818326,-0.32642722429308235,5.960242763818326
351.0,23.558677027528937,5.9993461941067245,-0.05255586860553563,5.9993461941067245,5.976928857566974,-0.3261748106021611,5.976928857566974
351.0,23.50551757176208,6.015933783840736,-0.052380642321372836,6.015933783840736,5.993614951315622,-0.3259223969112398,5.993614951315622
351.0,23.45224447088322,6.032521373574738,-0.05220541603721015,6.032521373574738,6.01030104506426,-0.32566998322031865,6.01030104506426
351.0,23.398856946551216,6.0491089633087505,-0.05203018975304736,6.0491089633087505,6.026987138812908,-0.3254175695293974,6.026987138812908
351.0,23.345354211631378,6.065696553042763,-0.05185496346888456,6.065696553042763,6.043673232561556,-0.3251651558384761,6.043673232561556
351.0,23.29173547005578,6.082284142776764,-0.05167973718472187,6.082284142776764,6.060359326310194,-0.32491274214755494,6.060359326310194
351.0,23.237999916680725,6.098871732510776,-0.05150451090055908,6.098871732510776,6.077045420058842,-0.3246603284566337,6.077045420058842
351.0,23.18414673714155,6.115459322244789,-0.05132928461639629,6.115459322244789,6.093731513807489,-0.3244079147657124,6.093731513807489
351.0,23.130175107704147,6.13204691197879,-0.051154058332233604,6.13204691197879,6.110417607556127,-0.3241555010747913,6.110417607556127
351.0,23.076084195113427,6.148634501712802,-0.05097883204807081,6.148634501712802,6.127103701304775,-0.32390308738386997,6.127103701304775
351.0,23.021873156438875,6.165222091446804,-0.050803605763908126,6.165222091446804,6.143789795053413,-0.32365067369294886,6.143789795053413
351.0,22.967541138916452,6.182559935062547,-0.050620697713159656,6.182559935062547,6.161228042394709,-0.32334169985435646,6.161228042394709
351.0,22.91308727978762,6.20040391977676,-0.05043260733963681,6.20040391977676,6.1791737124296695,-0.3229945690452119,6.1791737124296695
351.0,22.858510706134634,6.218247904490963,-0.05024451696611407,6.218247904490963,6.19711938246462,-0.3226474382360675,6.19711938246462
351.0,22.803810534712337,6.236091889205176,-0.05005642659259121,6.236091889205176,6.215065052499581,-0.32230030742692295,6.215065052499581
351.0,22.748985871776657,6.2539358739193895,-0.04986833621906837,6.2539358739193895,6.233010722534542,-0.32195317661777834,6.233010722534542
351.0,22.69403581290914,6.271779858633592,-0.049680245845545624,6.271779858633592,6.250956392569492,-0.32160604580863394,6.250956392569492
351.0,22.638959442837642,6.289623843347805,-0.04949215547202278,6.289623843347805,6.268902062604453,-0.3212589149994894,6.268902062604453
351.0,22.58375583525353,6.307467828062018,-0.049304065098499925,6.307467828062018,6.286847732639414,-0.3209117841903448,6.286847732639414
351.0,22.528424052624494,6.325311812776221,-0.04911597472497718,6.325311812776221,6.304793402674364,-0.3205646533812004,6.304793402674364
351.0,22.472963146003355,6.343155797490434,-0.048927884351454336,6.343155797490434,6.322739072709325,-0.3202175225720558,6.322739072709325
351.0,22.417372154832908,6.360999782204647,-0.04873979397793148,6.360999782204647,6.340684742744286,-0.3198703917629112,6.340684742744286
351.0,22.361650106746172,6.37884376691885,-0.04855170360440875,6.37884376691885,6.358630412779236,-0.3195232609537668,6.358630412779236
351.0,22.305796017362212,6.396687751633063,-0.048363613230885893,6.396687751633063,6.376576082814197,-0.31917613014462226,6.376576082814197
351.0,22.249808890077734,6.414531736347266,-0.04817552285736316,6.414531736347266,6.394521752849148,-0.31882899933547787,6.394521752849148
351.0,22.193687715853493,6.4323757210614785,-0.047987432483840305,6.4323757210614785,6.4124674228841085,-0.31848186852633326,6.4124674228841085
351.0,22.137431472996386,6.450219705775692,-0.04779934211031745,6.450219705775692,6.4304130929190695,-0.3181347377171887,6.4304130929190695
351.0,22.08103912693631,6.4680636904898945,-0.047611251736794716,6.4680636904898945,6.44835876295402,-0.3177876069080443,6.44835876295402
351.0,22.024509629997898,6.485907675204108,-0.04742316136327186,6.485907675204108,6.466304432988981,-0.31744047609889975,6.466304432988981
351.0,21.96784192116733,6.504506267201895,-0.047227934682225234,6.504506267201895,6.485006379441482,-0.317033290459562,6.485006379441482
351.0,21.911034925853528,6.523680695809712,-0.04702726232470283,6.523680695809712,6.504285436210833,-0.31658027731419897,6.504285436210833
351.0,21.854087555643776,6.54285512441754,-0.0468265899671803,6.54285512441754,6.523564492980196,-0.3161272641688357,6.523564492980196
351.0,21.79699870805399,6.562029553025368,-0.04662591760965778,6.562029553025368,6.542843549749558,-0.3156742510234724,6.542843549749558
351.0,21.739767266272857,6.581203981633184,-0.04642524525213538,6.581203981633184,6.562122606518909,-0.3152212378781094,6.562122606518909
351.0,21.682392098899932,6.600378410241011,-0.046224572894612855,6.600378410241011,6.581401663288272,-0.31476822473274607,6.581401663288272
351.0,21.624872059677926,6.619552838848827,-0.04602390053709045,6.619552838848827,6.600680720057623,-0.31431521158738307,6.600680720057623
351.0,21.567205987218134,6.638727267456655,-0.045823228179567924,6.638727267456655,6.6199597768269856,-0.3138621984420198,6.6199597768269856
351.0,21.509392704719787,6.657901696064483,-0.0456225558220454,6.657901696064483,6.639238833596349,-0.31340918529665646,6.639238833596349
351.0,21.451431019682367,6.6770761246723,-0.04542188346452299,6.6770761246723,6.6585178903657,-0.31295617215129345,6.6585178903657
351.0,21.393319723610986,6.6962505532801275,-0.045221211107000475,6.6962505532801275,6.677796947135063,-0.3125031590059302,6.677796947135063
351.0,21.335057591714886,6.7154249818879554,-0.04502053874947795,6.7154249818879554,6.697076003904425,-0.3120501458605669,6.697076003904425
351.0,21.276643382598362,6.734599410495772,-0.044819866391955544,6.734599410495772,6.716355060673776,-0.31159713271520384,6.716355060673776
351.0,21.218075837944028,6.753773839103599,-0.04461919403443302,6.753773839103599,6.735634117443139,-0.31114411956984056,6.735634117443139
351.0,21.159353682188648,6.772948267711427,-0.044418521676910495,6.772948267711427,6.7549131742125015,-0.3106911064244773,6.7549131742125015
351.0,21.100475622190608,6.792122696319243,-0.04421784931938809,6.792122696319243,6.7741922309818525,-0.3102380932791142,6.7741922309818525
351.0,21.04144034688908,6.811297124927071,-0.044017176961865564,6.811297124927071,6.793471287751216,-0.30978508013375095,6.793471287751216
351.0,20.982246526955,6.830892426576603,-0.04381287529851505,6.830892426576603,6.813172018952595,-0.30929681960284167,6.813172018952595
351.0,20.922892814432934,6.851471457068996,-0.043600090666504665,6.851471457068996,6.833858352128841,-0.3087261734915755,6.833858352128841
351.0,20.86337784237384,6.872050487561402,-0.04338730603449416,6.872050487561402,6.8545446853051,-0.308155527380309,6.8545446853051
351.0,20.80370022445886,6.892629518053795,-0.04317452140248378,6.892629518053795,6.8752310184813465,-0.3075848812690428,6.8752310184813465
351.0,20.743858554612935,6.913208548546201,-0.04296173677047327,6.913208548546201,6.895917351657606,-0.3070142351577763,6.895917351657606
351.0,20.683851406608998,6.933787579038607,-0.04274895213846276,6.933787579038607,6.916603684833865,-0.3064435890465098,6.916603684833865
351.0,20.623677333661533,6.954366609531,-0.04253616750645239,6.954366609531,6.937290018010111,-0.30587294293524364,6.937290018010111
351.0,20.563334868009594,6.974945640023406,-0.04232338287444187,6.974945640023406,6.95797635118637,-0.30530229682397714,6.95797635118637
351.0,20.50282252048915,6.995524670515811,-0.042110598242431366,6.995524670515811,6.978662684362629,-0.30473165071271063,6.978662684362629
351.0,20.442138780093874,7.016103701008205,-0.04189781361042099,7.016103701008205,6.999349017538876,-0.30416100460144446,6.999349017538876
351.0,20.38128211352427,7.03668273150061,-0.04168502897841048,7.03668273150061,7.020035350715134,-0.30359035849017796,7.020035350715134
351.0,20.320250964725098,7.057261761993016,-0.04147224434639997,7.057261761993016,7.040721683891393,-0.30301971237891145,7.040721683891393
351.0,20.25904375441005,7.07784079248541,-0.041259459714389594,7.07784079248541,7.06140801706764,-0.3024490662676453,7.06140801706764
351.0,20.197658879573602,7.0984198229778155,-0.04104667508237908,7.0984198229778155,7.082094350243898,-0.3018784201563788,7.082094350243898
351.0,20.13609471298996,7.118998853470209,-0.040833890450368705,7.118998853470209,7.1027806834201455,-0.3013077740451126,7.1027806834201455
351.0,20.074349602697776,7.139577883962614,-0.0406211058183582,7.139577883962614,7.123467016596404,-0.3007371279338461,7.123467016596404
351.0,20.01242187147124,7.16015691445502,-0.040408321186347684,7.16015691445502,7.144153349772663,-0.3001664818225796,7.144153349772663
351.0,19.95030981627618,7.181917947801572,-0.04018638797661851,7.181917947801572,7.166023579317635,-0.29949196205006323,7.166023579317635
351.0,19.888011707711,7.203974906417885,-0.03996216433643912,7.203974906417885,7.18819020819113,-0.2987914365525034,7.18819020819113
351.0,19.825525789432334,7.226031865034199,-0.03973794069625973,7.226031865034199,7.210356837064626,-0.2980909110549436,7.210356837064626
351.0,19.762850277564127,7.2480888236505,-0.03951371705608048,7.2480888236505,7.232523465938107,-0.29739038555738423,7.232523465938107
351.0,19.699983360090005,7.270145782266813,-0.039289493415901086,7.270145782266813,7.254690094811603,-0.29668986005982445,7.254690094811603
351.0,19.63692319622862,7.292202740883127,-0.039065269775721695,7.292202740883127,7.276856723685098,-0.29598933456226467,7.276856723685098
351.0,19.57366791579069,7.314259699499427,-0.03884104613554244,7.314259699499427,7.29902335255858,-0.2952888090647053,7.29902335255858
351.0,19.51021561851752,7.336316658115741,-0.03861682249536305,7.336316658115741,7.3211899814320756,-0.29458828356714545,7.3211899814320756
351.0,19.446564373400534,7.358373616732054,-0.03839259885518366,7.358373616732054,7.3433566103055705,-0.29388775806958567,7.3433566103055705
351.0,19.38271221798063,7.380430575348355,-0.0381683752150044,7.380430575348355,7.365523239179053,-0.2931872325720263,7.365523239179053
351.0,19.318657157626774,7.402487533964669,-0.03794415157482501,7.402487533964669,7.387689868052548,-0.2924867070744665,7.387689868052548
351.0,19.254397164793705,7.424544492580969,-0.03771992793464576,7.424544492580969,7.40985649692603,-0.2917861815769071,7.40985649692603
351.0,19.189930178256773,7.4466014511972825,-0.037495704294466366,7.4466014511972825,7.4320231257995255,-0.29108565607934733,7.4320231257995255
351.0,19.12525410232444,7.468658409813596,-0.037271480654286974,7.468658409813596,7.4541897546730205,-0.2903851305817875,7.4541897546730205
351.0,19.06036680602652,7.490715368429897,-0.037047257014107715,7.490715368429897,7.476356383546502,-0.28968460508422816,7.476356383546502
351.0,18.99526612227765,7.5128848140785145,-0.03682226738257486,7.5128848140785145,7.49863564518464,-0.28897373358204687,7.49863564518464
351.0,18.929949847015543,7.536491070532101,-0.036587493648549234,7.536491070532101,7.522353579084961,-0.288130711280579,7.522353579084961
351.0,18.86441573831218,7.560097326985672,-0.036352719914523754,7.560097326985672,7.546071512985268,-0.28728768897911167,7.546071512985268
351.0,18.798661515457397,7.5837035834392585,-0.03611794618049813,7.5837035834392585,7.56978944688559,-0.2864446666776438,7.56978944688559
351.0,18.732684858014125,7.607309839892844,-0.0358831724464725,7.607309839892844,7.593507380785911,-0.2856016443761759,7.593507380785911
351.0,18.666483404843472,7.630916096346416,-0.03564839871244702,7.630916096346416,7.617225314686218,-0.2847586220747086,7.617225314686218
351.0,18.60005475309884,7.654522352800002,-0.035413624978421404,7.654522352800002,7.640943248586539,-0.2839155997732407,7.640943248586539
351.0,18.533396457188267,7.678128609253573,-0.03517885124439592,7.678128609253573,7.664661182486846,-0.2830725774717734,7.664661182486846
351.0,18.466506027702756,7.701734865707159,-0.0349440775103703,7.701734865707159,7.688379116387167,-0.2822295551703055,7.688379116387167
351.0,18.399380930310407,7.725341122160745,-0.03470930377634467,7.725341122160745,7.712097050287488,-0.28138653286883764,7.712097050287488
351.0,18.332018584614023,7.748947378614317,-0.03447453004231919,7.748947378614317,7.735814984187795,-0.2805435105673703,7.735814984187795
351.0,18.264416362971097,7.7725536350679025,-0.03423975630829357,7.7725536350679025,7.759532918088116,-0.27970048826590244,7.759532918088116
351.0,18.196571589275052,7.796159891521489,-0.03400498257426794,7.796159891521489,7.783250851988437,-0.2788574659644346,7.783250851988437
351.0,18.128481537695354,7.81976614797506,-0.03377020884024246,7.81976614797506,7.806968785888744,-0.27801444366296724,7.806968785888744
351.0,18.06014343137525,7.843372404428647,-0.033535435106216836,7.843372404428647,7.830686719789065,-0.27717142136149936,7.830686719789065
351.0,17.991554441085718,7.867177492938045,-0.03329950103753327,7.867177492938045,7.854603678962747,-0.2763093050524451,7.854603678962747
351.0,17.922711683833032,7.892401134600737,-0.03305528864380214,7.892401134600737,7.879940569786574,-0.27531096390499576,7.879940569786574
351.0,17.853612221418363,7.917624776263445,-0.03281107625007086,7.917624776263445,7.9052774606104155,-0.27431262275754587,7.9052774606104155
351.0,17.78425305894785,7.942848417926152,-0.03256686385633959,7.942848417926152,7.930614351434257,-0.2733142816100959,7.930614351434257
351.0,17.714631143290106,7.968072059588844,-0.03232265146260846,7.968072059588844,7.955951242258084,-0.27231594046264657,7.955951242258084
351.0,17.64474336147944,7.993295701251552,-0.03207843906887718,7.993295701251552,7.981288133081925,-0.27131759931519667,7.981288133081925
351.0,17.574586539062732,8.018519342914244,-0.03183422667514606,8.018519342914244,8.006625023905752,-0.2703192581677473,8.006625023905752
351.0,17.50415743838655,8.043742984576951,-0.03159001428141478,8.043742984576951,8.031961914729592,-0.2693209170202974,8.031961914729592
351.0,17.433452756823016,8.068966626239659,-0.0313458018876835,8.068966626239659,8.057298805553435,-0.26832257587284747,8.057298805553435
351.0,17.362469124930783,8.094190267902352,-0.031101589493952374,8.094190267902352,8.082635696377261,-0.2673242347253981,8.082635696377261
351.0,17.291203104548504,8.11941390956506,-0.030857377100221097,8.11941390956506,8.107972587201102,-0.2663258935779482,8.107972587201102
351.0,17.219651186818233,8.144637551227767,-0.030613164706489823,8.144637551227767,8.133309478024945,-0.26532755243049827,8.133309478024945
351.0,17.147809790134712,8.169861192890458,-0.03036895231275869,8.169861192890458,8.158646368848771,-0.264329211283049,8.158646368848771
351.0,17.0756752580176,8.195084834553166,-0.030124739919027418,8.195084834553166,8.183983259672612,-0.263330870135599,8.183983259672612
351.0,17.003243856903396,8.220308476215873,-0.02988052752529614,8.220308476215873,8.209320150496454,-0.2623325289881491,8.209320150496454
351.0,16.930511773852576,8.247137659878765,-0.029628572498850227,8.247137659878765,8.236263569855996,-0.26117357056970214,8.236263569855996
351.0,16.8574751141683,8.274041949553837,-0.02937625527803816,8.274041949553837,8.263282141377084,-0.2600070985996266,8.263282141377084
351.0,16.784129898922952,8.300946239228892,-0.029123938057226243,8.300946239228892,8.290300712898159,-0.25884062662955176,8.290300712898159
351.0,16.710472062387,8.327850528903966,-0.028871620836414175,8.327850528903966,8.317319284419249,-0.25767415465947624,8.317319284419249
351.0,16.636497449356714,8.354754818579037,-0.028619303615602106,8.354754818579037,8.344337855940338,-0.2565076826894007,8.344337855940338
351.0,16.562201812374802,8.381659108254093,-0.02836698639479019,8.381659108254093,8.371356427461413,-0.25534121071932586,8.371356427461413
351.0,16.487580808839056,8.408563397929164,-0.028114669173978122,8.408563397929164,8.398374998982503,-0.25417473874925034,8.398374998982503
351.0,16.41262999799385,8.435467687604236,-0.027862351953166054,8.435467687604236,8.425393570503592,-0.25300826677917476,8.425393570503592
351.0,16.337344837797882,8.462371977279291,-0.027610034732354138,8.462371977279291,8.452412142024665,-0.2518417948090999,8.452412142024665
351.0,16.261720681662204,8.489276266954363,-0.02735771751154207,8.489276266954363,8.479430713545755,-0.2506753228390244,8.479430713545755
351.0,16.185752775052425,8.516180556629436,-0.02710540029073,8.516180556629436,8.506449285066845,-0.24950885086894883,8.506449285066845
351.0,16.109436251947166,8.543084846304492,-0.026853083069918085,8.543084846304492,8.533467856587919,-0.248342378898874,8.533467856587919
351.0,16.03276613114579,8.569989135979563,-0.026600765849106017,8.569989135979563,8.560486428109009,-0.24717590692879846,8.560486428109009
351.0,15.955737312417872,8.597890734655616,-0.02634468397402306,8.597890734655616,8.588502513194971,-0.24590572494577057,8.588502513194971
351.0,15.878344572485148,8.626532339631789,-0.026085808714066003,8.626532339631789,8.61725875636808,-0.2445585898189368,8.61725875636808
351.0,15.800582560827447,8.655173944607979,-0.02582693345410879,8.655173944607979,8.646014999541208,-0.24321145469210223,8.646014999541208
351.0,15.722445795303537,8.683815549584152,-0.02556805819415173,8.683815549584152,8.674771242714318,-0.24186431956526844,8.674771242714318
351.0,15.643928657575586,8.712457154560342,-0.02530918293419452,8.712457154560342,8.703527485887445,-0.24051718443843387,8.703527485887445
351.0,15.565025388327834,8.741098759536532,-0.025050307674237306,8.741098759536532,8.732283729060573,-0.23917004931159927,8.732283729060573
351.0,15.485730082266869,8.769740364512705,-0.024791432414280248,8.769740364512705,8.761039972233682,-0.2378229141847655,8.761039972233682
351.0,15.406036682891587,8.798381969488895,-0.024532557154323037,8.798381969488895,8.78979621540681,-0.23647577905793093,8.78979621540681
351.0,15.325938977020288,8.827023574465086,-0.024273681894365823,8.827023574465086,8.818552458579937,-0.23512864393109634,8.818552458579937
351.0,15.245430589060028,8.855665179441258,-0.024014806634408765,8.855665179441258,8.847308701753047,-0.23378150880426257,8.847308701753047
351.0,15.164504975003664,8.884306784417449,-0.02375593137445155,8.884306784417449,8.876064944926174,-0.23243437367742797,8.876064944926174
351.0,15.083155416139148,8.91294838939364,-0.02349705611449434,8.91294838939364,8.904821188099302,-0.2310872385505934,8.904821188099302
351.0,15.00137501245301,8.941589994369814,-0.023238180854537282,8.941589994369814,8.933577431272411,-0.2297401034237596,8.933577431272411
351.0,14.919156675710225,8.97198704210173,-0.022974566627544893,8.97198704210173,8.964088632753844,-0.22820361175039167,8.964088632753844
351.0,14.836493122191294,9.002414027207879,-0.022710871582064442,9.002414027207879,8.994629763347726,-0.2266638907847101,8.994629763347726
351.0,14.75337686506429,9.032841012314044,-0.022447176536583832,9.032841012314044,9.025170893941624,-0.22512416981902766,9.025170893941624
351.0,14.669800206370738,9.063267997420208,-0.022183481491103222,9.063267997420208,9.055712024535524,-0.22358444885334516,9.055712024535524
351.0,14.585755228599881,9.093694982526356,-0.02191978644562277,9.093694982526356,9.086253155129405,-0.22204472788766363,9.086253155129405
351.0,14.501233785825724,9.124121967632522,-0.02165609140014216,9.124121967632522,9.116794285723305,-0.22050500692198116,9.116794285723305
351.0,14.41622749437924,9.154548952738686,-0.021392396354661555,9.154548952738686,9.147335416317203,-0.2189652859562987,9.147335416317203
351.0,14.330727723024678,9.184975937844834,-0.021128701309181104,9.184975937844834,9.177876546911085,-0.21742556499061713,9.177876546911085
351.0,14.244725582607833,9.215402922951,-0.020865006263700494,9.215402922951,9.208417677504984,-0.21588584402493466,9.208417677504984
351.0,14.158211915141665,9.245829908057164,-0.020601311218219884,9.245829908057164,9.238958808098884,-0.21434612305925219,9.238958808098884
351.0,14.071177282290437,9.276256893163312,-0.020337616172739433,9.276256893163312,9.269499938692764,-0.21280640209357063,9.269499938692764
351.0,13.983611953211868,9.3070241338666,-0.020073374846644558,9.3070241338666,9.300381036363175,-0.21122868938946787,9.300381036363175
351.0,13.895505891713526,9.33927371908242,-0.019806753615332223,9.33927371908242,9.332743221588265,-0.20948546333174164,9.332743221588265
351.0,13.806848742674536,9.371523304298222,-0.01954013238402005,9.371523304298222,9.365105406813335,-0.20774223727401647,9.365105406813335
351.0,13.717629817681143,9.403772889514043,-0.019273511152707715,9.403772889514043,9.397467592038423,-0.20599901121629027,9.397467592038423
351.0,13.627838079820318,9.436022474729844,-0.019006889921395542,9.436022474729844,9.429829777263492,-0.2042557851585651,9.429829777263492
351.0,13.537462127568865,9.468272059945665,-0.018740268690083207,9.468272059945665,9.462191962488582,-0.20251255910083887,9.462191962488582
351.0,13.44649017771312,9.500521645161486,-0.01847364745877087,9.500521645161486,9.494554147713671,-0.20076933304311267,9.494554147713671
351.0,13.354910047225577,9.532771230377287,-0.0182070262274587,9.532771230377287,9.526916332938741,-0.1990261069853875,9.526916332938741
351.0,13.26270913402004,9.565020815593108,-0.017940404996146363,9.565020815593108,9.559278518163831,-0.19728288092766127,9.559278518163831
351.0,13.16987439649991,9.59727040080893,-0.01767378376483403,9.59727040080893,9.59164070338892,-0.19553965486993508,9.59164070338892
351.0,13.076392331804648,9.629519986024732,-0.017407162533521855,9.629519986024732,9.62400288861399,-0.1937964288122099,9.62400288861399
351.0,12.982248952652318,9.662116733726076,-0.017140366518740038,9.662116733726076,9.65671170613428,-0.1920131634421539,9.65671170613428
351.0,12.887429762666342,9.696212828586273,-0.016872815638126475,9.696212828586273,9.69091758099413,-0.190056973773859,9.69091758099413
351.0,12.79191973006232,9.730308923446449,-0.016605264757513075,9.730308923446449,9.72512345585396,-0.18810078410556527,9.72512345585396
351.0,12.69570325956032,9.764405018306647,-0.01633771387689951,9.764405018306647,9.759329330713811,-0.18614459443727036,9.759329330713811
351.0,12.598764162374708,9.798501113166823,-0.016070162996286108,9.798501113166823,9.793535205573642,-0.18418840476897663,9.793535205573642
351.0,12.501085624116676,9.832597208027021,-0.015802612115672545,9.832597208027021,9.827741080433494,-0.18223221510068172,9.827741080433494
351.0,12.402650170431158,9.866693302887217,-0.015535061235058984,9.866693302887217,9.861946955293345,-0.1802760254323868,9.861946955293345
351.0,12.303439630167942,9.900789397747394,-0.015267510354445582,9.900789397747394,9.896152830153175,-0.17831983576409308,9.896152830153175
351.0,12.20343509586793,9.934885492607592,-0.014999959473832019,9.934885492607592,9.930358705013026,-0.1763636460957982,9.930358705013026
351.0,12.10261688132192,9.968981587467788,-0.014732408593218458,9.968981587467788,9.964564579872878,-0.17440745642750327,9.964564579872878
351.0,12.0009644759312,10.003077682327964,-0.014464857712605054,10.003077682327964,9.998770454732709,-0.17245126675920955,9.998770454732709
351.0,11.898456495571095,10.039010704924326,-0.014198397549696071,10.039010704924326,10.034808986674038,-0.17027671419100998,10.034808986674038
351.0,11.795070629624762,10.074961248689425,-0.013931947790380312,10.074961248689425,10.07086499904932,-0.16810007881185368,10.07086499904932
351.0,11.690783583814865,10.110911792454504,-0.013665498031064711,10.110911792454504,10.10692101142458,-0.1659234434326987,10.10692101142458
351.0,11.585571018418953,10.146862336219604,-0.013399048271748952,10.146862336219604,10.142977023799862,-0.16374680805354241,10.142977023799862
351.0,11.479407481405273,10.182812879984704,-0.013132598512433192,10.182812879984704,10.179033036175143,-0.16157017267438611,10.179033036175143
351.0,11.372266335967774,10.218763423749781,-0.012866148753117593,10.218763423749781,10.215089048550404,-0.15939353729523112,10.215089048550404
351.0,11.264119681876817,10.254713967514881,-0.012599698993801834,10.254713967514881,10.251145060925685,-0.15721690191607482,10.251145060925685
351.0,11.15493826998865,10.29066451127996,-0.012333249234486234,10.29066451127996,10.287201073300945,-0.15504026653691982,10.287201073300945
351.0,11.04469140917027,10.32661505504506,-0.012066799475170474,10.32661505504506,10.323257085676229,-0.15286363115776355,10.323257085676229
351.0,10.933346864802889,10.36366700865805,-0.011802191646524159,10.36366700865805,10.360410934291167,-0.15055234451500793,10.360410934291167
351.0,10.820870747911737,10.40146116832705,-0.011538825038028949,10.40146116832705,10.398304580817975,-0.1481503205472814,10.398304580817975
351.0,10.707227393842759,10.439255327996072,-0.011275458429533581,10.439255327996072,10.436198227344805,-0.14574829657955343,10.436198227344805
351.0,10.59237922925653,10.477049487665095,-0.011012091821038211,10.477049487665095,10.474091873871636,-0.14334627261182545,10.474091873871636
351.0,10.476286626032906,10.514843647334096,-0.010748725212543001,10.514843647334096,10.511985520398444,-0.14094424864409894,10.511985520398444
351.0,10.35890774047763,10.552637807003117,-0.010485358604047633,10.552637807003117,10.549879166925274,-0.13854222467637095,10.549879166925274
351.0,10.240198335982843,10.59043196667214,-0.010221991995552265,10.59043196667214,10.587772813452105,-0.13614020070864297,10.587772813452105
351.0,10.120111587010353,10.628226126341142,-0.009958625387057055,10.628226126341142,10.625666459978913,-0.13373817674091645,10.625666459978913
351.0,9.998597861936583,10.666041061238582,-0.009695315250021565,10.666041061238582,10.6635807928071,-0.1313335466118376,10.6635807928071
351.0,9.875604481905357,10.705646370144631,-0.00943687172778135,10.705646370144631,10.70327783606028,-0.12870432191028497,10.70327783606028
351.0,9.751075452365075,10.745251679050703,-0.009178428205540979,10.745251679050703,10.742974879313484,-0.12607509720873075,10.742974879313484
351.0,9.62495116341323,10.784856987956775,-0.00891998468330061,10.784856987956775,10.782671922566688,-0.12344587250717654,10.782671922566688
351.0,9.49716805439894,10.824462296862823,-0.008661541161060392,10.824462296862823,10.822368965819868,-0.1208166478056239,10.822368965819868
351.0,9.36765823743169,10.864067605768895,-0.008403097638820023,10.864067605768895,10.862066009073072,-0.11818742310406968,10.862066009073072
351.0,9.236349073470665,10.903672914674967,-0.008144654116579652,10.903672914674967,10.901763052326276,-0.11555819840251547,10.901763052326276
351.0,9.103162693482728,10.943278223581014,-0.007886210594339436,10.943278223581014,10.941460095579457,-0.11292897370096283,10.941460095579457
351.0,8.96801545571141,10.983296350546672,-0.0076293019523206865,10.983296350546672,10.981567721025993,-0.11024673308294436,10.981567721025993
351.0,8.830817328319966,11.024655909215612,-0.007377380827059523,11.024655909215612,11.023009512839888,-0.1073922198875223,11.023009512839888
351.0,8.691471184469078,11.066015467884526,-0.00712545970179851,11.066015467884526,11.06445130465376,-0.10453770669210197,11.06445130465376
351.0,8.549871994154419,11.107375026553466,-0.006873538576537346,11.107375026553466,11.105893096467655,-0.10168319349667992,11.105893096467655
351.0,8.405905893701172,11.148734585222405,-0.006621617451276182,11.148734585222405,11.147334888281552,-0.09882868030125788,11.147334888281552
351.0,8.259449109486443,11.190094143891319,-0.006369696326015169,11.190094143891319,11.188776680095422,-0.09597416710583755,11.188776680095422
351.0,8.110366706969026,11.231453702560259,-0.006117775200754005,11.231453702560259,11.230218471909318,-0.0931196539104155,11.230218471909318
351.0,7.958511129070033,11.273266507838335,-0.005867966050215159,11.273266507838335,11.272110507815073,-0.09020569052060663,11.272110507815073
351.0,7.803720478856179,11.31629641560641,-0.005623828182463848,11.31629641560641,11.315211583555357,-0.08713208560638692,11.315211583555357
351.0,7.645816489635714,11.359326323374486,-0.005379690314712537,11.359326323374486,11.358312659295638,-0.08405848069216722,11.358312659295638
351.0,7.484602109977758,11.402356231142535,-0.005135552446961371,11.402356231142535,11.401413735035895,-0.08098487577794934,11.401413735035895
351.0,7.319858610424522,11.44538613891061,-0.00489141457921006,11.44538613891061,11.444514810776177,-0.07791127086372963,11.444514810776177
351.0,7.1513420907542,11.488416046678687,-0.004647276711458748,11.488416046678687,11.48761588651646,-0.07483766594950993,11.48761588651646
351.0,6.978779228627757,11.53163542493697,-0.004404186959857276,11.53163542493697,11.53090494191764,-0.0717387392889774,11.53090494191764
351.0,6.801862057960901,11.576222663092446,-0.004168663959399674,11.576222663092446,11.575551094349326,-0.0684570052621496,11.575551094349326
351.0,6.620241491816368,11.620809901247924,-0.003933140958942071,11.620809901247924,11.620197246781013,-0.06517527123532178,11.620197246781013
351.0,6.433519199897874,11.665397139403373,-0.003697617958484609,11.665397139403373,11.664843399212673,-0.06189353720849595,11.664843399212673
351.0,6.241237298984949,11.70998437755885,-0.0034620949580270064,11.70998437755885,11.70948955164436,-0.05861180318166814,11.70948955164436
351.0,6.042865090387587,11.7545716157143,-0.0032265719575695446,11.7545716157143,11.754135704076019,-0.0553300691548423,11.754135704076019
351.0,5.837781739748631,11.800273131976661,-0.0029980953835488985,11.800273131976661,11.799885991976947,-0.05189696986088435,11.799885991976947
351.0,5.625253270171638,11.8462741712646,-0.0027715129210188023,11.8462741712646,11.845933076516303,-0.048423182894344205,11.845933076516303
351.0,5.404401405239369,11.892275210552514,-0.0025449304584888414,11.892275210552514,11.891980161055631,-0.04494939592780614,11.891980161055631
351.0,5.1741604282759175,11.938276249840452,-0.0023183479959587453,11.938276249840452,11.938027245594986,-0.041475608961265995,11.938027245594986
351.0,4.933215891265811,11.984477128759126,-0.0020931337691955927,11.984477128759126,11.984272177932498,-0.037974391532681534,11.984272177932498
351.0,4.679914864226757,12.031383189778733,-0.0018728002096461188,12.031383189778733,12.031215173443568,-0.03437623872994194,12.031215173443568
351.0,4.412129686200057,12.078596868928674,-0.001654700935208068,12.078596868928674,12.078462499455592,-0.030735519989902146,12.078462499455592
351.0,4.127041874610508,12.126124072510043,-0.0014389306190472368,12.126124072510043,12.12601990719954,-0.02705128187910373,12.12601990719954
351.0,3.820780266897706,12.173963256884369,-0.0012255290888787368,12.173963256884369,12.173885777698807,-0.023323604762056405,12.173885777698807
351.0,3.487771483045703,12.22212032401246,-0.0010145936271918087,12.22212032401246,12.222065850763046,-0.019551530950143916,12.222065850763046
351.0,3.1194612925393757,12.270600784887943,-0.000806221507077297,12.270600784887943,12.270565473030073,-0.015734150663814978,12.270565473030073
351.0,2.7014492909988785,12.319405201678292,-0.0006004724216430773,12.319405201678292,12.319385096880207,-0.011871244419419079,12.319385096880207
351.0,2.205655997057402,12.36854119568044,-0.0003974651960584692,12.36854119568044,12.368532142715535,-0.00796159698772378,12.368532142715535
351.0,1.5595861576387136,12.418011294433304,-0.00019727948045650742,12.418011294433304,12.418008994187664,-0.004004705160349132,12.418008994187664
351.0,0.0,12.467818478871951,-2.432887038727961e-35,12.467818478871951,12.467818478871951,-2.0530973232773163e-39,12.467818478871951
