index,zenith_deg,relative_azimuth_deg,intensity_gain,dolp_scale,aop_offset_deg,source_reference_intensity,source_model_intensity,source_reference_dop,source_model_dop,source_reference_aop_deg,source_model_aop_deg
0,3.085892,5.062779,1.99020267343344092e+09,5.21679504367960067e-01,8.65284223188568404e+01,8.21333300000000008e+02,4.12688270879999995e-07,4.36058999999999974e-01,8.35875276580602011e-01,-9.96942999999999913e+00,8.35021476811431569e+01
1,3.229108,14.703974,2.10971580292149925e+09,5.20143321322732666e-01,6.25728340547976813e+01,7.89333300000000008e+02,3.74142004770000016e-07,4.30532000000000026e-01,8.27718019920260284e-01,-2.29882629999999999e+01,-8.55610970547976848e+01
2,3.597456,25.660826,2.46139574363120508e+09,5.06347039257253662e-01,4.37242676899556386e+01,7.74222200000000043e+02,3.14546005859999997e-07,4.11760999999999988e-01,8.13199185688931236e-01,-2.82383090000000010e+01,-7.19625766899556396e+01
3,2.954261,34.6243,1.71708642429146886e+09,5.99194317808739552e-01,2.97419378358788578e+01,7.49600000000000023e+02,4.36553448559999993e-07,4.99906999999999990e-01,8.34298632584109856e-01,-3.71369370000000032e+01,-6.68788748358788609e+01
4,3.207406,44.916314,1.81398579930849481e+09,5.64329636193408812e-01,5.39940210088840189e+00,7.93454500000000053e+02,4.37409433030000006e-07,4.71050999999999997e-01,8.34708953400703502e-01,-5.09445479999999975e+01,-5.63439501008883994e+01
5,3.134536,54.912808,1.66286814885662484e+09,6.10009478254889936e-01,-9.05882607354934066e+00,7.78666699999999992e+02,4.68267252900000016e-07,5.13907000000000003e-01,8.42457401596743871e-01,-5.58040220000000033e+01,-4.67451959264506627e+01
6,3.199281,65.149525,1.67139528899235940e+09,5.43200866154021522e-01,-3.14796353405954292e+01,7.88000000000000000e+02,4.71462379479999981e-07,4.57627999999999979e-01,8.42465519689068687e-01,-6.76695140000000066e+01,-3.61898786594045774e+01
7,2.876036,74.803392,1.66417950750035787e+09,4.93784292106641987e-01,-5.24716798834211744e+01,7.62399999999999977e+02,4.58123655869999980e-07,4.19277999999999984e-01,8.49111660096002030e-01,-7.86731410000000011e+01,-2.62014611165788232e+01
8,3.486702,84.718292,1.70860627665802193e+09,4.84613166173366305e-01,-6.85025085820990967e+01,7.98399999999999977e+02,4.67281439210000026e-07,4.12604000000000026e-01,8.51408976891879110e-01,-8.45094869999999929e+01,-1.60069784179008998e+01
9,2.917642,94.438169,1.53615957587196541e+09,5.82138232765394670e-01,-8.93731589727207876e+01,7.51200000000000045e+02,4.89011696310000050e-07,4.98107999999999995e-01,8.55652441231669836e-01,8.40537379999999956e+01,-6.57310302727921592e+00
10,3.312805,103.729008,1.40167420302894950e+09,5.24376391882343751e-01,7.33878256633914106e+01,7.56444399999999973e+02,5.39672056719999983e-07,4.52737999999999974e-01,8.63383643902836950e-01,7.58201439999999991e+01,2.43231833660858898e+00
11,3.194998,114.944475,1.24935163513522863e+09,5.52183388605015368e-01,4.39242279589581486e+01,7.67333300000000008e+02,6.14185212889999982e-07,4.81059000000000014e-01,8.71194262499099481e-01,5.70438680000000033e+01,1.31196400410418530e+01
12,3.135353,125.278465,1.10547192767877030e+09,5.81456355130269165e-01,2.90712491774166608e+01,7.57333300000000008e+02,6.85076916959999958e-07,5.09902999999999995e-01,8.76941141843331717e-01,5.21577369999999974e+01,2.30864878225833365e+01
13,3.230062,134.591503,9.82148163242984056e+08,5.71934760398337683e-01,9.93592518223018573e+00,7.19200000000000045e+02,7.32272407480000047e-07,5.03888000000000003e-01,8.81023562283668737e-01,4.22245520000000027e+01,3.22886268177698170e+01
14,2.954861,144.75884,9.98315002265830636e+08,5.46241253942973737e-01,-1.13671652781601402e+01,7.43272699999999986e+02,7.44527226690000033e-07,4.81287000000000020e-01,8.81088706731486204e-01,3.08924890000000012e+01,4.22596542781601414e+01
15,3.295857,154.683082,9.89168109412421465e+08,5.57199092057916845e-01,-3.29045500235624573e+01,7.54399999999999977e+02,7.62661061169999948e-07,4.91750000000000020e-01,8.82539126515457739e-01,1.94089010000000002e+01,5.23134510235624575e+01
16,3.205123,165.350741,9.20202051724939823e+08,5.64404446679222183e-01,-5.27324702013782911e+01,6.94399999999999977e+02,7.54616878650000028e-07,4.98574000000000017e-01,8.83362990730233055e-01,1.01513810000000007e+01,6.28838512013782918e+01
17,3.066242,175.067292,9.35191918324544907e+08,5.51602946585903697e-01,-7.11647707342766012e+01,6.96799999999999955e+02,7.45087704830000008e-07,4.86810000000000020e-01,8.82536982467309605e-01,1.24874200000000002e+00,7.24135127342766083e+01
18,3.248676,185.3406,1.03687540359385002e+09,5.39153684682075585e-01,8.27287040621348666e+01,7.56000000000000000e+02,7.29113640250000045e-07,4.75750000000000006e-01,8.82401462730495800e-01,-1.45984660000000002e+01,8.26728299378651315e+01
19,3.202815,203.855079,1.04928357569306481e+09,5.62693817109038430e-01,5.50851892988074070e+01,7.50153800000000047e+02,7.14919986720000029e-07,4.95680000000000009e-01,8.80905360834891682e-01,-2.41330199999999984e+01,-7.92182092988074089e+01
20,3.043794,214.533226,1.03644426814359879e+09,5.45939677905546761e-01,3.15577150452287754e+01,7.33818200000000047e+02,7.08015107570000017e-07,4.80447999999999986e-01,8.80038618631273861e-01,-3.73160079999999965e+01,-6.88737230452287719e+01
21,3.268784,224.762651,1.13223561744341469e+09,6.00181874211842770e-01,9.29348502972184320e+00,7.91111099999999965e+02,6.98715963190000044e-07,5.27343000000000006e-01,8.78638663809208520e-01,-4.95672440000000023e+01,-5.88607290297218455e+01
22,3.17396,234.512551,1.10707399701308179e+09,5.55543074361556366e-01,-8.44970001754794708e+00,7.68000000000000000e+02,6.93720566170000025e-07,4.86690000000000011e-01,8.76061681732449027e-01,-5.78492079999999973e+01,-4.93995079824520502e+01
23,3.016761,244.324624,1.17363190883259106e+09,5.53810930647267163e-01,-2.90638437431743313e+01,7.99200000000000045e+02,6.80963080490000017e-07,4.83746999999999983e-01,8.73487634912911814e-01,-6.88834990000000005e+01,-3.98196552568256692e+01
24,3.065903,254.499484,1.23561318777858973e+09,5.53508224358730705e-01,-5.30312104130440503e+01,8.12000000000000000e+02,6.57163591350000042e-07,4.80972000000000011e-01,8.68951858045527992e-01,-8.27900319999999965e+01,-2.97588215869559427e+01
25,3.155899,265.005066,1.27590357921340251e+09,5.75993243282996392e-01,-7.28804881453651205e+01,7.96799999999999955e+02,6.24498600820000014e-07,4.98914000000000024e-01,8.66180299540205034e-01,8.78219409999999954e+01,-1.92975708546348912e+01
26,3.146537,274.744719,1.38791129140469551e+09,4.82486760585015662e-01,8.90843790793569070e+01,7.96799999999999955e+02,5.74100091940000052e-07,4.13474000000000008e-01,8.56964447063091161e-01,7.98298980000000000e+01,-9.25448107935690700e+00
27,3.282025,283.827712,1.49586010076734805e+09,5.88900675761518055e-01,6.87890385163262437e+01,7.80799999999999955e+02,5.21973946359999989e-07,5.03978000000000037e-01,8.55794569004861505e-01,6.90113220000000069e+01,2.22283483673760690e-01
28,3.325688,295.411445,1.75633950471271849e+09,5.88894062489192849e-01,4.51600044374423248e+01,8.08727300000000014e+02,4.60461828609999984e-07,5.00982000000000038e-01,8.50716677091974960e-01,5.77740129999999965e+01,1.26140085625576717e+01
29,3.222611,305.155665,1.92331408900575995e+09,5.79804872376635805e-01,2.74992225814666398e+01,8.20799999999999955e+02,4.26763368859999995e-07,4.90310000000000024e-01,8.45646567249782044e-01,5.05118099999999970e+01,2.30125874185333572e+01
30,2.952813,314.932965,1.96529770143018174e+09,5.82480096621879384e-01,9.77784707821586352e+00,8.27200000000000045e+02,4.20903153449999984e-07,4.87495000000000012e-01,8.36929884518372580e-01,4.28302400000000034e+01,3.30523929217841399e+01
31,3.174858,325.258385,1.88687145294464517e+09,4.71592708162044183e-01,-1.21191451021164660e+01,7.88000000000000000e+02,4.17622514120000022e-07,3.96131999999999984e-01,8.39987542521299702e-01,3.11533249999999988e+01,4.32724701021164648e+01
32,3.168849,335.338616,1.94515481858245873e+09,5.35016184268884087e-01,-2.73060520887564770e+01,8.37600000000000023e+02,4.30608397850000022e-07,4.49110000000000009e-01,8.39432550276441702e-01,2.57460410000000017e+01,5.30520930887564788e+01
33,3.158686,345.232989,1.85095239494076562e+09,5.34713972675447513e-01,-5.29754534715254977e+01,8.06545499999999947e+02,4.35746214869999979e-07,4.49280000000000013e-01,8.40224910809834191e-01,9.86389299999999913e+00,6.28393464715254950e+01
34,3.061937,355.197493,1.84638575943352699e+09,5.34033309112152743e-01,-7.43900110401175851e+01,8.06399999999999977e+02,4.36745136209999983e-07,4.43114999999999981e-01,8.29751613689963752e-01,-1.11579099999999998e+00,7.32742200401175836e+01
35,7.256915,4.892257,3.68521758346749592e+09,4.75981339963480021e-01,7.53421244496912550e+01,8.41548400000000015e+02,2.28357859729999997e-07,3.84203000000000017e-01,8.07180802569861799e-01,-9.96497600000000006e+00,-8.53071004496912479e+01
36,7.340773,14.818199,3.78791740114277887e+09,5.17100580925009767e-01,5.79129421354615062e+01,8.39142900000000054e+02,2.21531467330000013e-07,4.22709000000000001e-01,8.17459920938092166e-01,-1.70148879999999991e+01,-7.49278301354615053e+01
37,7.404818,25.051557,3.63310290026251888e+09,5.25431770228773187e-01,3.26026375218916797e+01,8.17931000000000040e+02,2.25132902219999997e-07,4.15486999999999995e-01,7.90753478456578285e-01,-3.16235290000000013e+01,-6.42261665218916846e+01
38,7.252809,34.939569,3.52178378868937874e+09,5.42909082423839173e-01,1.65008479339326257e+01,8.02666699999999992e+02,2.27914814810000005e-07,4.18430000000000024e-01,7.70718364356519192e-01,-3.77950400000000002e+01,-5.42958879339326259e+01
39,7.449645,45.008987,3.56273979508019161e+09,5.92170258869085808e-01,-3.44685589896190692e+00,8.18580600000000004e+02,2.29761545070000001e-07,4.54537999999999998e-01,7.67579920119708548e-01,-4.80560320000000019e+01,-4.46091761010380949e+01
40,7.389299,55.12179,3.51675469078265572e+09,5.97844582542337966e-01,-2.13714499458663241e+01,8.09548400000000015e+02,2.30197574520000009e-07,4.67498999999999998e-01,7.81974134501574825e-01,-5.68312900000000027e+01,-3.54598400541336787e+01
41,7.378459,64.990252,2.92913709912861490e+09,6.55891933826596163e-01,-4.09567397250428513e+01,7.64903199999999970e+02,2.61136018599999999e-07,5.25544000000000011e-01,8.01266142935892045e-01,-6.96636620000000022e+01,-2.87069222749571509e+01
42,7.324242,75.169393,2.54305088932790613e+09,5.89516206235460527e-01,-5.68430573409740560e+01,7.48129000000000019e+02,2.94185618989999988e-07,4.87611999999999990e-01,8.27139262402637576e-01,-7.74606189999999941e+01,-2.06175616590259381e+01
43,7.507604,85.099604,1.44857857596615243e+09,5.40681847440275809e-01,-7.50685472125774140e+01,7.62399999999999977e+02,5.26309040219999991e-07,4.74459000000000020e-01,8.77519750748445793e-01,8.94940540000000055e+01,-1.54373987874225751e+01
44,7.378463,95.073542,1.46222857572517371e+09,5.73122617272900370e-01,8.72808908218980690e+01,7.33161299999999983e+02,5.01399926229999964e-07,5.05512999999999990e-01,8.82032892726152595e-01,8.27049260000000004e+01,-4.57596482189806597e+00
45,7.294968,104.30166,1.13579188204402876e+09,5.58374276989257012e-01,6.94520877970432764e+01,7.18769199999999955e+02,6.32835303160000026e-07,4.96194000000000024e-01,8.88640505926362123e-01,7.35897939999999977e+01,4.13770620295672220e+00
46,7.317628,114.609021,9.04106030647534966e+08,5.87604014619813708e-01,4.77907925287117905e+01,7.34060600000000022e+02,8.11918707669999993e-07,5.27793999999999985e-01,8.98213740662559212e-01,6.20153919999999985e+01,1.42245994712882045e+01
47,7.373759,124.945144,8.44667204495854735e+08,6.01364387755501606e-01,2.61134734849980319e+01,7.16387100000000032e+02,8.48129412610000038e-07,5.41596999999999995e-01,9.00613689515978755e-01,5.10348290000000020e+01,2.49213555150019701e+01
48,7.483038,134.960077,9.22037354610795021e+08,5.61211033327145059e-01,6.06460120696023353e+00,7.07200000000000045e+02,7.66997124860000038e-07,5.03754999999999953e-01,8.97621340431394521e-01,4.15363260000000025e+01,3.54717247930397690e+01
49,7.37195,144.912575,1.03813312213947332e+09,5.95324400670379839e-01,-1.65692243446518468e+01,7.04516100000000051e+02,6.78637532100000010e-07,5.31100000000000017e-01,8.92118648928116542e-01,2.91378549999999983e+01,4.57070793446518451e+01
50,7.44741,155.135172,1.19256295675656748e+09,5.99568931989193477e-01,-3.52422442399256823e+01,7.11500000000000000e+02,5.96614204699999989e-07,5.29456999999999955e-01,8.83062766850539194e-01,2.10361140000000013e+01,5.62783582399256801e+01
51,7.352167,165.181101,1.32689178199298668e+09,6.36938951292750799e-01,-5.78446473081069783e+01,7.21866700000000037e+02,5.44028314739999965e-07,5.57625999999999955e-01,8.75477938455836546e-01,8.53056100000000050e+00,6.63752083081069770e+01
52,7.341512,175.263881,1.41369460000370026e+09,6.03436166727273515e-01,-7.63867540827520628e+01,7.15870999999999981e+02,5.06383061799999959e-07,5.25996000000000019e-01,8.71668005669482771e-01,-4.89600000000000018e-03,7.63818580827520606e+01
53,7.336594,185.009951,1.45329040128932118e+09,5.81281678019942794e-01,8.17162227808097157e+01,7.01428599999999960e+02,4.82648615429999984e-07,5.05414999999999948e-01,8.69483796085965821e-01,-1.23540829999999993e+01,8.59296942191902815e+01
54,7.568418,195.123971,1.61417986450195551e+09,5.47636719164186214e-01,6.34214926182917083e+01,7.37032299999999964e+02,4.56598620889999986e-07,4.73909000000000025e-01,8.65371118144322216e-01,-2.06445779999999992e+01,-8.40660706182917039e+01
55,7.15006,204.922047,1.56337889110424042e+09,6.16218369250998932e-01,4.46331929422541265e+01,7.48000000000000000e+02,4.78450876019999984e-07,5.34314999999999984e-01,8.67087102011335875e-01,-3.04561360000000008e+01,-7.50893289422541272e+01
56,7.401573,215.068297,1.58974203399088764e+09,5.67308745642664536e-01,2.46811201675387650e+01,7.57677400000000034e+02,4.76603992220000021e-07,4.88603000000000010e-01,8.61264705952127896e-01,-4.07245429999999971e+01,-6.54056631675387621e+01
57,7.363018,225.150533,1.53754649678155875e+09,5.90065266229787166e-01,3.09976730967724734e+00,7.66399999999999977e+02,4.98456470490000021e-07,5.10827000000000031e-01,8.65712708805792319e-01,-5.30516289999999984e+01,-5.61513963096772457e+01
58,7.381269,235.089071,1.43213543959562659e+09,5.90858003415634769e-01,-1.61678482197381896e+01,7.50133299999999963e+02,5.23786563240000042e-07,5.12808999999999959e-01,8.67905650825665842e-01,-6.33085099999999983e+01,-4.71406617802618086e+01
59,7.369499,245.082665,1.32644775590870643e+09,5.24615712848318094e-01,-3.31133044455066354e+01,7.47200000000000045e+02,5.63309030960000045e-07,4.55728999999999995e-01,8.68691098720035249e-01,-7.13140400000000056e+01,-3.82007355544933702e+01
60,7.2952,255.062744,1.31372502369354582e+09,5.46376907687417535e-01,-5.07971607605821944e+01,8.01066699999999969e+02,6.09767406080000039e-07,4.74791999999999992e-01,8.68982552739268943e-01,-8.01101419999999962e+01,-2.93129812394178018e+01
61,7.354802,264.893914,1.22215027732029438e+09,4.93762864272768442e-01,-6.96489151191725426e+01,7.79862100000000055e+02,6.38106552420000043e-07,4.28064000000000000e-01,8.66942475778262334e-01,8.99734200000000044e+01,-2.03776648808274565e+01
62,7.353478,274.845058,1.26924529495973730e+09,5.52927269205491512e-01,8.86776616568642453e+01,7.96129000000000019e+02,6.27245972990000047e-07,4.75816999999999990e-01,8.60541750244490089e-01,7.77906509999999969e+01,-1.08870106568642502e+01
63,7.456517,284.680657,1.47072100935469270e+09,4.62823773212062528e-01,7.22760274304592514e+01,8.16857099999999946e+02,5.55412681809999985e-07,3.93251999999999990e-01,8.49679776107384099e-01,7.16029170000000050e+01,-6.73110430459244014e-01
64,7.449711,294.529051,1.85678995716908169e+09,4.85204332861191023e-01,4.73799387579632949e+01,8.32484799999999950e+02,4.48346242280000016e-07,4.03202999999999978e-01,8.30996288970382579e-01,5.82236669999999989e+01,1.08437282420367023e+01
65,7.365545,305.010958,2.11378379131544518e+09,5.04764417119969000e-01,2.65306182840940963e+01,8.30933300000000031e+02,3.93102314159999993e-07,4.21395000000000020e-01,8.34834995708197192e-01,4.89653119999999973e+01,2.24346937159059010e+01
66,7.300477,315.147762,2.08265943018414927e+09,4.80017351279404536e-01,7.54317131091399773e+00,8.37419399999999996e+02,4.02091377909999988e-07,3.99226999999999999e-01,8.31692852218629985e-01,3.96626609999999999e+01,3.21194896890860022e+01
67,7.408634,325.071127,2.88541486728549051e+09,4.91481937682064052e-01,-1.58643221685675293e+01,8.29241399999999999e+02,2.87390700520000017e-07,4.04554999999999998e-01,8.23132996317157750e-01,3.17550530000000002e+01,4.76193751685675295e+01
68,7.384448,334.879866,3.36611652377315092e+09,4.61040311064482622e-01,-4.13689220169517284e+01,8.55733299999999986e+02,2.54219749660000024e-07,3.85494000000000003e-01,8.36139467088992894e-01,1.86980900000000005e+01,6.00670120169517290e+01
69,7.471421,344.834186,3.93337180055011702e+09,5.08848037315457691e-01,-6.51099746470249272e+01,8.87733299999999986e+02,2.25692699549999987e-07,4.31875999999999982e-01,8.48732761707127636e-01,8.02434000000000047e+00,7.31343146470249224e+01
70,7.342331,354.694203,3.82013081986226606e+09,5.04361185989497307e-01,-8.05051792250425535e+01,8.76266700000000014e+02,2.29381333080000010e-07,4.18511999999999995e-01,8.29786295269586804e-01,2.91256000000000004e+00,8.34177392250425527e+01
71,12.033837,5.00922,3.92763934805594778e+09,4.33489882145197181e-01,7.90927592176383172e+01,9.25919999999999959e+02,2.35744659310000008e-07,3.53318999999999994e-01,8.15057085649939173e-01,-5.85245899999999963e+00,-8.49452182176383133e+01
72,11.886921,14.748477,3.72277588818603039e+09,5.10681464665378892e-01,5.76446485774157082e+01,9.10720000000000027e+02,2.44634656330000002e-07,3.91423000000000021e-01,7.66471914653251929e-01,-1.63568919999999984e+01,-7.40015405774157102e+01
73,11.969414,24.83874,3.56834955150475216e+09,4.92545140417251837e-01,3.62622872532082567e+01,8.80000000000000000e+02,2.46612611040000024e-07,3.66595999999999977e-01,7.44289142086436928e-01,-2.70589990000000000e+01,-6.33212862532082568e+01
74,11.940608,35.008722,3.40504090996373653e+09,6.21317089228707986e-01,1.62121593916087363e+01,8.53279999999999973e+02,2.50593171289999978e-07,4.38749999999999973e-01,7.06161165701488236e-01,-3.60075300000000027e+01,-5.22196893916087390e+01
75,12.087003,44.927017,3.35643153394323683e+09,6.56755049720211703e-01,-3.93296313637319628e+00,8.20639999999999986e+02,2.44497762490000017e-07,4.67679999999999985e-01,7.12107200697184251e-01,-4.66353819999999999e+01,-4.27024188636268036e+01
76,11.994303,54.909709,3.52903777904671431e+09,5.79577090927733352e-01,-2.46255934804740235e+01,8.13333300000000008e+02,2.30468856079999990e-07,4.37060000000000004e-01,7.54101579999297056e-01,-5.84176240000000035e+01,-3.37920305195259800e+01
77,12.108702,65.099398,3.58868770931025457e+09,6.11806027507731942e-01,-4.22927332520711374e+01,7.85882399999999961e+02,2.18988795810000006e-07,4.86302999999999985e-01,7.94864676278224658e-01,-6.69444400000000002e+01,-2.46517067479288627e+01
78,11.945427,75.021699,3.40309885729405403e+09,6.00087067710242228e-01,-6.00449866454746939e+01,7.67039999999999964e+02,2.25394568940000010e-07,4.94875000000000009e-01,8.24671996162655407e-01,-7.66184319999999985e+01,-1.65734453545253047e+01
79,12.010762,85.001512,2.17951681406434202e+09,5.87009496454420021e-01,-7.58944956274634706e+01,7.43673499999999990e+02,3.41210260549999999e-07,5.09732999999999992e-01,8.68355628109637623e-01,-8.72383769999999998e+01,-1.13438813725365311e+01
80,12.044441,94.898256,1.26447258717547464e+09,5.64277434494025898e-01,8.74275593714738903e+01,7.25440000000000055e+02,5.73709550809999954e-07,5.10939999999999950e-01,9.05476577241029812e-01,8.42592640000000017e+01,-3.16829537147389084e+00
81,12.113027,104.895774,7.81266291130623579e+08,5.67083021622262762e-01,6.53398836926951958e+01,7.21230800000000045e+02,9.23156173749999980e-07,5.16951000000000049e-01,9.11596680361105971e-01,7.23138139999999936e+01,6.97393030730479691e+00
82,11.924596,114.893586,7.80075910641476750e+08,5.55087224555781744e-01,4.36387305791555349e+01,7.31846199999999953e+02,9.38173054719999978e-07,5.06099999999999994e-01,9.11748600240287255e-01,6.13733410000000035e+01,1.77346104208444686e+01
83,11.973026,124.972469,9.75493358718119740e+08,5.91820329432106718e-01,2.12052960094591683e+01,6.95200000000000045e+02,7.12665026149999951e-07,5.34830000000000028e-01,9.03703325827294734e-01,4.99855570000000000e+01,2.87802609905408318e+01
84,12.078166,134.944986,1.32218753454116249e+09,5.95362952602273454e-01,5.38444351037803415e-01,7.01803899999999999e+02,5.30789983770000007e-07,5.29557999999999973e-01,8.89470864260790028e-01,4.00459129999999988e+01,3.95074686489621953e+01
85,12.007323,145.005619,1.61676816785665298e+09,6.41296839438140642e-01,-2.06498654304200855e+01,7.08081599999999980e+02,4.37961121499999978e-07,5.60131000000000046e-01,8.73434836339981979e-01,2.92182209999999998e+01,4.98680864304200853e+01
86,12.070096,155.014491,1.80920149201490593e+09,6.60496237419154864e-01,-3.80225113452856363e+01,6.85176500000000033e+02,3.78717629309999998e-07,5.65111999999999948e-01,8.55587008652975101e-01,2.21286960000000015e+01,6.01512073452856342e+01
87,12.039014,164.959744,2.09711510891922784e+09,6.63819192845463535e-01,-6.01615996078014064e+01,7.11679999999999950e+02,3.39361438470000018e-07,5.56103000000000014e-01,8.37732632610790229e-01,9.88748900000000042e+00,7.00490886078014086e+01
88,11.93527,174.948521,2.25569027155646849e+09,6.49888591158818696e-01,-8.20788011122037489e+01,7.23451000000000022e+02,3.20722667080000001e-07,5.39479999999999960e-01,8.30111510402192443e-01,-2.23878600000000016e+00,7.98400151122037443e+01
89,11.993738,185.0526,2.32264356931439686e+09,6.26553763945205566e-01,7.92810433806773887e+01,7.14509800000000041e+02,3.07627829530000025e-07,5.16263000000000027e-01,8.23972386263007284e-01,-1.09906620000000004e+01,8.97282946193226110e+01
90,11.971274,195.142688,2.35127909462634134e+09,6.43223005295473160e-01,5.91957977106550572e+01,7.18615400000000022e+02,3.05627435570000000e-07,5.26942000000000021e-01,8.19221320851144186e-01,-2.14015540000000009e+01,-8.05973517106550617e+01
91,11.938681,205.289387,2.31309509639282799e+09,6.54470721732053673e-01,4.08848817024167914e+01,7.13000000000000000e+02,3.08245000870000026e-07,5.39078999999999975e-01,8.23686961233850101e-01,-3.01791079999999994e+01,-7.10639897024167908e+01
92,12.056895,214.928691,2.29521794378192234e+09,5.96758119451203273e-01,2.07891239922913300e+01,7.22399999999999977e+02,3.14741352540000026e-07,4.93964999999999987e-01,8.27747430490372027e-01,-4.13046819999999997e+01,-6.20938059922913297e+01
93,11.954323,225.007403,2.22075209495762300e+09,6.03440391978282031e-01,1.15282182935995081e+00,7.38666699999999992e+02,3.32620062220000010e-07,5.02650000000000041e-01,8.32973739712953298e-01,-5.18959669999999988e+01,-5.30487888293599497e+01
94,12.02062,235.044264,2.12750539065114522e+09,5.66357071267730383e-01,-1.75013952251834368e+01,7.62240000000000009e+02,3.58278763170000004e-07,4.74405000000000021e-01,8.37642935998123339e-01,-6.17480979999999988e+01,-4.42467027748165620e+01
95,11.933567,244.991921,1.89223241038102961e+09,5.79215603678394753e-01,-3.61455846269656718e+01,7.56408199999999965e+02,3.99743813629999991e-07,4.87283999999999995e-01,8.41282584421812141e-01,-7.20016490000000005e+01,-3.58560643730343287e+01
96,12.009306,255.00876,1.70369912917061615e+09,5.72790373995996194e-01,-5.44047708633969194e+01,7.68627500000000055e+02,4.51152135280000004e-07,4.83897000000000022e-01,8.44806445723165100e-01,-8.19794650000000047e+01,-2.75746941366030818e+01
97,11.936833,265.199973,1.53828282224094510e+09,5.11348783439568133e-01,-7.25849740440968674e+01,8.02666699999999992e+02,5.21793969479999979e-07,4.33192999999999995e-01,8.47157584078217063e-01,8.80716520000000003e+01,-1.93433739559031324e+01
98,12.003083,275.133354,1.42888631676622963e+09,5.12474438261294574e-01,8.88663150454781601e+01,8.42612200000000030e+02,5.89698557619999953e-07,4.33643000000000001e-01,8.46174887222178151e-01,7.77013989999999950e+01,-1.11649160454781597e+01
99,11.995859,284.420666,1.51305943484879065e+09,4.67436588476507375e-01,7.15127827069757984e+01,8.83818200000000047e+02,5.84126558180000045e-07,3.91670999999999991e-01,8.37912584627903523e-01,6.89899690000000021e+01,-2.52281370697579321e+00
100,12.009188,294.661801,1.96429966299843740e+09,4.71849180274546698e-01,4.83913679855711791e+01,8.88769199999999955e+02,4.52461107000000008e-07,3.85187000000000002e-01,8.16334998772018428e-01,5.80934579999999983e+01,9.70209001442882268e+00
101,12.002696,304.898739,2.36352314270270491e+09,4.69843953807168702e-01,2.50557396754855226e+01,9.02431400000000053e+02,3.81816189440000006e-07,3.77703000000000011e-01,8.03890306429302703e-01,4.69817930000000032e+01,2.19260533245144806e+01
102,11.924862,314.958485,2.94136052810530806e+09,4.99342326325419805e-01,3.09857113766137360e+00,9.28159999999999968e+02,3.15554652730000023e-07,3.95793000000000006e-01,7.92628581904076257e-01,3.86179860000000019e+01,3.55194148623386283e+01
103,12.045527,325.008086,3.76598625126457071e+09,4.29002167453673477e-01,-2.24194379361543135e+01,9.42902000000000044e+02,2.50373192329999983e-07,3.46716999999999997e-01,8.08194051927350277e-01,2.92924970000000009e+01,5.17119349361543144e+01
104,11.969554,335.1349,4.07525918794974852e+09,4.26406919697012110e-01,-4.27829532521390163e+01,9.48320000000000050e+02,2.32701763560000006e-07,3.55383999999999978e-01,8.33438632404281288e-01,2.12501320000000007e+01,6.40330852521390170e+01
105,12.028453,345.127278,4.18161238625454378e+09,4.04172422363624162e-01,-6.29011018399963504e+01,9.70775499999999965e+02,2.32153392119999998e-07,3.35695999999999994e-01,8.30576213084579074e-01,1.17014610000000001e+01,7.46025628399963523e+01
106,11.95482,355.055306,4.01231517226413822e+09,4.46379946588287002e-01,-7.90807146619980870e+01,9.34399999999999977e+02,2.32883001429999993e-07,3.69518000000000013e-01,8.27810484821846937e-01,5.68041600000000013e+00,8.47611306619980809e+01
107,16.681388,4.82598,3.87879071417981911e+09,4.50961366504036343e-01,7.81185079319132569e+01,1.02376800000000003e+03,2.63939994560000002e-07,3.42252000000000001e-01,7.58938626280166395e-01,-7.10285299999999964e+00,-8.52213609319132530e+01
108,16.690346,14.746792,3.69336041229476452e+09,4.59695685766490891e-01,6.12929734179268451e+01,9.89257100000000037e+02,2.67847431489999988e-07,3.42237999999999987e-01,7.44488170319363762e-01,-1.35775900000000007e+01,-7.48705634179268458e+01
109,16.718102,24.745217,3.40017999426495743e+09,5.36530240404385350e-01,3.87411449735210596e+01,9.48756799999999998e+02,2.79031345870000020e-07,3.69520000000000015e-01,6.88721664078973506e-01,-2.37417839999999991e+01,-6.24829289735210551e+01
110,16.69055,34.933928,3.16587759498323298e+09,5.99916709536884585e-01,1.66686404777244306e+01,9.08957700000000045e+02,2.87110816110000017e-07,3.83691000000000004e-01,6.39573783994442313e-01,-3.37313479999999970e+01,-5.03999884777244276e+01
111,16.742035,45.009938,3.20402812463660574e+09,6.29375752550676126e-01,-3.00468023143578478e+00,8.82888900000000035e+02,2.75555914509999982e-07,4.05897000000000008e-01,6.44919983578995493e-01,-4.40342419999999990e+01,-4.10295617685642142e+01
112,16.674523,55.123807,3.31482530604703903e+09,6.14140219195960402e-01,-2.08316252939630289e+01,8.29600000000000023e+02,2.50269598970000004e-07,4.36134000000000022e-01,7.10153783074151668e-01,-5.39970029999999994e+01,-3.31653777060369706e+01
113,16.748421,64.962075,3.47073843021306944e+09,6.02421498464558058e-01,-4.00444140452368984e+01,8.00231899999999996e+02,2.30565315160000002e-07,4.59880999999999984e-01,7.63387430847234150e-01,-6.46447789999999998e+01,-2.46003649547631014e+01
114,16.688781,74.907872,3.57758712983736134e+09,6.16884675463966636e-01,-6.04782008944805796e+01,7.75555600000000027e+02,2.16781750340000013e-07,5.01873000000000014e-01,8.13560491874003922e-01,-7.61256599999999963e+01,-1.56474591055194185e+01
115,16.687992,84.920613,2.37828388739673424e+09,6.12370900807279517e-01,-7.57837537871349696e+01,7.53915499999999952e+02,3.16999792999999983e-07,5.36486000000000018e-01,8.76080165293220969e-01,-8.54358950000000021e+01,-9.65214121286503079e+00
116,16.687067,95.007426,9.80358282798898935e+08,5.99205565590296363e-01,8.41999911363358962e+01,7.40777799999999957e+02,7.55619463819999993e-07,5.49319000000000002e-01,9.16745490270686081e-01,8.35965340000000054e+01,-6.03457136335896926e-01
117,16.751756,105.365641,6.62647266467855811e+08,5.89587796924926133e-01,6.06416087884579440e+01,7.20216199999999958e+02,1.08687719159999989e-06,5.41035999999999961e-01,9.17651285901515346e-01,7.19868830000000059e+01,1.13452742115420602e+01
118,16.777929,115.14533,1.01171772619966280e+09,6.11217995657497348e-01,4.03289848649691578e+01,7.03522399999999948e+02,6.95374195569999952e-07,5.53005999999999998e-01,9.04760664654715052e-01,6.27330619999999968e+01,2.24040771350308390e+01
119,16.669374,124.956588,1.52915745512352800e+09,6.22584393729071817e-01,1.73481665586611058e+01,7.04225400000000036e+02,4.60531646130000020e-07,5.47687999999999953e-01,8.79700817297286330e-01,5.00468580000000003e+01,3.26986914413388945e+01
120,16.723874,135.087373,2.04706165029924560e+09,6.40587230747388992e-01,-2.96795114157501416e+00,7.15042299999999955e+02,3.49301790640000009e-07,5.43397000000000019e-01,8.48279475327669674e-01,4.00360110000000020e+01,4.30039621415750162e+01
121,16.680578,145.000584,2.32900385402464771e+09,6.66864971132165030e-01,-2.28129986081973080e+01,6.90971400000000017e+02,2.96681089129999983e-07,5.45043999999999973e-01,8.17322881834167347e-01,3.00194000000000010e+01,5.28323986081973089e+01
122,16.685572,154.994874,2.53356107508858442e+09,7.10293870655270609e-01,-4.21163976904874033e+01,6.81126800000000003e+02,2.68841673759999992e-07,5.60977999999999977e-01,7.89782966143968590e-01,2.05751629999999999e+01,6.26915606904874068e+01
123,16.737298,165.0759,2.77557753150218201e+09,7.26444408617853199e-01,-6.20355427238625836e+01,6.97142900000000054e+02,2.51170393220000014e-07,5.58037000000000005e-01,7.68175779701755435e-01,1.06101310000000009e+01,7.26456737238625863e+01
124,16.679514,174.901879,2.90962805559560966e+09,7.34923026857582817e-01,-8.26182412582637511e+01,7.07130400000000009e+02,2.43031200720000013e-07,5.54544999999999955e-01,7.54562014978832019e-01,-3.67864999999999998e-01,8.22503762582637563e+01
125,16.68856,184.82563,2.97191904152857447e+09,7.24240436992777070e-01,7.55600188570817295e+01,7.08056299999999965e+02,2.38248852039999990e-07,5.44116000000000044e-01,7.51291935947821954e-01,-1.25379439999999995e+01,-8.80979628570817255e+01
126,16.665952,194.99392,2.98008098976065302e+09,7.32305960542524059e-01,5.70549514072968122e+01,7.09333300000000008e+02,2.38024839739999998e-07,5.51583999999999963e-01,7.53215226585568942e-01,-2.12665070000000007e+01,-7.83214584072968165e+01
127,16.695656,204.925435,2.99541676542975140e+09,7.45459202143436417e-01,3.69270081545815501e+01,7.20676100000000019e+02,2.40592931279999979e-07,5.65729999999999955e-01,7.58901356872841770e-01,-3.19120050000000006e+01,-6.88390131545815507e+01
128,16.726825,215.007886,2.94435537873879671e+09,7.16228604914212141e-01,1.70108718545931694e+01,7.28225400000000036e+02,2.47329315359999996e-07,5.50645999999999969e-01,7.68813192075670893e-01,-4.24448209999999975e+01,-5.94556928545931669e+01
129,16.638964,224.976076,2.84292144874557066e+09,6.91940799716302291e-01,-1.59828036660624662e+00,7.42724600000000009e+02,2.61253999939999989e-07,5.41065000000000018e-01,7.81952733849251569e-01,-5.19839410000000015e+01,-5.03856606333937549e+01
130,16.688541,234.948398,2.70191206938820648e+09,6.52597658926617474e-01,-2.16730837705814281e+01,7.54285700000000020e+02,2.79167375040000004e-07,5.16805999999999988e-01,7.91921320787503991e-01,-6.32406539999999993e+01,-4.15675702294185712e+01
131,16.564558,245.073557,2.54082529755802679e+09,5.72265722864095605e-01,-4.28494949272816115e+01,7.82171399999999949e+02,3.07841472119999980e-07,4.60565999999999975e-01,8.04811439159667130e-01,-7.59664800000000042e+01,-3.31169850727183928e+01
132,16.71268,255.039947,2.31940309477778530e+09,5.89574112673901918e-01,-5.83991783503980670e+01,8.09855099999999993e+02,3.49165309739999984e-07,4.78113000000000010e-01,8.10946392865875443e-01,-8.35147269999999935e+01,-2.51155486496019265e+01
133,16.632339,264.947867,2.01648165652570415e+09,5.31683224001113452e-01,-7.65563602202138895e+01,8.39314300000000003e+02,4.16227094000000009e-07,4.34257999999999977e-01,8.16760771069749980e-01,8.56182260000000070e+01,-1.78254137797861070e+01
134,16.691813,274.954761,1.74573181690567183e+09,4.87749150399809039e-01,8.61572152781698577e+01,8.78514300000000048e+02,5.03235543680000039e-07,4.01285999999999976e-01,8.22730290090848859e-01,7.55255279999999942e+01,-1.06316872781698617e+01
135,16.667818,285.269564,1.58461459465835333e+09,4.97995226353144582e-01,6.76779624492920391e+01,9.21386700000000019e+02,5.81457916080000016e-07,4.08308999999999978e-01,8.19905449676850528e-01,6.50537759999999992e+01,-2.62418644929204303e+00
136,16.655979,295.256566,1.96795278640562820e+09,4.54840686133630656e-01,4.68993896125224552e+01,9.55764699999999948e+02,4.85664446119999955e-07,3.60707000000000000e-01,7.93040312787729573e-01,5.55157439999999980e+01,8.61635438747754634e+00
137,16.702403,305.14277,2.57388384918863678e+09,4.37742208669751276e-01,2.69447489942288634e+01,9.83200000000000045e+02,3.81990819169999990e-07,3.35544000000000009e-01,7.66533346235173441e-01,4.88346230000000006e+01,2.18898740057711372e+01
138,16.646985,315.042291,3.56728499683752537e+09,4.23730146224317150e-01,-2.21899985006008649e+00,1.00811599999999999e+03,2.82600353180000020e-07,3.26591000000000020e-01,7.70752335915007247e-01,3.68626829999999970e+01,3.90816828500600835e+01
139,16.685176,325.021144,4.10478508317379713e+09,3.79754920800695117e-01,-2.20610948159175813e+01,1.04400000000000000e+03,2.54337310930000006e-07,2.98545999999999978e-01,7.86154394972762960e-01,3.10128400000000006e+01,5.30739348159175819e+01
140,16.630886,334.987281,4.09662932814726925e+09,4.03009946243618133e-01,-4.42023198626181753e+01,1.04223499999999990e+03,2.54412815150000013e-07,3.14734000000000014e-01,7.80958393046072286e-01,1.98862489999999994e+01,6.40885688626181746e+01
141,16.661423,344.936044,4.00942405429540968e+09,3.83018572731267770e-01,-6.15221352194216990e+01,1.04112699999999995e+03,2.59669964039999990e-07,2.94611999999999985e-01,7.69184632220706099e-01,1.28087280000000003e+01,7.43308632194217012e+01
142,16.684682,354.942574,3.90955251230939960e+09,3.92027653920464514e-01,-8.12506294416563861e+01,1.02971399999999994e+03,2.63384107709999999e-07,2.98124999999999973e-01,7.60469311332012010e-01,3.36537299999999995e+00,8.46160024416563914e+01
143,21.392434,4.994675,3.65183800365833902e+09,4.06215739937960285e-01,8.03308799352718665e+01,1.11840000000000009e+03,3.06256739449999985e-07,2.73614999999999997e-01,6.73570650024019613e-01,-4.56537900000000008e+00,-8.48962589352718595e+01
144,21.438142,14.823849,3.56823240323533773e+09,4.20519593079869469e-01,6.23406034999908130e+01,1.08349399999999991e+03,3.03650064670000007e-07,2.85627000000000020e-01,6.79223999785785848e-01,-1.22773629999999994e+01,-7.46179664999908141e+01
145,21.432293,24.79537,3.40372059896291208e+09,5.02522094098389216e-01,4.30264079812203590e+01,1.03166000000000008e+03,3.03097733789999985e-07,3.39621999999999979e-01,6.75834961265414758e-01,-2.07315390000000015e+01,-6.37579469812203641e+01
146,21.422197,34.970109,2.92601161629305696e+09,6.73104428484084916e-01,1.65926988956738519e+01,9.76088899999999967e+02,3.33590234079999999e-07,3.95743999999999985e-01,5.87938488075713361e-01,-3.19106890000000014e+01,-4.85033878956738533e+01
147,21.46362,44.978509,2.82622252014878798e+09,7.42831390413336790e-01,-4.98658702911350815e+00,9.21739100000000008e+02,3.26138190969999982e-07,4.18229000000000017e-01,5.63020095000674514e-01,-4.30534350000000003e+01,-3.80668479708864922e+01
148,21.408444,55.035491,3.12416439105231380e+09,6.84988858189394034e-01,-2.10863899951234757e+01,8.66956500000000005e+02,2.77500282150000013e-07,4.44195000000000007e-01,6.48470401656056739e-01,-5.36135519999999985e+01,-3.25271620048765229e+01
149,21.381165,65.075577,3.42182234268993711e+09,6.59152569940893551e-01,-3.92426706776732388e+01,8.39555600000000027e+02,2.45353357339999989e-07,4.79364000000000012e-01,7.27242859787355034e-01,-6.37019049999999964e+01,-2.44592343223267576e+01
150,21.4212,74.971702,3.54733645226222992e+09,6.45046206635910169e-01,-5.89042049895610305e+01,7.90488899999999944e+02,2.22840125440000005e-07,5.13139000000000012e-01,7.95507352374271282e-01,-7.44665360000000049e+01,-1.55623310104389763e+01
151,21.405409,84.992367,1.80150387963475966e+09,5.99369193249280396e-01,-7.69475134447940263e+01,7.52260899999999992e+02,4.17573844000000021e-07,5.36819000000000046e-01,8.95639959554502041e-01,-8.55928789999999964e+01,-8.64536555520596828e+00
152,21.440216,95.035224,5.89960236672382832e+08,5.99009949259408092e-01,7.91991940028204624e+01,7.46549499999999966e+02,1.26542341940000001e-06,5.51787999999999945e-01,9.21166669572364372e-01,8.28001160000000027e+01,3.60092199717953454e+00
153,21.348001,104.988564,9.30948296944290638e+08,6.21533008092218231e-01,5.54088925211084771e+01,7.29545499999999947e+02,7.83658450629999978e-07,5.63912999999999998e-01,9.07293728020847068e-01,7.08798220000000043e+01,1.54709294788915273e+01
154,21.394317,115.216142,1.67897400227520728e+09,6.18695816999889625e-01,3.59266195662967363e+01,7.17181799999999953e+02,4.27154797529999997e-07,5.33973000000000031e-01,8.63062243719833200e-01,6.19095280000000017e+01,2.59829084337032619e+01
155,21.389247,125.05014,2.30193293523015785e+09,6.58318144551162887e-01,1.59217181834452219e+01,7.12087899999999991e+02,3.09343460489999978e-07,5.37465999999999999e-01,8.16422886788941371e-01,5.12185649999999981e+01,3.52968468165547762e+01
156,21.456861,134.977146,2.71509466158843136e+09,7.14897154946493196e-01,-4.16687682471386012e+00,7.06285700000000020e+02,2.60132992780000019e-07,5.48644000000000021e-01,7.67444654386774783e-01,4.05272859999999966e+01,4.46941628247138567e+01
157,21.385196,144.953195,2.99806767221700239e+09,7.64763093740059019e-01,-2.48896033906922405e+01,7.02956500000000005e+02,2.34469857540000013e-07,5.56337999999999999e-01,7.27464497899918072e-01,2.93768250000000002e+01,5.42664283906922407e+01
158,21.380731,155.06762,3.19392933202981472e+09,7.67651691468211883e-01,-4.55625134793988167e+01,7.07780200000000036e+02,2.21601709500000006e-07,5.33090999999999982e-01,6.94443855103620278e-01,1.85759129999999999e+01,6.41384264793988166e+01
159,21.409619,165.012388,3.31590825382255983e+09,8.15711365241494235e-01,-6.36985491645769173e+01,7.10471900000000005e+02,2.14261627769999999e-07,5.47366000000000019e-01,6.71029022426272492e-01,1.02215489999999996e+01,7.39200981645769133e+01
160,21.405445,174.903508,3.41303967440182972e+09,8.40948742984625297e-01,-8.39698485151677971e+01,7.18311100000000010e+02,2.10460811629999995e-07,5.57369000000000003e-01,6.62785936300745671e-01,-3.46756000000000009e-01,8.36230925151677980e+01
161,21.368321,184.993835,3.35684954813732243e+09,8.42101484941837675e-01,7.51625324065694400e+01,7.17763400000000047e+02,2.13820545040000003e-07,5.46503999999999990e-01,6.48976411718055535e-01,-1.13980990000000002e+01,-8.65606314065694420e+01
162,21.448675,194.918175,3.39511237656228542e+09,8.27405828102693475e-01,5.67169874309372872e+01,7.07218399999999974e+02,2.08304857560000000e-07,5.53795999999999955e-01,6.69316049259524370e-01,-2.02158259999999999e+01,-7.69328134309372871e+01
163,21.445552,204.82823,3.39117185357466459e+09,8.21293420681647790e-01,3.53788480184266021e+01,7.16085100000000011e+02,2.11161548550000009e-07,5.57668000000000053e-01,6.79011892652388593e-01,-3.20261599999999973e+01,-6.74050080184265994e+01
164,21.407074,215.014276,3.38265123990362501e+09,7.86242565857027009e-01,1.50288266790910612e+01,7.33977999999999952e+02,2.16983054990000001e-07,5.45702000000000020e-01,6.94063160273152069e-01,-4.26702680000000001e+01,-5.76990946790910613e+01
165,21.366307,225.039568,3.28815948182700777e+09,7.74367438240997519e-01,-5.31703660304727066e+00,7.46549499999999966e+02,2.27041755160000011e-07,5.52629000000000037e-01,7.13652166541656197e-01,-5.37249789999999976e+01,-4.84079423969527269e+01
166,21.412388,235.050572,3.13910920488733864e+09,7.24569505485567089e-01,-2.52983453822613953e+01,7.58844399999999951e+02,2.41738770610000019e-07,5.32070000000000043e-01,7.34325687144997463e-01,-6.46777390000000025e+01,-3.93793936177386072e+01
167,21.378044,245.005108,3.00441341322098303e+09,6.46691291244616995e-01,-4.32333204055591764e+01,7.91157900000000041e+02,2.63331902499999982e-07,4.89883000000000013e-01,7.57522185055523267e-01,-7.41485109999999992e+01,-3.09151905944408227e+01
168,21.387872,255.098177,2.72513747910704470e+09,5.89573663163491801e-01,-6.22497249371947277e+01,8.17168499999999995e+02,2.99863220209999976e-07,4.54243000000000008e-01,7.70460128023113699e-01,-8.49816799999999972e+01,-2.27319550628052696e+01
169,21.371938,265.024514,2.50189115537670135e+09,5.56862116707216637e-01,-7.96434209200926659e+01,8.74337099999999964e+02,3.49470478809999984e-07,4.38043000000000016e-01,7.86627401752867716e-01,8.46262940000000015e+01,-1.57302850799073379e+01
170,21.383829,275.01372,2.14737338151850867e+09,4.92964401860831347e-01,8.17002925033414868e+01,9.24747299999999996e+02,4.30641130209999975e-07,3.90969000000000011e-01,7.93097835308551047e-01,7.25427860000000067e+01,-9.15750650334147842e+00
171,21.401727,285.23081,1.79485431504761505e+09,4.37243335557372326e-01,6.71541741302063571e+01,9.74623699999999985e+02,5.43009921099999990e-07,3.47702999999999984e-01,7.95216237102318479e-01,6.45629820000000052e+01,-2.59119213020635453e+00
172,21.434643,295.072562,1.88543063010113072e+09,4.10383541764287041e-01,4.84437103851040050e+01,1.02675900000000001e+03,5.44575325979999973e-07,3.18184000000000022e-01,7.75333237371288453e-01,5.47434190000000029e+01,6.29970861489599709e+00
173,21.423298,304.951047,2.69805631719792986e+09,3.98296668074654969e-01,2.31667886539976919e+01,1.06848399999999992e+03,3.96019902619999990e-07,2.91966000000000003e-01,7.33036511230054200e-01,4.42266669999999991e+01,2.10598783460023071e+01
174,21.336339,314.997611,3.71303294034850216e+09,3.51436728174044311e-01,-4.93637345539485040e+00,1.12151099999999997e+03,3.02047145289999995e-07,2.54987999999999992e-01,7.25558769354694766e-01,3.40769159999999971e+01,3.90132894553948475e+01
175,21.390824,325.028039,4.08193252451254082e+09,3.45333359893632064e-01,-2.61988232168290587e+01,1.15050500000000011e+03,2.81853017679999994e-07,2.51410999999999996e-01,7.28024075280298444e-01,2.67411810000000010e+01,5.29400042168290597e+01
176,21.372545,335.022992,3.98600382127868557e+09,3.58578345625266193e-01,-4.16073756231788749e+01,1.17269599999999991e+03,2.94203430949999995e-07,2.50232000000000010e-01,6.97844705495702211e-01,2.21195209999999989e+01,6.37268966231788738e+01
177,21.416271,345.031853,3.88018697872375107e+09,3.72101439702719083e-01,-6.18081198767365976e+01,1.17406600000000003e+03,3.02579748460000022e-07,2.54184000000000021e-01,6.83104048732178559e-01,1.24196290000000005e+01,7.42277488767365980e+01
178,21.353147,355.02705,3.69603386572679663e+09,3.54452629828302779e-01,-8.10480280259607895e+01,1.14755600000000004e+03,3.10483085840000012e-07,2.35406000000000004e-01,6.64139521588627879e-01,3.61585299999999998e+00,8.46638810259607908e+01
179,26.113854,4.999927,3.36281802804136610e+09,4.05234030885628316e-01,8.58005211158631198e+01,1.23733300000000008e+03,3.67945273779999992e-07,2.33617999999999992e-01,5.76501434219218956e-01,1.27715800000000002e+00,-8.45233631158631198e+01
180,26.107117,14.71781,3.30732422664448214e+09,4.90148035156913520e-01,6.45823677967367900e+01,1.18895200000000000e+03,3.59490608879999979e-07,2.89445999999999981e-01,5.90527716605735664e-01,-9.54373900000000042e+00,-7.41261067967367921e+01
181,26.101811,24.939149,3.25717197293550873e+09,4.84584150410218628e-01,4.48610595199379247e+01,1.13515000000000009e+03,3.48507849580000008e-07,2.96252000000000015e-01,6.11353053436047400e-01,-1.85613059999999983e+01,-6.34223655199379195e+01
182,26.126499,35.043097,2.85904411763136339e+09,6.02864190344800877e-01,2.14550358784126907e+01,1.04821599999999989e+03,3.66631628219999997e-07,3.50947999999999982e-01,5.82134426991391729e-01,-2.76885170000000009e+01,-4.91435528784126916e+01
183,26.155163,45.01463,2.40992754399718809e+09,7.78973365441378740e-01,-7.52029271064375848e+00,9.75486200000000053e+02,4.04778227640000019e-07,3.91813999999999996e-01,5.02987672470665226e-01,-4.02148770000000013e+01,-3.26945842893562428e+01
184,26.143855,54.941341,2.87173592745869017e+09,7.95993443764575592e-01,-2.02184623523243339e+01,9.23345500000000015e+02,3.21528693210000026e-07,4.54540999999999973e-01,5.71036110360773064e-01,-5.16610640000000032e+01,-3.14426016476756693e+01
185,26.049322,64.93763,3.17627537182953405e+09,7.50628118315080584e-01,-3.73785120440407823e+01,8.57163599999999974e+02,2.69864385059999983e-07,5.04614000000000007e-01,6.72255658544602119e-01,-6.19726929999999996e+01,-2.45941809559592173e+01
186,26.135288,75.004543,3.35645889892082548e+09,7.01885551749391157e-01,-5.79202354257895422e+01,8.10357099999999946e+02,2.41432153469999987e-07,5.29476999999999975e-01,7.54363725938399399e-01,-7.35650459999999953e+01,-1.56448105742104495e+01
187,26.165957,85.001142,8.63251084645294547e+08,5.90512683221389389e-01,-8.10168529991476021e+01,7.85642900000000054e+02,9.10097784960000023e-07,5.47665999999999986e-01,9.27441553011782327e-01,-8.60967629999999957e+01,-5.07991000085238653e+00
188,26.132623,94.905787,7.68915942884837270e+08,6.07810775433774375e-01,7.38643458207438641e+01,7.58918900000000008e+02,9.86998523080000011e-07,5.53069999999999951e-01,9.09937800305189226e-01,8.27745010000000008e+01,8.91015517925614375e+00
189,26.053196,104.892793,1.71309872590949559e+09,6.58774439703526005e-01,5.14682316007605749e+01,7.47269599999999969e+02,4.36209302299999981e-07,5.58309999999999973e-01,8.47497969489012126e-01,7.01827339999999964e+01,1.87145023992394250e+01
190,26.088026,114.948559,2.52893586944960594e+09,6.94645994118926469e-01,3.38596832390626048e+01,7.35719299999999976e+02,2.90920504900000024e-07,5.43163999999999980e-01,7.81929219485296367e-01,6.10459570000000014e+01,2.71862737609373930e+01
191,26.151169,124.992745,3.07561341251995897e+09,7.09036185696871990e-01,1.28261679417175998e+01,7.40500000000000000e+02,2.40764979429999984e-07,5.08624999999999994e-01,7.17347027218506406e-01,4.86989310000000017e+01,3.58727630582824020e+01
192,26.155376,134.974239,3.28530948998104811e+09,8.10528821629849960e-01,-4.83218525217650807e+00,7.29729699999999980e+02,2.22119012599999993e-07,5.28603999999999963e-01,6.52171749965729575e-01,4.02109840000000034e+01,4.50431692521765115e+01
193,26.121621,144.997622,3.52771876032403231e+09,8.29299345650202357e-01,-2.41853513080275206e+01,7.33857099999999946e+02,2.08025965179999999e-07,5.13021999999999978e-01,6.18621011448852842e-01,3.05167980000000014e+01,5.47021493080275221e+01
194,26.066654,155.003112,3.66575442421603870e+09,8.47220288445088787e-01,-4.47260826031141221e+01,7.33577999999999975e+02,2.00116514940000003e-07,5.01133000000000051e-01,5.91502596001016512e-01,1.99129329999999989e+01,6.46390156031141174e+01
195,26.119693,164.967292,3.71839888130068111e+09,8.95275714452323013e-01,-6.46742992230820164e+01,7.29928599999999960e+02,1.96301855530000013e-07,5.11010999999999993e-01,5.70786174304534155e-01,9.93529000000000018e+00,7.46095892230820112e+01
196,26.157841,175.010098,3.74515844597836876e+09,8.95246930887635739e-01,-8.36077319052844103e+01,7.33785700000000020e+02,1.95929147079999996e-07,5.02758999999999956e-01,5.61586957356575711e-01,9.36246000000000023e-01,8.45439779052844074e+01
197,26.113562,185.033848,3.79900934770588636e+09,9.48501040751372315e-01,7.49952160266794152e+01,7.35063099999999963e+02,1.93488099850000005e-07,5.41600999999999999e-01,5.71007280678322626e-01,-1.06969189999999994e+01,-8.56921350266794093e+01
198,26.077802,195.02462,3.74592456791892004e+09,9.21910449570051527e-01,5.52992288659991971e+01,7.26091699999999946e+02,1.93835109820000010e-07,5.34337999999999980e-01,5.79598593604397805e-01,-2.06944580000000009e+01,-7.59936868659991944e+01
199,26.084484,205.206171,3.81851242864213705e+09,9.51931486003274818e-01,3.41489405220815456e+01,7.54490599999999972e+02,1.97587572149999997e-07,5.57548999999999961e-01,5.85702866433059577e-01,-3.18209419999999987e+01,-6.59698825220815479e+01
200,26.148741,215.001535,3.75027439888355255e+09,9.06885948752857107e-01,1.38387934470015423e+01,7.57798199999999952e+02,2.02064734309999994e-07,5.48340999999999967e-01,6.04641631898778953e-01,-4.24901399999999967e+01,-5.63289334470015390e+01
201,26.093929,224.965733,3.58684557264049673e+09,8.42398658146648049e-01,-7.21359917997745015e+00,7.49981999999999971e+02,2.09092358400000012e-07,5.35306999999999977e-01,6.35455665584419349e-01,-5.39880899999999997e+01,-4.67744908200225495e+01
202,26.148679,235.003143,3.51862415484681940e+09,8.03097308487497052e-01,-2.75918045446735221e+01,7.80180200000000013e+02,2.21728768309999995e-07,5.36135000000000028e-01,6.67584107596777998e-01,-6.51431400000000025e+01,-3.75513354553264804e+01
203,26.184697,245.014133,3.42282100539671946e+09,7.17879884515578937e-01,-4.69249875602456967e+01,8.18399999999999977e+02,2.39101021850000013e-07,5.05696000000000034e-01,7.04429823021494261e-01,-7.58060519999999940e+01,-2.88810644397542973e+01
204,26.123008,255.018555,3.20360129488809443e+09,6.40175908071132671e-01,-6.63655304246387345e+01,8.57513500000000022e+02,2.67671729739999997e-07,4.70287999999999984e-01,7.34623084172271401e-01,-8.73224110000000024e+01,-2.09568805753612679e+01
205,26.100336,264.984074,2.87496559935257721e+09,5.42686798709167473e-01,-8.46662253628406631e+01,8.98254500000000007e+02,3.12440086309999982e-07,4.07994000000000023e-01,7.51803804644691542e-01,8.15346100000000007e+01,-1.37991646371593344e+01
206,26.105162,274.995145,2.53226418864462805e+09,5.08550121192582361e-01,7.77609922483451896e+01,9.81890899999999988e+02,3.87752156510000020e-07,3.85023999999999977e-01,7.57101382843237136e-01,7.02067799999999949e+01,-7.55421224834519389e+00
207,26.149795,285.051072,2.14870427121388197e+09,4.22524098401596160e-01,6.35417016175995073e+01,1.06320700000000011e+03,4.94813090029999956e-07,3.23207999999999995e-01,7.64945718416280118e-01,6.16800720000000027e+01,-1.86162961759950329e+00
208,26.159838,295.088269,1.93314789041382289e+09,4.02343657598641047e-01,4.73618233549592489e+01,1.12538200000000006e+03,5.82149977030000032e-07,3.02545000000000008e-01,7.51956677547044983e-01,5.24585890000000035e+01,5.09676564504075547e+00
209,26.127697,305.022322,2.79444590206801319e+09,3.59127582150949309e-01,2.28590440742556673e+01,1.20518499999999995e+03,4.31278701480000000e-07,2.46743999999999991e-01,6.87065021634255868e-01,4.30446340000000021e+01,2.01855899257443347e+01
210,26.063422,314.985369,3.66181260842074680e+09,3.41111797930076566e-01,-3.60267627948274338e+00,1.27618000000000006e+03,3.48510460929999999e-07,2.24317999999999990e-01,6.57608447908278548e-01,3.39067360000000022e+01,3.75094122794827456e+01
211,26.138121,324.964205,4.11062407932270575e+09,3.18278926434398091e-01,-2.44866030095531464e+01,1.34377999999999997e+03,3.26904132819999999e-07,2.07047000000000009e-01,6.50520605682247122e-01,2.78432560000000002e+01,5.23298590095531466e+01
212,26.158318,334.954521,3.99808180284733820e+09,3.44454684066304473e-01,-4.29842990405885246e+01,1.39035699999999997e+03,3.47756016149999992e-07,2.10658000000000012e-01,6.11569561235666637e-01,2.01549380000000014e+01,6.31392370405885259e+01
213,26.159288,344.981416,3.76982202329935884e+09,3.27369762432402289e-01,-5.95686259680001626e+01,1.35527299999999991e+03,3.59505831209999994e-07,1.93215999999999999e-01,5.90207227950372060e-01,1.42722940000000005e+01,7.38409199680001649e+01
214,26.076364,354.97306,3.50143306996845627e+09,3.65981059063388958e-01,-7.58996872309373600e+01,1.29635999999999990e+03,3.70236978429999990e-07,2.09642999999999996e-01,5.72824726330138367e-01,8.75283400000000000e+00,8.46525212309373529e+01
215,30.841073,5.030139,2.96577353362336063e+09,4.38275666841054401e-01,8.57985172417333786e+01,1.40696199999999999e+03,4.74399674839999975e-07,2.07217000000000012e-01,4.72800603997824920e-01,2.20880700000000019e+00,-8.35897102417333855e+01
216,30.823153,14.907602,2.98076641004117870e+09,4.68609616377855365e-01,6.51020157804177870e+01,1.33906199999999990e+03,4.49234128339999977e-07,2.32176999999999994e-01,4.95459315996597149e-01,-7.82814099999999957e+00,-7.29301567804177893e+01
217,30.816987,24.801132,2.92024845813811541e+09,5.43333960397866744e-01,4.54378704715682673e+01,1.23129400000000010e+03,4.21640150709999981e-07,2.86903000000000019e-01,5.28041721871958414e-01,-1.70848459999999989e+01,-6.25227164715682662e+01
218,30.874708,34.994048,2.80230265278283405e+09,5.91497585572638873e-01,2.64224278105836703e+01,1.11600000000000000e+03,3.98243922329999997e-07,3.32359000000000016e-01,5.61894094087024287e-01,-2.53684000000000012e+01,-5.17908278105836715e+01
219,30.848519,45.047453,2.16774776906760406e+09,7.59786303442865352e-01,-7.03117119325849416e+00,1.04060200000000009e+03,4.80038321269999958e-07,3.88440000000000007e-01,5.11249015992837008e-01,-3.84120380000000026e+01,-3.13808668067415084e+01
220,30.844538,55.033762,2.43597051442282677e+09,9.55084520127808201e-01,-2.09324729199343267e+01,9.61404599999999959e+02,3.94670048059999991e-07,4.58755999999999997e-01,4.80330264319025757e-01,-4.96623560000000026e+01,-2.87298830800656759e+01
221,30.809294,65.035851,2.95250606439524364e+09,8.01106121260566906e-01,-3.62414200949814074e+01,9.01985199999999963e+02,3.05498170139999996e-07,4.91906000000000010e-01,6.14033505605936059e-01,-6.09095739999999992e+01,-2.46681539050185954e+01
222,30.847478,75.030246,3.34539851182979107e+09,6.87581125954627392e-01,-5.72043580186313889e+01,8.46953800000000001e+02,2.53169778430000006e-07,5.30011000000000010e-01,7.70834131411243462e-01,-7.28991039999999941e+01,-1.56947459813686034e+01
223,30.84911,84.98083,6.83357667976457357e+08,6.08381784814065130e-01,-8.72138115283063655e+01,8.11076900000000023e+02,1.18689953740000002e-06,5.53486999999999951e-01,9.09769184113817242e-01,-8.55682189999999991e+01,1.64559252830636060e+00
224,30.876056,95.042859,1.72410999404310369e+09,6.63739545226900041e-01,7.02843587255054274e+01,7.87127799999999979e+02,4.56541521549999982e-07,5.42749999999999955e-01,8.17715328102773142e-01,8.26026269999999982e+01,1.23182682744945637e+01
225,30.863978,104.987018,2.72074026543936014e+09,7.45262736275175475e-01,5.15934559990190849e+01,7.74759699999999953e+02,2.84760625569999977e-07,5.54989999999999983e-01,7.44690393046942067e-01,7.08025999999999982e+01,1.92091440009809169e+01
226,30.859057,114.927427,3.19988905334571695e+09,7.70780056178806516e-01,3.37511489317380580e+01,7.61343100000000049e+02,2.37927967909999998e-07,5.21011000000000002e-01,6.75952881530104355e-01,6.06162559999999999e+01,2.68651070682619455e+01
227,30.875488,125.070863,3.54090428087793303e+09,8.56407976729313458e-01,1.38608932984679072e+01,7.58399999999999977e+02,2.14182575930000009e-07,5.22521000000000013e-01,6.10130935486550507e-01,4.91806120000000035e+01,3.53197187015320964e+01
228,30.886576,135.017152,3.85889659624181414e+09,8.74723719466938165e-01,-4.64477304078025099e+00,7.71669200000000046e+02,1.99971463539999991e-07,4.90754000000000024e-01,5.61038861846650749e-01,3.98250060000000019e+01,4.44697790407802529e+01
229,30.835787,144.97502,3.91386339438232327e+09,9.23754392073164454e-01,-2.63646142174761771e+01,7.64984600000000000e+02,1.95455109930000007e-07,4.71681000000000017e-01,5.10612998484819447e-01,2.78697100000000013e+01,5.42343242174761784e+01
230,30.845138,154.91186,4.07345466880556631e+09,9.59630334448243860e-01,-4.55192190596284547e+01,7.70941199999999981e+02,1.89259796089999993e-07,4.64619000000000004e-01,4.84164561416392469e-01,1.90298750000000005e+01,6.45490940596284588e+01
231,30.891096,165.009479,4.23561782429234743e+09,9.51696868703493237e-01,-6.53744617133059904e+01,7.94766899999999964e+02,1.87638954450000013e-07,4.45326999999999973e-01,4.67929458049676783e-01,9.69293599999999955e+00,7.50673977133059935e+01
232,30.85329,175.063483,4.11421351786959839e+09,1.01878875100845701e+00,-8.51668409483176134e+01,7.64242399999999975e+02,1.85756620720000013e-07,4.83464000000000005e-01,4.74547838814905310e-01,-1.43660000000000003e-02,8.51524749483176180e+01
233,30.861277,185.00274,4.13299640200954199e+09,1.06948143532507967e+00,7.53456264772590600e+01,7.68000000000000000e+02,1.85821598979999999e-07,5.12745000000000006e-01,4.79433287071641401e-01,-9.98569600000000079e+00,-8.53313224772590644e+01
234,30.748214,194.998844,4.08266060010326719e+09,1.08394433258044476e+00,5.53528686896000011e+01,7.59582099999999969e+02,1.86050758169999987e-07,5.21248999999999962e-01,4.80881706128866715e-01,-2.01913969999999985e+01,-7.55442656895999960e+01
235,30.830396,204.969064,4.05715071940139914e+09,1.11857440847544787e+00,3.49602547059652835e+01,7.65454500000000053e+02,1.88667997059999997e-07,5.41984000000000021e-01,4.84531020818447677e-01,-3.02805010000000010e+01,-6.52407557059652845e+01
236,30.841506,214.920567,3.99686182825241470e+09,1.08007537513504892e+00,1.35662148793983306e+01,7.70604699999999980e+02,1.92802436789999997e-07,5.52471999999999963e-01,5.11512448777864948e-01,-4.11970320000000001e+01,-5.47632468793983307e+01
237,30.814329,224.9675,3.91961664748208141e+09,1.01089351194456412e+00,-8.40535184252693313e+00,7.78076299999999947e+02,1.98508264960000009e-07,5.59401999999999955e-01,5.53373815728551932e-01,-5.32957549999999998e+01,-4.48904031574730666e+01
238,30.883608,234.973947,3.86280246476938200e+09,9.05898478577278454e-01,-2.88679311205304359e+01,8.09600000000000023e+02,2.09588765509999999e-07,5.45750999999999986e-01,6.02441678516898227e-01,-6.44969519999999932e+01,-3.56290208794695573e+01
239,30.874387,245.013084,3.75002406368770742e+09,8.01360083329194284e-01,-4.91767728403831512e+01,8.51162799999999947e+02,2.26975290169999988e-07,5.23054000000000019e-01,6.52707828704181092e-01,-7.63152850000000029e+01,-2.71385121596168482e+01
240,30.869814,255.031792,3.55706246661299038e+09,6.74823430146218706e-01,-6.88373112482405247e+01,8.99630800000000022e+02,2.52913972820000012e-07,4.67457999999999985e-01,6.92711573305498041e-01,-8.81276529999999951e+01,-1.92903417517594740e+01
241,30.835055,265.04356,3.26969571340037632e+09,5.47030681268704355e-01,-8.71828306937750170e+01,9.66092300000000023e+02,2.95468564869999998e-07,3.93170999999999993e-01,7.18736651275456162e-01,8.04866020000000049e+01,-1.23305673062249834e+01
242,30.858894,274.99863,2.87064864477906752e+09,5.11752964343150984e-01,7.56612586195638812e+01,1.04738499999999999e+03,3.64860047189999983e-07,3.69290000000000007e-01,7.21617705671708021e-01,6.94705880000000064e+01,-6.19067061956387121e+00
243,30.823224,284.864059,2.42821760540544176e+09,4.44190961005071661e-01,5.78848815463331050e+01,1.13587300000000005e+03,4.67780563600000025e-07,3.23570000000000024e-01,7.28447961362963414e-01,5.68790830000000014e+01,-1.00579854633310384e+00
244,30.849743,294.969015,2.04036669109395194e+09,3.71552233084971095e-01,4.39992170675360725e+01,1.24293800000000010e+03,6.09173834010000050e-07,2.65718000000000010e-01,7.15156514586826275e-01,4.85163679999999999e+01,4.51715093246393007e+00
245,30.865432,304.939,2.69762125059254837e+09,3.32687533126613755e-01,2.14912604716073048e+01,1.35315200000000004e+03,5.01609334410000021e-07,2.14626000000000011e-01,6.45127871137623710e-01,3.94767209999999977e+01,1.79854605283926929e+01
246,30.809795,314.986818,3.34842405526452827e+09,3.16889690657009004e-01,-6.45053295097369528e-01,1.46246199999999999e+03,4.36761287060000014e-07,1.84006000000000003e-01,5.80662626223337974e-01,3.35103420000000014e+01,3.41553952950973709e+01
247,30.842753,325.014559,3.75686845972936869e+09,3.00612547197787849e-01,-2.38611279871750028e+01,1.53230799999999999e+03,4.07868419250000022e-07,1.65172999999999986e-01,5.49454776720695204e-01,2.78353329999999985e+01,5.16964609871750014e+01
248,30.900367,335.001776,3.59283677532526302e+09,2.85521395745599482e-01,-4.22162458208906202e+01,1.57916300000000001e+03,4.39530960839999987e-07,1.45008999999999999e-01,5.07874373552038461e-01,2.08620359999999998e+01,6.30782818208906235e+01
249,30.852299,344.956608,3.37244411919263601e+09,3.32540947926223962e-01,-5.66831755732588505e+01,1.56000000000000000e+03,4.62572527480000019e-07,1.60332000000000002e-01,4.82142127157135947e-01,1.75572610000000005e+01,7.42404365732588474e+01
250,30.830393,354.995797,3.17981014377646780e+09,3.76318525444643726e-01,-7.42560459425609594e+01,1.50674800000000005e+03,4.73848416059999998e-07,1.76551999999999987e-01,4.69155749883407469e-01,1.11732669999999992e+01,8.54293129425609550e+01
251,35.569952,5.007858,2.01781022626523709e+09,4.87124305118456835e-01,8.69122103564878898e+01,1.64090100000000007e+03,8.13208783780000024e-07,1.76639999999999991e-01,3.62617915271227165e-01,6.98566100000000034e+00,-7.99265493564878966e+01
252,35.589486,14.920963,1.98521858638761163e+09,5.59539915460493753e-01,6.87736447531940627e+01,1.50437799999999993e+03,7.57789600760000037e-07,2.13681000000000010e-01,3.81886964800613848e-01,-1.75245600000000001e+00,-7.05261007531940578e+01
253,35.591775,24.898412,2.05940406256274724e+09,6.49506827967691547e-01,4.98140599407990052e+01,1.35454800000000000e+03,6.57737849809999970e-07,2.67984999999999973e-01,4.12597664043849510e-01,-1.16392439999999997e+01,-6.14533039407990032e+01
254,35.605589,35.045332,2.21330993317296839e+09,7.27278718668656898e-01,2.87917991420121773e+01,1.23962699999999995e+03,5.60078361110000046e-07,3.26616999999999991e-01,4.49094675281986933e-01,-2.25853390000000012e+01,-5.13771381420121784e+01
255,35.592381,44.984358,2.26483435792093229e+09,8.39065624554476752e-01,5.50905797106456419e+00,1.11715799999999990e+03,4.93262562929999971e-07,3.92886000000000013e-01,4.68242278675893575e-01,-3.57121309999999994e+01,-4.12211889710645636e+01
256,35.56417,54.988883,1.57815982087951612e+09,9.07455885903040382e-01,-3.23041444301598943e+01,1.01942100000000005e+03,6.45955489749999966e-07,4.42022000000000026e-01,4.87100262245947990e-01,-4.85492520000000027e+01,-1.62451075698401119e+01
257,35.615431,64.981972,2.66893250163984585e+09,8.18069352092485769e-01,-3.57633247023346925e+01,9.32779199999999946e+02,3.49495238050000021e-07,5.02086999999999950e-01,6.13746253561198274e-01,-5.98887900000000002e+01,-2.41254652976653077e+01
258,35.570525,74.993865,1.17681180217808414e+09,6.59041315608135836e-01,-6.95330883488802414e+01,8.79578899999999976e+02,7.47425287860000035e-07,5.32598000000000016e-01,8.08140532902009046e-01,-7.23895490000000024e+01,-2.85646065111976233e+00
259,35.5734,84.973341,2.57770888703761578e+09,8.76824430654224107e-01,-8.79579094626857909e+01,8.39064899999999966e+02,3.25508013809999978e-07,5.73880999999999974e-01,6.54499327273318277e-01,-8.57816940000000017e+01,2.17621546268578570e+00
260,35.57837,94.975369,3.31321475553872538e+09,8.87997300662925482e-01,7.67441545588349072e+01,8.18596000000000004e+02,2.47070009160000005e-07,5.49327000000000010e-01,6.18613366943689402e-01,8.26640189999999961e+01,5.91986444116509425e+00
261,35.645007,104.948711,3.72092599501328897e+09,9.33758285138976185e-01,5.74056254165003210e+01,8.07789499999999975e+02,2.17093675359999998e-07,5.51548000000000038e-01,5.90675347976066689e-01,7.03394650000000041e+01,1.29338395834996813e+01
262,35.551347,114.863444,3.87532749459320784e+09,1.00402132606657113e+00,3.83122409363582079e+01,7.99581699999999955e+02,2.06326226909999990e-07,5.30869999999999953e-01,5.28743748979691341e-01,5.93155360000000016e+01,2.10032950636417937e+01
263,35.609777,124.961339,3.97207118671526432e+09,1.01850230849229972e+00,2.21712107156163789e+01,8.00522900000000050e+02,2.01537903620000013e-07,4.82229999999999992e-01,4.73469717230047771e-01,4.83893180000000029e+01,2.62181072843836240e+01
264,35.580601,134.977907,3.47818895901279068e+09,1.12745155003011477e+00,1.18861333342650006e+01,8.17218499999999949e+02,2.34955176280000007e-07,4.59556999999999993e-01,4.07606872319901503e-01,3.70545890000000000e+01,2.51684556657349994e+01
265,35.561546,145.028104,3.32814009566027784e+09,1.26766119876911887e+00,-3.13760329129417670e+00,8.10980400000000031e+02,2.43673756720000005e-07,4.37749999999999972e-01,3.45320974109682488e-01,2.83602729999999994e+01,3.14978762912941761e+01
266,35.627306,155.009928,3.79789106082412004e+09,1.41724326899017372e+00,-3.27747622618028345e+01,8.29509900000000016e+02,2.18413294830000008e-07,4.14945999999999982e-01,2.92783891854826617e-01,1.82553279999999987e+01,5.10300902618028331e+01
267,35.603078,164.96141,3.93092233862158108e+09,1.40403585977962675e+00,-5.89385865150631005e+01,8.22026700000000005e+02,2.09118020960000011e-07,4.14845000000000019e-01,2.95466100178604307e-01,1.03499450000000000e+01,6.92885315150630987e+01
268,35.594916,174.947041,4.05276228774950695e+09,1.46515723803845521e+00,-8.13920079943840307e+01,8.22789499999999975e+02,2.03019432570000001e-07,4.25725999999999993e-01,2.90566765769085467e-01,1.05188900000000007e+00,8.24438969943840334e+01
269,35.583298,185.021116,4.17751514988085175e+09,1.76221575619626303e+00,7.54652664016235804e+01,8.11921600000000012e+02,1.94355153930000005e-07,4.78121999999999991e-01,2.71318650011406537e-01,-9.15469399999999922e+00,-8.46199604016235867e+01
270,35.591727,194.993286,4.39861246095581436e+09,1.59536325640789989e+00,5.15078466828717154e+01,8.10399999999999977e+02,1.84239918199999998e-07,5.00005999999999950e-01,3.13412006946811150e-01,-2.02072770000000013e+01,-7.17151236828717202e+01
271,35.570193,204.8891,4.53387322835448360e+09,1.39488501140484256e+00,3.09863415692243400e+01,8.01464100000000030e+02,1.76772498840000002e-07,5.22074000000000038e-01,3.74277446335307018e-01,-2.93452990000000007e+01,-6.03316405692243407e+01
272,35.57465,215.013301,4.48769280540045357e+09,1.23441791372115595e+00,8.81167965362656957e+00,8.10000000000000000e+02,1.80493637850000006e-07,5.37013999999999991e-01,4.35034192254363739e-01,-4.06528380000000027e+01,-4.94645176536265723e+01
273,35.542703,225.049582,4.25870246127569723e+09,1.14956818908329117e+00,-1.37217333402423733e+01,8.14826699999999960e+02,1.91332150439999997e-07,5.68570000000000020e-01,4.94594409796080992e-01,-5.33990340000000003e+01,-3.96773006597576270e+01
274,35.573458,235.045094,4.14005289584535980e+09,9.89920439242167105e-01,-3.33216574629057405e+01,8.44270300000000020e+02,2.03927418620000011e-07,5.66253000000000006e-01,5.72018697213176663e-01,-6.42681479999999965e+01,-3.09464905370942560e+01
275,35.577939,245.018376,3.91473848003288507e+09,8.28321136702400151e-01,-5.43537974700893329e+01,8.89771799999999985e+02,2.27287673120000000e-07,5.31061000000000005e-01,6.41129359700016943e-01,-7.75230459999999937e+01,-2.31692485299106643e+01
276,35.554021,254.999627,3.51000172954567623e+09,6.65726295313522898e-01,-7.36540657654700084e+01,9.40378400000000056e+02,2.67913942059999977e-07,4.73225999999999980e-01,7.10841682732593294e-01,8.98998279999999994e+01,-1.64461062345299958e+01
277,35.58586,265.027386,2.96048940365524197e+09,5.56678530453153630e-01,-8.94958149872243496e+01,1.02489499999999998e+03,3.46191071900000008e-07,4.22731999999999997e-01,7.59382618287583355e-01,7.96297469999999947e+01,-1.08744380127756521e+01
278,35.61705,275.07586,2.24446455800954676e+09,4.36657421044243432e-01,7.25306442765098751e+01,1.12064400000000001e+03,4.99292357280000022e-07,3.40453000000000006e-01,7.79679867081668809e-01,6.64776710000000008e+01,-6.05297327650987960e+00
279,35.534928,284.955375,1.70234420847467113e+09,3.74436726099525885e-01,5.75175392435918837e+01,1.24481099999999992e+03,7.31233433169999965e-07,2.92864999999999986e-01,7.82148169734172893e-01,5.67298100000000005e+01,-7.87729243591881900e-01
280,35.572876,294.914943,2.32747775871719980e+09,3.55585405588509484e-01,3.55413009028129068e+01,1.36758699999999999e+03,5.87583273299999997e-07,2.37634000000000012e-01,6.68289519944456956e-01,4.58594080000000019e+01,1.03181070971870952e+01
281,35.601892,305.039149,3.19271551071430445e+09,3.62663587326430781e-01,8.71351277002650448e+00,1.51629899999999998e+03,4.74924557140000021e-07,1.85568000000000011e-01,5.11680815181954407e-01,3.62321060000000017e+01,2.75185932299734972e+01
282,35.517483,314.998523,3.16697376085733366e+09,3.48837866206741010e-01,-1.36620460356676574e+01,1.66700700000000006e+03,5.26372217100000038e-07,1.50269000000000014e-01,4.30770322138543660e-01,2.84349479999999986e+01,4.20969940356676560e+01
283,35.583107,325.013702,2.85388933017271328e+09,2.78874727267182876e-01,-2.96930954061112580e+01,1.77903999999999996e+03,6.23373857280000047e-07,1.07758000000000007e-01,3.86402887977582044e-01,2.45018819999999984e+01,5.41949774061112564e+01
284,35.596746,335.019472,2.55203387796379423e+09,3.02177981773687210e-01,-4.35878936761856792e+01,1.84698000000000002e+03,7.23728636969999961e-07,1.08459000000000000e-01,3.58924231882748968e-01,2.29334169999999986e+01,6.65213106761856778e+01
285,35.563271,345.01395,2.30424896533284330e+09,3.35182234021562331e-01,-5.83890150187034180e+01,1.82294000000000005e+03,7.91121110359999970e-07,1.18097999999999995e-01,3.52339676787292777e-01,2.01403539999999985e+01,7.85293690187034201e+01
286,35.576727,355.000496,2.15867798906577826e+09,3.61392750044714162e-01,-7.53698577708277924e+01,1.77141300000000001e+03,8.20600853379999997e-07,1.28901999999999989e-01,3.56681200671710441e-01,1.42911389999999994e+01,8.96609967708277935e+01
287,40.307642,5.004451,1.09760903052701545e+09,4.21714889439899210e-01,8.77024660675623693e+01,1.88474399999999991e+03,1.71713601800000004e-06,1.31733999999999990e-01,3.12376924075321472e-01,1.15618400000000001e+01,-7.61406260675623656e+01
288,40.324163,14.954901,9.77431430451721787e+08,5.90615893789521507e-01,6.95545770373371255e+01,1.69537699999999995e+03,1.73452269609999990e-06,1.90826999999999997e-01,3.23098314838112466e-01,2.43089999999999984e+00,-6.71236770373371314e+01
289,40.345349,24.907833,1.07234544849350119e+09,7.19586245315741113e-01,5.16009964967752879e+01,1.51406899999999996e+03,1.41192281100000004e-06,2.48720999999999998e-01,3.45644461131779712e-01,-7.60867999999999967e+00,-5.92096764967752875e+01
290,40.315097,34.986012,1.39442058518454814e+09,7.95699392929233751e-01,3.10693560291401489e+01,1.34627900000000000e+03,9.65475563330000104e-07,3.03493000000000013e-01,3.81416653948599194e-01,-1.96166739999999997e+01,-5.06860300291401487e+01
291,40.327375,44.984633,1.85847457451670480e+09,8.55313590838279070e-01,6.70613253353207028e+00,1.19316300000000001e+03,6.42012011549999992e-07,3.84070000000000022e-01,4.49039982661305792e-01,-3.31902860000000004e+01,-3.98964185335320707e+01
292,40.305912,55.009012,2.25092097967857838e+09,9.59492445816821582e-01,-1.62914761452403063e+01,1.08309799999999996e+03,4.81179930249999957e-07,4.51884999999999981e-01,4.70962540632936022e-01,-4.57022139999999979e+01,-2.94107378547596916e+01
293,40.352999,64.995002,2.46133219730261374e+09,8.60992750838173060e-01,-3.59409021841283831e+01,9.88558099999999968e+02,4.01635383099999991e-07,5.04511999999999960e-01,5.85965444550908821e-01,-5.93808330000000026e+01,-2.34399308158716195e+01
294,40.310762,75.040653,2.06698160367970204e+09,1.00820814761010302e+00,-6.80084796222352850e+01,9.40459799999999973e+02,4.54991857849999984e-07,5.25437999999999961e-01,5.21160239823015958e-01,-7.21788339999999948e+01,-4.17035437776470630e+00
295,40.318658,85.032755,3.09192748441815996e+09,9.79585816629091055e-01,-8.04198068676268747e+01,8.89479799999999955e+02,2.87678092219999980e-07,5.64294999999999991e-01,5.76054685991501891e-01,-8.53020199999999988e+01,-4.88221313237312327e+00
296,40.304815,95.021669,3.67403025902885056e+09,9.20623483800239617e-01,7.94525326713058462e+01,8.70325600000000009e+02,2.36885800779999988e-07,5.60324000000000044e-01,6.08635354039677390e-01,8.11497999999999990e+01,1.69726732869414887e+00
297,40.279297,105.006629,3.96600177163009071e+09,9.31608810103700336e-01,6.00126648837654741e+01,8.50139499999999998e+02,2.14356812970000000e-07,5.28527999999999998e-01,5.67328254378753560e-01,6.89444689999999980e+01,8.93180411623452564e+00
298,40.297013,115.173834,3.87447212477489424e+09,1.05737177102587254e+00,4.23338903230800838e+01,8.50380999999999972e+02,2.19483060559999991e-07,4.97242999999999991e-01,4.70263169138296522e-01,5.76976250000000022e+01,1.53637346769199166e+01
299,40.316634,124.976985,2.66590256681229448e+09,1.08874823039456814e+00,3.52378353885067810e+01,8.70612700000000018e+02,3.26573337990000012e-07,4.61353999999999986e-01,4.23747187017519011e-01,4.71197829999999982e+01,1.18819476114932154e+01
300,40.3,135.031231,1.99304091166046500e+09,1.57950846417991286e+00,1.54220928210327664e+01,8.76643699999999967e+02,4.39852335629999983e-07,4.14524999999999977e-01,2.62439239422007808e-01,3.68684960000000004e+01,2.14464031789672340e+01
301,40.325406,145.045698,1.95557559659511209e+09,2.08333295363783710e+00,-2.06931863829877685e+01,8.89241399999999999e+02,4.54721055809999979e-07,3.74450000000000005e-01,1.79736032757581848e-01,2.73856660000000005e+01,4.80788523829877690e+01
302,40.314479,155.051114,1.84745408795135546e+09,1.59599695390922203e+00,-5.48492086374285037e+01,8.88000000000000000e+02,4.80661471260000052e-07,3.72472999999999999e-01,2.33379518104760569e-01,1.90523249999999997e+01,7.39015336374284999e+01
303,40.333645,165.04592,1.62220827118216324e+09,1.27490287745642017e+00,-7.50009343680003155e+01,8.87398800000000051e+02,5.47031361980000030e-07,3.64348000000000005e-01,2.85784906789854243e-01,1.03380849999999995e+01,8.53390193680003080e+01
304,40.309279,175.037259,1.29303073045753050e+09,1.26633242507901378e+00,8.70385874209675450e+01,8.84894099999999980e+02,6.84356588869999960e-07,3.97544999999999982e-01,3.13934155145079608e-01,1.72577699999999989e+00,-8.53128104209675513e+01
305,40.30255,184.956326,9.31311238111518264e+08,1.25658093081963584e+00,6.97179247538856117e+01,8.71529400000000010e+02,9.35808958739999950e-07,4.23549000000000009e-01,3.37064640734066945e-01,-7.46323899999999973e+00,-7.71811637538856132e+01
306,40.338176,195.060137,1.14666188991277671e+09,1.33021054180152976e+00,5.24909343419931815e+01,8.57097099999999955e+02,7.47471514959999980e-07,4.58141000000000020e-01,3.44412396085457928e-01,-1.74113280000000010e+01,-6.99022623419931790e+01
307,40.344587,205.054938,2.47359481111530972e+09,1.44322729536868466e+00,3.15712139343192248e+01,8.53065100000000029e+02,3.44868567870000014e-07,4.91914000000000018e-01,3.40843054713939830e-01,-2.94192779999999985e+01,-6.09904919343192233e+01
308,40.307999,214.990546,4.07521788461750555e+09,1.46840287771849121e+00,8.12437989867931520e+00,8.46222200000000043e+02,2.07650786769999988e-07,5.30218999999999996e-01,3.61085508647204345e-01,-4.01973259999999968e+01,-4.83217058986793120e+01
309,40.283646,225.00526,4.61644290631880760e+09,1.28052244064907739e+00,-1.48981228524514151e+01,8.60188200000000052e+02,1.86331384890000010e-07,5.58687999999999962e-01,4.36296922462998393e-01,-5.24550690000000017e+01,-3.75569461475485866e+01
310,40.293331,235.000951,4.41664153140016270e+09,1.08239982378985711e+00,-3.50944296220426395e+01,8.88842099999999959e+02,2.01248413230000010e-07,5.51486000000000032e-01,5.09503039338140562e-01,-6.43134579999999971e+01,-2.92190283779573541e+01
311,40.272535,245.045451,4.10940807768811941e+09,9.13494079129688497e-01,-5.58057057178110298e+01,9.28809499999999957e+02,2.26020264339999991e-07,5.29604999999999992e-01,5.79757452291939979e-01,-7.77155840000000069e+01,-2.19098782821889770e+01
312,40.269565,255.019086,3.69875288179449987e+09,7.59114071343744645e-01,-7.48047328680004853e+01,9.97741200000000049e+02,2.69750705680000015e-07,4.83864999999999990e-01,6.37407496798850115e-01,8.98553050000000013e+01,-1.53399621319995099e+01
313,40.316147,265.004453,3.11107736347261906e+09,6.04496506185806082e-01,8.76120102684459141e+01,1.08480999999999995e+03,3.48692711000000021e-07,4.18476999999999988e-01,6.92273645451593977e-01,7.73398870000000045e+01,-1.02721232684459167e+01
314,40.341593,274.956903,2.45258912569739056e+09,4.81903765005817331e-01,7.10892491601953083e+01,1.22615599999999995e+03,4.99943503439999963e-07,3.48326999999999998e-01,7.22814439924110430e-01,6.47935779999999966e+01,-6.29567116019530815e+00
315,40.327932,284.887782,1.77513351026771307e+09,3.85491998178772943e-01,5.45113802707583517e+01,1.36109500000000003e+03,7.66756411350000018e-07,2.79839000000000004e-01,7.25926870913216504e-01,5.31389020000000016e+01,-1.37247827075835205e+00
316,40.328189,294.851905,2.16905065283756208e+09,3.30963678187546850e-01,3.47587816070263713e+01,1.52818499999999995e+03,7.04540946519999957e-07,2.05100000000000005e-01,6.19705464730109123e-01,4.32799539999999965e+01,8.52117239297362694e+00
317,40.315837,304.980495,2.99360027606678200e+09,3.71242082526210770e-01,4.48698422406749131e+00,1.72743499999999995e+03,5.77042637859999984e-07,1.63621999999999990e-01,4.40742059430850763e-01,3.04216170000000012e+01,2.59346327759325099e+01
318,40.244158,315.018263,2.95451764680671120e+09,3.15007472607626182e-01,-1.95583657477612576e+01,1.91209400000000005e+03,6.47176368049999993e-07,1.11555000000000001e-01,3.54134456165594191e-01,2.24152890000000014e+01,4.19736547477612589e+01
319,40.329683,325.051647,2.59364248397899818e+09,2.91995694311310339e-01,-3.22870098697058410e+01,2.09707600000000002e+03,8.08544744680000025e-07,9.00730000000000003e-02,3.08473726684370009e-01,2.25461470000000013e+01,5.48331568697058458e+01
320,40.274537,335.045669,2.17330750493518305e+09,2.61671831917542175e-01,-4.66957590177216417e+01,2.19947299999999996e+03,1.01203948129999998e-06,7.52749999999999947e-02,2.87669480694126067e-01,2.20119250000000015e+01,6.87076840177216468e+01
321,40.336486,345.008454,1.71332036553957844e+09,2.99555926004538009e-01,-6.03892173499071419e+01,2.16682999999999993e+03,1.26469634260000003e-06,8.57649999999999940e-02,2.86307138516434245e-01,2.15436669999999992e+01,8.19328843499071411e+01
322,40.292728,354.996198,1.36568246016456079e+09,3.78774467616335597e-01,-7.36507139969655071e+01,2.07002399999999989e+03,1.51574327150000005e-06,1.14108000000000001e-01,3.01255786109588364e-01,2.00866259999999990e+01,-8.62626600030344974e+01
323,45.042862,5.002487,1.39274803548942065e+09,4.21594192713217464e-01,-8.15345654484650879e+01,2.18483800000000019e+03,1.56872452470000003e-06,1.24646999999999994e-01,2.95656349528488571e-01,1.78941979999999994e+01,-8.05712365515349092e+01
324,45.011898,14.884178,1.09563285736126161e+09,5.77360984404973632e-01,7.93411295804462497e+01,1.92098399999999992e+03,1.75330995880000009e-06,1.73377000000000003e-01,3.00292199651630065e-01,7.67244800000000016e+00,-7.16686815804462469e+01
325,45.041623,25.020234,9.36502762631105185e+08,7.65902642656976163e-01,5.65735280373828573e+01,1.67346599999999989e+03,1.78693119420000001e-06,2.32319999999999999e-01,3.03328369770423767e-01,-6.77428600000000003e+00,-6.33478140373828538e+01
326,45.030436,34.986347,8.90076036879975080e+08,9.50468811815131209e-01,3.84726808732945642e+01,1.46182199999999989e+03,1.64235631499999997e-06,2.96762999999999999e-01,3.12228025066140946e-01,-1.70597360000000009e+01,-5.55324168732945651e+01
327,45.080317,44.999131,9.32677855961742282e+08,1.11209069126825932e+00,1.65790959104933258e+01,1.30585599999999999e+03,1.40011472520000004e-06,3.66400999999999977e-01,3.29470431572577993e-01,-3.05553500000000007e+01,-4.71344459104933264e+01
328,45.045754,54.989272,1.36006376458348417e+09,1.17557447591706632e+00,-1.08761991079880360e+01,1.15854199999999992e+03,8.51829179020000047e-07,4.58452999999999999e-01,3.89982097597313448e-01,-4.47614269999999976e+01,-3.38852278920119616e+01
329,45.051599,65.004559,2.71452850468917799e+09,8.34725841290694270e-01,-3.73812450053929268e+01,1.04700500000000011e+03,3.85704183319999994e-07,5.08464000000000027e-01,6.09138923043029190e-01,-5.82378519999999966e+01,-2.08566069946070698e+01
330,45.049787,75.002438,2.70059552236855030e+09,9.24099741875171521e-01,-5.59881929106279443e+01,9.77906700000000001e+02,3.62107798779999988e-07,5.38557999999999981e-01,5.82792068426688292e-01,-7.14113619999999969e+01,-1.54231690893720561e+01
331,45.063315,85.034347,3.20519580833085537e+09,9.26469384019564579e-01,-7.70213942952825761e+01,9.37896899999999960e+02,2.92617660850000015e-07,5.56503999999999999e-01,6.00671764873180192e-01,-8.62368770000000069e+01,-9.21548270471742903e+00
332,45.022307,95.036829,3.41472436658248758e+09,1.02536218066699081e+00,8.44263403279069422e+01,9.13814399999999978e+02,2.67610003590000015e-07,5.56633999999999962e-01,5.42865740998866864e-01,8.08404910000000001e+01,-3.58584932790694477e+00
333,44.989613,105.073995,2.75278261264676332e+09,1.07169533768354119e+00,6.95575927976017709e+01,9.02949499999999944e+02,3.28013369400000009e-07,5.24328000000000016e-01,4.89250985390428050e-01,6.89658040000000057e+01,-5.91788797601766836e-01
334,45.034422,114.974524,1.96705311415749073e+09,9.71988240272897652e-01,5.44337363113077828e+01,9.08041699999999992e+02,4.61625409839999987e-07,4.76924000000000015e-01,4.90668487785508312e-01,5.65657830000000033e+01,2.13204668869222314e+00
335,45.038273,124.982024,1.62767486423035717e+09,1.08612426866049594e+00,3.66118069877873467e+01,9.21836699999999951e+02,5.66351868089999989e-07,4.27912999999999988e-01,3.93981621023660522e-01,4.36910889999999981e+01,7.07928201221265230e+00
336,45.060771,135.009812,1.60743335825418210e+09,2.04303284233351379e+00,1.23390058457573843e+01,9.45367899999999963e+02,5.88122608720000014e-07,3.80911000000000000e-01,1.86443894638977314e-01,3.33460719999999995e+01,2.10070661542426151e+01
337,45.07007,144.987016,1.51689779127908707e+09,2.35944422165324452e+00,-4.27871873090483916e+01,9.54762899999999945e+02,6.29418083069999982e-07,3.24156000000000000e-01,1.37386591734245944e-01,2.59642519999999983e+01,6.87514393090483935e+01
338,45.013336,155.04056,1.32856703024118757e+09,1.34028544944906680e+00,-6.81059789847439845e+01,9.77833300000000008e+02,7.36005995740000026e-07,3.21263999999999994e-01,2.39698192748460936e-01,1.69895640000000014e+01,8.50955429847439859e+01
339,45.047189,164.97858,1.09449969801319456e+09,1.05474002278776258e+00,-8.15299077711007669e+01,9.80565399999999954e+02,8.95902851120000045e-07,3.03483000000000003e-01,2.87732515542427292e-01,1.04532690000000006e+01,-8.80168232288992272e+01
340,45.042454,174.994567,8.58908300412730575e+08,1.00473012439427367e+00,8.44262631568781075e+01,9.71876300000000015e+02,1.13152509940000006e-06,3.25566999999999995e-01,3.24034277559136663e-01,2.98817000000000021e+00,-8.14380931568781108e+01
341,45.034671,185.008968,6.64085506132522464e+08,1.11476913072380568e+00,6.95465930353992832e+01,9.43497399999999971e+02,1.42074686360000009e-06,3.83691999999999978e-01,3.44189652749779307e-01,-5.92961100000000041e+00,-7.54762040353992774e+01
342,45.007156,194.825019,6.00337324548442364e+08,1.19699233099515112e+00,5.32143103523584813e+01,9.22098399999999970e+02,1.53596713430000000e-06,4.26153999999999977e-01,3.56020660254110111e-01,-1.63313829999999989e+01,-6.95456933523584837e+01
343,45.056891,204.982516,8.30831993978716493e+08,1.33670553290971283e+00,3.55877715831927830e+01,9.09916699999999992e+02,1.09518736230000003e-06,4.78320999999999996e-01,3.57835729877470310e-01,-2.71441930000000013e+01,-6.27319645831927843e+01
344,45.027035,215.002337,1.26436266388183117e+09,1.44548696626122575e+00,1.54452343598179027e+01,8.95873000000000047e+02,7.08556987319999957e-07,5.16299999999999981e-01,3.57180667865458434e-01,-3.94993249999999989e+01,-5.49445593598179016e+01
345,45.017984,225.005743,3.02452761226567507e+09,1.51823674054542113e+00,-1.00748294731379886e+01,9.15031600000000026e+02,3.02537029679999986e-07,5.55188000000000015e-01,3.65679465641538026e-01,-5.19726380000000034e+01,-4.18978085268620148e+01
346,45.055241,235.005374,4.24916123096911144e+09,1.21733978951274335e+00,-3.55253315807500201e+01,9.27329799999999977e+02,2.18238318010000005e-07,5.64003999999999950e-01,4.63308605254536321e-01,-6.45656259999999946e+01,-2.90402944192499781e+01
347,45.015971,244.976283,4.10025497913235521e+09,1.00450986492897654e+00,-5.66841898853622723e+01,9.79250000000000000e+02,2.38826610779999990e-07,5.37578000000000000e-01,5.35164480478257154e-01,-7.80709370000000007e+01,-2.13867471146377248e+01
348,45.035585,255.000237,3.67140492704545069e+09,8.51180901687666691e-01,-7.60741251085553642e+01,1.05972800000000007e+03,2.88643726600000009e-07,4.86159999999999981e-01,5.71159431603873169e-01,8.85839270000000027e+01,-1.53419478914446277e+01
349,45.042028,264.976835,3.22827875989226294e+09,6.83573259862756744e-01,8.48624238322005908e+01,1.17334799999999996e+03,3.63459319120000023e-07,4.19910000000000005e-01,6.14286755576581078e-01,7.52145359999999954e+01,-9.64788783220059720e+00
350,45.041326,274.975054,2.62402800676933146e+09,5.02854689927486387e-01,6.83488042487187357e+01,1.31066000000000008e+03,4.99483998120000025e-07,3.43467000000000022e-01,6.83034297740226504e-01,6.30170000000000030e+01,-5.33180424871873093e+00
351,45.065891,285.14124,1.95190616821771526e+09,3.72560207036701452e-01,5.03405630237309722e+01,1.49208300000000008e+03,7.64423528289999992e-07,2.71438999999999986e-01,7.28577542295761438e-01,4.99140170000000012e+01,-4.26546023730972890e-01
352,45.046263,295.155036,2.40082218852230835e+09,2.88827464175788473e-01,2.95442850778427051e+01,1.72179199999999992e+03,7.17167647079999982e-07,1.92071999999999993e-01,6.65006011627410909e-01,3.79066380000000009e+01,8.36235292215729586e+00
353,45.053408,305.011912,3.35767545463502264e+09,2.83036159626903039e-01,3.99907617898630363e+00,1.93600000000000000e+03,5.76589377430000001e-07,1.38567999999999997e-01,4.89577021475488094e-01,2.78408429999999996e+01,2.38417668210136959e+01
354,44.984159,314.990512,3.68130434859847021e+09,2.25006022239292086e-01,-2.22118416274821762e+01,2.22869799999999987e+03,6.05409873500000037e-07,8.48420000000000007e-02,3.77065463206896823e-01,1.71413100000000007e+01,3.93531516274821769e+01
355,45.057288,324.983538,3.38541663786194468e+09,1.87313105954327402e-01,-3.17891424757291787e+01,2.44425500000000011e+03,7.21995329220000003e-07,6.04150000000000034e-02,3.22534825805146863e-01,1.82573879999999988e+01,5.00465304757291776e+01
356,45.003875,334.968698,2.87827611469611979e+09,1.49276072388048853e-01,-3.41584954154475184e+01,2.59363400000000001e+03,9.01106737730000015e-07,4.13800000000000001e-02,2.77204506643443205e-01,2.90228810000000017e+01,6.31813764154475237e+01
357,45.068991,345.000105,2.27499637269487190e+09,1.66033263849467427e-01,-4.57015189188869542e+01,2.55775700000000006e+03,1.12429058379999998e-06,4.36799999999999966e-02,2.63079812968093407e-01,3.12438900000000004e+01,7.69454089188869546e+01
358,45.028397,355.009911,1.79824587905603957e+09,2.74241093615764986e-01,-6.28105196760127313e+01,2.42223199999999997e+03,1.34699710880000004e-06,7.60200000000000042e-02,2.77201344983368791e-01,2.64481619999999999e+01,8.92586816760127277e+01
359,49.762945,4.991463,2.38371120016348314e+09,5.59642621516286631e-01,-6.53515751872916013e+01,2.49990500000000020e+03,1.04874491499999999e-06,1.07206999999999997e-01,1.91563322517386364e-01,2.40396989999999988e+01,8.93912741872916001e+01
360,49.751993,15.018847,2.27180527389811277e+09,7.16954630456999698e-01,8.68907548844999553e+01,2.17385899999999992e+03,9.56886149080000086e-07,1.54683999999999988e-01,2.15751448458323836e-01,1.27618170000000006e+01,-7.41289378844999618e+01
361,49.755108,24.937932,2.22799405635498142e+09,8.41247550582051362e-01,5.88179530714497503e+01,1.86460100000000011e+03,8.36896756830000036e-07,2.24042999999999992e-01,2.66322320754439901e-01,-5.19749000000000017e-01,-5.93377020714497476e+01
362,49.784188,34.993542,2.18607305375094652e+09,8.83006201574452310e-01,3.23898692193551980e+01,1.61265100000000007e+03,7.37693096410000042e-07,2.86829999999999974e-01,3.24833505686104029e-01,-1.47496729999999996e+01,-4.71395422193551994e+01
363,49.803047,44.993356,2.17383731287424374e+09,9.25386164033659586e-01,8.18393695577742974e+00,1.41694800000000009e+03,6.51818786810000044e-07,3.69777999999999996e-01,3.99593179984642444e-01,-2.76497670000000006e+01,-3.58337039557774304e+01
364,49.763623,54.998327,1.73653125520071697e+09,1.02496933585258354e+00,-1.52744577192875894e+01,1.24245299999999997e+03,7.15479779750000020e-07,4.43933000000000022e-01,4.33118323125960103e-01,-4.25426220000000015e+01,-2.72681642807124121e+01
365,49.76267,65.022941,1.35521961971601748e+09,1.39079549915617706e+00,-3.43331110208799828e+01,1.12037699999999995e+03,8.26712500099999954e-07,5.05843000000000043e-01,3.63707676870470842e-01,-5.74230450000000019e+01,-2.30899339791200156e+01
366,49.759073,75.012055,1.86184808217165542e+09,1.26544621625542097e+00,-5.55382570725129838e+01,1.04586899999999991e+03,5.61737023559999951e-07,5.44475999999999960e-01,4.30264038886739641e-01,-7.15069610000000040e+01,-1.59687039274870219e+01
367,49.800454,84.975102,2.13232481859764957e+09,1.12420115037171731e+00,-8.19423632458853746e+01,9.93539899999999989e+02,4.65942098190000014e-07,5.51740000000000008e-01,4.90784055698188115e-01,-8.50125019999999978e+01,-3.07013875411462012e+00
368,49.753481,94.971812,2.34308370712371731e+09,1.02171131592817255e+00,7.62343318290231196e+01,9.78009300000000053e+02,4.17402629290000020e-07,5.48302999999999985e-01,5.36651587833197996e-01,8.03792650000000037e+01,4.14493317097687974e+00
369,49.784046,105.01999,2.77098552424805260e+09,1.03123385278399327e+00,5.77244060823908143e+01,9.86666699999999992e+02,3.56070680039999983e-07,5.05480999999999958e-01,4.90171068992127201e-01,6.70187190000000044e+01,9.29431291760919365e+00
370,49.790506,114.989102,3.27764751672082186e+09,1.06251656838305331e+00,4.12264999073146043e+01,9.91520700000000033e+02,3.02509862620000009e-07,4.40323000000000020e-01,4.14415184762800759e-01,5.51828190000000021e+01,1.39563190926853942e+01
371,49.754244,124.995144,3.62120813169043875e+09,1.32572285064445605e+00,2.24301802134936423e+01,1.01220899999999995e+03,2.79522458580000014e-07,3.91062000000000021e-01,2.94980206315292981e-01,4.23423299999999969e+01,1.99121497865063546e+01
372,49.800672,134.96773,3.69864141204476738e+09,1.99797223919649913e+00,4.93479572700705305e+00,1.03006500000000005e+03,2.78498206569999985e-07,3.34388999999999992e-01,1.67364187269427367e-01,3.28091280000000012e+01,2.78743322729929481e+01
373,49.781105,145.004237,3.40908770574581385e+09,3.00028033831135943e+00,-3.16685135307003414e+01,1.04011300000000006e+03,3.05100100019999974e-07,2.86580999999999975e-01,9.55180742081240541e-02,2.34883029999999984e+01,5.51568165307003397e+01
374,49.727933,154.99395,2.88105556080164051e+09,1.91316853086417171e+00,-6.00877042078387547e+01,1.06660400000000004e+03,3.70212922830000004e-07,2.56734999999999991e-01,1.34193614340935075e-01,1.78130729999999993e+01,7.79007772078387575e+01
375,49.786986,165.018174,2.07661796248888779e+09,1.61049646467348206e+00,-7.27663167339097470e+01,1.07484099999999989e+03,5.17592074909999971e-07,2.61672999999999989e-01,1.62479710908929265e-01,1.06780390000000001e+01,8.34443557339097453e+01
376,49.782198,175.010194,1.47844432479614902e+09,1.58847588106223259e+00,-8.75885726436547003e+01,1.05513200000000006e+03,7.13677195889999975e-07,2.95246999999999982e-01,1.85868103834579357e-01,4.23548800000000014e+00,-8.81759393563452960e+01
377,49.77085,185.043041,1.13080115540611553e+09,1.46278969402625081e+00,7.09348782140369991e+01,1.03282199999999989e+03,9.13354213569999962e-07,3.35749999999999993e-01,2.29527184509938670e-01,-3.87919999999999998e+00,-7.48140782140369964e+01
378,49.698418,195.121611,7.92537957290498376e+08,1.40431385478408277e+00,5.09381623814495512e+01,9.96296299999999974e+02,1.25709600510000009e-06,3.88602000000000003e-01,2.76720192338876181e-01,-1.36152700000000006e+01,-6.45534323814495536e+01
379,49.778349,205.012495,6.49335214605141163e+08,1.39585505746588634e+00,3.15082635709570589e+01,9.83423099999999977e+02,1.51450757309999998e-06,4.54587000000000019e-01,3.25669200085346111e-01,-2.53768339999999988e+01,-5.68850975709570577e+01
380,49.744597,214.978245,8.69622334676714897e+08,1.48500600775483971e+00,1.08160481481267396e+01,9.65800899999999956e+02,1.11059808550000010e-06,5.04360999999999948e-01,3.39635662998115706e-01,-3.84503610000000009e+01,-4.92664091481267405e+01
381,49.750358,224.989489,1.43478227735048366e+09,1.61909694918215963e+00,-1.18314335790062586e+01,9.70361899999999991e+02,6.76312995579999998e-07,5.54544999999999955e-01,3.42502652654686601e-01,-5.10186190000000011e+01,-3.91871854209937425e+01
382,49.788979,234.995978,3.93567097519138479e+09,1.47136682394862217e+00,-4.62583164811983352e+01,1.00332399999999996e+03,2.54930863460000010e-07,5.65505000000000035e-01,3.84339914965859397e-01,-6.44917200000000008e+01,-1.82334035188016692e+01
383,49.789783,244.958122,3.98114513215249014e+09,1.26174723276313849e+00,-6.75441877315145121e+01,1.04200900000000001e+03,2.61735999420000021e-07,5.53718999999999961e-01,4.38850972383267257e-01,-7.80073170000000005e+01,-1.04631292684854831e+01
384,49.788284,255.020962,3.42127511858464479e+09,1.00972867677566081e+00,-8.45506896978608893e+01,1.12850000000000000e+03,3.29847779229999987e-07,4.79545999999999972e-01,4.74925602322518181e-01,8.70862570000000034e+01,-8.36305330213910736e+00
385,49.762984,265.004525,2.75750514513514757e+09,7.04288858067384949e-01,7.88408747220098860e+01,1.26685999999999990e+03,4.59422533530000000e-07,4.20673999999999992e-01,5.97303216118393765e-01,7.33966410000000025e+01,-5.44423372200988620e+00
386,49.792916,274.998561,1.92899903580495548e+09,4.34913572627651179e-01,6.29885567123514392e+01,1.42948600000000010e+03,7.41050655529999979e-07,3.26311999999999991e-01,7.50291599382597707e-01,6.06115279999999998e+01,-2.37702871235143931e+00
387,49.750041,284.99331,1.89614505096173048e+09,3.34158119074347337e-01,4.20350062926532431e+01,1.66161500000000001e+03,8.76312178309999979e-07,2.56151000000000018e-01,7.66556265966437889e-01,4.57094349999999991e+01,3.67442870734675786e+00
388,49.773065,295.099866,3.80954941209633160e+09,2.65166668905996883e-01,1.77484701793755200e+01,1.91443499999999995e+03,5.02535810120000051e-07,1.75022000000000011e-01,6.60045248982806032e-01,3.41414449999999974e+01,1.63929748206244774e+01
389,49.773915,305.00193,4.64231090866981030e+09,2.11665425857713696e-01,-4.76165499068730824e+00,2.20612399999999980e+03,4.75221079199999976e-07,1.14771999999999999e-01,5.42233099878826397e-01,2.29164120000000011e+01,2.76780669906873094e+01
390,49.731638,315.000219,4.16221341505501461e+09,1.67690916764444142e-01,-2.34730700416189819e+01,2.57925399999999991e+03,6.19683265319999981e-07,6.89160000000000050e-02,4.10970381280737374e-01,1.31040620000000008e+01,3.65771320416189809e+01
391,49.763388,325.012945,3.78280417200293064e+09,1.02237592661049662e-01,-3.14475766064504931e+01,2.92676899999999978e+03,7.73703545550000034e-07,3.21489999999999970e-02,3.14453804742686194e-01,1.42471759999999996e+01,4.56947526064504927e+01
392,49.781146,335.021765,3.44926343806909513e+09,1.00614900598927498e-01,-2.86644132065369597e+01,3.11003800000000001e+03,9.01652789310000013e-07,2.55569999999999999e-02,2.54008102655447265e-01,2.55327209999999987e+01,5.41971342065369583e+01
393,49.782187,345.014058,3.08832766530109644e+09,1.83623601363301081e-01,-2.06824736239344773e+01,3.08941600000000017e+03,1.00035240259999993e-06,3.91509999999999983e-02,2.13213332650737886e-01,4.22735150000000033e+01,6.29559886239344806e+01
394,49.760907,354.977059,2.71450897354653072e+09,3.72812527496796609e-01,-4.10833873176129032e+01,2.86671799999999985e+03,1.05607239760000010e-06,7.03570000000000029e-02,1.88719516676124965e-01,3.39489930000000015e+01,7.50323803176129047e+01
395,54.492233,4.97988,2.23959850881247377e+09,5.89097313561746549e-01,-6.82816719321647838e+01,2.90549600000000009e+03,1.29732895809999993e-06,9.76260000000000044e-02,1.65721346460982077e-01,2.82870309999999989e+01,-8.34312970678352173e+01
396,54.526252,15.050071,2.07577422516968751e+09,8.83066473518411166e-01,8.47193857291918704e+01,2.46205999999999995e+03,1.18609238430000009e-06,1.57610000000000000e-01,1.78480334976406474e-01,1.67618709999999993e+01,-6.79575147291918711e+01
397,54.511167,25.026939,1.90675274194963813e+09,9.85030502703266309e-01,5.69855650584572402e+01,2.07355200000000013e+03,1.08747817920000005e-06,2.10844000000000004e-01,2.14048193859348257e-01,3.75809600000000010e+00,-5.32274690584572383e+01
398,54.531904,35.007234,1.74137256330070019e+09,1.11023664863534455e+00,2.92014202604410187e+01,1.77194800000000009e+03,1.01755823960000006e-06,2.97074000000000005e-01,2.67577187588925902e-01,-1.18755769999999998e+01,-4.10769972604410185e+01
399,54.516795,45.00192,1.48078326983862019e+09,1.20609547832883890e+00,5.99305215449053108e+00,1.52930500000000006e+03,1.03276761100000002e-06,3.70725000000000027e-01,3.07376162717793389e-01,-2.67341930000000012e+01,-3.27272451544905323e+01
400,54.496164,54.998777,1.44139930386469293e+09,1.40746270257945727e+00,-1.85233855495313477e+01,1.33644100000000003e+03,9.27183048039999980e-07,4.57759000000000027e-01,3.25237037657243044e-01,-4.16521869999999979e+01,-2.31288014504686501e+01
401,54.476459,64.997607,1.83036307723741531e+09,1.31864720173603334e+00,-3.85809798404374078e+01,1.20116200000000003e+03,6.56242477209999999e-07,5.27231000000000005e-01,3.99827186002356560e-01,-5.64907859999999999e+01,-1.79098061595625921e+01
402,54.503392,74.988269,1.24321948518038559e+09,7.67117668519089357e-01,-5.73012535610475950e+01,1.10039100000000008e+03,8.85114023000000051e-07,5.58149000000000006e-01,7.27592418875580571e-01,-7.09801879999999983e+01,-1.36789344389524015e+01
403,54.514565,85.014084,2.98171502784636021e+09,9.60712109731642339e-01,-8.18362410816606172e+01,1.06305099999999993e+03,3.56523339779999985e-07,5.68842999999999988e-01,5.92105579015649197e-01,-8.59864709999999945e+01,-4.15022991833937738e+00
404,54.493669,95.011776,2.91448318978818607e+09,9.31308357530921005e-01,7.56494915734663067e+01,1.03921399999999994e+03,3.56568877679999981e-07,5.44405000000000028e-01,5.84559341272662070e-01,7.99630839999999949e+01,4.31359242653368558e+00
405,54.526726,104.968441,2.94266878475992537e+09,8.66692271017009630e-01,5.41611338086926963e+01,1.05410300000000007e+03,3.58213267309999999e-07,4.91537000000000002e-01,5.67141321594124559e-01,6.45530940000000015e+01,1.03919601913073087e+01
406,54.524442,114.97201,3.11049908717330694e+09,8.17859474552861343e-01,3.77135952296109735e+01,1.07351299999999992e+03,3.45125643800000005e-07,4.23902999999999974e-01,5.18307867291939672e-01,5.26206469999999982e+01,1.49070517703890228e+01
407,54.478989,124.998162,3.50573549389588118e+09,8.35622641444133674e-01,2.18099150261881398e+01,1.10611999999999989e+03,3.15517243650000021e-07,3.49665000000000004e-01,4.18448451080387807e-01,4.05110370000000017e+01,1.87011219738118619e+01
408,54.534212,134.971401,3.63069469496974707e+09,1.10257526433209652e+00,5.63579216208588463e+00,1.12088100000000009e+03,3.08723562340000009e-07,2.86687999999999998e-01,2.60016716567341155e-01,2.94613370000000003e+01,2.38255448379141157e+01
409,54.493245,144.966536,3.39789053750273180e+09,2.00784680809448579e+00,-1.56798694435787489e+01,1.14716599999999994e+03,3.37611228889999989e-07,2.17295999999999989e-01,1.08223395890556615e-01,2.16885569999999994e+01,3.73684264435787483e+01
410,54.502457,154.981702,2.82798088045477629e+09,2.80177815054990598e+00,-6.15678908455471969e+01,1.17835300000000007e+03,4.16676437999999992e-07,2.00710000000000000e-01,7.16366497328157770e-02,1.75859600000000000e+01,7.91538508455471970e+01
411,54.511073,165.044103,2.14435438771183515e+09,1.76519165758860130e+00,-8.42267212022477594e+01,1.18099099999999999e+03,5.50744320420000037e-07,2.01055000000000011e-01,1.13899813165136907e-01,1.17451480000000004e+01,-8.40281307977522403e+01
412,54.507286,175.026612,1.42457185468717313e+09,1.67399886113775453e+00,8.66972237866842477e+01,1.15490900000000011e+03,8.10706035080000040e-07,2.33329000000000009e-01,1.39384204742776824e-01,7.31578999999999979e+00,-7.93814337866842408e+01
413,54.50777,184.969346,1.07832724816329813e+09,1.47569860689434429e+00,6.85412639334228970e+01,1.12495200000000000e+03,1.04323803549999998e-06,2.87366000000000010e-01,1.94732175430300830e-01,-2.68975499999999990e+00,-7.12310189334229023e+01
414,54.519828,194.986507,8.27014833628546476e+08,1.59383961258429618e+00,5.17213569892454927e+01,1.09521399999999994e+03,1.32429789100000005e-06,3.60688999999999982e-01,2.26301942273331225e-01,-1.27526220000000006e+01,-6.44739789892454951e+01
415,54.49874,204.964459,8.74395599739843369e+08,1.83164883259818390e+00,3.31361610159164854e+01,1.06568200000000002e+03,1.21876413869999990e-06,4.21619999999999995e-01,2.30186044669891399e-01,-2.31744899999999987e+01,-5.63106510159164841e+01
416,54.494774,215.00584,1.54046849814155960e+09,2.26816580866687456e+00,7.58953547559034547e+00,1.04504299999999989e+03,6.78392970229999994e-07,5.07085000000000008e-01,2.23566107055480967e-01,-3.67910200000000032e+01,-4.43805554755903486e+01
417,54.489972,224.980579,3.14284394501008177e+09,1.89624459504143994e+00,-2.15214933413624045e+01,1.05318299999999999e+03,3.35105089030000015e-07,5.40186999999999973e-01,2.84872005126635519e-01,-5.08672159999999991e+01,-2.93457226586375945e+01
418,54.489571,234.986278,4.10361705688836908e+09,1.37277933276711783e+00,-4.56761615341344012e+01,1.06845200000000000e+03,2.60368349480000007e-07,5.65869999999999984e-01,4.12207546029537852e-01,-6.45228070000000002e+01,-1.88466454658655991e+01
419,54.549189,245.007092,3.59237867630595493e+09,1.05944091979930843e+00,-6.44692170698834843e+01,1.13073700000000008e+03,3.14759968780000014e-07,5.46045000000000003e-01,5.15408636569784528e-01,-7.89421219999999977e+01,-1.44729049301165080e+01
420,54.495589,254.988453,2.44772501695651960e+09,8.58041519091639171e-01,-8.00837996153585863e+01,1.21582500000000005e+03,4.96716335199999947e-07,4.95093999999999979e-01,5.77004712457421021e-01,8.70120170000000002e+01,-1.29041833846414189e+01
421,54.515408,264.972071,1.66933753982811928e+09,6.37939480653069046e-01,8.30659506058793795e+01,1.37069000000000005e+03,8.21098170560000050e-07,4.24024000000000012e-01,6.64677469978687818e-01,7.28097709999999978e+01,-1.02561796058793853e+01
422,54.507526,274.968925,2.59145935835867357e+09,5.23344509625987886e-01,5.81008737341184798e+01,1.56493399999999997e+03,6.03881359339999963e-07,3.32886999999999988e-01,6.36076224890369413e-01,5.71506589999999974e+01,-9.50214734118485116e-01
423,54.499311,285.035936,3.04317065145155382e+09,3.88727678098516050e-01,3.58508995724461599e+01,1.79813799999999992e+03,5.90876492300000000e-07,2.45709000000000011e-01,6.32085168727629099e-01,4.26419879999999978e+01,6.79108842755383701e+00
424,54.525378,294.988667,2.22585679409672832e+09,2.76201867339476381e-01,2.12441117219101265e+01,2.13080699999999979e+03,9.57297435150000048e-07,1.78298000000000012e-01,6.45535099807475587e-01,3.13514610000000005e+01,1.01073492780898739e+01
425,54.501954,305.002134,2.69679998032719707e+09,1.96900108612895530e-01,-1.17247535841343975e+00,2.53497299999999996e+03,9.39992961470000036e-07,1.13236000000000003e-01,5.75093639093015030e-01,1.68482200000000013e+01,1.80206953584134411e+01
426,54.482596,315.000018,3.37843179844572735e+09,1.34664150958314049e-01,-2.48581238144985726e+01,2.98669000000000005e+03,8.84046261159999992e-07,5.45679999999999985e-02,4.05215490623720587e-01,4.80886399999999981e+00,2.96669878144985724e+01
427,54.49937,325.014781,3.79449079437934780e+09,7.81458647882742607e-02,-4.13953919617180830e+01,3.46593899999999985e+03,9.13413469109999995e-07,2.05860000000000001e-02,2.63430445817894598e-01,4.19265000000000043e+00,4.55880419617180834e+01
428,54.533798,335.038449,3.62573298805376291e+09,5.28571441208837423e-02,-1.76916205703668084e+00,3.80856100000000015e+03,1.05042511750000004e-06,1.12009999999999992e-02,2.11910805744317698e-01,5.46297470000000018e+01,5.63989090570366827e+01
429,54.512929,344.997974,3.17086944167990398e+09,1.38479718014667963e-01,-2.64331959352951174e+01,3.76055900000000020e+03,1.18597093610000005e-06,2.47110000000000003e-02,1.78444904093338630e-01,4.26439670000000035e+01,6.90771629352951209e+01
430,54.482245,354.991676,2.58738133796123314e+09,4.00468247939293920e-01,-4.16203033506506017e+01,3.37426099999999997e+03,1.30412202890000004e-06,6.60219999999999974e-02,1.64862009259740677e-01,4.13715389999999985e+01,8.29918423506506002e+01
431,59.226922,4.968251,1.93550781141718006e+09,9.40113520178214257e-01,-6.70035416336215519e+01,3.33449600000000009e+03,1.72280162359999992e-06,9.77050000000000002e-02,1.03928938264262360e-01,3.73098290000000006e+01,-7.56866293663784546e+01
432,59.270756,15.059537,1.62325055886134720e+09,1.13746499535427970e+00,8.02478002946115083e+01,2.75650000000000000e+03,1.69813586999999998e-06,1.51192999999999994e-01,1.32921013497130758e-01,2.26307620000000007e+01,-5.76170382946115041e+01
433,59.261334,25.092998,1.25441085314229774e+09,1.15004933600738202e+00,4.99568588134746818e+01,2.30525799999999981e+03,1.83772166370000001e-06,2.11412999999999990e-01,1.83829504857557668e-01,6.08647000000000027e+00,-4.38703888134746833e+01
434,59.242294,35.022218,9.52014438599244356e+08,1.23043280987580061e+00,2.82819352703039399e+01,1.95793699999999990e+03,2.05662532059999990e-06,2.83507000000000009e-01,2.30412418885852927e-01,-9.07892499999999991e+00,-3.73608602703039381e+01
435,59.243211,45.020823,1.40877016390232205e+09,1.30824154139534499e+00,3.92540427418418503e+00,1.66343499999999995e+03,1.18077103180000000e-06,3.67923999999999973e-01,2.81235527506319194e-01,-2.40322740000000010e+01,-2.79576782741841861e+01
436,59.250054,55.005368,1.65261974095222831e+09,8.24612412811455253e-01,-2.54966115936333821e+01,1.45196900000000005e+03,8.78586261569999993e-07,4.57513999999999976e-01,5.54823081597983325e-01,-4.00611069999999998e+01,-1.45644954063666194e+01
437,59.230489,64.981639,1.57586753435399079e+09,1.38930709694252874e+00,-3.59258440063878055e+01,1.28958799999999997e+03,8.18335280019999968e-07,5.22318999999999978e-01,3.75956475821275282e-01,-5.57697220000000016e+01,-1.98438779936121961e+01
438,59.254875,74.970412,1.52886794245441389e+09,8.12401522562708589e-01,-6.41851087355415331e+01,1.20504299999999989e+03,7.88192993349999966e-07,5.59710000000000041e-01,6.88957349851343381e-01,-7.11069619999999958e+01,-6.92185326445846449e+00
439,59.259394,85.000519,2.78508991766845322e+09,1.19672470005136744e+00,-8.01206624576706901e+01,1.14001600000000008e+03,4.09328256429999981e-07,5.76093999999999995e-01,4.81392253352230515e-01,-8.70698119999999989e+01,-6.94914954232930615e+00
440,59.229253,94.976949,3.09802274860676241e+09,1.15830808772042859e+00,7.66648680643421017e+01,1.14065599999999995e+03,3.68188387420000005e-07,5.31673999999999980e-01,4.59009140691009121e-01,7.82430729999999954e+01,1.57820493565789532e+00
441,59.237554,104.849548,3.62414245952437019e+09,9.72564162487836059e-01,5.62237607546229654e+01,1.14542900000000009e+03,3.16055180720000000e-07,4.66544999999999987e-01,4.79706139702464229e-01,6.35542170000000013e+01,7.33045624537703500e+00
442,59.216312,114.996686,4.06881921365025759e+09,8.71580256540850140e-01,3.60861756551347526e+01,1.18994599999999991e+03,2.92454871430000024e-07,3.94594000000000000e-01,4.52733981797700080e-01,4.93486770000000021e+01,1.32625013448652460e+01
443,59.229465,125.006815,4.06935542904251575e+09,8.17948806994164723e-01,1.81806425957100899e+01,1.20096900000000005e+03,2.95125117710000002e-07,3.07269000000000014e-01,3.75657984182611648e-01,3.70713300000000032e+01,1.88906874042899133e+01
444,59.253006,134.992567,3.42819181068399000e+09,8.78319324775579724e-01,-5.32886293359883467e-01,1.23263000000000011e+03,3.59556894149999987e-07,2.36815999999999999e-01,2.69624034585040140e-01,2.54225320000000004e+01,2.59554182933598838e+01
445,59.247041,145.006418,1.88337714147879052e+09,8.30975729688360754e-01,-1.66055192494835389e+01,1.28827999999999997e+03,6.84026566760000049e-07,1.86019999999999991e-01,2.23857320200871235e-01,1.82651140000000005e+01,3.48706332494835394e+01
446,59.261081,154.985564,1.79839944232895660e+09,8.31899692188686313e-01,-2.42632596385824613e+01,1.30336999999999989e+03,7.24738881319999976e-07,1.52521999999999991e-01,1.83341815644530726e-01,1.66017319999999984e+01,4.08649916385824596e+01
447,59.240209,164.94719,1.76236665878226018e+09,1.14182684570090887e+00,-3.40383555481004265e+01,1.29745499999999993e+03,7.36200377790000028e-07,1.55136999999999997e-01,1.35867360786012498e-01,1.56267580000000006e+01,4.96651135481004289e+01
448,59.240983,174.964587,1.65225661760573959e+09,1.91229139443872809e+00,-5.50756634332736894e+01,1.28269800000000009e+03,7.76330980510000045e-07,1.81648000000000004e-01,9.49897073888757715e-02,1.03629339999999992e+01,6.54385974332736851e+01
449,59.235477,184.974229,1.73375516097152567e+09,2.45539044982688637e+00,8.43561959690321714e+01,1.24499600000000009e+03,7.18092166660000041e-07,2.46647000000000005e-01,1.00451233740600998e-01,1.57996699999999990e+00,-8.27762289690321751e+01
450,59.283655,195.057356,1.69889336193996310e+09,1.87292028221809126e+00,5.58546690748860755e+01,1.21026800000000003e+03,7.12386090330000006e-07,3.08680000000000010e-01,1.64812140127198387e-01,-9.27987599999999979e+00,-6.51345450748860770e+01
451,59.253908,205.05737,1.48495594645646596e+09,1.96396820208544076e+00,3.25759519129594963e+01,1.17900800000000004e+03,7.93968334760000047e-07,4.08469000000000027e-01,2.07981473206270334e-01,-2.18523919999999983e+01,-5.44283439129594981e+01
452,59.219222,215.01219,1.34902135441370106e+09,2.00544046390796593e+00,1.23417280158397915e+01,1.14544599999999991e+03,8.49094046029999949e-07,4.84559999999999991e-01,2.41622730128695312e-01,-3.48054619999999986e+01,-4.71471900158397901e+01
453,59.238504,224.981978,1.60847876934778547e+09,1.98245696573457053e+00,-1.01556557257842357e+01,1.13817599999999993e+03,7.07610210149999995e-07,5.29719999999999969e-01,2.67203782556621583e-01,-4.95923250000000024e+01,-3.94366692742157667e+01
454,59.252457,235.017784,2.81112679829543257e+09,1.74770905197422777e+00,-3.88922731120159497e+01,1.16608799999999997e+03,4.14811598219999993e-07,5.54062999999999972e-01,3.17022446827820381e-01,-6.44531819999999982e+01,-2.55609088879840485e+01
455,59.248924,245.025564,4.04077005864392185e+09,1.13389365896169436e+00,-6.65967823824390166e+01,1.21668599999999992e+03,3.01102508270000019e-07,5.42681999999999998e-01,4.78600436390951844e-01,-7.94090570000000042e+01,-1.28122746175609912e+01
456,59.231499,254.970578,3.16501727651845026e+09,8.76996510882460556e-01,-8.43451375490456599e+01,1.32983099999999990e+03,4.20165478989999977e-07,4.93495999999999990e-01,5.62711474762230601e-01,8.55460410000000024e+01,-1.01088214509543324e+01
457,59.269561,264.93681,2.26439460602949286e+09,6.24954476281776472e-01,7.81108271682063560e+01,1.47630799999999999e+03,6.51965870289999975e-07,4.26862999999999992e-01,6.83030550544513670e-01,7.05630890000000051e+01,-7.54773816820635002e+00
458,59.23101,274.98299,2.81899353408614922e+09,4.72109683241264178e-01,5.44555274320425013e+01,1.70887100000000009e+03,6.06198978229999952e-07,3.26763000000000026e-01,6.92133653681093808e-01,5.46380789999999976e+01,1.82551567957498023e-01
459,59.267953,285.028524,3.16586750645143890e+09,3.72738237847505816e-01,3.32317544505282640e+01,2.01091499999999996e+03,6.35186089090000016e-07,2.50778000000000001e-01,6.72799231568503520e-01,4.01884569999999997e+01,6.95670254947173383e+00
460,59.271166,294.966612,2.43480324237186193e+09,2.52474054646433965e-01,1.45964847168434666e+01,2.38641899999999987e+03,9.80128068860000077e-07,1.65989999999999999e-01,6.57453694528941979e-01,2.47342079999999989e+01,1.01377232831565323e+01
461,59.203202,304.991846,3.19435309453916788e+09,1.89303525890000240e-01,-8.65230566470870599e+00,2.86153800000000001e+03,8.95811425760000001e-07,1.05543999999999999e-01,5.57538479559694489e-01,9.12030299999999983e+00,1.77726086647087058e+01
462,59.238887,314.985057,3.92587196531944561e+09,1.42242546341549148e-01,-3.10703466333565146e+01,3.43663200000000006e+03,8.75380560129999984e-07,5.40879999999999972e-02,3.80251910494665113e-01,-2.69578899999999999e+00,2.83745576333565133e+01
463,59.24976,324.96971,3.88885125792853785e+09,6.38073393645678250e-02,-6.13101153420316649e+01,4.14303600000000006e+03,1.06536242329999997e-06,1.60940000000000007e-02,2.52228037719074483e-01,-2.21436530000000005e+01,3.91664623420316644e+01
464,59.257268,335.002608,3.63133237819917870e+09,8.25705386213124309e-02,3.35696686043405279e+01,4.80436899999999969e+03,1.32303201679999992e-06,1.37059999999999994e-02,1.65991408423031866e-01,8.60890490000000028e+01,5.25193803956594749e+01
465,59.245405,345.009048,3.07160417875544643e+09,2.49491272141018017e-01,-7.54627065449285084e+00,4.67706499999999960e+03,1.52267829050000002e-06,3.00750000000000010e-02,1.20545299007497719e-01,6.08390879999999967e+01,6.83853586544928476e+01
466,59.218861,354.989534,2.43827128270515442e+09,5.85250071725369914e-01,-3.84359028858361427e+01,4.00675700000000006e+03,1.64327777159999997e-06,6.04760000000000020e-02,1.03333605447858051e-01,4.75823579999999993e+01,8.60182608858361419e+01
467,63.969356,4.992298,1.87819219582110476e+09,1.48438203221166387e+00,-5.04234577619203037e+01,3.82396999999999980e+03,2.03598439420000015e-06,9.76830000000000059e-02,6.58071829759732663e-02,4.22236300000000000e+01,-8.73529122380797105e+01
468,63.966291,14.88351,1.57819527405780172e+09,1.71760343962303330e+00,8.52798306707379936e+01,3.11223999999999978e+03,1.97202466080000019e-06,1.49612999999999996e-01,8.71056709299766752e-02,2.69768620000000006e+01,-5.83029686707379966e+01
469,63.963572,24.9779,1.16855300557775021e+09,1.28772458454004313e+00,5.26893675766647291e+01,2.57452900000000000e+03,2.20317690999999981e-06,2.11627000000000010e-01,1.64341818538464995e-01,1.08412939999999995e+01,-4.18480735766647314e+01
470,63.988336,35.000516,1.60768675585389113e+09,1.35113410144439605e+00,2.60293738898749112e+01,2.14171799999999985e+03,1.33217369129999990e-06,2.84214000000000022e-01,2.10352177253292749e-01,-5.38107399999999991e+00,-3.14104478898749129e+01
471,63.988861,45.014365,1.88135240089236403e+09,1.02002045262004315e+00,-4.44408217140725625e+00,1.82906999999999994e+03,9.72210203219999911e-07,3.75919000000000003e-01,3.68540649390321162e-01,-2.18092420000000011e+01,-1.73651598285927449e+01
472,63.978813,55.009868,1.50896410609759426e+09,8.96739837372245052e-01,-2.24240882009459206e+01,1.58338899999999990e+03,1.04932184510000007e-06,4.65783999999999976e-01,5.19419323853066106e-01,-3.87622799999999970e+01,-1.63381917990540764e+01
473,64.000443,64.996928,1.50641175512485337e+09,1.37971894534808270e+00,-3.44645364311183187e+01,1.40389899999999989e+03,9.31949047280000043e-07,5.30415999999999999e-01,3.84437715948144687e-01,-5.43676850000000016e+01,-1.99031485688816829e+01
474,63.978708,75.006105,1.77623768718588305e+09,8.38659810819270102e-01,-6.72523617309135631e+01,1.30266200000000003e+03,7.33382705140000026e-07,5.71187000000000000e-01,6.81071147837665869e-01,-7.08895899999999983e+01,-3.63722826908643304e+00
475,64.004176,85.007781,1.72166001870582247e+09,9.20322777877802700e-01,-7.74107499716922405e+01,1.25152299999999991e+03,7.26928073139999997e-07,5.59817000000000009e-01,6.08283325651134299e-01,-8.66487159999999932e+01,-9.23796602830774738e+00
476,63.972708,95.015445,2.72550171545479345e+09,1.94442304835641377e+00,7.27675272582451669e+01,1.24736699999999996e+03,4.57665094439999985e-07,5.26625000000000010e-01,2.70838694514111411e-01,7.74196950000000044e+01,4.65216774175484460e+00
477,63.951322,105.113389,2.44715361101464272e+09,1.70624339537414516e+00,3.81024260626782194e+01,1.26809899999999993e+03,5.18193461290000012e-07,4.49902000000000024e-01,2.63679848502121505e-01,6.15164219999999986e+01,2.34139959373217792e+01
478,63.975442,115.032801,2.28435902031733370e+09,1.21794689275060364e+00,1.81255921378994813e+01,1.29306199999999990e+03,5.66050252390000046e-07,3.68833000000000022e-01,3.02831759081900409e-01,4.69324020000000033e+01,2.88068098621005220e+01
479,63.96692,125.010266,1.99241507418943334e+09,9.16182867860047212e-01,1.69665554567609433e+00,1.33605799999999999e+03,6.70572119890000029e-07,2.75436999999999987e-01,3.00635396777660269e-01,3.29946029999999979e+01,3.12979474543239036e+01
480,63.987737,135.021426,1.53779559856133890e+09,7.62910547858093313e-01,-1.30405163690494206e+01,1.35976900000000001e+03,8.84232599749999952e-07,2.10533999999999999e-01,2.75961579756740738e-01,2.04311170000000004e+01,3.34716333690494210e+01
481,63.984249,144.997624,1.20508194992132306e+09,5.78825945454664037e-01,-2.28028787542473736e+01,1.40980400000000009e+03,1.16988226409999991e-06,1.46163999999999988e-01,2.52518051666099919e-01,1.37897350000000003e+01,3.65926137542473739e+01
482,63.999701,154.981549,1.45848802836100650e+09,4.50189541193306453e-01,-2.58973291496271401e+01,1.45003600000000006e+03,9.94204938129999931e-07,9.91660000000000041e-02,2.20276108008069460e-01,1.38349010000000003e+01,3.97322301496271422e+01
483,63.978675,164.975269,2.09419046164135146e+09,6.63683348646241011e-01,-3.07309581934713201e+01,1.46744499999999994e+03,7.00721843059999955e-07,1.02636000000000005e-01,1.54646037465537539e-01,1.42254269999999998e+01,4.49563851934713199e+01
484,63.979051,174.967633,2.66489715406390095e+09,2.64730292425395897e+00,-4.49113900478415644e+01,1.43403600000000006e+03,5.38120579179999993e-07,1.55930999999999986e-01,5.89018349851077871e-02,1.37943130000000007e+01,5.87057030478415669e+01
485,63.983909,185.007113,3.05350405039460659e+09,4.01135915622064942e+00,6.77473555558834875e+01,1.38546000000000004e+03,4.53727906410000000e-07,2.30241000000000001e-01,5.73972539065597739e-02,7.58184099999999983e+00,-6.01655145558834903e+01
486,63.970988,194.90771,3.03094946540969372e+09,2.42145006277203434e+00,5.10615742693176742e+01,1.35409099999999989e+03,4.46754726680000000e-07,2.91590000000000016e-01,1.20419580185846489e-01,-5.89565599999999979e+00,-5.69572302693176766e+01
487,63.960493,205.007521,2.93101308187539196e+09,2.19324717837369576e+00,3.03982235341671370e+01,1.30186699999999996e+03,4.44169631329999984e-07,3.86097000000000024e-01,1.76038981746823892e-01,-1.92943059999999988e+01,-4.96925295341671358e+01
488,63.94633,214.985445,2.45111433280597687e+09,2.04421306613695775e+00,1.14303024672864240e+01,1.27027500000000009e+03,5.18243879120000007e-07,4.62984999999999980e-01,2.26485686677917464e-01,-3.39182989999999975e+01,-4.53486014672864215e+01
489,63.982612,224.99955,2.01293368870509696e+09,1.92807746439821792e+00,-8.23730855555678687e+00,1.23739300000000003e+03,6.14721193719999950e-07,5.11461999999999972e-01,2.65270462128260498e-01,-4.82773260000000022e+01,-4.00400174444432153e+01
490,63.998424,234.974214,1.85213839907030201e+09,1.79368765059569357e+00,-3.11995900347007193e+01,1.26465699999999993e+03,6.82809125189999985e-07,5.35994999999999999e-01,2.98822930414887500e-01,-6.38627079999999978e+01,-3.26631179652992785e+01
491,63.936684,245.010217,3.26196264545762253e+09,1.32677426079647209e+00,-6.11481063530415696e+01,1.33662899999999991e+03,4.09762203089999986e-07,5.34985000000000044e-01,4.03222323350503287e-01,-7.92280970000000053e+01,-1.80799906469584322e+01
492,63.989037,255.020999,3.90960232592294312e+09,7.80921235726821483e-01,-8.68334309719366502e+01,1.43997000000000003e+03,3.68316232690000022e-07,4.88553000000000015e-01,6.25611108584199771e-01,8.46725979999999936e+01,-8.49397102806335802e+00
493,63.986648,265.029183,2.64301530909808969e+09,5.89913906425850731e-01,7.55461671529195939e+01,1.63643800000000010e+03,6.19155702340000051e-07,4.21845999999999999e-01,7.15097568314443488e-01,6.91829230000000024e+01,-6.36324415291958623e+00
494,63.977704,274.997326,2.53577486331207800e+09,4.57415519785571711e-01,5.32320483931721284e+01,1.86946299999999997e+03,7.37235401709999953e-07,3.28178999999999998e-01,7.17463631653435185e-01,5.26077160000000035e+01,-6.24332393172128408e-01
495,63.99052,284.928597,2.82871892297142124e+09,3.54041598401003577e-01,3.11909655309794296e+01,2.23148300000000017e+03,7.88866996249999979e-07,2.38004999999999994e-01,6.72251512463303058e-01,3.68913539999999998e+01,5.70038846902056928e+00
496,63.983887,294.997029,2.18689230976427794e+09,2.44802463799009606e-01,1.15320377228529356e+01,2.67588000000000011e+03,1.22359934599999998e-06,1.61136000000000001e-01,6.58228669349903428e-01,2.05920190000000005e+01,9.05998127714706492e+00
497,63.94622,304.975873,3.03211188387199879e+09,1.92132883624909240e-01,-1.22317230464697850e+01,3.24300399999999991e+03,1.06955288069999995e-06,9.91709999999999953e-02,5.16158390635547026e-01,4.16290899999999997e+00,1.63946320464697841e+01
498,63.981702,314.990502,3.53204331762894106e+09,1.57781185222957920e-01,-3.94124274153490504e+01,3.97402199999999993e+03,1.12513399259999991e-06,5.34429999999999975e-02,3.38715924363735765e-01,-1.45384620000000009e+01,2.48739654153490477e+01
499,63.97345,324.97644,3.54541052660072327e+09,9.24788071679986945e-02,-7.77316972615917194e+01,5.01761800000000039e+03,1.41524316080000005e-06,2.31300000000000013e-02,2.50111357491685837e-01,-4.62127350000000021e+01,3.15189622615917209e+01
500,63.979034,335.003389,3.67007668240276098e+09,1.32768792630122784e-01,5.31269712947814696e+01,6.32032999999999993e+03,1.72212478020000004e-06,2.31990000000000009e-02,1.74732326327840498e-01,-8.64207389999999975e+01,4.04522897052185328e+01
501,63.962921,345.009108,3.21539112328410244e+09,3.45697692426116532e-01,1.95581292183746456e+01,6.09585000000000036e+03,1.89583467960000006e-06,4.21670000000000031e-02,1.21976515677818850e-01,7.20164570000000026e+01,5.24583277816253570e+01
502,63.955247,355.003691,2.38660918213324499e+09,6.58371326420626790e-01,-9.14038755521871593e+00,4.78156999999999971e+03,2.00349937300000012e-06,5.65459999999999990e-02,8.58877015610994693e-02,5.90885299999999987e+01,6.82289175552187146e+01
503,68.697699,4.97882,1.83917683260890889e+09,6.40422793273141622e+00,-2.56992894370836140e+01,4.35765499999999975e+03,2.36935074579999983e-06,9.34310000000000002e-02,1.45889560742338362e-02,4.72374960000000002e+01,7.29367854370836142e+01
504,68.713365,15.001975,1.64778698488179564e+09,2.51968500639679238e+00,5.92226771753182462e+01,3.49659900000000016e+03,2.12199697659999982e-06,1.38756999999999991e-01,5.50691850956503900e-02,2.98538449999999997e+01,-2.93688321753182464e+01
505,68.690342,24.956315,1.49334320138821173e+09,1.35865441642029361e+00,3.85349261556889928e+01,2.86197299999999996e+03,1.91648711250000020e-06,2.10379000000000010e-01,1.54843643429426886e-01,1.46075079999999993e+01,-2.39274181556889971e+01
506,68.734558,34.990699,1.39002602851129365e+09,1.27708156869683997e+00,2.17292398374573814e+01,2.35989100000000008e+03,1.69773151839999992e-06,2.86642999999999981e-01,2.24451598884553877e-01,-3.12506299999999992e+00,-2.48543028374573822e+01
507,68.72238,45.005744,1.02360477386087096e+09,1.40970144950213960e+00,2.39456288718387711e+00,1.98829700000000003e+03,1.94244600140000001e-06,3.84168999999999983e-01,2.72517986085405450e-01,-2.00665060000000004e+01,-2.24610688871838775e+01
508,68.718747,55.008232,1.75144496591820574e+09,1.13742270333238427e+00,-2.23015421646077456e+01,1.71899700000000007e+03,9.81473602340000087e-07,4.61596999999999980e-01,4.05827137657467196e-01,-3.72031879999999973e+01,-1.49016458353922534e+01
509,68.732022,65.0248,1.30959379907147217e+09,8.68666247323589102e-01,-4.65600312826332114e+01,1.51450500000000011e+03,1.15646928159999994e-06,5.36959999999999993e-01,6.18143045910215516e-01,-5.40516879999999986e+01,-7.49165671736678895e+00
510,68.71589,75.039339,1.77939684269274092e+09,1.43019946884275373e+00,-5.81219349134111951e+01,1.41505999999999995e+03,7.95246999460000033e-07,5.79892999999999992e-01,4.05463022909119508e-01,-7.12146070000000009e+01,-1.30926720865888058e+01
511,68.727337,84.999938,2.68137653831563854e+09,9.40986830501426841e-01,-8.83196945788931060e+01,1.35264899999999989e+03,5.04460668120000051e-07,5.62361000000000000e-01,5.97628980312437275e-01,-8.82603150000000056e+01,5.93795788930990345e-02
512,68.703042,95.003604,1.67128751653681493e+09,7.31392752004766500e-01,6.97391424052658806e+01,1.35500700000000006e+03,8.10756369920000017e-07,5.14125000000000054e-01,7.02939697707927968e-01,7.56440429999999964e+01,5.90490059473411844e+00
513,68.725734,105.059588,1.59102664973452306e+09,6.31829262723052176e-01,5.54003419238647581e+01,1.37076399999999990e+03,8.61559421540000032e-07,4.39446000000000003e-01,6.95513845158230781e-01,5.92764299999999977e+01,3.87608807613524275e+00
514,68.727009,114.995049,3.08105924373591518e+09,6.84141643980363923e-01,3.99863584772470873e+01,1.40856600000000003e+03,4.57169398109999983e-07,3.43569000000000013e-01,5.02189865246473799e-01,4.40141289999999969e+01,4.02777052275290970e+00
515,68.705007,124.989522,4.04271094178829861e+09,7.35381243818157171e-01,2.13436608764419447e+01,1.48040100000000007e+03,3.66190168259999992e-07,2.59587999999999985e-01,3.52997852722213457e-01,2.87833439999999996e+01,7.43968312355805317e+00
516,68.729807,134.994994,4.44784659607615662e+09,7.30831714187726966e-01,3.77400068566582192e+00,1.51194599999999991e+03,3.39927640790000011e-07,1.78414999999999990e-01,2.44125968449928205e-01,1.68095450000000000e+01,1.30355443143341780e+01
517,68.7053,145.01606,4.72843406402393627e+09,6.64636627985303652e-01,-1.15287103398451265e+01,1.57333300000000008e+03,3.32738699259999985e-07,1.14629999999999996e-01,1.72470181710380671e-01,6.52100300000000033e+00,1.80497133398451268e+01
518,68.723253,155.006264,4.72251741262388325e+09,4.32881963238341883e-01,-1.24585155417186222e+01,1.62451900000000001e+03,3.43994284840000007e-07,5.71409999999999973e-02,1.32001341826613716e-01,4.95002500000000012e+00,1.74085405417186223e+01
519,68.717684,164.948891,5.54018915723424625e+09,5.08981656242239899e-01,8.37143697932624953e+00,1.63604099999999994e+03,2.95304177090000019e-07,6.50629999999999958e-02,1.27829754180835420e-01,2.07756310000000006e+01,1.24041940206737511e+01
520,68.708245,174.965187,5.75874293951592350e+09,9.36178464427028678e-01,1.67370160108582482e+01,1.57885699999999997e+03,2.74166952160000004e-07,1.24810000000000004e-01,1.33318597620580542e-01,2.10837579999999996e+01,4.34674198914175136e+00
521,68.71878,184.98848,5.59886965516589642e+09,1.30034303670600759e+00,2.25086528366989711e+01,1.51769900000000007e+03,2.71072393800000017e-07,1.95585000000000009e-01,1.50410310571163164e-01,1.03154249999999994e+01,-1.21932278366989717e+01
522,68.650984,194.988495,4.76439389999570179e+09,1.21667622682439291e+00,1.35445350930370196e+01,1.47747800000000007e+03,3.10108280509999990e-07,2.75820000000000010e-01,2.26699588533844254e-01,-2.68448900000000013e+00,-1.62290240930370189e+01
523,68.716056,204.960539,4.42390585664929962e+09,2.63324442164997974e+00,1.06126229456894094e+00,1.42582300000000009e+03,3.22299580100000001e-07,3.47086000000000006e-01,1.31809260525279082e-01,-1.65773970000000013e+01,-1.76386592945689422e+01
524,68.691019,215.012836,3.58353160643151188e+09,4.27182843948010138e+00,-2.62674363564126168e+00,1.38667599999999993e+03,3.86957937669999990e-07,4.49201000000000017e-01,1.05154269738105308e-01,-3.22969999999999970e+01,-2.96702563643587354e+01
525,68.709859,225.022007,2.93748193446521854e+09,2.51532742304935875e+00,-1.00757458093634753e+01,1.36080300000000011e+03,4.63254934110000013e-07,5.08071999999999968e-01,2.01990403056178963e-01,-4.71363130000000012e+01,-3.70605671906365259e+01
526,68.69143,235.01704,2.30309350311705399e+09,2.05179242071342438e+00,-3.28621096374197492e+01,1.38208500000000004e+03,6.00099387249999955e-07,5.40270000000000028e-01,2.63316110609349008e-01,-6.29788089999999983e+01,-3.01166993625802526e+01
527,68.706266,244.981537,3.07088930790458059e+09,1.51366417820209298e+00,-6.04632059297704458e+01,1.45943599999999992e+03,4.75248650690000024e-07,5.27075999999999989e-01,3.48211979638741786e-01,-7.95840259999999944e+01,-1.91208200702295485e+01
528,68.694684,255.000139,3.66392509555040312e+09,8.59441191865614296e-01,-8.58078627662228115e+01,1.58397199999999998e+03,4.32315606540000013e-07,5.01283999999999952e-01,5.83267365754075673e-01,8.41137489999999985e+01,-1.00783882337771864e+01
529,68.717702,264.935502,2.22669629681456947e+09,5.90176679253563652e-01,7.33255999543078332e+01,1.77807700000000000e+03,7.98526948889999948e-07,4.14690999999999976e-01,7.02655686979173355e-01,6.73409960000000041e+01,-5.98460395430783088e+00
530,68.711797,274.965553,2.70190891407830906e+09,4.73076212046253941e-01,4.94644608293558576e+01,2.04553800000000001e+03,7.57071413230000024e-07,3.19846999999999992e-01,6.76100365766705846e-01,5.06244950000000031e+01,1.16003417064414815e+00
531,68.706469,284.876187,1.90111009311197615e+09,3.48796380702951991e-01,2.83907265419223940e+01,2.42026999999999998e+03,1.27308250520000004e-06,2.39961000000000008e-01,6.87968721224661239e-01,3.42544269999999997e+01,5.86370045807760487e+00
532,68.708858,294.932117,2.92293033512134981e+09,2.99093995269696766e-01,3.70888437364552281e+00,2.98468499999999995e+03,1.02112765539999998e-06,1.62563000000000013e-01,5.43518099898377849e-01,1.64169119999999999e+01,1.27080276263544771e+01
533,68.699367,305.026499,3.15543049535455847e+09,2.59224626797671998e-01,-2.09237266355148961e+01,3.68170600000000013e+03,1.16678405860000000e-06,9.66169999999999946e-02,3.72715359622875442e-01,-2.61215000000000019e+00,1.83115766355148963e+01
534,68.710418,315.028581,2.56644926447734213e+09,1.87518767823571020e-01,-4.31374135622276285e+01,4.59388100000000031e+03,1.78997538099999997e-06,5.19599999999999992e-02,2.77092264433430491e-01,-2.11906260000000017e+01,2.19467875622276267e+01
535,68.701421,325.021154,2.54731875030140400e+09,1.13784577342394666e-01,-7.76952647906052221e+01,6.09354699999999957e+03,2.39214154070000016e-06,2.47220000000000009e-02,2.17270218665995801e-01,-5.16403389999999973e+01,2.60549257906052247e+01
536,68.671086,334.999499,4.18252658909656143e+09,1.98431131569169555e-01,5.48212759108910817e+01,1.01751800000000003e+04,2.43278309969999991e-06,3.31839999999999982e-02,1.67231823643724214e-01,8.70375769999999989e+01,3.22163010891089172e+01
537,68.689789,344.982307,3.86579841904076147e+09,4.64921015954282368e-01,3.99013013482954264e+01,9.40615200000000004e+03,2.43317187819999984e-06,5.15299999999999994e-02,1.10836030705626698e-01,8.07645229999999970e+01,4.08632216517045705e+01
538,68.694917,354.99791,2.37068346698935747e+09,1.05112075355487966e+00,1.42683617709311932e+01,5.69409000000000015e+03,2.40187696049999984e-06,6.52449999999999974e-02,6.20718407274731057e-02,6.59083799999999940e+01,5.16400182290688008e+01
539,73.437543,5.012256,1.56643268915466118e+09,7.29748343610324568e+00,6.90551191307372250e+01,4.92086899999999969e+03,3.14144937989999980e-06,9.52130000000000060e-02,1.30473745961446706e-02,5.16035880000000020e+01,-1.74515311307372265e+01
540,73.473998,15.088353,1.37324669069769740e+09,2.04394809855838089e+00,5.96870004228697866e+01,3.89414600000000019e+03,2.83572210760000008e-06,1.43147999999999997e-01,7.00350464382945292e-02,3.41664659999999998e+01,-2.55205344228697832e+01
541,73.462283,25.020478,1.21374215128781652e+09,1.59208168459887123e+00,3.99485841659494838e+01,3.14551800000000003e+03,2.59158668639999996e-06,2.09803999999999991e-01,1.31779670622151901e-01,1.79776419999999995e+01,-2.19709421659494808e+01
542,73.448573,35.024396,9.04543738638159633e+08,1.40635776662127876e+00,2.05104199008369541e+01,2.58356700000000001e+03,2.85621014179999987e-06,2.86403999999999992e-01,2.03649460185422626e-01,3.84570000000000023e-01,-2.01258499008369540e+01
543,73.449483,45.035829,1.05445343103833938e+09,1.41313876546511441e+00,2.70150420530585222e+00,2.13722699999999986e+03,2.02685764689999995e-06,3.82996000000000003e-01,2.71025046768101630e-01,-1.82865159999999989e+01,-2.09880202053058511e+01
544,73.441222,55.006151,1.74149614359831977e+09,1.07034399224772758e+00,-2.66722697141708949e+01,1.84713899999999990e+03,1.06066212480000006e-06,4.65990000000000015e-01,4.35364708332149131e-01,-3.56845780000000019e+01,-9.01230828582910526e+00
545,73.453627,65.012438,1.12424598050164938e+09,8.80991599142710524e-01,-4.79922377312940469e+01,1.61991100000000006e+03,1.44088662810000011e-06,5.31173000000000006e-01,6.02926294095065596e-01,-5.40963169999999991e+01,-6.10407926870595041e+00
546,73.453944,74.998598,1.73031352732460499e+09,1.37204746762727603e+00,-5.83090585118835918e+01,1.52830199999999991e+03,8.83251489320000021e-07,5.68930000000000047e-01,4.14657665586357749e-01,-7.10616150000000033e+01,-1.27525564881164080e+01
547,73.446615,85.011389,2.73289573048402786e+09,1.02885428264218426e+00,8.60771055858103580e+01,1.47144800000000009e+03,5.38420834570000003e-07,5.59972000000000025e-01,5.44267550271496980e-01,-8.86571390000000008e+01,5.26575541418963500e+00
548,73.442816,95.005978,2.54558610738222980e+09,7.75647917926858388e-01,6.67640119740395619e+01,1.46922499999999991e+03,5.77165704879999952e-07,4.93864999999999998e-01,6.36712854615784862e-01,7.40435509999999937e+01,7.27953902596043445e+00
549,73.472653,104.99067,1.52865699930528212e+09,5.71709276017498214e-01,5.00987561462142423e+01,1.50113200000000006e+03,9.81993999100000096e-07,4.08275999999999972e-01,7.14132194677743692e-01,5.71077370000000002e+01,7.00898085378576052e+00
550,73.463102,115.016373,2.17295662044392061e+09,4.97552823860878457e-01,3.63738187042100876e+01,1.54287500000000000e+03,7.10034883110000030e-07,3.32971999999999990e-01,6.69219395472877121e-01,4.12729500000000016e+01,4.89913129578991491e+00
551,73.43532,125.007707,3.43815670070962858e+09,4.34596511322172974e-01,2.10490474865443780e+01,1.58294299999999998e+03,4.60404553309999995e-07,2.45419999999999999e-01,5.64707708429040833e-01,2.54227010000000000e+01,4.37365351345562114e+00
552,73.464597,135.008829,4.78863593106556606e+09,3.82514133517621147e-01,4.70552338255114577e+00,1.64127900000000000e+03,3.42744577710000000e-07,1.64626999999999996e-01,4.30381482864648668e-01,9.38651400000000002e+00,4.68099061744885425e+00
553,73.447392,144.984051,5.50398528272290134e+09,2.88889679862642745e-01,-1.06273127265936438e+01,1.71560899999999992e+03,3.11703050039999984e-07,9.18490000000000001e-02,3.17937975644097370e-01,-6.98207500000000003e+00,3.64523772659364376e+00
554,73.416928,155.013988,5.72177460637647724e+09,9.01720274700875402e-02,-1.87876297885493582e+00,1.77861599999999999e+03,3.10850413089999974e-07,1.99700000000000016e-02,2.21465575969494344e-01,-5.47947999999999968e+00,-3.60071702114506387e+00
555,73.439974,164.973324,5.76000774293551350e+09,1.58125607608010477e-01,4.88134304508406842e+01,1.78026800000000003e+03,3.09073890080000015e-07,3.61609999999999987e-02,2.28685287266324588e-01,4.12060040000000001e+01,-7.60742645084068325e+00
556,73.434657,174.9892,6.14448252843202972e+09,4.24312010186133348e-01,4.29343954247099333e+01,1.70677600000000007e+03,2.77773757530000005e-07,1.01267999999999997e-01,2.38663996231397418e-01,3.15855579999999989e+01,-1.13488374247099326e+01
557,73.460065,185.004838,7.55746714203576756e+09,6.74299966063811373e-01,2.68555056587258143e+01,1.67910799999999995e+03,2.22178670239999997e-07,1.64476000000000011e-01,2.43921115642522612e-01,1.65770300000000006e+01,-1.02784756587258137e+01
558,73.446218,195.04632,6.01538944175161171e+09,8.53365015291695284e-01,7.50005708634775203e+00,1.61637899999999991e+03,2.68707290800000005e-07,2.53249999999999975e-01,2.96766325619095883e-01,1.22555199999999997e+00,-6.27450508634775161e+00
559,73.457317,204.993475,5.14382883433555508e+09,1.45907161136313257e+00,-1.77564174425854873e+01,1.54542900000000009e+03,3.00443317569999993e-07,3.30251999999999990e-01,2.26343928171875819e-01,-1.33654080000000004e+01,4.39100944258548687e+00
560,73.431821,214.961519,5.30991664827842903e+09,7.49038392277358689e+00,-2.99858714023147890e+01,1.51272000000000003e+03,2.84885827820000005e-07,4.11088000000000009e-01,5.48821000683473309e-02,-2.99178940000000004e+01,6.79774023147880907e-02
561,73.437594,224.95953,4.88242804550952721e+09,3.10542021067042517e+00,-6.35445429034270148e+00,1.50841599999999994e+03,3.08947922210000011e-07,4.93823999999999985e-01,1.59020025149314320e-01,-4.60514670000000024e+01,-3.96970127096573009e+01
562,73.434266,234.96924,3.47329570793112183e+09,2.03462406286879771e+00,-3.32192115028552308e+01,1.51171599999999989e+03,4.35239647620000021e-07,5.37945000000000007e-01,2.64395280591296744e-01,-6.27313880000000026e+01,-2.95121764971447682e+01
563,73.461458,244.971721,2.57256358297861814e+09,1.44977959504045706e+00,-5.67517065168723249e+01,1.57438400000000001e+03,6.11990315970000049e-07,5.25185000000000013e-01,3.62251615208685818e-01,-7.90346749999999929e+01,-2.22829684831276680e+01
564,73.43586,255.010161,3.27965767918713188e+09,9.16499851797015208e-01,-8.38279238282339065e+01,1.72100999999999999e+03,5.24752937150000003e-07,4.90431999999999979e-01,5.35114107261874361e-01,8.37050619999999981e+01,-1.24670141717660901e+01
565,73.441057,265.00743,2.26001549609342146e+09,6.02112630030894436e-01,7.19131069554119620e+01,1.90777600000000007e+03,8.44142884550000006e-07,4.23906999999999978e-01,7.04032732178777376e-01,6.59972389999999933e+01,-5.91586795541196508e+00
566,73.440211,274.985041,2.31257331001859713e+09,4.80827419210198503e-01,4.72680437181544306e+01,2.26211799999999994e+03,9.78182179219999925e-07,3.29790000000000028e-01,6.85880186578604945e-01,4.80946149999999975e+01,8.26571281845567829e-01
567,73.465215,285.062331,2.03616877190590358e+09,3.65494847100435283e-01,2.37929049827533063e+01,2.70376600000000008e+03,1.32786929910000001e-06,2.41072000000000009e-01,6.59577014320410382e-01,3.02503570000000011e+01,6.45745201724669649e+00
568,73.44135,294.986126,2.93152899146066666e+09,3.56413796083673295e-01,-7.02071888308223535e-01,3.31526299999999992e+03,1.13089893010000005e-06,1.58891000000000004e-01,4.45804853083459351e-01,1.21276069999999994e+01,1.28296788883082229e+01
569,73.432831,305.020625,2.42334270735937881e+09,3.07019986245571030e-01,-2.32398466474218566e+01,4.07464899999999989e+03,1.68141674209999993e-06,1.00247000000000003e-01,3.26516202498351615e-01,-6.99219100000000005e+00,1.62476556474218583e+01
570,73.438805,315.011766,2.04129880857998300e+09,2.17236773971020480e-01,-5.08082546027516315e+01,5.16318999999999960e+03,2.52936511710000015e-06,5.58130000000000015e-02,2.56922430672099245e-01,-3.14782270000000004e+01,1.93300276027516347e+01
571,73.440336,325.003746,2.56588406745122719e+09,1.75184844920455968e-01,-7.96806857650873468e+01,7.18655400000000009e+03,2.80081009549999997e-06,3.67960000000000023e-02,2.10040999931857764e-01,-5.64602730000000008e+01,2.32204127650873424e+01
572,73.32303,334.714399,8.34788292634384727e+09,2.93862283719756423e-01,4.84710536588413490e+01,2.31805299999999988e+04,2.77681541589999998e-06,4.41300000000000026e-02,1.50172384973652651e-01,7.71688019999999995e+01,2.86977483411586505e+01
573,73.436088,345.03433,6.25969010558084393e+09,7.44169143273519018e-01,5.06604518590969448e+01,1.85215299999999988e+04,2.95885733759999991e-06,6.24009999999999981e-02,8.38532483697251863e-02,8.67693119999999993e+01,3.61088601409030545e+01
574,73.435431,354.993447,2.07700754060616541e+09,1.93829823243971622e+00,2.49157867055578635e+01,6.56409100000000035e+03,3.16035973469999999e-06,6.72940000000000066e-02,3.47180835610099783e-02,6.80999730000000056e+01,4.31841862944421422e+01
575,78.190615,4.998346,1.21366988465488100e+09,3.32245571028657061e+00,6.87096935078402566e+01,5.34513600000000042e+03,4.40411026719999970e-06,1.02467000000000003e-01,3.08407421904088978e-02,5.59413959999999975e+01,-1.27682975078402645e+01
576,78.201365,14.928208,1.06468967518975914e+09,2.18054392189535751e+00,5.96785007340700275e+01,4.25192699999999968e+03,3.99358338779999992e-06,1.48254999999999998e-01,6.79899168786908953e-02,3.94785240000000002e+01,-2.01999767340700238e+01
577,78.201394,24.958287,8.93123243577765942e+08,1.90225581625980156e+00,3.98624001160687840e+01,3.39343299999999999e+03,3.79951258060000013e-06,2.10672999999999999e-01,1.10749037116481722e-01,2.13686199999999999e+01,-1.84937801160687876e+01
578,78.180626,35.000046,8.58809335596310139e+08,1.68043610554701339e+00,2.05560655872302149e+01,2.75634400000000005e+03,3.20949468729999984e-06,2.91891999999999985e-01,1.73700147858334486e-01,1.93257400000000001e+00,-1.86234915872302160e+01
579,78.187706,45.010603,1.46042736987059140e+09,1.36358585726601667e+00,-3.28005093593452735e+00,2.26629599999999982e+03,1.55180329180000005e-06,3.76607000000000025e-01,2.76188696144953671e-01,-1.65986370000000001e+01,-1.33185860640654727e+01
580,78.162755,55.016785,1.45567195794416404e+09,1.07873390139500747e+00,-3.03426447598067632e+01,1.93977399999999989e+03,1.33256259380000006e-06,4.59166999999999992e-01,4.25653629135238964e-01,-3.48746969999999976e+01,-4.53205224019323527e+00
581,78.165341,65.009032,9.29101069415098667e+08,9.46560440194069819e-01,-4.80596776213143357e+01,1.71544200000000001e+03,1.84634595359999997e-06,5.19703000000000026e-01,5.49043651025017732e-01,-5.29864809999999977e+01,-4.92680337868565932e+00
582,78.179016,75.018231,2.09620070156547928e+09,1.29818857814098432e+00,-6.09420185701163462e+01,1.60547499999999991e+03,7.65897558759999973e-07,5.53969999999999962e-01,4.26725368970114594e-01,-7.13336270000000070e+01,-1.03916084298836573e+01
583,78.190282,85.012282,3.18369833387610626e+09,1.11878693989235400e+00,8.30155874373771070e+01,1.55828700000000003e+03,4.89458119640000039e-07,5.45058000000000042e-01,4.87186595199657735e-01,-8.94125279999999947e+01,7.57188456262289300e+00
584,78.181121,95.005108,2.65317526917439842e+09,8.78772993160594762e-01,6.08121436461438094e+01,1.54421199999999999e+03,5.82024119529999982e-07,4.78159999999999974e-01,5.44122320236822277e-01,7.29081249999999983e+01,1.20959813538561889e+01
585,78.174825,104.884565,2.00858797005094433e+09,6.58004432459763033e-01,4.55198062768924245e+01,1.56992200000000003e+03,7.81604800690000033e-07,3.99619999999999975e-01,6.07321136889813817e-01,5.54412700000000029e+01,9.92146372310758018e+00
586,78.180787,114.950987,1.53788514841560364e+09,4.81964483916559827e-01,3.02450039641391584e+01,1.61147499999999991e+03,1.04785133120000006e-06,3.11313000000000006e-01,6.45925188242493231e-01,3.74546679999999981e+01,7.20966403586084059e+00
587,78.174279,125.005356,2.59934261276306915e+09,3.57500318577390785e-01,1.43100280015494654e+01,1.63777800000000002e+03,6.30073924059999973e-07,2.22850999999999994e-01,6.23358885068399649e-01,1.96724250000000005e+01,5.36239699845053508e+00
588,78.192224,134.999779,4.03664717872779083e+09,2.70106986002413951e-01,-1.83664100124792640e+00,1.74497000000000003e+03,4.32282020880000024e-07,1.49287000000000003e-01,5.52695812164835432e-01,2.21034199999999981e+00,4.04698300124792620e+00
589,78.183159,144.99399,4.98806752617658806e+09,1.96713633351915385e-01,-2.04907542742362807e+01,1.78395299999999997e+03,3.57644115809999995e-07,8.26319999999999971e-02,4.20062395228975205e-01,-1.88682529999999993e+01,1.62250127423628143e+00
590,78.165821,154.98246,5.36635018147090912e+09,1.07864564620225561e-01,-4.70523960893985276e+01,1.84616499999999996e+03,3.44026188670000024e-07,3.26540000000000025e-02,3.02731486609802591e-01,-5.13138709999999989e+01,-4.26147491060146777e+00
591,78.187364,165.007465,5.37192993581839466e+09,1.78311174876283701e-01,8.22464338782405804e+01,1.88565699999999993e+03,3.51020400959999982e-07,4.93429999999999980e-02,2.76724103434545121e-01,7.16960810000000066e+01,-1.05503528782405738e+01
592,78.166769,175.016204,4.77734181264088249e+09,3.65959043657794136e-01,5.63384715474482221e+01,1.79914300000000003e+03,3.76599178069999974e-07,9.62459999999999982e-02,2.62996643116159723e-01,4.48441809999999990e+01,-1.14942905474482231e+01
593,78.200108,185.018741,5.05523649483947372e+09,5.97298779451281403e-01,3.34276915313572900e+01,1.75178400000000011e+03,3.46528595010000024e-07,1.66718000000000005e-01,2.79119940866375649e-01,2.29801980000000015e+01,-1.04474935313572903e+01
594,78.234428,195.049256,5.03944796326927757e+09,6.91927290842094034e-01,1.02481865994328025e+01,1.70998800000000006e+03,3.39320499480000026e-07,2.37830999999999987e-01,3.43722531467942682e-01,5.13803300000000007e+00,-5.11015359943280156e+00
595,78.162231,205.026402,4.98140774578009892e+09,9.60307258309811007e-01,-1.52900274368281028e+01,1.65168299999999999e+03,3.31569524979999985e-07,3.14329000000000025e-01,3.27321278976100694e-01,-1.17405559999999998e+01,3.54947143682810262e+00
596,78.165218,214.984738,6.72193045329940987e+09,3.64685855377844925e+00,-3.91374634578232588e+01,1.62981199999999990e+03,2.42461895629999979e-07,3.97011999999999976e-01,1.08864107051440881e-01,-2.78310670000000009e+01,1.13063964578232579e+01
597,78.179261,224.97263,6.81063208571918297e+09,3.43094023832512196e+00,1.59564606887288818e+00,1.61682899999999995e+03,2.37397789170000010e-07,4.65278999999999998e-01,1.35612679813722048e-01,-4.48905979999999971e+01,-4.64862440688728853e+01
598,78.177007,234.984142,4.99079550972930813e+09,2.05642540283891817e+00,-2.82208408282458194e+01,1.64152700000000004e+03,3.28910891420000018e-07,5.14121000000000050e-01,2.50007123667238429e-01,-6.19917900000000017e+01,-3.37709491717541823e+01
599,78.217805,245.001316,3.42214434427585506e+09,1.47985367517032906e+00,-5.44696018214697375e+01,1.69150900000000001e+03,4.94283358569999977e-07,5.17028999999999961e-01,3.49378461313406996e-01,-7.94131739999999979e+01,-2.49435721785302640e+01
600,78.184285,254.969986,3.05698365868912029e+09,9.42983581623964895e-01,-8.24203714720877940e+01,1.85046199999999999e+03,6.05322830149999972e-07,4.75144000000000011e-01,5.03873035818638404e-01,8.28677710000000047e+01,-1.47118575279122084e+01
601,78.192629,264.999446,2.08232760716141820e+09,6.03102620378846099e-01,7.12430934351030629e+01,2.07382900000000018e+03,9.95918698320000076e-07,4.04772999999999994e-01,6.71151121422316144e-01,6.51694719999999990e+01,-6.07362143510307018e+00
602,78.166951,275.012219,1.88330222871605611e+09,4.69073011729874312e-01,4.56281995956866453e+01,2.46484700000000021e+03,1.30878993419999992e-06,3.27886999999999984e-01,6.99010584281537617e-01,4.66337410000000006e+01,1.00554140431335837e+00
603,78.199882,285.069183,2.40845044105933428e+09,4.42484977112990008e-01,1.94091922574454756e+01,2.92148300000000017e+03,1.21301354190000000e-06,2.36639999999999989e-01,5.34797817417365540e-01,2.69897600000000004e+01,7.58056774255452570e+00
604,78.189521,295.064213,2.65961825357367039e+09,3.85953783667370265e-01,-3.10913398388871087e+00,3.64200000000000000e+03,1.36936945560000004e-06,1.58355999999999997e-01,4.10297830209839953e-01,9.04409799999999997e+00,1.21532319838887108e+01
605,78.160249,305.013298,2.64192416807401276e+09,3.38782144321478351e-01,-2.64902372130673314e+01,4.44542399999999998e+03,1.68264632790000005e-06,1.02484000000000006e-01,3.02507088162091931e-01,-1.19213090000000008e+01,1.45689282130673305e+01
606,78.178794,314.99088,2.56715509705043697e+09,2.62087961873285369e-01,-5.28965163534611804e+01,5.70892299999999977e+03,2.22383252439999990e-06,6.24380000000000004e-02,2.38232994578314899e-01,-3.66553719999999998e+01,1.62411443534611806e+01
607,78.197084,324.998015,2.44836626308050251e+09,2.48209129786428256e-01,-8.02664431878860682e+01,7.88802400000000034e+03,3.22174999669999998e-06,4.37540000000000012e-02,1.76278769590982265e-01,-6.10687599999999975e+01,1.91976831878860708e+01
608,78.270185,334.861859,7.05357648596938610e+09,2.22734243330581644e-01,8.58001453814308235e+01,2.28695699999999997e+04,3.24226582719999982e-06,2.53209999999999998e-02,1.13682564572788344e-01,-7.21016989999999964e+01,2.20981556185691836e+01
609,78.189566,344.989503,5.09285545419229412e+09,9.24320962655865941e-01,7.24894885517172440e+01,1.84846100000000006e+04,3.62951789349999989e-06,5.09119999999999989e-02,5.50804342397620758e-02,-8.26043329999999969e+01,2.49061784482827591e+01
610,78.167135,354.98308,1.68082285783930039e+09,3.15504706084475339e+00,5.82754616366838292e+01,7.23861399999999958e+03,4.30658945780000035e-06,7.22570000000000018e-02,2.29020355660411075e-02,7.20750429999999938e+01,1.37995813633161681e+01
611,82.922949,4.997768,9.42899890115960956e+08,1.37576327682883583e+01,-7.91751428663947650e+01,4.19032700000000023e+03,4.44408472619999995e-06,9.53800000000000064e-02,6.93287875948055306e-03,6.57467299999999994e+01,-3.50781271336052356e+01
612,82.918822,15.023849,9.28102885996490240e+08,4.47624984834797335e+00,5.92278779182145882e+01,3.28059099999999989e+03,3.53472772200000020e-06,1.45692999999999989e-01,3.25480044537214894e-02,4.49101720000000029e+01,-1.43177059182145836e+01
613,82.899129,25.07619,1.24880664940560198e+09,2.10050822034190032e+00,3.06703401889526646e+01,3.30698900000000003e+03,2.64811930780000012e-06,2.01607000000000008e-01,9.59801052181478154e-02,2.27494920000000000e+01,-7.92084818895266274e+00
614,82.944673,34.992822,1.10051770006581926e+09,1.36257455482902468e+00,8.12019401303484045e+00,2.67559600000000000e+03,2.43121578130000009e-06,2.84735000000000016e-01,2.08968381943495513e-01,4.64742799999999967e+00,-3.47276601303483989e+00
615,82.920668,44.996697,6.19280864831005573e+08,1.11609763834248699e+00,-6.79645885088767798e+00,1.65842000000000007e+03,2.67797714120000016e-06,3.23765000000000025e-01,2.90086627618729109e-01,-1.26493079999999996e+01,-5.85284914911232157e+00
616,82.911263,55.001194,1.53745637682768250e+09,1.40719443356433382e+00,-2.39417140795126215e+01,1.84728700000000003e+03,1.20152157020000010e-06,4.17013999999999996e-01,2.96344264909952859e-01,-3.30349379999999968e+01,-9.09322392048737704e+00
617,82.915801,65.008472,1.40998781525820494e+09,8.93772262826497799e-01,-5.21296817153408298e+01,1.05685500000000002e+03,7.49549030539999982e-07,3.72084999999999999e-01,4.16308511100249301e-01,-5.03156430000000015e+01,1.81403871534082661e+00
618,82.915217,75.007514,1.23333711546994162e+09,7.91878017204326934e-01,-7.96146087136388871e+01,1.17904400000000010e+03,9.55978690019999957e-07,4.54714999999999980e-01,5.74223542162896838e-01,-7.45884140000000002e+01,5.02619471363888692e+00
619,82.940614,85.003106,1.44398635018598652e+09,8.11944357666864791e-01,-8.77591643642539339e+01,1.45848399999999992e+03,1.01004001859999999e-06,5.00276000000000054e-01,6.16145669683020203e-01,8.99506460000000061e+01,-2.29018963574606005e+00
620,82.910241,94.995951,5.71637316223172188e+09,1.65731913123774133e+00,6.25962085096071448e+01,1.44523000000000002e+03,2.52822892940000020e-07,4.43618000000000012e-01,2.67672044350740879e-01,7.13171420000000040e+01,8.72093349039285926e+00
621,82.920126,105.049507,6.43347560362677479e+09,1.04741510855880593e+00,2.27017438487007972e+01,1.45847800000000007e+03,2.26701411469999996e-07,3.69406000000000012e-01,3.52683474757477355e-01,5.28979470000000020e+01,3.01962031512992048e+01
622,82.915673,115.009342,4.68276913941904736e+09,7.09372191273679009e-01,7.97119781256539994e+00,1.36702800000000002e+03,2.91927267670000024e-07,2.48652000000000012e-01,3.50524031049969542e-01,3.55358960000000010e+01,2.75646981874346011e+01
623,82.916482,125.002713,2.74045401046920156e+09,4.08510554133876713e-01,-1.33868919098882930e+01,1.03951399999999990e+03,3.79321818949999981e-07,1.23706999999999998e-01,3.02824489473187131e-01,9.96461099999999966e+00,2.33515029098882927e+01
624,82.921878,135.000704,3.22997980986873770e+09,5.77391521988445344e-01,-2.64594526387551383e+01,1.59545700000000011e+03,4.93952623210000046e-07,1.41204999999999997e-01,2.44556760226946612e-01,-5.82793399999999995e+00,2.06315186387551392e+01
625,82.919817,144.986184,2.97886773001742411e+09,3.54967831154828994e-01,-4.80235044924578176e+01,1.67991000000000008e+03,5.63942461450000004e-07,7.37939999999999985e-02,2.07889260725185848e-01,-2.85451909999999991e+01,1.94783134924578221e+01
626,82.930579,154.95269,3.60385931083890820e+09,3.91068970851344788e-01,-8.06438883303771092e+01,1.73428099999999995e+03,4.81228830099999988e-07,6.57620000000000010e-02,1.68159595625391095e-01,-6.17909409999999966e+01,1.88529473303771127e+01
627,82.912444,164.989977,4.71251013342062855e+09,5.97902431466138529e-01,6.27218745456774371e+01,1.82489599999999996e+03,3.87245002839999985e-07,6.95390000000000036e-02,1.16304929266604365e-01,7.86473649999999935e+01,1.59254904543225546e+01
628,82.915365,174.994412,4.97447214857998943e+09,1.30012413142284022e+00,5.12471502825343990e+01,1.70057500000000005e+03,3.41860392260000004e-07,1.05244000000000004e-01,8.09491935857095668e-02,5.02595010000000002e+01,-9.87649282534397877e-01
629,82.93126,184.968999,4.20187825579103279e+09,1.31715138733540327e+00,4.64498015157527107e+01,1.56974000000000001e+03,3.73580552419999995e-07,1.64874999999999994e-01,1.25175436616699054e-01,2.86871019999999994e+01,-1.77626995157527077e+01
630,82.915445,194.885215,3.46554880318882036e+09,1.20985679949573521e+00,2.70139695917794143e+01,1.62498000000000002e+03,4.68895431080000005e-07,2.31340999999999991e-01,1.91213538739809757e-01,1.06924750000000000e+01,-1.63214945917794125e+01
631,82.896738,204.988957,3.87461987323071003e+09,9.96967007415558215e-01,2.65655902953283807e+00,1.62291499999999996e+03,4.18857862989999992e-07,2.95723999999999987e-01,2.96623657353122017e-01,-8.29072500000000012e+00,-1.09472840295328382e+01
632,82.904065,215.020262,6.92200904865491676e+09,1.07113032027814192e+00,-1.85306191570968330e+01,1.60531799999999998e+03,2.31915039220000005e-07,3.77145999999999981e-01,3.52100946878308840e-01,-2.52298439999999999e+01,-6.69922484290316689e+00
633,82.923804,224.988177,9.97604297903939438e+09,2.28889631133118510e+00,3.98183386721115795e+00,1.59702600000000007e+03,1.60086118650000007e-07,4.42417000000000005e-01,1.93288353784229511e-01,-4.32326920000000001e+01,-4.72145258672111581e+01
634,82.931675,234.986766,7.64780925567718029e+09,1.71804787830190819e+00,-2.64294973514706655e+01,1.63907500000000005e+03,2.14319545010000011e-07,4.79289999999999994e-01,2.78973599079044732e-01,-6.14472469999999973e+01,-3.50177496485293318e+01
635,82.923363,245.017641,4.51673353777366829e+09,1.31315773531117319e+00,-5.65194429643047016e+01,1.69879099999999994e+03,3.76110520089999982e-07,4.93896999999999975e-01,3.76113993558407800e-01,-7.95041499999999957e+01,-2.29847070356952976e+01
636,82.924533,255.025728,2.88460950558903885e+09,8.66775705573607391e-01,-8.46177888612471065e+01,1.86747499999999991e+03,6.47392652759999955e-07,4.56708999999999976e-01,5.26905630906859601e-01,8.28921760000000063e+01,-1.24900351387528836e+01
637,82.92494,265.032263,1.99980029422660375e+09,5.57713956461279081e-01,6.71277188455694045e+01,2.12699699999999984e+03,1.06360470399999999e-06,3.85882000000000003e-01,6.91899486339626835e-01,6.40438620000000043e+01,-3.08385684556940198e+00
638,82.904147,275.01834,3.59520079396621943e+09,5.99279202893150176e-01,4.04072616700430629e+01,2.54130999999999995e+03,7.06861770909999980e-07,3.10358000000000023e-01,5.17885483930828117e-01,4.52236019999999996e+01,4.81634032995693850e+00
639,82.896949,284.956342,5.57856786334122753e+09,6.13867868178053722e-01,2.15239803278067079e+01,3.04624299999999994e+03,5.46061834260000035e-07,2.28240999999999999e-01,3.71808025524147823e-01,2.61372509999999991e+01,4.61327067219329123e+00
640,82.899802,295.071574,5.31541421740322399e+09,4.31991824262154545e-01,3.33581698634745738e-01,3.76703000000000020e+03,7.08699236960000005e-07,1.57572999999999991e-01,3.64759217999405250e-01,4.03288199999999986e+00,3.69930030136525412e+00
641,82.902326,304.983171,4.61533479695137882e+09,3.22479747204114542e-01,-2.06074204486929737e+01,4.56332899999999972e+03,9.88731955700000030e-07,1.04108000000000006e-01,3.22835777758485210e-01,-1.52708990000000000e+01,5.33652144869297373e+00
642,82.928151,315.010888,3.13201384582857752e+09,2.93351746208327657e-01,-3.77819426284310680e+01,4.51130400000000009e+03,1.44038443699999999e-06,6.95429999999999937e-02,2.37063528337114804e-01,-2.95508400000000009e+01,8.23110262843106710e+00
643,82.926566,325.000183,3.75499722863224792e+09,2.66737080712511787e-01,-7.25423697009820501e+01,7.37574300000000039e+03,1.96424725530000020e-06,4.13559999999999969e-02,1.55044060201638551e-01,-6.09500019999999978e+01,1.15923677009820487e+01
644,82.917558,334.980982,4.93622270134673500e+09,4.57343848641457662e-01,8.59909979076068538e+01,1.26418099999999995e+04,2.56102910359999995e-06,3.80879999999999969e-02,8.32808839850816968e-02,-7.89385879999999958e+01,1.50704140923931451e+01
645,82.918281,344.974735,3.16895046210968781e+09,1.47294806263928324e+00,7.35488683830543835e+01,1.09797299999999996e+04,3.46478436040000016e-06,4.49019999999999975e-02,3.04844421462783406e-02,-8.65447329999999937e+01,1.99063986169456300e+01
646,82.886224,354.994579,1.57484991368486238e+09,1.32540247765185413e+01,5.03927134899927722e+01,6.86282800000000043e+03,4.35776637530000013e-06,6.64209999999999939e-02,5.01138341899545758e-03,7.79497470000000021e+01,2.75570335100072263e+01
647,87.656658,5.006841,7.85192164297232866e+08,2.79947602014399610e+00,5.79901418691693351e+01,6.92614599999999996e+02,8.82095659499999969e-07,7.44120000000000059e-02,2.65806884804723163e-02,6.52437199999999962e+01,7.25357813083066283e+00
648,87.649503,14.993147,4.28857498470610380e+08,1.89181921116303098e+00,2.80117591531470111e+01,3.46215100000000007e+02,8.07296365889999996e-07,1.04164999999999994e-01,5.50607581239026672e-02,3.94987569999999977e+01,1.14869978468529883e+01
649,87.636192,24.942927,6.03476574849796057e+08,1.22251811534470956e+00,1.56454914725736334e+01,5.54370400000000018e+02,9.18627869089999964e-07,1.27166000000000001e-01,1.04019726500448134e-01,2.75607550000000003e+01,1.19152635274263670e+01
650,87.670267,34.985091,4.97394352721772134e+08,1.00951683254681446e+00,4.33888886004714713e+00,5.53301299999999969e+02,1.11239964220000005e-06,1.70319999999999999e-01,1.68714373558602082e-01,9.25831200000000010e+00,4.91942313995285296e+00
651,87.673758,44.989308,7.24402883477937698e+08,1.23609674060824615e+00,-1.71793807964651393e+01,3.38701799999999992e+02,4.67559983160000001e-07,1.64174999999999988e-01,1.32817274414310321e-01,-1.94572040000000008e+01,-2.27782320353486289e+00
652,87.649108,55.018582,2.04535605531256318e+09,1.50939935303975847e+00,-4.87215478160002391e+01,5.19515800000000013e+02,2.53997732399999983e-07,2.03167999999999987e-01,1.34601886234310852e-01,-3.19573800000000006e+01,1.67641678160002421e+01
653,87.681276,65.00604,2.17458417693548536e+09,5.84135737620008255e-01,-6.94604888365228419e+01,6.22845100000000002e+02,2.86420321920000011e-07,1.54437999999999992e-01,2.64387179303973596e-01,-5.05282049999999998e+01,1.89322838365228456e+01
654,87.649426,74.997148,1.52763594327148056e+09,6.23951301202867348e-01,-8.35273381809913644e+01,7.04797900000000027e+02,4.61365093630000020e-07,2.61187999999999976e-01,4.18603181845243144e-01,-7.34312450000000041e+01,1.00960931809913568e+01
655,87.669881,84.990099,2.44823108740247345e+09,7.15518441605707545e-01,8.70381955327336101e+01,7.55149599999999964e+02,3.08447026869999978e-07,3.16749000000000003e-01,4.42684606827432714e-01,8.88883749999999964e+01,1.85017946726638272e+00
656,87.651463,95.014911,1.10852160904403439e+10,1.01629125819021149e+00,3.07301612417605838e+01,8.08602600000000052e+02,7.29442343210000063e-08,2.67515999999999976e-01,2.63227689743574522e-01,6.93979410000000030e+01,3.86677797582394192e+01
657,87.672528,105.066719,9.26125106983351517e+09,7.89992301524871432e-01,1.26342648822708554e+01,7.56733899999999949e+02,8.17096841770000019e-08,2.42255999999999999e-01,3.06656152892108957e-01,4.85747509999999991e+01,3.59404861177291437e+01
658,87.67573,115.010974,1.52489962691353874e+10,3.29271429332327892e-01,-2.15443316794693018e+00,1.49406799999999998e+03,9.79781208960000055e-08,9.97320000000000012e-02,3.02886892440771827e-01,2.80436030000000009e+01,3.01980361679469311e+01
659,87.651753,124.990015,1.41832278028978195e+10,2.54889676488610606e-01,-2.89285512763428017e+01,1.61380700000000002e+03,1.13782773740000002e-07,7.12430000000000008e-02,2.79505239213497125e-01,-3.95672300000000021e+00,2.49718282763428014e+01
660,87.661503,134.999818,9.29801719444987679e+09,3.08435210451920128e-01,-4.07930770488380361e+01,1.15902099999999996e+03,1.24652490500000003e-07,7.39689999999999931e-02,2.39820219914647276e-01,-1.93639690000000009e+01,2.14291080488380352e+01
661,87.653515,145.021326,1.04862657121885395e+10,4.51255590157057240e-01,-6.01623915837337364e+01,1.50090900000000011e+03,1.43130933470000009e-07,8.45349999999999990e-02,1.87332859346026087e-01,-4.05649080000000026e+01,1.95974835837337338e+01
662,87.680679,155.021272,1.43938096252993946e+10,4.77496647715351386e-01,-8.74842159529657835e+01,1.69866000000000008e+03,1.18013232369999999e-07,7.82179999999999959e-02,1.63808479858957773e-01,-6.93895169999999979e+01,1.80946989529657856e+01
663,87.651758,165.004544,1.72300723793791008e+10,6.00378913961083671e-01,7.45395646881282659e+01,1.73379899999999998e+03,1.00626332949999997e-07,7.42109999999999992e-02,1.23606939341661046e-01,8.89136770000000070e+01,1.43741123118717411e+01
664,87.659189,175.007695,1.24601965161052074e+10,8.86885718897200026e-01,6.06372674802720724e+01,1.10340699999999993e+03,8.85545423440000058e-08,8.54499999999999982e-02,9.63483774507644386e-02,6.39956129999999987e+01,3.35834551972792994e+00
665,87.654226,185.00998,8.05870436743011761e+09,8.16308256185947378e-01,5.41238365123278413e+01,7.99420899999999961e+02,9.91996806870000004e-08,8.92239999999999978e-02,1.09301846849966938e-01,4.21096360000000018e+01,-1.20142005123278413e+01
666,87.617446,195.017972,6.69083209057526493e+09,8.35158943653810049e-01,3.00733267149654893e+01,8.57018599999999992e+02,1.28088493089999994e-07,1.44325000000000009e-01,1.72811416433595155e-01,1.44089980000000004e+01,-1.56643287149654906e+01
667,87.664408,204.985575,4.68819047546422863e+09,9.85872133882722657e-01,6.80074144343640619e+00,9.18284200000000055e+02,1.95871777139999995e-07,2.27814999999999990e-01,2.31079662534716096e-01,-4.75002100000000027e+00,-1.15507624434364065e+01
668,87.648319,214.995056,8.97396710052012825e+09,8.39815663549428493e-01,-1.82818811892313278e+01,1.04668100000000004e+03,1.16635261559999997e-07,2.88036999999999987e-01,3.42976456026825693e-01,-2.44450469999999989e+01,-6.16316581076866932e+00
669,87.659357,225.001421,2.29878376140468483e+10,1.81590735696476946e+00,1.08492537635435724e+01,1.16269599999999991e+03,5.05787460100000024e-08,3.65773999999999988e-01,2.01427676691270985e-01,-4.16786430000000010e+01,-5.25278967635435734e+01
670,87.661557,235.038652,1.64570739807392216e+10,1.57309947786693671e+00,-2.61907156274440140e+01,1.19770499999999993e+03,7.27775181299999997e-08,4.06250000000000000e-01,2.58248130976980295e-01,-6.08864170000000016e+01,-3.46957013725559875e+01
671,87.632763,245.049653,8.60997594812485504e+09,1.19622668023537027e+00,-5.60532006979259450e+01,1.14869800000000009e+03,1.33414774549999994e-07,4.30800999999999989e-01,3.60133248252944294e-01,-7.91475250000000017e+01,-2.30943243020740603e+01
672,87.637618,255.012694,4.03892591948931313e+09,8.28214563371417745e-01,-8.44062247250046340e+01,1.16340300000000002e+03,2.88047620379999981e-07,4.10814000000000012e-01,4.96023637072616930e-01,8.36275490000000019e+01,-1.19662262749953658e+01
673,87.663955,264.991525,3.75952807897267056e+09,6.37930543434151787e-01,6.72151673456689736e+01,1.35920399999999995e+03,3.61535802219999985e-07,3.48783999999999983e-01,5.46742907342861906e-01,6.43879900000000021e+01,-2.82717734566897771e+00
674,87.663301,274.997148,1.97230521973909340e+10,1.44020744469666240e+00,7.62852449935134445e+01,1.89388400000000001e+03,9.60238801299999978e-08,2.93159999999999976e-01,2.03554009583491319e-01,4.45496430000000032e+01,-3.17356019935134377e+01
675,87.598993,285.056412,1.67707394512877750e+10,1.02685528549800886e+00,5.48670010243588280e+01,2.49617500000000018e+03,1.48841081650000013e-07,2.13494999999999990e-01,2.07911477902612385e-01,2.39238239999999998e+01,-3.09431770243588318e+01
676,87.62883,294.979892,1.25446605636190872e+10,7.18010679753592784e-01,2.87910775344355514e+01,2.67330000000000018e+03,2.13102617360000000e-07,1.50495999999999991e-01,2.09601339149505794e-01,5.58863399999999988e+00,-2.32024435344355524e+01
677,87.667061,305.004888,7.38561137220806599e+09,6.13366690270589987e-01,6.64046926389417003e+00,2.25915200000000004e+03,3.05885577529999994e-07,1.12769999999999995e-01,1.83854131286866757e-01,-1.09846120000000003e+01,-1.76250812638941703e+01
678,87.664248,314.996511,1.59350484714566207e+09,4.07083686496167052e-01,-2.46966349293272565e+01,6.63691500000000019e+02,4.16497948649999979e-07,6.09350000000000031e-02,1.49686666455433465e-01,-3.82539030000000011e+01,-1.35572680706727446e+01
679,87.644135,324.999295,4.44253652710603809e+09,3.26142670505249088e-01,-4.14744269284525302e+01,2.70788999999999987e+03,6.09536912859999975e-07,3.14120000000000024e-02,9.63136775428299619e-02,-5.18599949999999978e+01,-1.03855680715474694e+01
680,87.633138,335.017207,1.02813336429135799e+10,3.74002986395826909e-01,-6.53295796516735834e+01,7.03210999999999967e+03,6.83968660509999979e-07,2.55589999999999984e-02,6.83390265043220119e-02,-7.36103149999999999e+01,-8.28073534832641478e+00
681,87.651442,345.043038,4.98629977184664822e+09,1.08016759947918550e+00,-6.09288606915205690e+01,3.69377700000000004e+03,7.40785185210000017e-07,4.52170000000000002e-02,4.18610963907840444e-02,-6.72058679999999953e+01,-6.27700730847942534e+00
682,87.619413,355.014106,1.69946330613599086e+09,2.82219513660390309e+00,-8.48691298740707367e+01,1.57132600000000002e+03,9.24601310500000050e-07,6.56309999999999949e-02,2.32553019274837451e-02,-8.65858910000000037e+01,-1.71676112592926522e+00
