AERONET Data Download (Version 3 Direct Sun)
AERONET Version 3
Version 3: AOD Level 2.0
The following data are automatically cloud cleared and quality assured with pre-field and post-field calibration applied.
Contact: PI=Philippe_Goloub; PI Email=philippe.goloub@univ-lille.fr
AERONET_Site,Date(dd:mm:yyyy),Time(hh:mm:ss),Day_of_Year,Day_of_Year(Fraction),AOD_1640nm,AOD_1020nm,AOD_870nm,AOD_865nm,AOD_779nm,AOD_675nm,AOD_667nm,AOD_620nm,AOD_560nm,AOD_555nm,AOD_551nm,AOD_532nm,AOD_531nm,AOD_510nm,AOD_500nm,AOD_490nm,AOD_443nm,AOD_440nm,AOD_412nm,AOD_400nm,AOD_380nm,AOD_340nm,Precipitable_Water(cm),AOD_681nm,AOD_709nm,AOD_Empty,AOD_Empty,AOD_Empty,AOD_Empty,AOD_Empty,Triplet_Variability_1640,Triplet_Variability_1020,Triplet_Variability_870,Triplet_Variability_865,Triplet_Variability_779,Triplet_Variability_675,Triplet_Variability_667,Triplet_Variability_620,Triplet_Variability_560,Triplet_Variability_555,Triplet_Variability_551,Triplet_Variability_532,Triplet_Variability_531,Triplet_Variability_510,Triplet_Variability_500,Triplet_Variability_490,Triplet_Variability_443,Triplet_Variability_440,Triplet_Variability_412,Triplet_Variability_400,Triplet_Variability_380,Triplet_Variability_340,Triplet_Variability_Precipitable_Water(cm),Triplet_Variability_681,Triplet_Variability_709,Triplet_Variability_AOD_Empty,Triplet_Variability_AOD_Empty,Triplet_Variability_AOD_Empty,Triplet_Variability_AOD_Empty,Triplet_Variability_AOD_Empty,440-870_Angstrom_Exponent,380-500_Angstrom_Exponent,440-675_Angstrom_Exponent,500-870_Angstrom_Exponent,340-440_Angstrom_Exponent,440-675_Angstrom_Exponent[Polar],Data_Quality_Level,AERONET_Instrument_Number,AERONET_Site_Name,Site_Latitude(Degrees),Site_Longitude(Degrees),Site_Elevation(m),Solar_Zenith_Angle(Degrees),Optical_Air_Mass,Sensor_Temperature(Degrees_C),Ozone(Dobson),NO2(Dobson),Last_Date_Processed,Number_of_Wavelengths,Exact_Wavelengths_of_AOD(um)_1640nm,Exact_Wavelengths_of_AOD(um)_1020nm,Exact_Wavelengths_of_AOD(um)_870nm,Exact_Wavelengths_of_AOD(um)_865nm,Exact_Wavelengths_of_AOD(um)_779nm,Exact_Wavelengths_of_AOD(um)_675nm,Exact_Wavelengths_of_AOD(um)_667nm,Exact_Wavelengths_of_AOD(um)_620nm,Exact_Wavelengths_of_AOD(um)_560nm,Exact_Wavelengths_of_AOD(um)_555nm,Exact_Wavelengths_of_AOD(um)_551nm,Exact_Wavelengths_of_AOD(um)_532nm,Exact_Wavelengths_of_AOD(um)_531nm,Exact_Wavelengths_of_AOD(um)_510nm,Exact_Wavelengths_of_AOD(um)_500nm,Exact_Wavelengths_of_AOD(um)_490nm,Exact_Wavelengths_of_AOD(um)_443nm,Exact_Wavelengths_of_AOD(um)_440nm,Exact_Wavelengths_of_AOD(um)_412nm,Exact_Wavelengths_of_AOD(um)_400nm,Exact_Wavelengths_of_AOD(um)_380nm,Exact_Wavelengths_of_AOD(um)_340nm,Exact_Wavelengths_of_PW(um)_935nm,Exact_Wavelengths_of_AOD(um)_681nm,Exact_Wavelengths_of_AOD(um)_709nm,Exact_Wavelengths_of_AOD(um)_Empty,Exact_Wavelengths_of_AOD(um)_Empty,Exact_Wavelengths_of_AOD(um)_Empty,Exact_Wavelengths_of_AOD(um)_Empty,Exact_Wavelengths_of_AOD(um)_Empty
OHP_OBSERVATOIRE,14:08:2022,07:22:46,226,226.307477,0.153437,0.169814,0.177324,-999.000000,-999.000000,0.201684,-999.000000,-999.000000,-999.000000,-999.000000,-999.000000,-999.000000,-999.000000,-999.000000,0.256578,-999.000000,-999.000000,0.287047,-999.000000,-999.000000,0.321236,0.346937,2.499810,-999.000000,-999.000000,-999.000000,-999.000000,-999.000000,-999.000000,-999.000000,0.002915,0.004393,0.006667,-999.000000,-999.000000,0.010745,-999.000000,-999.000000,-999.000000,-999.000000,-999.000000,-999.000000,-999.000000,-999.000000,0.018479,-999.000000,-999.000000,0.013482,-999.000000,-999.000000,0.028724,0.032281,0.144276,-999.000000,-999.000000,-999.000000,-999.000000,-999.000000,-999.000000,-999.000000,0.713874,0.815477,0.821842,0.670590,0.735228,-999.000000,lev20,1143,OHP_OBSERVATOIRE,43.935000,5.710000,680.000000,61.997336,2.122760,23.700000,310.761558,0.203089,14:02:2023,9,1.638000,1.018800,0.869300,-999.,-999.,0.674200,-999.,-999.,-999.,-999.,-999.,-999.,-999.,-999.,0.499400,-999.,-999.,0.439800,-999.,-999.,0.379300,0.339700,0.936400,-999.,-999.,-999.,-999.,-999.,-999.,-999.
OHP_OBSERVATOIRE,14:08:2022,07:27:46,226,226.310949,0.076206,0.105334,0.120109,-999.000000,-999.000000,0.154061,-999.000000,-999.000000,-999.000000,-999.000000,-999.000000,-999.000000,-999.000000,-999.000000,0.222363,-999.000000,-999.000000,0.256847,-999.000000,-999.000000,0.300300,0.330203,2.513456,-999.000000,-999.000000,-999.000000,-999.000000,-999.000000,-999.000000,-999.000000,0.003486,0.002296,0.002013,-999.000000,-999.000000,0.002701,-999.000000,-999.000000,-999.000000,-999.000000,-999.000000,-999.000000,-999.000000,-999.000000,0.004137,-999.000000,-999.000000,0.007071,-999.000000,-999.000000,0.004480,0.006018,0.015479,-999.000000,-999.000000,-999.000000,-999.000000,-999.000000,-999.000000,-999.000000,1.128510,1.091315,1.201179,1.114518,0.977403,-999.000000,lev20,1143,OHP_OBSERVATOIRE,43.935000,5.710000,680.000000,61.106590,2.063179,24.400000,310.760251,0.203089,14:02:2023,9,1.638000,1.018800,0.869300,-999.,-999.,0.674200,-999.,-999.,-999.,-999.,-999.,-999.,-999.,-999.,0.499400,-999.,-999.,0.439800,-999.,-999.,0.379300,0.339700,0.936400,-999.,-999.,-999.,-999.,-999.,-999.,-999.
OHP_OBSERVATOIRE,14:08:2022,07:32:46,226,226.314421,0.064118,0.094278,0.109704,-999.000000,-999.000000,0.143992,-999.000000,-999.000000,-999.000000,-999.000000,-999.000000,-999.000000,-999.000000,-999.000000,0.213515,-999.000000,-999.000000,0.247769,-999.000000,-999.000000,0.291363,0.322609,2.476041,-999.000000,-999.000000,-999.000000,-999.000000,-999.000000,-999.000000,-999.000000,0.005253,0.005153,0.003510,-999.000000,-999.000000,0.003411,-999.000000,-999.000000,-999.000000,-999.000000,-999.000000,-999.000000,-999.000000,-999.000000,0.002731,-999.000000,-999.000000,0.002303,-999.000000,-999.000000,0.006149,0.008716,0.022100,-999.000000,-999.000000,-999.000000,-999.000000,-999.000000,-999.000000,-999.000000,1.211174,1.129128,1.278022,1.204733,1.026071,-999.000000,lev20,1143,OHP_OBSERVATOIRE,43.935000,5.710000,680.000000,60.217826,2.007425,25.200000,310.758945,0.203088,14:02:2023,9,1.638000,1.018800,0.869300,-999.,-999.,0.674200,-999.,-999.,-999.,-999.,-999.,-999.,-999.,-999.,0.499400,-999.,-999.,0.439800,-999.,-999.,0.379300,0.339700,0.936400,-999.,-999.,-999.,-999.,-999.,-999.,-999.
OHP_OBSERVATOIRE,14:08:2022,07:57:47,226,226.331794,0.193903,0.205925,0.217176,-999.000000,-999.000000,0.247479,-999.000000,-999.000000,-999.000000,-999.000000,-999.000000,-999.000000,-999.000000,-999.000000,0.313112,-999.000000,-999.000000,0.346588,-999.000000,-999.000000,0.388342,0.415371,2.493771,-999.000000,-999.000000,-999.000000,-999.000000,-999.000000,-999.000000,-999.000000,0.001644,0.000382,0.002447,-999.000000,-999.000000,0.002690,-999.000000,-999.000000,-999.000000,-999.000000,-999.000000,-999.000000,-999.000000,-999.000000,0.002792,-999.000000,-999.000000,0.003776,-999.000000,-999.000000,0.002892,0.002647,0.019095,-999.000000,-999.000000,-999.000000,-999.000000,-999.000000,-999.000000,-999.000000,0.695106,0.782387,0.787574,0.663740,0.704728,-999.000000,lev20,1143,OHP_OBSERVATOIRE,43.935000,5.710000,680.000000,55.810677,1.775802,27.000000,310.752408,0.203086,14:02:2023,9,1.638000,1.018800,0.869300,-999.,-999.,0.674200,-999.,-999.,-999.,-999.,-999.,-999.,-999.,-999.,0.499400,-999.,-999.,0.439800,-999.,-999.,0.379300,0.339700,0.936400,-999.,-999.,-999.,-999.,-999.,-999.,-999.
OHP_OBSERVATOIRE,14:08:2022,13:07:47,226,226.547072,0.035453,0.057912,0.071855,-999.000000,-999.000000,0.098458,-999.000000,-999.000000,-999.000000,-999.000000,-999.000000,-999.000000,-999.000000,-999.000000,0.155329,-999.000000,-999.000000,0.185779,-999.000000,-999.000000,0.222787,0.244936,2.126444,-999.000000,-999.000000,-999.000000,-999.000000,-999.000000,-999.000000,-999.000000,0.001984,0.008914,0.006367,-999.000000,-999.000000,0.008463,-999.000000,-999.000000,-999.000000,-999.000000,-999.000000,-999.000000,-999.000000,-999.000000,0.008870,-999.000000,-999.000000,0.013597,-999.000000,-999.000000,0.013130,0.013132,0.004323,-999.000000,-999.000000,-999.000000,-999.000000,-999.000000,-999.000000,-999.000000,1.409485,1.308886,1.492126,1.394640,1.079116,-999.000000,lev20,1143,OHP_OBSERVATOIRE,43.935000,5.710000,680.000000,34.871035,1.217961,30.600000,310.671400,0.203058,14:02:2023,9,1.638000,1.018800,0.869300,-999.,-999.,0.674200,-999.,-999.,-999.,-999.,-999.,-999.,-999.,-999.,0.499400,-999.,-999.,0.439800,-999.,-999.,0.379300,0.339700,0.936400,-999.,-999.,-999.,-999.,-999.,-999.,-999.
OHP_OBSERVATOIRE,14:08:2022,13:17:47,226,226.554016,0.034249,0.054592,0.068553,-999.000000,-999.000000,0.094373,-999.000000,-999.000000,-999.000000,-999.000000,-999.000000,-999.000000,-999.000000,-999.000000,0.152429,-999.000000,-999.000000,0.181709,-999.000000,-999.000000,0.222781,0.245961,2.134042,-999.000000,-999.000000,-999.000000,-999.000000,-999.000000,-999.000000,-999.000000,0.000552,0.000585,0.001128,-999.000000,-999.000000,0.001910,-999.000000,-999.000000,-999.000000,-999.000000,-999.000000,-999.000000,-999.000000,-999.000000,0.002623,-999.000000,-999.000000,0.003651,-999.000000,-999.000000,0.004494,0.003448,0.025054,-999.000000,-999.000000,-999.000000,-999.000000,-999.000000,-999.000000,-999.000000,1.453101,1.379490,1.545072,1.446332,1.183669,-999.000000,lev20,1143,OHP_OBSERVATOIRE,43.935000,5.710000,680.000000,36.034821,1.235663,30.400000,310.668786,0.203058,14:02:2023,9,1.638000,1.018800,0.869300,-999.,-999.,0.674200,-999.,-999.,-999.,-999.,-999.,-999.,-999.,-999.,0.499400,-999.,-999.,0.439800,-999.,-999.,0.379300,0.339700,0.936400,-999.,-999.,-999.,-999.,-999.,-999.,-999.
OHP_OBSERVATOIRE,14:08:2022,13:22:47,226,226.557488,0.035432,0.060491,0.075295,-999.000000,-999.000000,0.104445,-999.000000,-999.000000,-999.000000,-999.000000,-999.000000,-999.000000,-999.000000,-999.000000,0.168305,-999.000000,-999.000000,0.202321,-999.000000,-999.000000,0.253215,0.285825,2.142447,-999.000000,-999.000000,-999.000000,-999.000000,-999.000000,-999.000000,-999.000000,0.000520,0.001719,0.003105,-999.000000,-999.000000,0.006948,-999.000000,-999.000000,-999.000000,-999.000000,-999.000000,-999.000000,-999.000000,-999.000000,0.009966,-999.000000,-999.000000,0.011251,-999.000000,-999.000000,0.020094,0.041138,0.012906,-999.000000,-999.000000,-999.000000,-999.000000,-999.000000,-999.000000,-999.000000,1.468299,1.485731,1.555274,1.455333,1.347795,-999.000000,lev20,1143,OHP_OBSERVATOIRE,43.935000,5.710000,680.000000,36.648508,1.245415,30.300000,310.667480,0.203057,14:02:2023,9,1.638000,1.018800,0.869300,-999.,-999.,0.674200,-999.,-999.,-999.,-999.,-999.,-999.,-999.,-999.,0.499400,-999.,-999.,0.439800,-999.,-999.,0.379300,0.339700,0.936400,-999.,-999.,-999.,-999.,-999.,-999.,-999.
OHP_OBSERVATOIRE,14:08:2022,13:27:47,226,226.560961,0.032358,0.055517,0.070339,-999.000000,-999.000000,0.101155,-999.000000,-999.000000,-999.000000,-999.000000,-999.000000,-999.000000,-999.000000,-999.000000,0.167339,-999.000000,-999.000000,0.200585,-999.000000,-999.000000,0.245253,0.271811,2.161442,-999.000000,-999.000000,-999.000000,-999.000000,-999.000000,-999.000000,-999.000000,0.000798,0.000766,0.002277,-999.000000,-999.000000,0.006216,-999.000000,-999.000000,-999.000000,-999.000000,-999.000000,-999.000000,-999.000000,-999.000000,0.013065,-999.000000,-999.000000,0.015561,-999.000000,-999.000000,0.023282,0.029664,0.016070,-999.000000,-999.000000,-999.000000,-999.000000,-999.000000,-999.000000,-999.000000,1.558750,1.388822,1.615915,1.567025,1.186693,-999.000000,lev20,1143,OHP_OBSERVATOIRE,43.935000,5.710000,680.000000,37.281904,1.255794,30.500000,310.666173,0.203057,14:02:2023,9,1.638000,1.018800,0.869300,-999.,-999.,0.674200,-999.,-999.,-999.,-999.,-999.,-999.,-999.,-999.,0.499400,-999.,-999.,0.439800,-999.,-999.,0.379300,0.339700,0.936400,-999.,-999.,-999.,-999.,-999.,-999.,-999.
OHP_OBSERVATOIRE,14:08:2022,13:32:47,226,226.564433,0.031730,0.050418,0.062621,-999.000000,-999.000000,0.084564,-999.000000,-999.000000,-999.000000,-999.000000,-999.000000,-999.000000,-999.000000,-999.000000,0.133958,-999.000000,-999.000000,0.159152,-999.000000,-999.000000,0.191091,0.208028,2.100734,-999.000000,-999.000000,-999.000000,-999.000000,-999.000000,-999.000000,-999.000000,0.000813,0.001508,0.001905,-999.000000,-999.000000,0.003701,-999.000000,-999.000000,-999.000000,-999.000000,-999.000000,-999.000000,-999.000000,-999.000000,0.006762,-999.000000,-999.000000,0.007857,-999.000000,-999.000000,0.008697,0.008623,0.027623,-999.000000,-999.000000,-999.000000,-999.000000,-999.000000,-999.000000,-999.000000,1.390008,1.289835,1.489651,1.376727,1.048019,-999.000000,lev20,1143,OHP_OBSERVATOIRE,43.935000,5.710000,680.000000,37.933942,1.266823,30.500000,310.664867,0.203056,14:02:2023,9,1.638000,1.018800,0.869300,-999.,-999.,0.674200,-999.,-999.,-999.,-999.,-999.,-999.,-999.,-999.,0.499400,-999.,-999.,0.439800,-999.,-999.,0.379300,0.339700,0.936400,-999.,-999.,-999.,-999.,-999.,-999.,-999.
OHP_OBSERVATOIRE,14:08:2022,13:53:17,226,226.578669,0.036063,0.062772,0.078364,-999.000000,-999.000000,0.115264,-999.000000,-999.000000,-999.000000,-999.000000,-999.000000,-999.000000,-999.000000,-999.000000,0.196387,-999.000000,-999.000000,0.231035,-999.000000,-999.000000,0.303942,0.324639,2.250150,-999.000000,-999.000000,-999.000000,-999.000000,-999.000000,-999.000000,-999.000000,0.000923,0.003559,0.000915,-999.000000,-999.000000,0.002445,-999.000000,-999.000000,-999.000000,-999.000000,-999.000000,-999.000000,-999.000000,-999.000000,0.022004,-999.000000,-999.000000,0.009987,-999.000000,-999.000000,0.087421,0.067417,0.226120,-999.000000,-999.000000,-999.000000,-999.000000,-999.000000,-999.000000,-999.000000,1.619479,1.594949,1.654231,1.661016,1.346789,-999.000000,lev20,1143,OHP_OBSERVATOIRE,43.935000,5.710000,680.000000,40.780995,1.319394,30.900000,310.659510,0.203054,14:02:2023,9,1.638000,1.018800,0.869300,-999.,-999.,0.674200,-999.,-999.,-999.,-999.,-999.,-999.,-999.,-999.,0.499400,-999.,-999.,0.439800,-999.,-999.,0.379300,0.339700,0.936400,-999.,-999.,-999.,-999.,-999.,-999.,-999.
OHP_OBSERVATOIRE,14:08:2022,14:03:09,226,226.585521,0.041163,0.073792,0.092468,-999.000000,-999.000000,0.137496,-999.000000,-999.000000,-999.000000,-999.000000,-999.000000,-999.000000,-999.000000,-999.000000,0.230423,-999.000000,-999.000000,0.278366,-999.000000,-999.000000,0.338055,0.374017,2.202790,-999.000000,-999.000000,-999.000000,-999.000000,-999.000000,-999.000000,-999.000000,0.001734,0.004389,0.006833,-999.000000,-999.000000,0.012490,-999.000000,-999.000000,-999.000000,-999.000000,-999.000000,-999.000000,-999.000000,-999.000000,0.021604,-999.000000,-999.000000,0.021885,-999.000000,-999.000000,0.034028,0.036538,0.054664,-999.000000,-999.000000,-999.000000,-999.000000,-999.000000,-999.000000,-999.000000,1.634171,1.391186,1.663520,1.649454,1.153045,-999.000000,lev20,1143,OHP_OBSERVATOIRE,43.935000,5.710000,680.000000,42.237942,1.349339,32.000000,310.656931,0.203053,14:02:2023,9,1.638000,1.018800,0.869300,-999.,-999.,0.674200,-999.,-999.,-999.,-999.,-999.,-999.,-999.,-999.,0.499400,-999.,-999.,0.439800,-999.,-999.,0.379300,0.339700,0.936400,-999.,-999.,-999.,-999.,-999.,-999.,-999.
OHP_OBSERVATOIRE,14:08:2022,14:07:47,226,226.588738,0.041625,0.073536,0.095671,-999.000000,-999.000000,0.145316,-999.000000,-999.000000,-999.000000,-999.000000,-999.000000,-999.000000,-999.000000,-999.000000,0.249636,-999.000000,-999.000000,0.299938,-999.000000,-999.000000,0.372713,0.410574,2.210375,-999.000000,-999.000000,-999.000000,-999.000000,-999.000000,-999.000000,-999.000000,0.001528,0.002854,0.006194,-999.000000,-999.000000,0.012721,-999.000000,-999.000000,-999.000000,-999.000000,-999.000000,-999.000000,-999.000000,-999.000000,0.027568,-999.000000,-999.000000,0.029135,-999.000000,-999.000000,0.041653,0.044622,0.076717,-999.000000,-999.000000,-999.000000,-999.000000,-999.000000,-999.000000,-999.000000,1.699589,1.457350,1.715463,1.732503,1.229733,-999.000000,lev20,1143,OHP_OBSERVATOIRE,43.935000,5.710000,680.000000,42.938943,1.364554,32.200000,310.655721,0.203053,14:02:2023,9,1.638000,1.018800,0.869300,-999.,-999.,0.674200,-999.,-999.,-999.,-999.,-999.,-999.,-999.,-999.,0.499400,-999.,-999.,0.439800,-999.,-999.,0.379300,0.339700,0.936400,-999.,-999.,-999.,-999.,-999.,-999.,-999.
OHP_OBSERVATOIRE,15:08:2022,12:37:37,227,227.526123,0.044248,0.075632,0.096277,-999.000000,-999.000000,0.137529,-999.000000,-999.000000,-999.000000,-999.000000,-999.000000,-999.000000,-999.000000,-999.000000,0.223152,-999.000000,-999.000000,0.265981,-999.000000,-999.000000,0.324602,0.360679,2.208845,-999.000000,-999.000000,-999.000000,-999.000000,-999.000000,-999.000000,-999.000000,0.002831,0.002511,0.003540,-999.000000,-999.000000,0.004005,-999.000000,-999.000000,-999.000000,-999.000000,-999.000000,-999.000000,-999.000000,-999.000000,0.008179,-999.000000,-999.000000,0.006429,-999.000000,-999.000000,0.013494,0.013393,0.034104,-999.000000,-999.000000,-999.000000,-999.000000,-999.000000,-999.000000,-999.000000,1.509875,1.361860,1.556323,1.519472,1.188534,-999.000000,lev20,1143,OHP_OBSERVATOIRE,43.935000,5.710000,680.000000,32.269735,1.181883,32.000000,310.302988,0.202932,14:02:2023,9,1.638000,1.018800,0.869300,-999.,-999.,0.674200,-999.,-999.,-999.,-999.,-999.,-999.,-999.,-999.,0.499400,-999.,-999.,0.439800,-999.,-999.,0.379300,0.339700,0.936400,-999.,-999.,-999.,-999.,-999.,-999.,-999.
OHP_OBSERVATOIRE,15:08:2022,12:42:38,227,227.529606,0.044544,0.076123,0.096623,-999.000000,-999.000000,0.138069,-999.000000,-999.000000,-999.000000,-999.000000,-999.000000,-999.000000,-999.000000,-999.000000,0.223812,-999.000000,-999.000000,0.267706,-999.000000,-999.000000,0.328395,0.367198,2.221785,-999.000000,-999.000000,-999.000000,-999.000000,-999.000000,-999.000000,-999.000000,0.001666,0.004043,0.003913,-999.000000,-999.000000,0.006308,-999.000000,-999.000000,-999.000000,-999.000000,-999.000000,-999.000000,-999.000000,-999.000000,0.007946,-999.000000,-999.000000,0.009536,-999.000000,-999.000000,0.009642,0.008452,0.025210,-999.000000,-999.000000,-999.000000,-999.000000,-999.000000,-999.000000,-999.000000,1.512494,1.393453,1.560638,1.518271,1.232329,-999.000000,lev20,1143,OHP_OBSERVATOIRE,43.935000,5.710000,680.000000,32.682533,1.187303,32.000000,310.301677,0.202932,14:02:2023,9,1.638000,1.018800,0.869300,-999.,-999.,0.674200,-999.,-999.,-999.,-999.,-999.,-999.,-999.,-999.,0.499400,-999.,-999.,0.439800,-999.,-999.,0.379300,0.339700,0.936400,-999.,-999.,-999.,-999.,-999.,-999.,-999.
OHP_OBSERVATOIRE,15:08:2022,12:57:37,227,227.540012,0.048052,0.078837,0.098406,-999.000000,-999.000000,0.137120,-999.000000,-999.000000,-999.000000,-999.000000,-999.000000,-999.000000,-999.000000,-999.000000,0.215893,-999.000000,-999.000000,0.257082,-999.000000,-999.000000,0.313399,0.348040,2.124045,-999.000000,-999.000000,-999.000000,-999.000000,-999.000000,-999.000000,-999.000000,0.002804,0.004373,0.005039,-999.000000,-999.000000,0.007356,-999.000000,-999.000000,-999.000000,-999.000000,-999.000000,-999.000000,-999.000000,-999.000000,0.014817,-999.000000,-999.000000,0.016040,-999.000000,-999.000000,0.019774,0.023107,0.057448,-999.000000,-999.000000,-999.000000,-999.000000,-999.000000,-999.000000,-999.000000,1.423397,1.354415,1.478693,1.420314,1.182127,-999.000000,lev20,1143,OHP_OBSERVATOIRE,43.935000,5.710000,680.000000,34.085058,1.206568,32.100000,310.297761,0.202930,14:02:2023,9,1.638000,1.018800,0.869300,-999.,-999.,0.674200,-999.,-999.,-999.,-999.,-999.,-999.,-999.,-999.,0.499400,-999.,-999.,0.439800,-999.,-999.,0.379300,0.339700,0.936400,-999.,-999.,-999.,-999.,-999.,-999.,-999.
OHP_OBSERVATOIRE,15:08:2022,13:02:37,227,227.543484,0.037059,0.062732,0.078885,-999.000000,-999.000000,0.110908,-999.000000,-999.000000,-999.000000,-999.000000,-999.000000,-999.000000,-999.000000,-999.000000,0.177715,-999.000000,-999.000000,0.211945,-999.000000,-999.000000,0.260979,0.290384,2.038408,-999.000000,-999.000000,-999.000000,-999.000000,-999.000000,-999.000000,-999.000000,0.000374,0.001074,0.000503,-999.000000,-999.000000,0.000772,-999.000000,-999.000000,-999.000000,-999.000000,-999.000000,-999.000000,-999.000000,-999.000000,0.005289,-999.000000,-999.000000,0.003686,-999.000000,-999.000000,0.007294,0.007904,0.028193,-999.000000,-999.000000,-999.000000,-999.000000,-999.000000,-999.000000,-999.000000,1.467572,1.397156,1.525861,1.468450,1.229599,-999.000000,lev20,1143,OHP_OBSERVATOIRE,43.935000,5.710000,680.000000,34.605631,1.214065,32.100000,310.296455,0.202930,14:02:2023,9,1.638000,1.018800,0.869300,-999.,-999.,0.674200,-999.,-999.,-999.,-999.,-999.,-999.,-999.,-999.,0.499400,-999.,-999.,0.439800,-999.,-999.,0.379300,0.339700,0.936400,-999.,-999.,-999.,-999.,-999.,-999.,-999.
OHP_OBSERVATOIRE,15:08:2022,13:07:37,227,227.546956,0.040273,0.068413,0.086591,-999.000000,-999.000000,0.123072,-999.000000,-999.000000,-999.000000,-999.000000,-999.000000,-999.000000,-999.000000,-999.000000,0.199168,-999.000000,-999.000000,0.238652,-999.000000,-999.000000,0.292406,0.325701,2.162212,-999.000000,-999.000000,-999.000000,-999.000000,-999.000000,-999.000000,-999.000000,0.002714,0.003128,0.003608,-999.000000,-999.000000,0.003971,-999.000000,-999.000000,-999.000000,-999.000000,-999.000000,-999.000000,-999.000000,-999.000000,0.008702,-999.000000,-999.000000,0.009372,-999.000000,-999.000000,0.009170,0.009694,0.037543,-999.000000,-999.000000,-999.000000,-999.000000,-999.000000,-999.000000,-999.000000,1.504415,1.395308,1.559820,1.505784,1.213457,-999.000000,lev20,1143,OHP_OBSERVATOIRE,43.935000,5.710000,680.000000,35.150497,1.222120,32.100000,310.295148,0.202929,14:02:2023,9,1.638000,1.018800,0.869300,-999.,-999.,0.674200,-999.,-999.,-999.,-999.,-999.,-999.,-999.,-999.,0.499400,-999.,-999.,0.439800,-999.,-999.,0.379300,0.339700,0.936400,-999.,-999.,-999.,-999.,-999.,-999.,-999.
OHP_OBSERVATOIRE,15:08:2022,13:12:37,227,227.550428,0.037547,0.063799,0.081280,-999.000000,-999.000000,0.115473,-999.000000,-999.000000,-999.000000,-999.000000,-999.000000,-999.000000,-999.000000,-999.000000,0.186350,-999.000000,-999.000000,0.223490,-999.000000,-999.000000,0.271978,0.304474,2.121979,-999.000000,-999.000000,-999.000000,-999.000000,-999.000000,-999.000000,-999.000000,0.001304,0.000818,0.000878,-999.000000,-999.000000,0.001473,-999.000000,-999.000000,-999.000000,-999.000000,-999.000000,-999.000000,-999.000000,-999.000000,0.001742,-999.000000,-999.000000,0.001479,-999.000000,-999.000000,0.001738,0.000822,0.016514,-999.000000,-999.000000,-999.000000,-999.000000,-999.000000,-999.000000,-999.000000,1.499931,1.373204,1.554494,1.499847,1.204495,-999.000000,lev20,1143,OHP_OBSERVATOIRE,43.935000,5.710000,680.000000,35.718478,1.230751,32.000000,310.293842,0.202929,14:02:2023,9,1.638000,1.018800,0.869300,-999.,-999.,0.674200,-999.,-999.,-999.,-999.,-999.,-999.,-999.,-999.,0.499400,-999.,-999.,0.439800,-999.,-999.,0.379300,0.339700,0.936400,-999.,-999.,-999.,-999.,-999.,-999.,-999.
OHP_OBSERVATOIRE,15:08:2022,13:17:37,227,227.553900,0.034319,0.059083,0.075090,-999.000000,-999.000000,0.106581,-999.000000,-999.000000,-999.000000,-999.000000,-999.000000,-999.000000,-999.000000,-999.000000,0.173171,-999.000000,-999.000000,0.207310,-999.000000,-999.000000,0.254331,0.283534,2.041392,-999.000000,-999.000000,-999.000000,-999.000000,-999.000000,-999.000000,-999.000000,0.001446,0.002764,0.002864,-999.000000,-999.000000,0.004499,-999.000000,-999.000000,-999.000000,-999.000000,-999.000000,-999.000000,-999.000000,-999.000000,0.005891,-999.000000,-999.000000,0.007515,-999.000000,-999.000000,0.007984,0.006438,0.044078,-999.000000,-999.000000,-999.000000,-999.000000,-999.000000,-999.000000,-999.000000,1.508576,1.396810,1.568125,1.510800,1.221783,-999.000000,lev20,1143,OHP_OBSERVATOIRE,43.935000,5.710000,680.000000,36.308418,1.239974,32.100000,310.292535,0.202929,14:02:2023,9,1.638000,1.018800,0.869300,-999.,-999.,0.674200,-999.,-999.,-999.,-999.,-999.,-999.,-999.,-999.,0.499400,-999.,-999.,0.439800,-999.,-999.,0.379300,0.339700,0.936400,-999.,-999.,-999.,-999.,-999.,-999.,-999.
OHP_OBSERVATOIRE,15:08:2022,13:22:37,227,227.557373,0.036554,0.064252,0.081493,-999.000000,-999.000000,0.117079,-999.000000,-999.000000,-999.000000,-999.000000,-999.000000,-999.000000,-999.000000,-999.000000,0.191104,-999.000000,-999.000000,0.228757,-999.000000,-999.000000,0.281354,0.313129,2.132796,-999.000000,-999.000000,-999.000000,-999.000000,-999.000000,-999.000000,-999.000000,0.000228,0.000193,0.001663,-999.000000,-999.000000,0.001940,-999.000000,-999.000000,-999.000000,-999.000000,-999.000000,-999.000000,-999.000000,-999.000000,0.003629,-999.000000,-999.000000,0.005128,-999.000000,-999.000000,0.003935,0.003894,0.011824,-999.000000,-999.000000,-999.000000,-999.000000,-999.000000,-999.000000,-999.000000,1.532549,1.405903,1.579531,1.540513,1.225784,-999.000000,lev20,1143,OHP_OBSERVATOIRE,43.935000,5.710000,680.000000,36.919191,1.249811,32.100000,310.291228,0.202928,14:02:2023,9,1.638000,1.018800,0.869300,-999.,-999.,0.674200,-999.,-999.,-999.,-999.,-999.,-999.,-999.,-999.,0.499400,-999.,-999.,0.439800,-999.,-999.,0.379300,0.339700,0.936400,-999.,-999.,-999.,-999.,-999.,-999.,-999.
OHP_OBSERVATOIRE,15:08:2022,13:27:37,227,227.560845,0.037706,0.064661,0.080382,-999.000000,-999.000000,0.113877,-999.000000,-999.000000,-999.000000,-999.000000,-999.000000,-999.000000,-999.000000,-999.000000,0.183968,-999.000000,-999.000000,0.219119,-999.000000,-999.000000,0.269338,0.300760,2.069519,-999.000000,-999.000000,-999.000000,-999.000000,-999.000000,-999.000000,-999.000000,0.000595,0.001640,0.001474,-999.000000,-999.000000,0.003137,-999.000000,-999.000000,-999.000000,-999.000000,-999.000000,-999.000000,-999.000000,-999.000000,0.003491,-999.000000,-999.000000,0.004276,-999.000000,-999.000000,0.005152,0.005497,0.015449,-999.000000,-999.000000,-999.000000,-999.000000,-999.000000,-999.000000,-999.000000,1.490483,1.386039,1.543925,1.496879,1.235601,-999.000000,lev20,1143,OHP_OBSERVATOIRE,43.935000,5.710000,680.000000,37.549702,1.260281,32.200000,310.289922,0.202928,14:02:2023,9,1.638000,1.018800,0.869300,-999.,-999.,0.674200,-999.,-999.,-999.,-999.,-999.,-999.,-999.,-999.,0.499400,-999.,-999.,0.439800,-999.,-999.,0.379300,0.339700,0.936400,-999.,-999.,-999.,-999.,-999.,-999.,-999.
OHP_OBSERVATOIRE,15:08:2022,13:32:37,227,227.564317,0.039478,0.066817,0.083731,-999.000000,-999.000000,0.118850,-999.000000,-999.000000,-999.000000,-999.000000,-999.000000,-999.000000,-999.000000,-999.000000,0.190813,-999.000000,-999.000000,0.229259,-999.000000,-999.000000,0.281777,0.314955,2.067759,-999.000000,-999.000000,-999.000000,-999.000000,-999.000000,-999.000000,-999.000000,0.000503,0.000950,0.001399,-999.000000,-999.000000,0.001914,-999.000000,-999.000000,-999.000000,-999.000000,-999.000000,-999.000000,-999.000000,-999.000000,0.001443,-999.000000,-999.000000,0.002294,-999.000000,-999.000000,0.004494,0.003569,0.032753,-999.000000,-999.000000,-999.000000,-999.000000,-999.000000,-999.000000,-999.000000,1.491761,1.416490,1.544995,1.488765,1.238779,-999.000000,lev20,1143,OHP_OBSERVATOIRE,43.935000,5.710000,680.000000,38.198895,1.271408,32.100000,310.288615,0.202927,14:02:2023,9,1.638000,1.018800,0.869300,-999.,-999.,0.674200,-999.,-999.,-999.,-999.,-999.,-999.,-999.,-999.,0.499400,-999.,-999.,0.439800,-999.,-999.,0.379300,0.339700,0.936400,-999.,-999.,-999.,-999.,-999.,-999.,-999.
OHP_OBSERVATOIRE,15:08:2022,13:37:37,227,227.567789,0.032530,0.056357,0.072403,-999.000000,-999.000000,0.104212,-999.000000,-999.000000,-999.000000,-999.000000,-999.000000,-999.000000,-999.000000,-999.000000,0.171704,-999.000000,-999.000000,0.206777,-999.000000,-999.000000,0.255279,0.285954,1.980470,-999.000000,-999.000000,-999.000000,-999.000000,-999.000000,-999.000000,-999.000000,0.002499,0.002755,0.002725,-999.000000,-999.000000,0.003818,-999.000000,-999.000000,-999.000000,-999.000000,-999.000000,-999.000000,-999.000000,-999.000000,0.004917,-999.000000,-999.000000,0.005970,-999.000000,-999.000000,0.004194,0.001339,0.023341,-999.000000,-999.000000,-999.000000,-999.000000,-999.000000,-999.000000,-999.000000,1.557966,1.441232,1.614711,1.561070,1.264631,-999.000000,lev20,1143,OHP_OBSERVATOIRE,43.935000,5.710000,680.000000,38.865749,1.283216,32.100000,310.287309,0.202927,14:02:2023,9,1.638000,1.018800,0.869300,-999.,-999.,0.674200,-999.,-999.,-999.,-999.,-999.,-999.,-999.,-999.,0.499400,-999.,-999.,0.439800,-999.,-999.,0.379300,0.339700,0.936400,-999.,-999.,-999.,-999.,-999.,-999.,-999.
OHP_OBSERVATOIRE,15:08:2022,13:42:37,227,227.571262,0.033490,0.059960,0.076887,-999.000000,-999.000000,0.112476,-999.000000,-999.000000,-999.000000,-999.000000,-999.000000,-999.000000,-999.000000,-999.000000,0.186908,-999.000000,-999.000000,0.224662,-999.000000,-999.000000,0.279218,0.312686,2.096107,-999.000000,-999.000000,-999.000000,-999.000000,-999.000000,-999.000000,-999.000000,0.000957,0.001650,0.002328,-999.000000,-999.000000,0.002594,-999.000000,-999.000000,-999.000000,-999.000000,-999.000000,-999.000000,-999.000000,-999.000000,0.003875,-999.000000,-999.000000,0.005468,-999.000000,-999.000000,0.003793,0.006543,0.021395,-999.000000,-999.000000,-999.000000,-999.000000,-999.000000,-999.000000,-999.000000,1.592277,1.459390,1.632566,1.605264,1.290598,-999.000000,lev20,1143,OHP_OBSERVATOIRE,43.935000,5.710000,680.000000,39.549286,1.295733,32.000000,310.286002,0.202926,14:02:2023,9,1.638000,1.018800,0.869300,-999.,-999.,0.674200,-999.,-999.,-999.,-999.,-999.,-999.,-999.,-999.,0.499400,-999.,-999.,0.439800,-999.,-999.,0.379300,0.339700,0.936400,-999.,-999.,-999.,-999.,-999.,-999.,-999.
OHP_OBSERVATOIRE,15:08:2022,13:52:05,227,227.577836,0.030905,0.055652,0.070601,-999.000000,-999.000000,0.101756,-999.000000,-999.000000,-999.000000,-999.000000,-999.000000,-999.000000,-999.000000,-999.000000,0.168434,-999.000000,-999.000000,0.202831,-999.000000,-999.000000,0.251303,0.281171,1.948199,-999.000000,-999.000000,-999.000000,-999.000000,-999.000000,-999.000000,-999.000000,0.001015,0.001131,0.001825,-999.000000,-999.000000,0.003295,-999.000000,-999.000000,-999.000000,-999.000000,-999.000000,-999.000000,-999.000000,-999.000000,0.002379,-999.000000,-999.000000,0.004184,-999.000000,-999.000000,0.002157,0.001383,0.009380,-999.000000,-999.000000,-999.000000,-999.000000,-999.000000,-999.000000,-999.000000,1.567775,1.454358,1.626262,1.571991,1.274753,-999.000000,lev20,1143,OHP_OBSERVATOIRE,43.935000,5.710000,680.000000,40.885834,1.321476,31.900000,310.283528,0.202925,14:02:2023,9,1.638000,1.018800,0.869300,-999.,-999.,0.674200,-999.,-999.,-999.,-999.,-999.,-999.,-999.,-999.,0.499400,-999.,-999.,0.439800,-999.,-999.,0.379300,0.339700,0.936400,-999.,-999.,-999.,-999.,-999.,-999.,-999.
OHP_OBSERVATOIRE,15:08:2022,14:01:53,227,227.584641,0.030722,0.055665,0.070402,-999.000000,-999.000000,0.102091,-999.000000,-999.000000,-999.000000,-999.000000,-999.000000,-999.000000,-999.000000,-999.000000,0.169304,-999.000000,-999.000000,0.204264,-999.000000,-999.000000,0.253106,0.282433,1.987059,-999.000000,-999.000000,-999.000000,-999.000000,-999.000000,-999.000000,-999.000000,0.000703,0.000943,0.001710,-999.000000,-999.000000,0.002411,-999.000000,-999.000000,-999.000000,-999.000000,-999.000000,-999.000000,-999.000000,-999.000000,0.006111,-999.000000,-999.000000,0.006748,-999.000000,-999.000000,0.009542,0.010896,0.033716,-999.000000,-999.000000,-999.000000,-999.000000,-999.000000,-999.000000,-999.000000,1.581217,1.461450,1.634610,1.586153,1.265413,-999.000000,lev20,1143,OHP_OBSERVATOIRE,43.935000,5.710000,680.000000,42.322562,1.351147,31.700000,310.280967,0.202925,14:02:2023,9,1.638000,1.018800,0.869300,-999.,-999.,0.674200,-999.,-999.,-999.,-999.,-999.,-999.,-999.,-999.,0.499400,-999.,-999.,0.439800,-999.,-999.,0.379300,0.339700,0.936400,-999.,-999.,-999.,-999.,-999.,-999.,-999.
OHP_OBSERVATOIRE,15:08:2022,14:07:37,227,227.588623,0.029587,0.052774,0.067974,-999.000000,-999.000000,0.098419,-999.000000,-999.000000,-999.000000,-999.000000,-999.000000,-999.000000,-999.000000,-999.000000,0.162952,-999.000000,-999.000000,0.196510,-999.000000,-999.000000,0.242050,0.270296,1.973547,-999.000000,-999.000000,-999.000000,-999.000000,-999.000000,-999.000000,-999.000000,0.001013,0.000379,0.001118,-999.000000,-999.000000,0.001202,-999.000000,-999.000000,-999.000000,-999.000000,-999.000000,-999.000000,-999.000000,-999.000000,0.000746,-999.000000,-999.000000,0.002165,-999.000000,-999.000000,0.000292,0.000666,0.012759,-999.000000,-999.000000,-999.000000,-999.000000,-999.000000,-999.000000,-999.000000,1.575859,1.437619,1.629657,1.580483,1.244083,-999.000000,lev20,1143,OHP_OBSERVATOIRE,43.935000,5.710000,680.000000,43.185745,1.370042,31.200000,310.279469,0.202924,14:02:2023,9,1.638000,1.018800,0.869300,-999.,-999.,0.674200,-999.,-999.,-999.,-999.,-999.,-999.,-999.,-999.,0.499400,-999.,-999.,0.439800,-999.,-999.,0.379300,0.339700,0.936400,-999.,-999.,-999.,-999.,-999.,-999.,-999.
OHP_OBSERVATOIRE,15:08:2022,14:12:37,227,227.592095,0.029679,0.053183,0.068880,-999.000000,-999.000000,0.099341,-999.000000,-999.000000,-999.000000,-999.000000,-999.000000,-999.000000,-999.000000,-999.000000,0.165010,-999.000000,-999.000000,0.199056,-999.000000,-999.000000,0.245636,0.274574,1.991464,-999.000000,-999.000000,-999.000000,-999.000000,-999.000000,-999.000000,-999.000000,0.000547,0.000113,0.000731,-999.000000,-999.000000,0.001075,-999.000000,-999.000000,-999.000000,-999.000000,-999.000000,-999.000000,-999.000000,-999.000000,0.001903,-999.000000,-999.000000,0.002708,-999.000000,-999.000000,0.003930,0.004723,0.016444,-999.000000,-999.000000,-999.000000,-999.000000,-999.000000,-999.000000,-999.000000,1.576668,1.445607,1.638415,1.579601,1.255111,-999.000000,lev20,1143,OHP_OBSERVATOIRE,43.935000,5.710000,680.000000,43.951063,1.387507,31.000000,310.278163,0.202924,14:02:2023,9,1.638000,1.018800,0.869300,-999.,-999.,0.674200,-999.,-999.,-999.,-999.,-999.,-999.,-999.,-999.,0.499400,-999.,-999.,0.439800,-999.,-999.,0.379300,0.339700,0.936400,-999.,-999.,-999.,-999.,-999.,-999.,-999.
OHP_OBSERVATOIRE,15:08:2022,14:17:37,227,227.595567,0.031284,0.055184,0.071240,-999.000000,-999.000000,0.103586,-999.000000,-999.000000,-999.000000,-999.000000,-999.000000,-999.000000,-999.000000,-999.000000,0.171024,-999.000000,-999.000000,0.205805,-999.000000,-999.000000,0.254514,0.285076,2.063166,-999.000000,-999.000000,-999.000000,-999.000000,-999.000000,-999.000000,-999.000000,0.000657,0.000744,0.000979,-999.000000,-999.000000,0.002299,-999.000000,-999.000000,-999.000000,-999.000000,-999.000000,-999.000000,-999.000000,-999.000000,0.004088,-999.000000,-999.000000,0.004710,-999.000000,-999.000000,0.003975,0.005078,0.009464,-999.000000,-999.000000,-999.000000,-999.000000,-999.000000,-999.000000,-999.000000,1.574205,1.444966,1.618452,1.582676,1.271264,-999.000000,lev20,1143,OHP_OBSERVATOIRE,43.935000,5.710000,680.000000,44.727325,1.405940,30.900000,310.276856,0.202923,14:02:2023,9,1.638000,1.018800,0.869300,-999.,-999.,0.674200,-999.,-999.,-999.,-999.,-999.,-999.,-999.,-999.,0.499400,-999.,-999.,0.439800,-999.,-999.,0.379300,0.339700,0.936400,-999.,-999.,-999.,-999.,-999.,-999.,-999.
OHP_OBSERVATOIRE,15:08:2022,14:22:37,227,227.599039,0.029042,0.051596,0.066710,-999.000000,-999.000000,0.096802,-999.000000,-999.000000,-999.000000,-999.000000,-999.000000,-999.000000,-999.000000,-999.000000,0.161302,-999.000000,-999.000000,0.194685,-999.000000,-999.000000,0.240742,0.269842,1.950433,-999.000000,-999.000000,-999.000000,-999.000000,-999.000000,-999.000000,-999.000000,0.001843,0.003116,0.002149,-999.000000,-999.000000,0.003567,-999.000000,-999.000000,-999.000000,-999.000000,-999.000000,-999.000000,-999.000000,-999.000000,0.004061,-999.000000,-999.000000,0.005466,-999.000000,-999.000000,0.006048,0.004507,0.025431,-999.000000,-999.000000,-999.000000,-999.000000,-999.000000,-999.000000,-999.000000,1.590864,1.455176,1.647388,1.596163,1.273527,-999.000000,lev20,1143,OHP_OBSERVATOIRE,43.935000,5.710000,680.000000,45.513864,1.425392,31.100000,310.275549,0.202923,14:02:2023,9,1.638000,1.018800,0.869300,-999.,-999.,0.674200,-999.,-999.,-999.,-999.,-999.,-999.,-999.,-999.,0.499400,-999.,-999.,0.439800,-999.,-999.,0.379300,0.339700,0.936400,-999.,-999.,-999.,-999.,-999.,-999.,-999.
OHP_OBSERVATOIRE,15:08:2022,14:27:37,227,227.602512,0.027397,0.048608,0.063354,-999.000000,-999.000000,0.091906,-999.000000,-999.000000,-999.000000,-999.000000,-999.000000,-999.000000,-999.000000,-999.000000,0.153797,-999.000000,-999.000000,0.185260,-999.000000,-999.000000,0.229501,0.257253,1.924904,-999.000000,-999.000000,-999.000000,-999.000000,-999.000000,-999.000000,-999.000000,0.000758,0.000342,0.000400,-999.000000,-999.000000,0.000505,-999.000000,-999.000000,-999.000000,-999.000000,-999.000000,-999.000000,-999.000000,-999.000000,0.000468,-999.000000,-999.000000,0.000692,-999.000000,-999.000000,0.001047,0.001844,0.007464,-999.000000,-999.000000,-999.000000,-999.000000,-999.000000,-999.000000,-999.000000,1.595731,1.454900,1.654305,1.603518,1.280941,-999.000000,lev20,1143,OHP_OBSERVATOIRE,43.935000,5.710000,680.000000,46.310043,1.445919,31.200000,310.274243,0.202922,14:02:2023,9,1.638000,1.018800,0.869300,-999.,-999.,0.674200,-999.,-999.,-999.,-999.,-999.,-999.,-999.,-999.,0.499400,-999.,-999.,0.439800,-999.,-999.,0.379300,0.339700,0.936400,-999.,-999.,-999.,-999.,-999.,-999.,-999.
OHP_OBSERVATOIRE,15:08:2022,14:32:37,227,227.605984,0.030167,0.053176,0.068593,-999.000000,-999.000000,0.099859,-999.000000,-999.000000,-999.000000,-999.000000,-999.000000,-999.000000,-999.000000,-999.000000,0.165622,-999.000000,-999.000000,0.200094,-999.000000,-999.000000,0.247519,0.277384,2.006267,-999.000000,-999.000000,-999.000000,-999.000000,-999.000000,-999.000000,-999.000000,0.000354,0.001885,0.000903,-999.000000,-999.000000,0.001825,-999.000000,-999.000000,-999.000000,-999.000000,-999.000000,-999.000000,-999.000000,-999.000000,0.002755,-999.000000,-999.000000,0.003086,-999.000000,-999.000000,0.003265,0.003318,0.012514,-999.000000,-999.000000,-999.000000,-999.000000,-999.000000,-999.000000,-999.000000,1.588108,1.459966,1.637512,1.593226,1.274251,-999.000000,lev20,1143,OHP_OBSERVATOIRE,43.935000,5.710000,680.000000,47.115259,1.467578,31.200000,310.272936,0.202922,14:02:2023,9,1.638000,1.018800,0.869300,-999.,-999.,0.674200,-999.,-999.,-999.,-999.,-999.,-999.,-999.,-999.,0.499400,-999.,-999.,0.439800,-999.,-999.,0.379300,0.339700,0.936400,-999.,-999.,-999.,-999.,-999.,-999.,-999.
OHP_OBSERVATOIRE,15:08:2022,14:37:37,227,227.609456,0.027722,0.049608,0.064200,-999.000000,-999.000000,0.093843,-999.000000,-999.000000,-999.000000,-999.000000,-999.000000,-999.000000,-999.000000,-999.000000,0.157242,-999.000000,-999.000000,0.189800,-999.000000,-999.000000,0.235365,0.263713,1.953377,-999.000000,-999.000000,-999.000000,-999.000000,-999.000000,-999.000000,-999.000000,0.000398,0.000934,0.001178,-999.000000,-999.000000,0.001541,-999.000000,-999.000000,-999.000000,-999.000000,-999.000000,-999.000000,-999.000000,-999.000000,0.001145,-999.000000,-999.000000,0.001293,-999.000000,-999.000000,0.001681,0.000935,0.032326,-999.000000,-999.000000,-999.000000,-999.000000,-999.000000,-999.000000,-999.000000,1.610315,1.465971,1.661532,1.619211,1.283494,-999.000000,lev20,1143,OHP_OBSERVATOIRE,43.935000,5.710000,680.000000,47.928940,1.490435,31.000000,310.271630,0.202921,14:02:2023,9,1.638000,1.018800,0.869300,-999.,-999.,0.674200,-999.,-999.,-999.,-999.,-999.,-999.,-999.,-999.,0.499400,-999.,-999.,0.439800,-999.,-999.,0.379300,0.339700,0.936400,-999.,-999.,-999.,-999.,-999.,-999.,-999.
OHP_OBSERVATOIRE,15:08:2022,14:42:37,227,227.612928,0.026486,0.047770,0.062596,-999.000000,-999.000000,0.091387,-999.000000,-999.000000,-999.000000,-999.000000,-999.000000,-999.000000,-999.000000,-999.000000,0.152616,-999.000000,-999.000000,0.184851,-999.000000,-999.000000,0.229632,0.257137,1.870451,-999.000000,-999.000000,-999.000000,-999.000000,-999.000000,-999.000000,-999.000000,0.001261,0.000908,0.000564,-999.000000,-999.000000,0.001452,-999.000000,-999.000000,-999.000000,-999.000000,-999.000000,-999.000000,-999.000000,-999.000000,0.001676,-999.000000,-999.000000,0.001498,-999.000000,-999.000000,0.002103,0.001951,0.009550,-999.000000,-999.000000,-999.000000,-999.000000,-999.000000,-999.000000,-999.000000,1.606642,1.484689,1.659718,1.610885,1.288419,-999.000000,lev20,1143,OHP_OBSERVATOIRE,43.935000,5.710000,680.000000,48.750541,1.514561,31.100000,310.270323,0.202921,14:02:2023,9,1.638000,1.018800,0.869300,-999.,-999.,0.674200,-999.,-999.,-999.,-999.,-999.,-999.,-999.,-999.,0.499400,-999.,-999.,0.439800,-999.,-999.,0.379300,0.339700,0.936400,-999.,-999.,-999.,-999.,-999.,-999.,-999.
OHP_OBSERVATOIRE,15:08:2022,14:52:07,227,227.619525,0.025345,0.046082,0.059104,-999.000000,-999.000000,0.085885,-999.000000,-999.000000,-999.000000,-999.000000,-999.000000,-999.000000,-999.000000,-999.000000,0.143778,-999.000000,-999.000000,0.173419,-999.000000,-999.000000,0.216381,0.241905,1.854876,-999.000000,-999.000000,-999.000000,-999.000000,-999.000000,-999.000000,-999.000000,0.000198,0.000586,0.000300,-999.000000,-999.000000,0.000647,-999.000000,-999.000000,-999.000000,-999.000000,-999.000000,-999.000000,-999.000000,-999.000000,0.001620,-999.000000,-999.000000,0.001222,-999.000000,-999.000000,0.001393,0.001782,0.003780,-999.000000,-999.000000,-999.000000,-999.000000,-999.000000,-999.000000,-999.000000,1.600091,1.486264,1.657809,1.607197,1.300221,-999.000000,lev20,1143,OHP_OBSERVATOIRE,43.935000,5.710000,680.000000,50.331574,1.564174,31.100000,310.267841,0.202920,14:02:2023,9,1.638000,1.018800,0.869300,-999.,-999.,0.674200,-999.,-999.,-999.,-999.,-999.,-999.,-999.,-999.,0.499400,-999.,-999.,0.439800,-999.,-999.,0.379300,0.339700,0.936400,-999.,-999.,-999.,-999.,-999.,-999.,-999.
OHP_OBSERVATOIRE,15:08:2022,15:01:55,227,227.626331,0.025151,0.046511,0.059761,-999.000000,-999.000000,0.087489,-999.000000,-999.000000,-999.000000,-999.000000,-999.000000,-999.000000,-999.000000,-999.000000,0.146765,-999.000000,-999.000000,0.177625,-999.000000,-999.000000,0.220959,0.247563,1.874246,-999.000000,-999.000000,-999.000000,-999.000000,-999.000000,-999.000000,-999.000000,0.000923,0.001051,0.000533,-999.000000,-999.000000,0.000583,-999.000000,-999.000000,-999.000000,-999.000000,-999.000000,-999.000000,-999.000000,-999.000000,0.001000,-999.000000,-999.000000,0.000851,-999.000000,-999.000000,0.003113,0.004730,0.008025,-999.000000,-999.000000,-999.000000,-999.000000,-999.000000,-999.000000,-999.000000,1.617297,1.487025,1.669536,1.624059,1.296013,-999.000000,lev20,1143,OHP_OBSERVATOIRE,43.935000,5.710000,680.000000,51.987075,1.621085,31.000000,310.265280,0.202919,14:02:2023,9,1.638000,1.018800,0.869300,-999.,-999.,0.674200,-999.,-999.,-999.,-999.,-999.,-999.,-999.,-999.,0.499400,-999.,-999.,0.439800,-999.,-999.,0.379300,0.339700,0.936400,-999.,-999.,-999.,-999.,-999.,-999.,-999.
OHP_OBSERVATOIRE,15:08:2022,15:07:37,227,227.630289,0.025137,0.046073,0.059776,-999.000000,-999.000000,0.087290,-999.000000,-999.000000,-999.000000,-999.000000,-999.000000,-999.000000,-999.000000,-999.000000,0.146951,-999.000000,-999.000000,0.178359,-999.000000,-999.000000,0.221363,0.248858,1.792302,-999.000000,-999.000000,-999.000000,-999.000000,-999.000000,-999.000000,-999.000000,0.000477,0.001117,0.000591,-999.000000,-999.000000,0.001299,-999.000000,-999.000000,-999.000000,-999.000000,-999.000000,-999.000000,-999.000000,-999.000000,0.001552,-999.000000,-999.000000,0.001321,-999.000000,-999.000000,0.002685,0.002803,0.042149,-999.000000,-999.000000,-999.000000,-999.000000,-999.000000,-999.000000,-999.000000,1.623267,1.488590,1.683957,1.626178,1.299146,-999.000000,lev20,1143,OHP_OBSERVATOIRE,43.935000,5.710000,680.000000,52.960133,1.657164,31.100000,310.263790,0.202919,14:02:2023,9,1.638000,1.018800,0.869300,-999.,-999.,0.674200,-999.,-999.,-999.,-999.,-999.,-999.,-999.,-999.,0.499400,-999.,-999.,0.439800,-999.,-999.,0.379300,0.339700,0.936400,-999.,-999.,-999.,-999.,-999.,-999.,-999.
OHP_OBSERVATOIRE,15:08:2022,15:12:37,227,227.633762,0.025223,0.045939,0.059154,-999.000000,-999.000000,0.087008,-999.000000,-999.000000,-999.000000,-999.000000,-999.000000,-999.000000,-999.000000,-999.000000,0.146934,-999.000000,-999.000000,0.177933,-999.000000,-999.000000,0.221901,0.249406,1.822010,-999.000000,-999.000000,-999.000000,-999.000000,-999.000000,-999.000000,-999.000000,0.000305,0.000291,0.000564,-999.000000,-999.000000,0.000191,-999.000000,-999.000000,-999.000000,-999.000000,-999.000000,-999.000000,-999.000000,-999.000000,0.000324,-999.000000,-999.000000,0.001030,-999.000000,-999.000000,0.001595,0.001831,0.003928,-999.000000,-999.000000,-999.000000,-999.000000,-999.000000,-999.000000,-999.000000,1.635781,1.498476,1.687446,1.644591,1.317744,-999.000000,lev20,1143,OHP_OBSERVATOIRE,43.935000,5.710000,680.000000,53.819250,1.690788,31.200000,310.262484,0.202918,14:02:2023,9,1.638000,1.018800,0.869300,-999.,-999.,0.674200,-999.,-999.,-999.,-999.,-999.,-999.,-999.,-999.,0.499400,-999.,-999.,0.439800,-999.,-999.,0.379300,0.339700,0.936400,-999.,-999.,-999.,-999.,-999.,-999.,-999.
OHP_OBSERVATOIRE,15:08:2022,15:16:03,227,227.636146,0.024419,0.044726,0.057615,-999.000000,-999.000000,0.084642,-999.000000,-999.000000,-999.000000,-999.000000,-999.000000,-999.000000,-999.000000,-999.000000,0.142665,-999.000000,-999.000000,0.173129,-999.000000,-999.000000,0.215533,0.242261,1.774064,-999.000000,-999.000000,-999.000000,-999.000000,-999.000000,-999.000000,-999.000000,0.000578,0.000528,0.000671,-999.000000,-999.000000,0.001364,-999.000000,-999.000000,-999.000000,-999.000000,-999.000000,-999.000000,-999.000000,-999.000000,0.001501,-999.000000,-999.000000,0.002547,-999.000000,-999.000000,0.002704,0.003809,0.032141,-999.000000,-999.000000,-999.000000,-999.000000,-999.000000,-999.000000,-999.000000,1.633156,1.499447,1.686677,1.638928,1.310874,-999.000000,lev20,1143,OHP_OBSERVATOIRE,43.935000,5.710000,680.000000,54.411974,1.715017,31.200000,310.261586,0.202918,14:02:2023,9,1.638000,1.018800,0.869300,-999.,-999.,0.674200,-999.,-999.,-999.,-999.,-999.,-999.,-999.,-999.,0.499400,-999.,-999.,0.439800,-999.,-999.,0.379300,0.339700,0.936400,-999.,-999.,-999.,-999.,-999.,-999.,-999.
OHP_OBSERVATOIRE,15:08:2022,15:25:31,227,227.642720,0.024620,0.046098,0.058958,-999.000000,-999.000000,0.087111,-999.000000,-999.000000,-999.000000,-999.000000,-999.000000,-999.000000,-999.000000,-999.000000,0.147941,-999.000000,-999.000000,0.179426,-999.000000,-999.000000,0.223941,0.251967,1.828790,-999.000000,-999.000000,-999.000000,-999.000000,-999.000000,-999.000000,-999.000000,0.000531,0.001128,0.000529,-999.000000,-999.000000,0.001052,-999.000000,-999.000000,-999.000000,-999.000000,-999.000000,-999.000000,-999.000000,-999.000000,0.001306,-999.000000,-999.000000,0.002185,-999.000000,-999.000000,0.001341,0.001327,0.009786,-999.000000,-999.000000,-999.000000,-999.000000,-999.000000,-999.000000,-999.000000,1.653268,1.506819,1.704599,1.662913,1.324843,-999.000000,lev20,1143,OHP_OBSERVATOIRE,43.935000,5.710000,680.000000,56.057005,1.787065,31.100000,310.259113,0.202917,14:02:2023,9,1.638000,1.018800,0.869300,-999.,-999.,0.674200,-999.,-999.,-999.,-999.,-999.,-999.,-999.,-999.,0.499400,-999.,-999.,0.439800,-999.,-999.,0.379300,0.339700,0.936400,-999.,-999.,-999.,-999.,-999.,-999.,-999.
OHP_OBSERVATOIRE,15:08:2022,15:37:36,227,227.651111,0.023553,0.043650,0.056349,-999.000000,-999.000000,0.083433,-999.000000,-999.000000,-999.000000,-999.000000,-999.000000,-999.000000,-999.000000,-999.000000,0.141093,-999.000000,-999.000000,0.171620,-999.000000,-999.000000,0.214692,0.241929,1.763532,-999.000000,-999.000000,-999.000000,-999.000000,-999.000000,-999.000000,-999.000000,0.000163,0.000199,0.000263,-999.000000,-999.000000,0.000217,-999.000000,-999.000000,-999.000000,-999.000000,-999.000000,-999.000000,-999.000000,-999.000000,0.000562,-999.000000,-999.000000,0.000736,-999.000000,-999.000000,0.002422,0.002290,0.006693,-999.000000,-999.000000,-999.000000,-999.000000,-999.000000,-999.000000,-999.000000,1.651869,1.525709,1.699467,1.658773,1.339715,-999.000000,lev20,1143,OHP_OBSERVATOIRE,43.935000,5.710000,680.000000,58.176627,1.891705,30.800000,310.255955,0.202916,14:02:2023,9,1.638000,1.018800,0.869300,-999.,-999.,0.674200,-999.,-999.,-999.,-999.,-999.,-999.,-999.,-999.,0.499400,-999.,-999.,0.439800,-999.,-999.,0.379300,0.339700,0.936400,-999.,-999.,-999.,-999.,-999.,-999.,-999.
OHP_OBSERVATOIRE,15:08:2022,15:42:36,227,227.654583,0.022751,0.042376,0.054644,-999.000000,-999.000000,0.080978,-999.000000,-999.000000,-999.000000,-999.000000,-999.000000,-999.000000,-999.000000,-999.000000,0.137481,-999.000000,-999.000000,0.167329,-999.000000,-999.000000,0.208980,0.235655,1.724913,-999.000000,-999.000000,-999.000000,-999.000000,-999.000000,-999.000000,-999.000000,0.000263,0.000071,0.000352,-999.000000,-999.000000,0.000399,-999.000000,-999.000000,-999.000000,-999.000000,-999.000000,-999.000000,-999.000000,-999.000000,0.000423,-999.000000,-999.000000,0.000736,-999.000000,-999.000000,0.000423,0.000858,0.017142,-999.000000,-999.000000,-999.000000,-999.000000,-999.000000,-999.000000,-999.000000,1.660532,1.521741,1.710553,1.667537,1.335589,-999.000000,lev20,1143,OHP_OBSERVATOIRE,43.935000,5.710000,680.000000,59.059261,1.939772,30.600000,310.254649,0.202916,14:02:2023,9,1.638000,1.018800,0.869300,-999.,-999.,0.674200,-999.,-999.,-999.,-999.,-999.,-999.,-999.,-999.,0.499400,-999.,-999.,0.439800,-999.,-999.,0.379300,0.339700,0.936400,-999.,-999.,-999.,-999.,-999.,-999.,-999.
OHP_OBSERVATOIRE,15:08:2022,15:47:36,227,227.658056,0.023094,0.042330,0.054793,-999.000000,-999.000000,0.080973,-999.000000,-999.000000,-999.000000,-999.000000,-999.000000,-999.000000,-999.000000,-999.000000,0.137212,-999.000000,-999.000000,0.167188,-999.000000,-999.000000,0.208656,0.235554,1.685897,-999.000000,-999.000000,-999.000000,-999.000000,-999.000000,-999.000000,-999.000000,0.000421,0.000252,0.000417,-999.000000,-999.000000,0.000621,-999.000000,-999.000000,-999.000000,-999.000000,-999.000000,-999.000000,-999.000000,-999.000000,0.001307,-999.000000,-999.000000,0.001225,-999.000000,-999.000000,0.001681,0.001633,0.017357,-999.000000,-999.000000,-999.000000,-999.000000,-999.000000,-999.000000,-999.000000,1.654757,1.523044,1.707909,1.659155,1.336841,-999.000000,lev20,1143,OHP_OBSERVATOIRE,43.935000,5.710000,680.000000,59.944698,1.990983,30.600000,310.253342,0.202915,14:02:2023,9,1.638000,1.018800,0.869300,-999.,-999.,0.674200,-999.,-999.,-999.,-999.,-999.,-999.,-999.,-999.,0.499400,-999.,-999.,0.439800,-999.,-999.,0.379300,0.339700,0.936400,-999.,-999.,-999.,-999.,-999.,-999.,-999.
OHP_OBSERVATOIRE,15:08:2022,15:50:22,227,227.659977,0.022811,0.042657,0.054817,-999.000000,-999.000000,0.080942,-999.000000,-999.000000,-999.000000,-999.000000,-999.000000,-999.000000,-999.000000,-999.000000,0.137307,-999.000000,-999.000000,0.166995,-999.000000,-999.000000,0.209118,0.236092,1.685561,-999.000000,-999.000000,-999.000000,-999.000000,-999.000000,-999.000000,-999.000000,0.000479,0.000053,0.000293,-999.000000,-999.000000,0.000059,-999.000000,-999.000000,-999.000000,-999.000000,-999.000000,-999.000000,-999.000000,-999.000000,0.001260,-999.000000,-999.000000,0.000872,-999.000000,-999.000000,0.001006,0.002547,0.036905,-999.000000,-999.000000,-999.000000,-999.000000,-999.000000,-999.000000,-999.000000,1.653528,1.529046,1.707083,1.659720,1.350676,-999.000000,lev20,1143,OHP_OBSERVATOIRE,43.935000,5.710000,680.000000,60.435739,2.020772,30.700000,310.252619,0.202915,14:02:2023,9,1.638000,1.018800,0.869300,-999.,-999.,0.674200,-999.,-999.,-999.,-999.,-999.,-999.,-999.,-999.,0.499400,-999.,-999.,0.439800,-999.,-999.,0.379300,0.339700,0.936400,-999.,-999.,-999.,-999.,-999.,-999.,-999.
OHP_OBSERVATOIRE,15:08:2022,15:59:51,227,227.666562,0.022316,0.041719,0.052830,-999.000000,-999.000000,0.077914,-999.000000,-999.000000,-999.000000,-999.000000,-999.000000,-999.000000,-999.000000,-999.000000,0.132114,-999.000000,-999.000000,0.161014,-999.000000,-999.000000,0.201538,0.226971,1.665156,-999.000000,-999.000000,-999.000000,-999.000000,-999.000000,-999.000000,-999.000000,0.000218,0.000208,0.000696,-999.000000,-999.000000,0.000824,-999.000000,-999.000000,-999.000000,-999.000000,-999.000000,-999.000000,-999.000000,-999.000000,0.000355,-999.000000,-999.000000,0.001168,-999.000000,-999.000000,0.000738,0.000205,0.012218,-999.000000,-999.000000,-999.000000,-999.000000,-999.000000,-999.000000,-999.000000,1.653463,1.534720,1.710005,1.656808,1.339806,-999.000000,lev20,1143,OHP_OBSERVATOIRE,43.935000,5.710000,680.000000,62.124080,2.131559,30.800000,310.250141,0.202914,14:02:2023,9,1.638000,1.018800,0.869300,-999.,-999.,0.674200,-999.,-999.,-999.,-999.,-999.,-999.,-999.,-999.,0.499400,-999.,-999.,0.439800,-999.,-999.,0.379300,0.339700,0.936400,-999.,-999.,-999.,-999.,-999.,-999.,-999.
OHP_OBSERVATOIRE,15:08:2022,16:09:38,227,227.673356,0.021716,0.040908,0.051791,-999.000000,-999.000000,0.076932,-999.000000,-999.000000,-999.000000,-999.000000,-999.000000,-999.000000,-999.000000,-999.000000,0.130292,-999.000000,-999.000000,0.158907,-999.000000,-999.000000,0.198393,0.224161,1.631642,-999.000000,-999.000000,-999.000000,-999.000000,-999.000000,-999.000000,-999.000000,0.000565,0.000873,0.001369,-999.000000,-999.000000,0.001478,-999.000000,-999.000000,-999.000000,-999.000000,-999.000000,-999.000000,-999.000000,-999.000000,0.002342,-999.000000,-999.000000,0.003246,-999.000000,-999.000000,0.003699,0.004324,0.031312,-999.000000,-999.000000,-999.000000,-999.000000,-999.000000,-999.000000,-999.000000,1.661665,1.527763,1.708336,1.667153,1.341451,-999.000000,lev20,1143,OHP_OBSERVATOIRE,43.935000,5.710000,680.000000,63.872785,2.261981,30.500000,310.247584,0.202913,14:02:2023,9,1.638000,1.018800,0.869300,-999.,-999.,0.674200,-999.,-999.,-999.,-999.,-999.,-999.,-999.,-999.,0.499400,-999.,-999.,0.439800,-999.,-999.,0.379300,0.339700,0.936400,-999.,-999.,-999.,-999.,-999.,-999.,-999.
OHP_OBSERVATOIRE,15:08:2022,16:12:36,227,227.675417,0.020806,0.039392,0.050119,-999.000000,-999.000000,0.074682,-999.000000,-999.000000,-999.000000,-999.000000,-999.000000,-999.000000,-999.000000,-999.000000,0.127095,-999.000000,-999.000000,0.154902,-999.000000,-999.000000,0.194138,0.219302,1.608890,-999.000000,-999.000000,-999.000000,-999.000000,-999.000000,-999.000000,-999.000000,0.000284,0.000271,0.000214,-999.000000,-999.000000,0.000442,-999.000000,-999.000000,-999.000000,-999.000000,-999.000000,-999.000000,-999.000000,-999.000000,0.001048,-999.000000,-999.000000,0.001235,-999.000000,-999.000000,0.001279,0.001343,0.022765,-999.000000,-999.000000,-999.000000,-999.000000,-999.000000,-999.000000,-999.000000,1.673511,1.539632,1.719217,1.681600,1.356111,-999.000000,lev20,1143,OHP_OBSERVATOIRE,43.935000,5.710000,680.000000,64.404164,2.305250,30.300000,310.246809,0.202913,14:02:2023,9,1.638000,1.018800,0.869300,-999.,-999.,0.674200,-999.,-999.,-999.,-999.,-999.,-999.,-999.,-999.,0.499400,-999.,-999.,0.439800,-999.,-999.,0.379300,0.339700,0.936400,-999.,-999.,-999.,-999.,-999.,-999.,-999.
OHP_OBSERVATOIRE,15:08:2022,16:17:36,227,227.678889,0.020676,0.038614,0.049696,-999.000000,-999.000000,0.073781,-999.000000,-999.000000,-999.000000,-999.000000,-999.000000,-999.000000,-999.000000,-999.000000,0.125167,-999.000000,-999.000000,0.152683,-999.000000,-999.000000,0.191352,0.216548,1.579844,-999.000000,-999.000000,-999.000000,-999.000000,-999.000000,-999.000000,-999.000000,0.000282,0.000311,0.000232,-999.000000,-999.000000,0.000232,-999.000000,-999.000000,-999.000000,-999.000000,-999.000000,-999.000000,-999.000000,-999.000000,0.000187,-999.000000,-999.000000,0.000273,-999.000000,-999.000000,0.000446,0.000932,0.019563,-999.000000,-999.000000,-999.000000,-999.000000,-999.000000,-999.000000,-999.000000,1.664093,1.542591,1.712910,1.669345,1.362660,-999.000000,lev20,1143,OHP_OBSERVATOIRE,43.935000,5.710000,680.000000,65.300679,2.382576,30.100000,310.245502,0.202912,14:02:2023,9,1.638000,1.018800,0.869300,-999.,-999.,0.674200,-999.,-999.,-999.,-999.,-999.,-999.,-999.,-999.,0.499400,-999.,-999.,0.439800,-999.,-999.,0.379300,0.339700,0.936400,-999.,-999.,-999.,-999.,-999.,-999.,-999.
OHP_OBSERVATOIRE,15:08:2022,16:20:25,227,227.680845,0.020486,0.039061,0.050169,-999.000000,-999.000000,0.075282,-999.000000,-999.000000,-999.000000,-999.000000,-999.000000,-999.000000,-999.000000,-999.000000,0.128727,-999.000000,-999.000000,0.156913,-999.000000,-999.000000,0.197543,0.223736,1.671340,-999.000000,-999.000000,-999.000000,-999.000000,-999.000000,-999.000000,-999.000000,0.000357,0.000535,0.000721,-999.000000,-999.000000,0.001037,-999.000000,-999.000000,-999.000000,-999.000000,-999.000000,-999.000000,-999.000000,-999.000000,0.002566,-999.000000,-999.000000,0.003330,-999.000000,-999.000000,0.003223,0.003727,0.022969,-999.000000,-999.000000,-999.000000,-999.000000,-999.000000,-999.000000,-999.000000,1.691248,1.556834,1.731470,1.702655,1.383814,-999.000000,lev20,1143,OHP_OBSERVATOIRE,43.935000,5.710000,680.000000,65.806154,2.428756,30.000000,310.244766,0.202912,14:02:2023,9,1.638000,1.018800,0.869300,-999.,-999.,0.674200,-999.,-999.,-999.,-999.,-999.,-999.,-999.,-999.,0.499400,-999.,-999.,0.439800,-999.,-999.,0.379300,0.339700,0.936400,-999.,-999.,-999.,-999.,-999.,-999.,-999.
OHP_OBSERVATOIRE,15:08:2022,16:22:36,227,227.682361,0.020609,0.039213,0.050165,-999.000000,-999.000000,0.075348,-999.000000,-999.000000,-999.000000,-999.000000,-999.000000,-999.000000,-999.000000,-999.000000,0.128387,-999.000000,-999.000000,0.157071,-999.000000,-999.000000,0.196367,0.222369,1.669379,-999.000000,-999.000000,-999.000000,-999.000000,-999.000000,-999.000000,-999.000000,0.000251,0.000608,0.000680,-999.000000,-999.000000,0.001151,-999.000000,-999.000000,-999.000000,-999.000000,-999.000000,-999.000000,-999.000000,-999.000000,0.002079,-999.000000,-999.000000,0.002244,-999.000000,-999.000000,0.003082,0.003117,0.015881,-999.000000,-999.000000,-999.000000,-999.000000,-999.000000,-999.000000,-999.000000,1.690358,1.543792,1.729597,1.697794,1.355113,-999.000000,lev20,1143,OHP_OBSERVATOIRE,43.935000,5.710000,680.000000,66.198154,2.465944,30.000000,310.244196,0.202912,14:02:2023,9,1.638000,1.018800,0.869300,-999.,-999.,0.674200,-999.,-999.,-999.,-999.,-999.,-999.,-999.,-999.,0.499400,-999.,-999.,0.439800,-999.,-999.,0.379300,0.339700,0.936400,-999.,-999.,-999.,-999.,-999.,-999.,-999.
OHP_OBSERVATOIRE,15:08:2022,16:27:36,227,227.685833,0.019636,0.037212,0.048030,-999.000000,-999.000000,0.071966,-999.000000,-999.000000,-999.000000,-999.000000,-999.000000,-999.000000,-999.000000,-999.000000,0.123093,-999.000000,-999.000000,0.150493,-999.000000,-999.000000,0.188912,0.213968,1.624125,-999.000000,-999.000000,-999.000000,-999.000000,-999.000000,-999.000000,-999.000000,0.000013,0.000539,0.000465,-999.000000,-999.000000,0.000520,-999.000000,-999.000000,-999.000000,-999.000000,-999.000000,-999.000000,-999.000000,-999.000000,0.001092,-999.000000,-999.000000,0.001293,-999.000000,-999.000000,0.001476,0.001770,0.018074,-999.000000,-999.000000,-999.000000,-999.000000,-999.000000,-999.000000,-999.000000,1.693057,1.556596,1.737920,1.700590,1.372247,-999.000000,lev20,1143,OHP_OBSERVATOIRE,43.935000,5.710000,680.000000,67.096352,2.556029,29.700000,310.242889,0.202912,14:02:2023,9,1.638000,1.018800,0.869300,-999.,-999.,0.674200,-999.,-999.,-999.,-999.,-999.,-999.,-999.,-999.,0.499400,-999.,-999.,0.439800,-999.,-999.,0.379300,0.339700,0.936400,-999.,-999.,-999.,-999.,-999.,-999.,-999.
OHP_OBSERVATOIRE,15:08:2022,16:31:34,227,227.688588,0.018940,0.036031,0.046622,-999.000000,-999.000000,0.069915,-999.000000,-999.000000,-999.000000,-999.000000,-999.000000,-999.000000,-999.000000,-999.000000,0.120046,-999.000000,-999.000000,0.146613,-999.000000,-999.000000,0.184374,0.208950,1.602854,-999.000000,-999.000000,-999.000000,-999.000000,-999.000000,-999.000000,-999.000000,0.000207,0.000536,0.000451,-999.000000,-999.000000,0.000883,-999.000000,-999.000000,-999.000000,-999.000000,-999.000000,-999.000000,-999.000000,-999.000000,0.001080,-999.000000,-999.000000,0.001467,-999.000000,-999.000000,0.001745,0.001550,0.010987,-999.000000,-999.000000,-999.000000,-999.000000,-999.000000,-999.000000,-999.000000,1.699731,1.559568,1.745589,1.709189,1.381667,-999.000000,lev20,1143,OHP_OBSERVATOIRE,43.935000,5.710000,680.000000,67.809282,2.632789,29.600000,310.241853,0.202911,14:02:2023,9,1.638000,1.018800,0.869300,-999.,-999.,0.674200,-999.,-999.,-999.,-999.,-999.,-999.,-999.,-999.,0.499400,-999.,-999.,0.439800,-999.,-999.,0.379300,0.339700,0.936400,-999.,-999.,-999.,-999.,-999.,-999.,-999.
OHP_OBSERVATOIRE,15:08:2022,16:37:36,227,227.692778,0.018733,0.036105,0.046809,-999.000000,-999.000000,0.070566,-999.000000,-999.000000,-999.000000,-999.000000,-999.000000,-999.000000,-999.000000,-999.000000,0.120906,-999.000000,-999.000000,0.147838,-999.000000,-999.000000,0.185301,0.210023,1.626044,-999.000000,-999.000000,-999.000000,-999.000000,-999.000000,-999.000000,-999.000000,0.000358,0.000416,0.000500,-999.000000,-999.000000,0.000342,-999.000000,-999.000000,-999.000000,-999.000000,-999.000000,-999.000000,-999.000000,-999.000000,0.001243,-999.000000,-999.000000,0.001383,-999.000000,-999.000000,0.001302,0.001443,0.017472,-999.000000,-999.000000,-999.000000,-999.000000,-999.000000,-999.000000,-999.000000,1.704281,1.551464,1.742514,1.714449,1.368738,-999.000000,lev20,1143,OHP_OBSERVATOIRE,43.935000,5.710000,680.000000,68.893984,2.759608,29.400000,310.240276,0.202911,14:02:2023,9,1.638000,1.018800,0.869300,-999.,-999.,0.674200,-999.,-999.,-999.,-999.,-999.,-999.,-999.,-999.,0.499400,-999.,-999.,0.439800,-999.,-999.,0.379300,0.339700,0.936400,-999.,-999.,-999.,-999.,-999.,-999.,-999.
OHP_OBSERVATOIRE,15:08:2022,16:40:59,227,227.695127,0.018511,0.035924,0.046371,-999.000000,-999.000000,0.070143,-999.000000,-999.000000,-999.000000,-999.000000,-999.000000,-999.000000,-999.000000,-999.000000,0.120276,-999.000000,-999.000000,0.147090,-999.000000,-999.000000,0.183954,0.208442,1.668567,-999.000000,-999.000000,-999.000000,-999.000000,-999.000000,-999.000000,-999.000000,0.000387,0.000812,0.000839,-999.000000,-999.000000,0.000990,-999.000000,-999.000000,-999.000000,-999.000000,-999.000000,-999.000000,-999.000000,-999.000000,0.002313,-999.000000,-999.000000,0.002706,-999.000000,-999.000000,0.003308,0.003525,0.023470,-999.000000,-999.000000,-999.000000,-999.000000,-999.000000,-999.000000,-999.000000,1.710337,1.543708,1.744775,1.721876,1.358803,-999.000000,lev20,1143,OHP_OBSERVATOIRE,43.935000,5.710000,680.000000,69.502299,2.836629,29.500000,310.239392,0.202910,14:02:2023,9,1.638000,1.018800,0.869300,-999.,-999.,0.674200,-999.,-999.,-999.,-999.,-999.,-999.,-999.,-999.,0.499400,-999.,-999.,0.439800,-999.,-999.,0.379300,0.339700,0.936400,-999.,-999.,-999.,-999.,-999.,-999.,-999.
OHP_OBSERVATOIRE,15:08:2022,16:47:36,227,227.699722,0.017708,0.034339,0.044115,-999.000000,-999.000000,0.066717,-999.000000,-999.000000,-999.000000,-999.000000,-999.000000,-999.000000,-999.000000,-999.000000,0.114604,-999.000000,-999.000000,0.140278,-999.000000,-999.000000,0.176724,0.200713,1.589782,-999.000000,-999.000000,-999.000000,-999.000000,-999.000000,-999.000000,-999.000000,0.000356,0.000259,0.000359,-999.000000,-999.000000,0.000486,-999.000000,-999.000000,-999.000000,-999.000000,-999.000000,-999.000000,-999.000000,-999.000000,0.001462,-999.000000,-999.000000,0.001570,-999.000000,-999.000000,0.003314,0.004051,0.015225,-999.000000,-999.000000,-999.000000,-999.000000,-999.000000,-999.000000,-999.000000,1.714121,1.574106,1.750959,1.724773,1.396781,-999.000000,lev20,1143,OHP_OBSERVATOIRE,43.935000,5.710000,680.000000,70.691726,3.001240,29.600000,310.237663,0.202910,14:02:2023,9,1.638000,1.018800,0.869300,-999.,-999.,0.674200,-999.,-999.,-999.,-999.,-999.,-999.,-999.,-999.,0.499400,-999.,-999.,0.439800,-999.,-999.,0.379300,0.339700,0.936400,-999.,-999.,-999.,-999.,-999.,-999.,-999.
OHP_OBSERVATOIRE,15:08:2022,16:49:34,227,227.701088,0.022394,0.038595,0.048398,-999.000000,-999.000000,0.070918,-999.000000,-999.000000,-999.000000,-999.000000,-999.000000,-999.000000,-999.000000,-999.000000,0.118745,-999.000000,-999.000000,0.144386,-999.000000,-999.000000,0.180534,0.204473,1.590170,-999.000000,-999.000000,-999.000000,-999.000000,-999.000000,-999.000000,-999.000000,0.001132,0.001266,0.000669,-999.000000,-999.000000,0.000455,-999.000000,-999.000000,-999.000000,-999.000000,-999.000000,-999.000000,-999.000000,-999.000000,0.000746,-999.000000,-999.000000,0.001132,-999.000000,-999.000000,0.001688,0.002070,0.024579,-999.000000,-999.000000,-999.000000,-999.000000,-999.000000,-999.000000,-999.000000,1.620371,1.522627,1.673806,1.622183,1.356275,-999.000000,lev20,1143,OHP_OBSERVATOIRE,43.935000,5.710000,680.000000,71.045196,3.054123,29.700000,310.237149,0.202910,14:02:2023,9,1.638000,1.018800,0.869300,-999.,-999.,0.674200,-999.,-999.,-999.,-999.,-999.,-999.,-999.,-999.,0.499400,-999.,-999.,0.439800,-999.,-999.,0.379300,0.339700,0.936400,-999.,-999.,-999.,-999.,-999.,-999.,-999.
OHP_OBSERVATOIRE,15:08:2022,16:58:58,227,227.707616,0.020107,0.036709,0.047622,-999.000000,-999.000000,0.071376,-999.000000,-999.000000,-999.000000,-999.000000,-999.000000,-999.000000,-999.000000,-999.000000,0.121738,-999.000000,-999.000000,0.147020,-999.000000,-999.000000,0.187818,0.213898,1.588113,-999.000000,-999.000000,-999.000000,-999.000000,-999.000000,-999.000000,-999.000000,0.007323,0.004977,0.008177,-999.000000,-999.000000,0.010009,-999.000000,-999.000000,-999.000000,-999.000000,-999.000000,-999.000000,-999.000000,-999.000000,0.014995,-999.000000,-999.000000,0.012150,-999.000000,-999.000000,0.024292,0.028542,0.096661,-999.000000,-999.000000,-999.000000,-999.000000,-999.000000,-999.000000,-999.000000,1.675009,1.578427,1.707195,1.695858,1.463020,-999.000000,lev20,1143,OHP_OBSERVATOIRE,43.935000,5.710000,680.000000,72.733363,3.336248,29.500000,310.234693,0.202909,14:02:2023,9,1.638000,1.018800,0.869300,-999.,-999.,0.674200,-999.,-999.,-999.,-999.,-999.,-999.,-999.,-999.,0.499400,-999.,-999.,0.439800,-999.,-999.,0.379300,0.339700,0.936400,-999.,-999.,-999.,-999.,-999.,-999.,-999.
OHP_OBSERVATOIRE,15:08:2022,17:08:40,227,227.714352,0.017435,0.034388,0.043959,-999.000000,-999.000000,0.066481,-999.000000,-999.000000,-999.000000,-999.000000,-999.000000,-999.000000,-999.000000,-999.000000,0.114225,-999.000000,-999.000000,0.139860,-999.000000,-999.000000,0.176160,0.200907,1.577470,-999.000000,-999.000000,-999.000000,-999.000000,-999.000000,-999.000000,-999.000000,0.000461,0.000440,0.000419,-999.000000,-999.000000,0.000336,-999.000000,-999.000000,-999.000000,-999.000000,-999.000000,-999.000000,-999.000000,-999.000000,0.000485,-999.000000,-999.000000,0.000575,-999.000000,-999.000000,0.000714,0.000829,0.011499,-999.000000,-999.000000,-999.000000,-999.000000,-999.000000,-999.000000,-999.000000,1.714895,1.574452,1.752146,1.725225,1.411160,-999.000000,lev20,1143,OHP_OBSERVATOIRE,43.935000,5.710000,680.000000,74.471873,3.689707,29.000000,310.232158,0.202908,14:02:2023,9,1.638000,1.018800,0.869300,-999.,-999.,0.674200,-999.,-999.,-999.,-999.,-999.,-999.,-999.,-999.,0.499400,-999.,-999.,0.439800,-999.,-999.,0.379300,0.339700,0.936400,-999.,-999.,-999.,-999.,-999.,-999.,-999.
OHP_OBSERVATOIRE,15:08:2022,17:10:40,227,227.715741,0.017515,0.034359,0.043743,-999.000000,-999.000000,0.065930,-999.000000,-999.000000,-999.000000,-999.000000,-999.000000,-999.000000,-999.000000,-999.000000,0.113066,-999.000000,-999.000000,0.138475,-999.000000,-999.000000,0.174338,0.198936,1.570838,-999.000000,-999.000000,-999.000000,-999.000000,-999.000000,-999.000000,-999.000000,0.000199,0.000115,0.000220,-999.000000,-999.000000,0.000341,-999.000000,-999.000000,-999.000000,-999.000000,-999.000000,-999.000000,-999.000000,-999.000000,0.000529,-999.000000,-999.000000,0.000609,-999.000000,-999.000000,0.000800,0.000720,0.016067,-999.000000,-999.000000,-999.000000,-999.000000,-999.000000,-999.000000,-999.000000,1.707378,1.573687,1.747920,1.715785,1.411336,-999.000000,lev20,1143,OHP_OBSERVATOIRE,43.935000,5.710000,680.000000,74.829724,3.772259,28.900000,310.231635,0.202908,14:02:2023,9,1.638000,1.018800,0.869300,-999.,-999.,0.674200,-999.,-999.,-999.,-999.,-999.,-999.,-999.,-999.,0.499400,-999.,-999.,0.439800,-999.,-999.,0.379300,0.339700,0.936400,-999.,-999.,-999.,-999.,-999.,-999.,-999.
OHP_OBSERVATOIRE,15:08:2022,17:12:38,227,227.717106,0.017557,0.034515,0.043713,-999.000000,-999.000000,0.065829,-999.000000,-999.000000,-999.000000,-999.000000,-999.000000,-999.000000,-999.000000,-999.000000,0.112921,-999.000000,-999.000000,0.138220,-999.000000,-999.000000,0.174183,0.198757,1.566713,-999.000000,-999.000000,-999.000000,-999.000000,-999.000000,-999.000000,-999.000000,0.000146,0.000088,0.000287,-999.000000,-999.000000,0.000305,-999.000000,-999.000000,-999.000000,-999.000000,-999.000000,-999.000000,-999.000000,-999.000000,0.000737,-999.000000,-999.000000,0.000810,-999.000000,-999.000000,0.001681,0.001804,0.020525,-999.000000,-999.000000,-999.000000,-999.000000,-999.000000,-999.000000,-999.000000,1.706066,1.575246,1.747451,1.714758,1.415162,-999.000000,lev20,1143,OHP_OBSERVATOIRE,43.935000,5.710000,680.000000,75.181374,3.857149,28.900000,310.231121,0.202907,14:02:2023,9,1.638000,1.018800,0.869300,-999.,-999.,0.674200,-999.,-999.,-999.,-999.,-999.,-999.,-999.,-999.,0.499400,-999.,-999.,0.439800,-999.,-999.,0.379300,0.339700,0.936400,-999.,-999.,-999.,-999.,-999.,-999.,-999.
OHP_OBSERVATOIRE,15:08:2022,17:14:37,227,227.718484,0.017548,0.034248,0.043287,-999.000000,-999.000000,0.064969,-999.000000,-999.000000,-999.000000,-999.000000,-999.000000,-999.000000,-999.000000,-999.000000,0.110917,-999.000000,-999.000000,0.135742,-999.000000,-999.000000,0.170851,0.195107,1.541246,-999.000000,-999.000000,-999.000000,-999.000000,-999.000000,-999.000000,-999.000000,0.000198,0.000305,0.000424,-999.000000,-999.000000,0.001052,-999.000000,-999.000000,-999.000000,-999.000000,-999.000000,-999.000000,-999.000000,-999.000000,0.002010,-999.000000,-999.000000,0.002304,-999.000000,-999.000000,0.003040,0.003549,0.034485,-999.000000,-999.000000,-999.000000,-999.000000,-999.000000,-999.000000,-999.000000,1.693121,1.570062,1.735125,1.700079,1.413057,-999.000000,lev20,1143,OHP_OBSERVATOIRE,43.935000,5.710000,680.000000,75.535750,3.946736,28.800000,310.230603,0.202907,14:02:2023,9,1.638000,1.018800,0.869300,-999.,-999.,0.674200,-999.,-999.,-999.,-999.,-999.,-999.,-999.,-999.,0.499400,-999.,-999.,0.439800,-999.,-999.,0.379300,0.339700,0.936400,-999.,-999.,-999.,-999.,-999.,-999.,-999.
OHP_OBSERVATOIRE,15:08:2022,17:16:52,227,227.720046,0.016942,0.033211,0.042042,-999.000000,-999.000000,0.063083,-999.000000,-999.000000,-999.000000,-999.000000,-999.000000,-999.000000,-999.000000,-999.000000,0.107764,-999.000000,-999.000000,0.131817,-999.000000,-999.000000,0.166200,0.189863,1.513680,-999.000000,-999.000000,-999.000000,-999.000000,-999.000000,-999.000000,-999.000000,0.000087,0.000195,0.000055,-999.000000,-999.000000,0.000093,-999.000000,-999.000000,-999.000000,-999.000000,-999.000000,-999.000000,-999.000000,-999.000000,0.000382,-999.000000,-999.000000,0.000490,-999.000000,-999.000000,0.000887,0.001140,0.021746,-999.000000,-999.000000,-999.000000,-999.000000,-999.000000,-999.000000,-999.000000,1.693317,1.574741,1.735742,1.700784,1.421369,-999.000000,lev20,1143,OHP_OBSERVATOIRE,43.935000,5.710000,680.000000,75.937443,4.053550,28.700000,310.230015,0.202907,14:02:2023,9,1.638000,1.018800,0.869300,-999.,-999.,0.674200,-999.,-999.,-999.,-999.,-999.,-999.,-999.,-999.,0.499400,-999.,-999.,0.439800,-999.,-999.,0.379300,0.339700,0.936400,-999.,-999.,-999.,-999.,-999.,-999.,-999.
OHP_OBSERVATOIRE,15:08:2022,17:26:42,227,227.726875,0.015212,0.030618,0.038743,-999.000000,-999.000000,0.058323,-999.000000,-999.000000,-999.000000,-999.000000,-999.000000,-999.000000,-999.000000,-999.000000,0.099871,-999.000000,-999.000000,0.122348,-999.000000,-999.000000,0.154435,0.176638,1.445647,-999.000000,-999.000000,-999.000000,-999.000000,-999.000000,-999.000000,-999.000000,0.000530,0.000705,0.001060,-999.000000,-999.000000,0.001606,-999.000000,-999.000000,-999.000000,-999.000000,-999.000000,-999.000000,-999.000000,-999.000000,0.002601,-999.000000,-999.000000,0.003195,-999.000000,-999.000000,0.003875,0.004085,0.030973,-999.000000,-999.000000,-999.000000,-999.000000,-999.000000,-999.000000,-999.000000,1.703455,1.584309,1.744644,1.710896,1.430390,-999.000000,lev20,1143,OHP_OBSERVATOIRE,43.935000,5.710000,680.000000,77.688256,4.596797,28.400000,310.227446,0.202906,14:02:2023,9,1.638000,1.018800,0.869300,-999.,-999.,0.674200,-999.,-999.,-999.,-999.,-999.,-999.,-999.,-999.,0.499400,-999.,-999.,0.439800,-999.,-999.,0.379300,0.339700,0.936400,-999.,-999.,-999.,-999.,-999.,-999.,-999.
OHP_OBSERVATOIRE,15:08:2022,17:32:35,227,227.730961,0.015240,0.030721,0.039261,-999.000000,-999.000000,0.059429,-999.000000,-999.000000,-999.000000,-999.000000,-999.000000,-999.000000,-999.000000,-999.000000,0.102307,-999.000000,-999.000000,0.125172,-999.000000,-999.000000,0.158857,0.182359,1.484226,-999.000000,-999.000000,-999.000000,-999.000000,-999.000000,-999.000000,-999.000000,0.000386,0.000765,0.000874,-999.000000,-999.000000,0.001289,-999.000000,-999.000000,-999.000000,-999.000000,-999.000000,-999.000000,-999.000000,-999.000000,0.002128,-999.000000,-999.000000,0.002657,-999.000000,-999.000000,0.003141,0.004076,0.011500,-999.000000,-999.000000,-999.000000,-999.000000,-999.000000,-999.000000,-999.000000,1.718604,1.599927,1.755593,1.730335,1.465520,-999.000000,lev20,1143,OHP_OBSERVATOIRE,43.935000,5.710000,680.000000,78.731423,4.996187,28.100000,310.225908,0.202906,14:02:2023,9,1.638000,1.018800,0.869300,-999.,-999.,0.674200,-999.,-999.,-999.,-999.,-999.,-999.,-999.,-999.,0.499400,-999.,-999.,0.439800,-999.,-999.,0.379300,0.339700,0.936400,-999.,-999.,-999.,-999.,-999.,-999.,-999.
OHP_OBSERVATOIRE,15:08:2022,17:34:35,227,227.732350,0.015537,0.031418,0.039881,-999.000000,-999.000000,0.060312,-999.000000,-999.000000,-999.000000,-999.000000,-999.000000,-999.000000,-999.000000,-999.000000,0.103693,-999.000000,-999.000000,0.127053,-999.000000,-999.000000,0.160630,0.184259,1.490633,-999.000000,-999.000000,-999.000000,-999.000000,-999.000000,-999.000000,-999.000000,0.000136,0.000056,0.000132,-999.000000,-999.000000,0.000570,-999.000000,-999.000000,-999.000000,-999.000000,-999.000000,-999.000000,-999.000000,-999.000000,0.001316,-999.000000,-999.000000,0.001670,-999.000000,-999.000000,0.002385,0.002901,0.028004,-999.000000,-999.000000,-999.000000,-999.000000,-999.000000,-999.000000,-999.000000,1.716739,1.590902,1.755156,1.726334,1.447443,-999.000000,lev20,1143,OHP_OBSERVATOIRE,43.935000,5.710000,680.000000,79.085174,5.147833,28.200000,310.225386,0.202906,14:02:2023,9,1.638000,1.018800,0.869300,-999.,-999.,0.674200,-999.,-999.,-999.,-999.,-999.,-999.,-999.,-999.,0.499400,-999.,-999.,0.439800,-999.,-999.,0.379300,0.339700,0.936400,-999.,-999.,-999.,-999.,-999.,-999.,-999.
OHP_OBSERVATOIRE,15:08:2022,17:37:36,227,227.734444,0.015173,0.030599,0.038732,-999.000000,-999.000000,0.058437,-999.000000,-999.000000,-999.000000,-999.000000,-999.000000,-999.000000,-999.000000,-999.000000,0.100395,-999.000000,-999.000000,0.122912,-999.000000,-999.000000,0.155714,0.178741,1.475855,-999.000000,-999.000000,-999.000000,-999.000000,-999.000000,-999.000000,-999.000000,0.000171,0.000170,0.000211,-999.000000,-999.000000,0.000245,-999.000000,-999.000000,-999.000000,-999.000000,-999.000000,-999.000000,-999.000000,-999.000000,0.000306,-999.000000,-999.000000,0.000289,-999.000000,-999.000000,0.000611,0.001102,0.017738,-999.000000,-999.000000,-999.000000,-999.000000,-999.000000,-999.000000,-999.000000,1.711445,1.595660,1.751696,1.720871,1.458214,-999.000000,lev20,1143,OHP_OBSERVATOIRE,43.935000,5.710000,680.000000,79.617834,5.394258,28.000000,310.224597,0.202905,14:02:2023,9,1.638000,1.018800,0.869300,-999.,-999.,0.674200,-999.,-999.,-999.,-999.,-999.,-999.,-999.,-999.,0.499400,-999.,-999.,0.439800,-999.,-999.,0.379300,0.339700,0.936400,-999.,-999.,-999.,-999.,-999.,-999.,-999.
OHP_OBSERVATOIRE,15:08:2022,17:39:34,227,227.735810,0.014654,0.029915,0.037820,-999.000000,-999.000000,0.057106,-999.000000,-999.000000,-999.000000,-999.000000,-999.000000,-999.000000,-999.000000,-999.000000,0.098118,-999.000000,-999.000000,0.120239,-999.000000,-999.000000,0.152264,0.175300,1.460405,-999.000000,-999.000000,-999.000000,-999.000000,-999.000000,-999.000000,-999.000000,0.000245,0.000492,0.000651,-999.000000,-999.000000,0.001166,-999.000000,-999.000000,-999.000000,-999.000000,-999.000000,-999.000000,-999.000000,-999.000000,0.001955,-999.000000,-999.000000,0.002623,-999.000000,-999.000000,0.002977,0.003058,0.031762,-999.000000,-999.000000,-999.000000,-999.000000,-999.000000,-999.000000,-999.000000,1.713724,1.597444,1.753808,1.722450,1.467359,-999.000000,lev20,1143,OHP_OBSERVATOIRE,43.935000,5.710000,680.000000,79.964463,5.567575,28.000000,310.224083,0.202905,14:02:2023,9,1.638000,1.018800,0.869300,-999.,-999.,0.674200,-999.,-999.,-999.,-999.,-999.,-999.,-999.,-999.,0.499400,-999.,-999.,0.439800,-999.,-999.,0.379300,0.339700,0.936400,-999.,-999.,-999.,-999.,-999.,-999.,-999.
OHP_OBSERVATOIRE,15:08:2022,17:42:35,227,227.737905,0.013886,0.028753,0.036414,-999.000000,-999.000000,0.055032,-999.000000,-999.000000,-999.000000,-999.000000,-999.000000,-999.000000,-999.000000,-999.000000,0.094684,-999.000000,-999.000000,0.116073,-999.000000,-999.000000,0.147226,0.169414,1.439552,-999.000000,-999.000000,-999.000000,-999.000000,-999.000000,-999.000000,-999.000000,0.000111,0.000312,0.000449,-999.000000,-999.000000,0.000855,-999.000000,-999.000000,-999.000000,-999.000000,-999.000000,-999.000000,-999.000000,-999.000000,0.001666,-999.000000,-999.000000,0.002125,-999.000000,-999.000000,0.002622,0.002692,0.028853,-999.000000,-999.000000,-999.000000,-999.000000,-999.000000,-999.000000,-999.000000,1.717702,1.604748,1.757940,1.726559,1.472034,-999.000000,lev20,1143,OHP_OBSERVATOIRE,43.935000,5.710000,680.000000,80.495120,5.855301,27.800000,310.223295,0.202905,14:02:2023,9,1.638000,1.018800,0.869300,-999.,-999.,0.674200,-999.,-999.,-999.,-999.,-999.,-999.,-999.,-999.,0.499400,-999.,-999.,0.439800,-999.,-999.,0.379300,0.339700,0.936400,-999.,-999.,-999.,-999.,-999.,-999.,-999.
OHP_OBSERVATOIRE,15:08:2022,17:44:34,227,227.739282,0.013246,0.027697,0.034957,-999.000000,-999.000000,0.052682,-999.000000,-999.000000,-999.000000,-999.000000,-999.000000,-999.000000,-999.000000,-999.000000,0.090561,-999.000000,-999.000000,0.110960,-999.000000,-999.000000,0.140758,0.161904,1.407226,-999.000000,-999.000000,-999.000000,-999.000000,-999.000000,-999.000000,-999.000000,0.000563,0.000842,0.000990,-999.000000,-999.000000,0.001596,-999.000000,-999.000000,-999.000000,-999.000000,-999.000000,-999.000000,-999.000000,-999.000000,0.002554,-999.000000,-999.000000,0.003228,-999.000000,-999.000000,0.003725,0.004847,0.042356,-999.000000,-999.000000,-999.000000,-999.000000,-999.000000,-999.000000,-999.000000,1.711854,1.603363,1.754693,1.719992,1.471009,-999.000000,lev20,1143,OHP_OBSERVATOIRE,43.935000,5.710000,680.000000,80.843275,6.060524,27.700000,310.222777,0.202905,14:02:2023,9,1.638000,1.018800,0.869300,-999.,-999.,0.674200,-999.,-999.,-999.,-999.,-999.,-999.,-999.,-999.,0.499400,-999.,-999.,0.439800,-999.,-999.,0.379300,0.339700,0.936400,-999.,-999.,-999.,-999.,-999.,-999.,-999.
OHP_OBSERVATOIRE,15:08:2022,17:47:36,227,227.741389,0.012249,0.026095,0.033021,-999.000000,-999.000000,0.049845,-999.000000,-999.000000,-999.000000,-999.000000,-999.000000,-999.000000,-999.000000,-999.000000,0.085746,-999.000000,-999.000000,0.105123,-999.000000,-999.000000,0.133695,0.154396,1.348725,-999.000000,-999.000000,-999.000000,-999.000000,-999.000000,-999.000000,-999.000000,0.000343,0.000403,0.000442,-999.000000,-999.000000,0.000836,-999.000000,-999.000000,-999.000000,-999.000000,-999.000000,-999.000000,-999.000000,-999.000000,0.001608,-999.000000,-999.000000,0.002009,-999.000000,-999.000000,0.002416,0.003518,0.039016,-999.000000,-999.000000,-999.000000,-999.000000,-999.000000,-999.000000,-999.000000,1.715915,1.614970,1.757650,1.724174,1.495951,-999.000000,lev20,1143,OHP_OBSERVATOIRE,43.935000,5.710000,680.000000,81.374541,6.402376,27.500000,310.221984,0.202904,14:02:2023,9,1.638000,1.018800,0.869300,-999.,-999.,0.674200,-999.,-999.,-999.,-999.,-999.,-999.,-999.,-999.,0.499400,-999.,-999.,0.439800,-999.,-999.,0.379300,0.339700,0.936400,-999.,-999.,-999.,-999.,-999.,-999.,-999.
OHP_OBSERVATOIRE,15:08:2022,17:49:35,227,227.742766,0.012167,0.025908,0.032759,-999.000000,-999.000000,0.049363,-999.000000,-999.000000,-999.000000,-999.000000,-999.000000,-999.000000,-999.000000,-999.000000,0.084968,-999.000000,-999.000000,0.104025,-999.000000,-999.000000,0.132638,0.153205,1.331595,-999.000000,-999.000000,-999.000000,-999.000000,-999.000000,-999.000000,-999.000000,0.000097,0.000171,0.000032,-999.000000,-999.000000,0.000181,-999.000000,-999.000000,-999.000000,-999.000000,-999.000000,-999.000000,-999.000000,-999.000000,0.000459,-999.000000,-999.000000,0.000574,-999.000000,-999.000000,0.001180,0.002319,0.029060,-999.000000,-999.000000,-999.000000,-999.000000,-999.000000,-999.000000,-999.000000,1.713134,1.619608,1.756518,1.722230,1.506987,-999.000000,lev20,1143,OHP_OBSERVATOIRE,43.935000,5.710000,680.000000,81.721063,6.646412,27.500000,310.221466,0.202904,14:02:2023,9,1.638000,1.018800,0.869300,-999.,-999.,0.674200,-999.,-999.,-999.,-999.,-999.,-999.,-999.,-999.,0.499400,-999.,-999.,0.439800,-999.,-999.,0.379300,0.339700,0.936400,-999.,-999.,-999.,-999.,-999.,-999.,-999.
OHP_OBSERVATOIRE,16:08:2022,05:37:25,228,228.234317,0.028894,0.053641,0.066531,-999.000000,-999.000000,0.097890,-999.000000,-999.000000,-999.000000,-999.000000,-999.000000,-999.000000,-999.000000,-999.000000,0.161206,-999.000000,-999.000000,0.195072,-999.000000,-999.000000,0.238894,0.271986,1.881314,-999.000000,-999.000000,-999.000000,-999.000000,-999.000000,-999.000000,-999.000000,0.000408,0.000601,0.000780,-999.000000,-999.000000,0.001289,-999.000000,-999.000000,-999.000000,-999.000000,-999.000000,-999.000000,-999.000000,-999.000000,0.002380,-999.000000,-999.000000,0.002602,-999.000000,-999.000000,0.003647,0.004841,0.029246,-999.000000,-999.000000,-999.000000,-999.000000,-999.000000,-999.000000,-999.000000,1.591515,1.428255,1.622686,1.598649,1.291593,-999.000000,lev20,1143,OHP_OBSERVATOIRE,43.935000,5.710000,680.000000,81.146884,6.251369,18.000000,310.034453,0.203119,14:02:2023,9,1.638000,1.018800,0.869300,-999.,-999.,0.674200,-999.,-999.,-999.,-999.,-999.,-999.,-999.,-999.,0.499400,-999.,-999.,0.439800,-999.,-999.,0.379300,0.339700,0.936400,-999.,-999.,-999.,-999.,-999.,-999.,-999.
OHP_OBSERVATOIRE,16:08:2022,05:39:22,228,228.235671,0.029645,0.055210,0.068490,-999.000000,-999.000000,0.101223,-999.000000,-999.000000,-999.000000,-999.000000,-999.000000,-999.000000,-999.000000,-999.000000,0.166838,-999.000000,-999.000000,0.201576,-999.000000,-999.000000,0.246935,0.281024,1.889077,-999.000000,-999.000000,-999.000000,-999.000000,-999.000000,-999.000000,-999.000000,0.000547,0.001034,0.001841,-999.000000,-999.000000,0.003054,-999.000000,-999.000000,-999.000000,-999.000000,-999.000000,-999.000000,-999.000000,-999.000000,0.005362,-999.000000,-999.000000,0.006364,-999.000000,-999.000000,0.007803,0.007709,0.040947,-999.000000,-999.000000,-999.000000,-999.000000,-999.000000,-999.000000,-999.000000,1.597234,1.423944,1.621875,1.608047,1.291283,-999.000000,lev20,1143,OHP_OBSERVATOIRE,43.935000,5.710000,680.000000,80.805449,6.037545,18.300000,310.033941,0.203120,14:02:2023,9,1.638000,1.018800,0.869300,-999.,-999.,0.674200,-999.,-999.,-999.,-999.,-999.,-999.,-999.,-999.,0.499400,-999.,-999.,0.439800,-999.,-999.,0.379300,0.339700,0.936400,-999.,-999.,-999.,-999.,-999.,-999.,-999.
OHP_OBSERVATOIRE,16:08:2022,05:41:54,228,228.237431,0.031058,0.058082,0.072161,-999.000000,-999.000000,0.106943,-999.000000,-999.000000,-999.000000,-999.000000,-999.000000,-999.000000,-999.000000,-999.000000,0.176122,-999.000000,-999.000000,0.212715,-999.000000,-999.000000,0.260010,0.294976,1.915980,-999.000000,-999.000000,-999.000000,-999.000000,-999.000000,-999.000000,-999.000000,0.000569,0.001045,0.001436,-999.000000,-999.000000,0.002007,-999.000000,-999.000000,-999.000000,-999.000000,-999.000000,-999.000000,-999.000000,-999.000000,0.003511,-999.000000,-999.000000,0.004199,-999.000000,-999.000000,0.005055,0.005651,0.040073,-999.000000,-999.000000,-999.000000,-999.000000,-999.000000,-999.000000,-999.000000,1.599055,1.414493,1.619120,1.611361,1.270968,-999.000000,lev20,1143,OHP_OBSERVATOIRE,43.935000,5.710000,680.000000,80.361003,5.779849,18.500000,310.033276,0.203120,14:02:2023,9,1.638000,1.018800,0.869300,-999.,-999.,0.674200,-999.,-999.,-999.,-999.,-999.,-999.,-999.,-999.,0.499400,-999.,-999.,0.439800,-999.,-999.,0.379300,0.339700,0.936400,-999.,-999.,-999.,-999.,-999.,-999.,-999.
OHP_OBSERVATOIRE,16:08:2022,05:46:54,228,228.240903,0.043197,0.069831,0.084603,-999.000000,-999.000000,0.120415,-999.000000,-999.000000,-999.000000,-999.000000,-999.000000,-999.000000,-999.000000,-999.000000,0.191736,-999.000000,-999.000000,0.229402,-999.000000,-999.000000,0.277974,0.313880,1.958896,-999.000000,-999.000000,-999.000000,-999.000000,-999.000000,-999.000000,-999.000000,0.006273,0.004976,0.005543,-999.000000,-999.000000,0.005519,-999.000000,-999.000000,-999.000000,-999.000000,-999.000000,-999.000000,-999.000000,-999.000000,0.004766,-999.000000,-999.000000,0.003947,-999.000000,-999.000000,0.004211,0.004394,0.050619,-999.000000,-999.000000,-999.000000,-999.000000,-999.000000,-999.000000,-999.000000,1.476351,1.348749,1.516139,1.478270,1.218664,-999.000000,lev20,1143,OHP_OBSERVATOIRE,43.935000,5.710000,680.000000,79.481159,5.328822,18.800000,310.031964,0.203120,14:02:2023,9,1.638000,1.018800,0.869300,-999.,-999.,0.674200,-999.,-999.,-999.,-999.,-999.,-999.,-999.,-999.,0.499400,-999.,-999.,0.439800,-999.,-999.,0.379300,0.339700,0.936400,-999.,-999.,-999.,-999.,-999.,-999.,-999.
OHP_OBSERVATOIRE,16:08:2022,05:57:25,228,228.248206,0.030371,0.055863,0.068914,-999.000000,-999.000000,0.101238,-999.000000,-999.000000,-999.000000,-999.000000,-999.000000,-999.000000,-999.000000,-999.000000,0.166047,-999.000000,-999.000000,0.200652,-999.000000,-999.000000,0.244720,0.276987,1.922520,-999.000000,-999.000000,-999.000000,-999.000000,-999.000000,-999.000000,-999.000000,0.000186,0.000674,0.000644,-999.000000,-999.000000,0.000976,-999.000000,-999.000000,-999.000000,-999.000000,-999.000000,-999.000000,-999.000000,-999.000000,0.001640,-999.000000,-999.000000,0.002120,-999.000000,-999.000000,0.001947,0.002003,0.015209,-999.000000,-999.000000,-999.000000,-999.000000,-999.000000,-999.000000,-999.000000,1.580872,1.408072,1.609847,1.588435,1.253516,-999.000000,lev20,1143,OHP_OBSERVATOIRE,43.935000,5.710000,680.000000,77.620783,4.573155,19.500000,310.029204,0.203121,14:02:2023,9,1.638000,1.018800,0.869300,-999.,-999.,0.674200,-999.,-999.,-999.,-999.,-999.,-999.,-999.,-999.,0.499400,-999.,-999.,0.439800,-999.,-999.,0.379300,0.339700,0.936400,-999.,-999.,-999.,-999.,-999.,-999.,-999.
OHP_OBSERVATOIRE,16:08:2022,06:00:10,228,228.250116,0.031802,0.058566,0.072551,-999.000000,-999.000000,0.106807,-999.000000,-999.000000,-999.000000,-999.000000,-999.000000,-999.000000,-999.000000,-999.000000,0.175553,-999.000000,-999.000000,0.211418,-999.000000,-999.000000,0.258289,0.291691,1.946963,-999.000000,-999.000000,-999.000000,-999.000000,-999.000000,-999.000000,-999.000000,0.001339,0.003190,0.003423,-999.000000,-999.000000,0.005769,-999.000000,-999.000000,-999.000000,-999.000000,-999.000000,-999.000000,-999.000000,-999.000000,0.008990,-999.000000,-999.000000,0.010188,-999.000000,-999.000000,0.011877,0.011600,0.047093,-999.000000,-999.000000,-999.000000,-999.000000,-999.000000,-999.000000,-999.000000,1.583638,1.402348,1.608647,1.596071,1.252192,-999.000000,lev20,1143,OHP_OBSERVATOIRE,43.935000,5.710000,680.000000,77.132460,4.409073,19.700000,310.028482,0.203121,14:02:2023,9,1.638000,1.018800,0.869300,-999.,-999.,0.674200,-999.,-999.,-999.,-999.,-999.,-999.,-999.,-999.,0.499400,-999.,-999.,0.439800,-999.,-999.,0.379300,0.339700,0.936400,-999.,-999.,-999.,-999.,-999.,-999.,-999.
OHP_OBSERVATOIRE,16:08:2022,06:02:25,228,228.251678,0.032904,0.060994,0.075738,-999.000000,-999.000000,0.111674,-999.000000,-999.000000,-999.000000,-999.000000,-999.000000,-999.000000,-999.000000,-999.000000,0.183054,-999.000000,-999.000000,0.220332,-999.000000,-999.000000,0.267776,0.301574,1.961620,-999.000000,-999.000000,-999.000000,-999.000000,-999.000000,-999.000000,-999.000000,0.000566,0.001008,0.001345,-999.000000,-999.000000,0.002408,-999.000000,-999.000000,-999.000000,-999.000000,-999.000000,-999.000000,-999.000000,-999.000000,0.004530,-999.000000,-999.000000,0.005020,-999.000000,-999.000000,0.006776,0.007653,0.037608,-999.000000,-999.000000,-999.000000,-999.000000,-999.000000,-999.000000,-999.000000,1.580381,1.380998,1.600761,1.593789,1.221043,-999.000000,lev20,1143,OHP_OBSERVATOIRE,43.935000,5.710000,680.000000,76.732428,4.283241,19.800000,310.027891,0.203121,14:02:2023,9,1.638000,1.018800,0.869300,-999.,-999.,0.674200,-999.,-999.,-999.,-999.,-999.,-999.,-999.,-999.,0.499400,-999.,-999.,0.439800,-999.,-999.,0.379300,0.339700,0.936400,-999.,-999.,-999.,-999.,-999.,-999.,-999.
OHP_OBSERVATOIRE,16:08:2022,06:07:25,228,228.255150,0.032352,0.059680,0.074333,-999.000000,-999.000000,0.109687,-999.000000,-999.000000,-999.000000,-999.000000,-999.000000,-999.000000,-999.000000,-999.000000,0.180070,-999.000000,-999.000000,0.217396,-999.000000,-999.000000,0.264007,0.297560,1.969550,-999.000000,-999.000000,-999.000000,-999.000000,-999.000000,-999.000000,-999.000000,0.001171,0.002462,0.002328,-999.000000,-999.000000,0.003278,-999.000000,-999.000000,-999.000000,-999.000000,-999.000000,-999.000000,-999.000000,-999.000000,0.004548,-999.000000,-999.000000,0.005222,-999.000000,-999.000000,0.003896,0.003645,0.012899,-999.000000,-999.000000,-999.000000,-999.000000,-999.000000,-999.000000,-999.000000,1.587361,1.388841,1.610381,1.597936,1.220816,-999.000000,lev20,1143,OHP_OBSERVATOIRE,43.935000,5.710000,680.000000,75.842018,4.027647,19.800000,310.026579,0.203121,14:02:2023,9,1.638000,1.018800,0.869300,-999.,-999.,0.674200,-999.,-999.,-999.,-999.,-999.,-999.,-999.,-999.,0.499400,-999.,-999.,0.439800,-999.,-999.,0.379300,0.339700,0.936400,-999.,-999.,-999.,-999.,-999.,-999.,-999.
OHP_OBSERVATOIRE,16:08:2022,06:09:23,228,228.256516,0.031300,0.057788,0.071606,-999.000000,-999.000000,0.105740,-999.000000,-999.000000,-999.000000,-999.000000,-999.000000,-999.000000,-999.000000,-999.000000,0.173741,-999.000000,-999.000000,0.210140,-999.000000,-999.000000,0.255307,0.287973,1.965536,-999.000000,-999.000000,-999.000000,-999.000000,-999.000000,-999.000000,-999.000000,0.001040,0.001912,0.002205,-999.000000,-999.000000,0.003361,-999.000000,-999.000000,-999.000000,-999.000000,-999.000000,-999.000000,-999.000000,-999.000000,0.005123,-999.000000,-999.000000,0.005835,-999.000000,-999.000000,0.006373,0.007253,0.003716,-999.000000,-999.000000,-999.000000,-999.000000,-999.000000,-999.000000,-999.000000,1.591863,1.396952,1.616072,1.600834,1.225376,-999.000000,lev20,1143,OHP_OBSERVATOIRE,43.935000,5.710000,680.000000,75.491289,3.935264,20.000000,310.026063,0.203122,14:02:2023,9,1.638000,1.018800,0.869300,-999.,-999.,0.674200,-999.,-999.,-999.,-999.,-999.,-999.,-999.,-999.,0.499400,-999.,-999.,0.439800,-999.,-999.,0.379300,0.339700,0.936400,-999.,-999.,-999.,-999.,-999.,-999.,-999.
OHP_OBSERVATOIRE,16:08:2022,06:19:01,228,228.263206,0.028867,0.053836,0.066637,-999.000000,-999.000000,0.098458,-999.000000,-999.000000,-999.000000,-999.000000,-999.000000,-999.000000,-999.000000,-999.000000,0.162911,-999.000000,-999.000000,0.197324,-999.000000,-999.000000,0.240938,0.272016,1.953168,-999.000000,-999.000000,-999.000000,-999.000000,-999.000000,-999.000000,-999.000000,0.000594,0.000609,0.000647,-999.000000,-999.000000,0.000545,-999.000000,-999.000000,-999.000000,-999.000000,-999.000000,-999.000000,-999.000000,-999.000000,0.000329,-999.000000,-999.000000,0.000381,-999.000000,-999.000000,0.000295,0.000762,0.015934,-999.000000,-999.000000,-999.000000,-999.000000,-999.000000,-999.000000,-999.000000,1.606390,1.420640,1.636443,1.614755,1.248900,-999.000000,lev20,1143,OHP_OBSERVATOIRE,43.935000,5.710000,680.000000,73.769891,3.538072,20.500000,310.023534,0.203122,14:02:2023,9,1.638000,1.018800,0.869300,-999.,-999.,0.674200,-999.,-999.,-999.,-999.,-999.,-999.,-999.,-999.,0.499400,-999.,-999.,0.439800,-999.,-999.,0.379300,0.339700,0.936400,-999.,-999.,-999.,-999.,-999.,-999.,-999.
OHP_OBSERVATOIRE,16:08:2022,06:20:59,228,228.264572,0.028691,0.053296,0.065911,-999.000000,-999.000000,0.097146,-999.000000,-999.000000,-999.000000,-999.000000,-999.000000,-999.000000,-999.000000,-999.000000,0.160797,-999.000000,-999.000000,0.194658,-999.000000,-999.000000,0.237189,0.267681,1.944554,-999.000000,-999.000000,-999.000000,-999.000000,-999.000000,-999.000000,-999.000000,0.000498,0.000086,0.000834,-999.000000,-999.000000,0.000584,-999.000000,-999.000000,-999.000000,-999.000000,-999.000000,-999.000000,-999.000000,-999.000000,0.000872,-999.000000,-999.000000,0.001434,-999.000000,-999.000000,0.001239,0.001734,0.009800,-999.000000,-999.000000,-999.000000,-999.000000,-999.000000,-999.000000,-999.000000,1.603138,1.410982,1.636285,1.611080,1.239108,-999.000000,lev20,1143,OHP_OBSERVATOIRE,43.935000,5.710000,680.000000,73.417871,3.466757,20.600000,310.023018,0.203122,14:02:2023,9,1.638000,1.018800,0.869300,-999.,-999.,0.674200,-999.,-999.,-999.,-999.,-999.,-999.,-999.,-999.,0.499400,-999.,-999.,0.439800,-999.,-999.,0.379300,0.339700,0.936400,-999.,-999.,-999.,-999.,-999.,-999.,-999.
OHP_OBSERVATOIRE,16:08:2022,06:23:57,228,228.266632,0.028589,0.052996,0.065795,-999.000000,-999.000000,0.097191,-999.000000,-999.000000,-999.000000,-999.000000,-999.000000,-999.000000,-999.000000,-999.000000,0.160810,-999.000000,-999.000000,0.194654,-999.000000,-999.000000,0.238179,0.268919,1.963203,-999.000000,-999.000000,-999.000000,-999.000000,-999.000000,-999.000000,-999.000000,0.000312,0.001032,0.001106,-999.000000,-999.000000,0.002046,-999.000000,-999.000000,-999.000000,-999.000000,-999.000000,-999.000000,-999.000000,-999.000000,0.003759,-999.000000,-999.000000,0.003815,-999.000000,-999.000000,0.004975,0.005089,0.031378,-999.000000,-999.000000,-999.000000,-999.000000,-999.000000,-999.000000,-999.000000,1.605307,1.426198,1.635135,1.614268,1.257627,-999.000000,lev20,1143,OHP_OBSERVATOIRE,43.935000,5.710000,680.000000,72.886548,3.364564,20.600000,310.022239,0.203123,14:02:2023,9,1.638000,1.018800,0.869300,-999.,-999.,0.674200,-999.,-999.,-999.,-999.,-999.,-999.,-999.,-999.,0.499400,-999.,-999.,0.439800,-999.,-999.,0.379300,0.339700,0.936400,-999.,-999.,-999.,-999.,-999.,-999.,-999.
OHP_OBSERVATOIRE,16:08:2022,06:27:25,228,228.269039,0.028974,0.053594,0.066347,-999.000000,-999.000000,0.097990,-999.000000,-999.000000,-999.000000,-999.000000,-999.000000,-999.000000,-999.000000,-999.000000,0.162309,-999.000000,-999.000000,0.196661,-999.000000,-999.000000,0.239659,0.270379,1.965023,-999.000000,-999.000000,-999.000000,-999.000000,-999.000000,-999.000000,-999.000000,0.000070,0.000588,0.000910,-999.000000,-999.000000,0.001921,-999.000000,-999.000000,-999.000000,-999.000000,-999.000000,-999.000000,-999.000000,-999.000000,0.002799,-999.000000,-999.000000,0.003859,-999.000000,-999.000000,0.003402,0.004096,0.004603,-999.000000,-999.000000,-999.000000,-999.000000,-999.000000,-999.000000,-999.000000,1.608074,1.414536,1.639760,1.616010,1.238401,-999.000000,lev20,1143,OHP_OBSERVATOIRE,43.935000,5.710000,680.000000,72.265263,3.252706,20.700000,310.021330,0.203123,14:02:2023,9,1.638000,1.018800,0.869300,-999.,-999.,0.674200,-999.,-999.,-999.,-999.,-999.,-999.,-999.,-999.,0.499400,-999.,-999.,0.439800,-999.,-999.,0.379300,0.339700,0.936400,-999.,-999.,-999.,-999.,-999.,-999.,-999.
OHP_OBSERVATOIRE,16:08:2022,06:30:06,228,228.270903,0.029746,0.054428,0.067552,-999.000000,-999.000000,0.099343,-999.000000,-999.000000,-999.000000,-999.000000,-999.000000,-999.000000,-999.000000,-999.000000,0.164229,-999.000000,-999.000000,0.198828,-999.000000,-999.000000,0.242535,0.273225,1.964505,-999.000000,-999.000000,-999.000000,-999.000000,-999.000000,-999.000000,-999.000000,0.000681,0.000647,0.001314,-999.000000,-999.000000,0.001338,-999.000000,-999.000000,-999.000000,-999.000000,-999.000000,-999.000000,-999.000000,-999.000000,0.002026,-999.000000,-999.000000,0.002310,-999.000000,-999.000000,0.002414,0.001951,0.022972,-999.000000,-999.000000,-999.000000,-999.000000,-999.000000,-999.000000,-999.000000,1.598108,1.415332,1.633316,1.604883,1.236958,-999.000000,lev20,1143,OHP_OBSERVATOIRE,43.935000,5.710000,680.000000,71.784107,3.171249,20.900000,310.020625,0.203123,14:02:2023,9,1.638000,1.018800,0.869300,-999.,-999.,0.674200,-999.,-999.,-999.,-999.,-999.,-999.,-999.,-999.,0.499400,-999.,-999.,0.439800,-999.,-999.,0.379300,0.339700,0.936400,-999.,-999.,-999.,-999.,-999.,-999.,-999.
OHP_OBSERVATOIRE,16:08:2022,06:32:25,228,228.272512,0.029564,0.054578,0.067806,-999.000000,-999.000000,0.100169,-999.000000,-999.000000,-999.000000,-999.000000,-999.000000,-999.000000,-999.000000,-999.000000,0.165665,-999.000000,-999.000000,0.200379,-999.000000,-999.000000,0.244272,0.275262,1.975144,-999.000000,-999.000000,-999.000000,-999.000000,-999.000000,-999.000000,-999.000000,0.000349,0.000463,0.000402,-999.000000,-999.000000,0.000566,-999.000000,-999.000000,-999.000000,-999.000000,-999.000000,-999.000000,-999.000000,-999.000000,0.000994,-999.000000,-999.000000,0.001853,-999.000000,-999.000000,0.001362,0.001765,0.004774,-999.000000,-999.000000,-999.000000,-999.000000,-999.000000,-999.000000,-999.000000,1.603817,1.409651,1.632588,1.613598,1.235475,-999.000000,lev20,1143,OHP_OBSERVATOIRE,43.935000,5.710000,680.000000,71.368548,3.104245,21.000000,310.020017,0.203123,14:02:2023,9,1.638000,1.018800,0.869300,-999.,-999.,0.674200,-999.,-999.,-999.,-999.,-999.,-999.,-999.,-999.,0.499400,-999.,-999.,0.439800,-999.,-999.,0.379300,0.339700,0.936400,-999.,-999.,-999.,-999.,-999.,-999.,-999.
OHP_OBSERVATOIRE,16:08:2022,06:37:07,228,228.275775,0.035602,0.061127,0.074716,-999.000000,-999.000000,0.107781,-999.000000,-999.000000,-999.000000,-999.000000,-999.000000,-999.000000,-999.000000,-999.000000,0.174339,-999.000000,-999.000000,0.210225,-999.000000,-999.000000,0.254097,0.285215,1.974597,-999.000000,-999.000000,-999.000000,-999.000000,-999.000000,-999.000000,-999.000000,0.005190,0.004761,0.005160,-999.000000,-999.000000,0.005215,-999.000000,-999.000000,-999.000000,-999.000000,-999.000000,-999.000000,-999.000000,-999.000000,0.005880,-999.000000,-999.000000,0.005640,-999.000000,-999.000000,0.006368,0.006707,0.018464,-999.000000,-999.000000,-999.000000,-999.000000,-999.000000,-999.000000,-999.000000,1.530161,1.367064,1.570747,1.530852,1.186754,-999.000000,lev20,1143,OHP_OBSERVATOIRE,43.935000,5.710000,680.000000,70.525182,2.976984,21.000000,310.018784,0.203123,14:02:2023,9,1.638000,1.018800,0.869300,-999.,-999.,0.674200,-999.,-999.,-999.,-999.,-999.,-999.,-999.,-999.,0.499400,-999.,-999.,0.439800,-999.,-999.,0.379300,0.339700,0.936400,-999.,-999.,-999.,-999.,-999.,-999.,-999.
OHP_OBSERVATOIRE,16:08:2022,06:46:28,228,228.282269,0.029560,0.054750,0.068152,-999.000000,-999.000000,0.100297,-999.000000,-999.000000,-999.000000,-999.000000,-999.000000,-999.000000,-999.000000,-999.000000,0.166492,-999.000000,-999.000000,0.201643,-999.000000,-999.000000,0.245864,0.276549,1.965969,-999.000000,-999.000000,-999.000000,-999.000000,-999.000000,-999.000000,-999.000000,0.000680,0.000143,0.000240,-999.000000,-999.000000,0.000030,-999.000000,-999.000000,-999.000000,-999.000000,-999.000000,-999.000000,-999.000000,-999.000000,0.000136,-999.000000,-999.000000,0.000263,-999.000000,-999.000000,0.000782,0.000898,0.012203,-999.000000,-999.000000,-999.000000,-999.000000,-999.000000,-999.000000,-999.000000,1.606674,1.415054,1.644416,1.613788,1.229627,-999.000000,lev20,1143,OHP_OBSERVATOIRE,43.935000,5.710000,680.000000,68.846993,2.753843,21.700000,310.016330,0.203124,14:02:2023,9,1.638000,1.018800,0.869300,-999.,-999.,0.674200,-999.,-999.,-999.,-999.,-999.,-999.,-999.,-999.,0.499400,-999.,-999.,0.439800,-999.,-999.,0.379300,0.339700,0.936400,-999.,-999.,-999.,-999.,-999.,-999.,-999.
OHP_OBSERVATOIRE,16:08:2022,06:56:10,228,228.289005,0.031330,0.057929,0.072214,-999.000000,-999.000000,0.107048,-999.000000,-999.000000,-999.000000,-999.000000,-999.000000,-999.000000,-999.000000,-999.000000,0.176755,-999.000000,-999.000000,0.213807,-999.000000,-999.000000,0.260456,0.292644,1.985049,-999.000000,-999.000000,-999.000000,-999.000000,-999.000000,-999.000000,-999.000000,0.000594,0.001093,0.001041,-999.000000,-999.000000,0.001776,-999.000000,-999.000000,-999.000000,-999.000000,-999.000000,-999.000000,-999.000000,-999.000000,0.001493,-999.000000,-999.000000,0.002598,-999.000000,-999.000000,0.002599,0.003108,0.011050,-999.000000,-999.000000,-999.000000,-999.000000,-999.000000,-999.000000,-999.000000,1.605611,1.407245,1.628634,1.616612,1.221947,-999.000000,lev20,1143,OHP_OBSERVATOIRE,43.935000,5.710000,680.000000,67.106394,2.557076,22.100000,310.013784,0.203125,14:02:2023,9,1.638000,1.018800,0.869300,-999.,-999.,0.674200,-999.,-999.,-999.,-999.,-999.,-999.,-999.,-999.,0.499400,-999.,-999.,0.439800,-999.,-999.,0.379300,0.339700,0.936400,-999.,-999.,-999.,-999.,-999.,-999.,-999.
OHP_OBSERVATOIRE,16:08:2022,06:58:09,228,228.290382,0.031579,0.058731,0.073526,-999.000000,-999.000000,0.108740,-999.000000,-999.000000,-999.000000,-999.000000,-999.000000,-999.000000,-999.000000,-999.000000,0.179210,-999.000000,-999.000000,0.216837,-999.000000,-999.000000,0.263064,0.295333,1.983759,-999.000000,-999.000000,-999.000000,-999.000000,-999.000000,-999.000000,-999.000000,0.000322,0.000389,0.001104,-999.000000,-999.000000,0.001071,-999.000000,-999.000000,-999.000000,-999.000000,-999.000000,-999.000000,-999.000000,-999.000000,0.000366,-999.000000,-999.000000,0.000937,-999.000000,-999.000000,0.000759,0.000925,0.004961,-999.000000,-999.000000,-999.000000,-999.000000,-999.000000,-999.000000,-999.000000,1.599546,1.392946,1.624408,1.609052,1.202385,-999.000000,lev20,1143,OHP_OBSERVATOIRE,43.935000,5.710000,680.000000,66.750701,2.520526,22.200000,310.013263,0.203125,14:02:2023,9,1.638000,1.018800,0.869300,-999.,-999.,0.674200,-999.,-999.,-999.,-999.,-999.,-999.,-999.,-999.,0.499400,-999.,-999.,0.439800,-999.,-999.,0.379300,0.339700,0.936400,-999.,-999.,-999.,-999.,-999.,-999.,-999.
OHP_OBSERVATOIRE,16:08:2022,07:02:25,228,228.293345,0.033309,0.059119,0.074174,-999.000000,-999.000000,0.108190,-999.000000,-999.000000,-999.000000,-999.000000,-999.000000,-999.000000,-999.000000,-999.000000,0.178245,-999.000000,-999.000000,0.214918,-999.000000,-999.000000,0.261634,0.292971,1.980714,-999.000000,-999.000000,-999.000000,-999.000000,-999.000000,-999.000000,-999.000000,0.007145,0.006360,0.006976,-999.000000,-999.000000,0.007376,-999.000000,-999.000000,-999.000000,-999.000000,-999.000000,-999.000000,-999.000000,-999.000000,0.007617,-999.000000,-999.000000,0.008076,-999.000000,-999.000000,0.008605,0.007510,0.039372,-999.000000,-999.000000,-999.000000,-999.000000,-999.000000,-999.000000,-999.000000,1.576789,1.393392,1.616867,1.584202,1.206828,-999.000000,lev20,1143,OHP_OBSERVATOIRE,43.935000,5.710000,680.000000,65.985880,2.445652,22.100000,310.012143,0.203125,14:02:2023,9,1.638000,1.018800,0.869300,-999.,-999.,0.674200,-999.,-999.,-999.,-999.,-999.,-999.,-999.,-999.,0.499400,-999.,-999.,0.439800,-999.,-999.,0.379300,0.339700,0.936400,-999.,-999.,-999.,-999.,-999.,-999.,-999.
OHP_OBSERVATOIRE,16:08:2022,07:05:45,228,228.295660,0.033717,0.060255,0.074720,-999.000000,-999.000000,0.109379,-999.000000,-999.000000,-999.000000,-999.000000,-999.000000,-999.000000,-999.000000,-999.000000,0.178948,-999.000000,-999.000000,0.215903,-999.000000,-999.000000,0.261681,0.293170,1.975386,-999.000000,-999.000000,-999.000000,-999.000000,-999.000000,-999.000000,-999.000000,0.007273,0.007139,0.006928,-999.000000,-999.000000,0.007477,-999.000000,-999.000000,-999.000000,-999.000000,-999.000000,-999.000000,-999.000000,-999.000000,0.005852,-999.000000,-999.000000,0.006355,-999.000000,-999.000000,0.005228,0.004658,0.023454,-999.000000,-999.000000,-999.000000,-999.000000,-999.000000,-999.000000,-999.000000,1.570062,1.379284,1.600473,1.577583,1.190938,-999.000000,lev20,1143,OHP_OBSERVATOIRE,43.935000,5.710000,680.000000,65.388788,2.390487,22.100000,310.011268,0.203125,14:02:2023,9,1.638000,1.018800,0.869300,-999.,-999.,0.674200,-999.,-999.,-999.,-999.,-999.,-999.,-999.,-999.,0.499400,-999.,-999.,0.439800,-999.,-999.,0.379300,0.339700,0.936400,-999.,-999.,-999.,-999.,-999.,-999.,-999.
OHP_OBSERVATOIRE,16:08:2022,07:12:25,228,228.300289,0.032833,0.059733,0.075606,-999.000000,-999.000000,0.111483,-999.000000,-999.000000,-999.000000,-999.000000,-999.000000,-999.000000,-999.000000,-999.000000,0.183680,-999.000000,-999.000000,0.221751,-999.000000,-999.000000,0.268836,0.301040,1.979563,-999.000000,-999.000000,-999.000000,-999.000000,-999.000000,-999.000000,-999.000000,0.000411,0.000343,0.000841,-999.000000,-999.000000,0.000705,-999.000000,-999.000000,-999.000000,-999.000000,-999.000000,-999.000000,-999.000000,-999.000000,0.001315,-999.000000,-999.000000,0.001491,-999.000000,-999.000000,0.001808,0.000947,0.002461,-999.000000,-999.000000,-999.000000,-999.000000,-999.000000,-999.000000,-999.000000,1.592661,1.382423,1.619437,1.603321,1.190167,-999.000000,lev20,1143,OHP_OBSERVATOIRE,43.935000,5.710000,680.000000,64.196030,2.288085,22.200000,310.009519,0.203126,14:02:2023,9,1.638000,1.018800,0.869300,-999.,-999.,0.674200,-999.,-999.,-999.,-999.,-999.,-999.,-999.,-999.,0.499400,-999.,-999.,0.439800,-999.,-999.,0.379300,0.339700,0.936400,-999.,-999.,-999.,-999.,-999.,-999.,-999.
OHP_OBSERVATOIRE,16:08:2022,07:17:25,228,228.303762,0.032600,0.059910,0.075865,-999.000000,-999.000000,0.111804,-999.000000,-999.000000,-999.000000,-999.000000,-999.000000,-999.000000,-999.000000,-999.000000,0.184519,-999.000000,-999.000000,0.222570,-999.000000,-999.000000,0.270350,0.302738,1.982138,-999.000000,-999.000000,-999.000000,-999.000000,-999.000000,-999.000000,-999.000000,0.000380,0.000518,0.000926,-999.000000,-999.000000,0.002096,-999.000000,-999.000000,-999.000000,-999.000000,-999.000000,-999.000000,-999.000000,-999.000000,0.002855,-999.000000,-999.000000,0.003547,-999.000000,-999.000000,0.003400,0.003375,0.018595,-999.000000,-999.000000,-999.000000,-999.000000,-999.000000,-999.000000,-999.000000,1.593929,1.386532,1.622007,1.605489,1.197974,-999.000000,lev20,1143,OHP_OBSERVATOIRE,43.935000,5.710000,680.000000,63.302997,2.217550,22.400000,310.008206,0.203126,14:02:2023,9,1.638000,1.018800,0.869300,-999.,-999.,0.674200,-999.,-999.,-999.,-999.,-999.,-999.,-999.,-999.,0.499400,-999.,-999.,0.439800,-999.,-999.,0.379300,0.339700,0.936400,-999.,-999.,-999.,-999.,-999.,-999.,-999.
OHP_OBSERVATOIRE,16:08:2022,07:19:25,228,228.305150,0.033435,0.062013,0.078292,-999.000000,-999.000000,0.115866,-999.000000,-999.000000,-999.000000,-999.000000,-999.000000,-999.000000,-999.000000,-999.000000,0.190688,-999.000000,-999.000000,0.229516,-999.000000,-999.000000,0.278358,0.310924,1.989528,-999.000000,-999.000000,-999.000000,-999.000000,-999.000000,-999.000000,-999.000000,0.000619,0.001374,0.001787,-999.000000,-999.000000,0.002918,-999.000000,-999.000000,-999.000000,-999.000000,-999.000000,-999.000000,-999.000000,-999.000000,0.003628,-999.000000,-999.000000,0.003861,-999.000000,-999.000000,0.004018,0.003560,0.015503,-999.000000,-999.000000,-999.000000,-999.000000,-999.000000,-999.000000,-999.000000,1.592223,1.373181,1.610816,1.607638,1.182573,-999.000000,lev20,1143,OHP_OBSERVATOIRE,43.935000,5.710000,680.000000,62.946216,2.190709,22.700000,310.007681,0.203126,14:02:2023,9,1.638000,1.018800,0.869300,-999.,-999.,0.674200,-999.,-999.,-999.,-999.,-999.,-999.,-999.,-999.,0.499400,-999.,-999.,0.439800,-999.,-999.,0.379300,0.339700,0.936400,-999.,-999.,-999.,-999.,-999.,-999.,-999.
OHP_OBSERVATOIRE,16:08:2022,07:22:25,228,228.307234,0.034751,0.064924,0.082168,-999.000000,-999.000000,0.121090,-999.000000,-999.000000,-999.000000,-999.000000,-999.000000,-999.000000,-999.000000,-999.000000,0.198518,-999.000000,-999.000000,0.237706,-999.000000,-999.000000,0.287403,0.320192,1.985968,-999.000000,-999.000000,-999.000000,-999.000000,-999.000000,-999.000000,-999.000000,0.000645,0.001412,0.001201,-999.000000,-999.000000,0.002246,-999.000000,-999.000000,-999.000000,-999.000000,-999.000000,-999.000000,-999.000000,-999.000000,0.003449,-999.000000,-999.000000,0.003286,-999.000000,-999.000000,0.004292,0.004152,0.014886,-999.000000,-999.000000,-999.000000,-999.000000,-999.000000,-999.000000,-999.000000,1.574205,1.343392,1.591148,1.593109,1.160618,-999.000000,lev20,1143,OHP_OBSERVATOIRE,43.935000,5.710000,680.000000,62.411559,2.151828,22.800000,310.006894,0.203127,14:02:2023,9,1.638000,1.018800,0.869300,-999.,-999.,0.674200,-999.,-999.,-999.,-999.,-999.,-999.,-999.,-999.,0.499400,-999.,-999.,0.439800,-999.,-999.,0.379300,0.339700,0.936400,-999.,-999.,-999.,-999.,-999.,-999.,-999.
OHP_OBSERVATOIRE,16:08:2022,07:27:25,228,228.310706,0.034550,0.064534,0.081835,-999.000000,-999.000000,0.121165,-999.000000,-999.000000,-999.000000,-999.000000,-999.000000,-999.000000,-999.000000,-999.000000,0.198046,-999.000000,-999.000000,0.237516,-999.000000,-999.000000,0.285979,0.317979,1.983053,-999.000000,-999.000000,-999.000000,-999.000000,-999.000000,-999.000000,-999.000000,0.000565,0.001116,0.001195,-999.000000,-999.000000,0.001886,-999.000000,-999.000000,-999.000000,-999.000000,-999.000000,-999.000000,-999.000000,-999.000000,0.001857,-999.000000,-999.000000,0.002407,-999.000000,-999.000000,0.001883,0.002432,0.023350,-999.000000,-999.000000,-999.000000,-999.000000,-999.000000,-999.000000,-999.000000,1.576916,1.333473,1.586634,1.595769,1.136619,-999.000000,lev20,1143,OHP_OBSERVATOIRE,43.935000,5.710000,680.000000,61.521976,2.090482,23.000000,310.005582,0.203127,14:02:2023,9,1.638000,1.018800,0.869300,-999.,-999.,0.674200,-999.,-999.,-999.,-999.,-999.,-999.,-999.,-999.,0.499400,-999.,-999.,0.439800,-999.,-999.,0.379300,0.339700,0.936400,-999.,-999.,-999.,-999.,-999.,-999.,-999.
OHP_OBSERVATOIRE,16:08:2022,07:32:25,228,228.314178,0.033621,0.062620,0.079883,-999.000000,-999.000000,0.117846,-999.000000,-999.000000,-999.000000,-999.000000,-999.000000,-999.000000,-999.000000,-999.000000,0.193464,-999.000000,-999.000000,0.232445,-999.000000,-999.000000,0.280857,0.312692,1.978204,-999.000000,-999.000000,-999.000000,-999.000000,-999.000000,-999.000000,-999.000000,0.000385,0.000906,0.001106,-999.000000,-999.000000,0.001345,-999.000000,-999.000000,-999.000000,-999.000000,-999.000000,-999.000000,-999.000000,-999.000000,0.003129,-999.000000,-999.000000,0.003328,-999.000000,-999.000000,0.002753,0.002667,0.007669,-999.000000,-999.000000,-999.000000,-999.000000,-999.000000,-999.000000,-999.000000,1.581730,1.352999,1.601121,1.597483,1.155537,-999.000000,lev20,1143,OHP_OBSERVATOIRE,43.935000,5.710000,680.000000,60.634515,2.033126,23.400000,310.004269,0.203127,14:02:2023,9,1.638000,1.018800,0.869300,-999.,-999.,0.674200,-999.,-999.,-999.,-999.,-999.,-999.,-999.,-999.,0.499400,-999.,-999.,0.439800,-999.,-999.,0.379300,0.339700,0.936400,-999.,-999.,-999.,-999.,-999.,-999.,-999.
OHP_OBSERVATOIRE,16:08:2022,07:35:50,228,228.316551,0.034640,0.065310,0.082857,-999.000000,-999.000000,0.122240,-999.000000,-999.000000,-999.000000,-999.000000,-999.000000,-999.000000,-999.000000,-999.000000,0.199891,-999.000000,-999.000000,0.239784,-999.000000,-999.000000,0.287860,0.320081,1.970521,-999.000000,-999.000000,-999.000000,-999.000000,-999.000000,-999.000000,-999.000000,0.000960,0.000906,0.001240,-999.000000,-999.000000,0.001422,-999.000000,-999.000000,-999.000000,-999.000000,-999.000000,-999.000000,-999.000000,-999.000000,0.002386,-999.000000,-999.000000,0.001864,-999.000000,-999.000000,0.003096,0.003284,0.008898,-999.000000,-999.000000,-999.000000,-999.000000,-999.000000,-999.000000,-999.000000,1.573193,1.323323,1.588180,1.590310,1.124844,-999.000000,lev20,1143,OHP_OBSERVATOIRE,43.935000,5.710000,680.000000,60.029445,1.996051,23.700000,310.003372,0.203127,14:02:2023,9,1.638000,1.018800,0.869300,-999.,-999.,0.674200,-999.,-999.,-999.,-999.,-999.,-999.,-999.,-999.,0.499400,-999.,-999.,0.439800,-999.,-999.,0.379300,0.339700,0.936400,-999.,-999.,-999.,-999.,-999.,-999.,-999.
OHP_OBSERVATOIRE,16:08:2022,07:45:11,228,228.323044,0.036815,0.069029,0.087286,-999.000000,-999.000000,0.129961,-999.000000,-999.000000,-999.000000,-999.000000,-999.000000,-999.000000,-999.000000,-999.000000,0.213438,-999.000000,-999.000000,0.254001,-999.000000,-999.000000,0.308446,0.340922,2.010532,-999.000000,-999.000000,-999.000000,-999.000000,-999.000000,-999.000000,-999.000000,0.001189,0.002257,0.003986,-999.000000,-999.000000,0.005544,-999.000000,-999.000000,-999.000000,-999.000000,-999.000000,-999.000000,-999.000000,-999.000000,0.007571,-999.000000,-999.000000,0.007164,-999.000000,-999.000000,0.008849,0.007073,0.020369,-999.000000,-999.000000,-999.000000,-999.000000,-999.000000,-999.000000,-999.000000,1.584138,1.337804,1.583768,1.614378,1.149202,-999.000000,lev20,1143,OHP_OBSERVATOIRE,43.935000,5.710000,680.000000,58.380075,1.902533,24.900000,310.000918,0.203128,14:02:2023,9,1.638000,1.018800,0.869300,-999.,-999.,0.674200,-999.,-999.,-999.,-999.,-999.,-999.,-999.,-999.,0.499400,-999.,-999.,0.439800,-999.,-999.,0.379300,0.339700,0.936400,-999.,-999.,-999.,-999.,-999.,-999.,-999.
OHP_OBSERVATOIRE,16:08:2022,08:19:33,228,228.346910,0.032073,0.058606,0.073784,-999.000000,-999.000000,0.109030,-999.000000,-999.000000,-999.000000,-999.000000,-999.000000,-999.000000,-999.000000,-999.000000,0.181907,-999.000000,-999.000000,0.219917,-999.000000,-999.000000,0.268018,0.299009,1.988313,-999.000000,-999.000000,-999.000000,-999.000000,-999.000000,-999.000000,-999.000000,0.000378,0.000334,0.000583,-999.000000,-999.000000,0.001403,-999.000000,-999.000000,-999.000000,-999.000000,-999.000000,-999.000000,-999.000000,-999.000000,0.003495,-999.000000,-999.000000,0.002861,-999.000000,-999.000000,0.004267,0.004812,0.024456,-999.000000,-999.000000,-999.000000,-999.000000,-999.000000,-999.000000,-999.000000,1.618928,1.406928,1.653716,1.630278,1.197759,-999.000000,lev20,1143,OHP_OBSERVATOIRE,43.935000,5.710000,680.000000,52.428701,1.637205,25.600000,309.991898,0.203130,14:02:2023,9,1.638000,1.018800,0.869300,-999.,-999.,0.674200,-999.,-999.,-999.,-999.,-999.,-999.,-999.,-999.,0.499400,-999.,-999.,0.439800,-999.,-999.,0.379300,0.339700,0.936400,-999.,-999.,-999.,-999.,-999.,-999.,-999.
OHP_OBSERVATOIRE,16:08:2022,08:29:11,228,228.353600,0.032822,0.060910,0.076251,-999.000000,-999.000000,0.112802,-999.000000,-999.000000,-999.000000,-999.000000,-999.000000,-999.000000,-999.000000,-999.000000,0.188191,-999.000000,-999.000000,0.227408,-999.000000,-999.000000,0.278004,0.310615,2.025513,-999.000000,-999.000000,-999.000000,-999.000000,-999.000000,-999.000000,-999.000000,0.001007,0.001288,0.000901,-999.000000,-999.000000,0.002375,-999.000000,-999.000000,-999.000000,-999.000000,-999.000000,-999.000000,-999.000000,-999.000000,0.003483,-999.000000,-999.000000,0.003632,-999.000000,-999.000000,0.006125,0.005987,0.010474,-999.000000,-999.000000,-999.000000,-999.000000,-999.000000,-999.000000,-999.000000,1.619835,1.416759,1.652715,1.632172,1.215681,-999.000000,lev20,1143,OHP_OBSERVATOIRE,43.935000,5.710000,680.000000,50.802489,1.579820,26.800000,309.989370,0.203131,14:02:2023,9,1.638000,1.018800,0.869300,-999.,-999.,0.674200,-999.,-999.,-999.,-999.,-999.,-999.,-999.,-999.,0.499400,-999.,-999.,0.439800,-999.,-999.,0.379300,0.339700,0.936400,-999.,-999.,-999.,-999.,-999.,-999.,-999.
OHP_OBSERVATOIRE,16:08:2022,08:31:11,228,228.354988,0.031277,0.058198,0.073153,-999.000000,-999.000000,0.107409,-999.000000,-999.000000,-999.000000,-999.000000,-999.000000,-999.000000,-999.000000,-999.000000,0.179758,-999.000000,-999.000000,0.217633,-999.000000,-999.000000,0.264826,0.295831,1.995789,-999.000000,-999.000000,-999.000000,-999.000000,-999.000000,-999.000000,-999.000000,0.000652,0.001381,0.000970,-999.000000,-999.000000,0.001531,-999.000000,-999.000000,-999.000000,-999.000000,-999.000000,-999.000000,-999.000000,-999.000000,0.002935,-999.000000,-999.000000,0.004161,-999.000000,-999.000000,0.004600,0.004980,0.016183,-999.000000,-999.000000,-999.000000,-999.000000,-999.000000,-999.000000,-999.000000,1.617456,1.406302,1.664285,1.624824,1.196277,-999.000000,lev20,1143,OHP_OBSERVATOIRE,43.935000,5.710000,680.000000,50.467746,1.568656,27.000000,309.988845,0.203131,14:02:2023,9,1.638000,1.018800,0.869300,-999.,-999.,0.674200,-999.,-999.,-999.,-999.,-999.,-999.,-999.,-999.,0.499400,-999.,-999.,0.439800,-999.,-999.,0.379300,0.339700,0.936400,-999.,-999.,-999.,-999.,-999.,-999.,-999.
OHP_OBSERVATOIRE,16:08:2022,08:37:26,228,228.359329,0.030299,0.055361,0.071201,-999.000000,-999.000000,0.104671,-999.000000,-999.000000,-999.000000,-999.000000,-999.000000,-999.000000,-999.000000,-999.000000,0.174771,-999.000000,-999.000000,0.211590,-999.000000,-999.000000,0.258829,0.289051,1.963796,-999.000000,-999.000000,-999.000000,-999.000000,-999.000000,-999.000000,-999.000000,0.000573,0.001823,0.001847,-999.000000,-999.000000,0.003122,-999.000000,-999.000000,-999.000000,-999.000000,-999.000000,-999.000000,-999.000000,-999.000000,0.003084,-999.000000,-999.000000,0.004907,-999.000000,-999.000000,0.001261,0.002823,0.015007,-999.000000,-999.000000,-999.000000,-999.000000,-999.000000,-999.000000,-999.000000,1.615017,1.425757,1.658411,1.622691,1.216444,-999.000000,lev20,1143,OHP_OBSERVATOIRE,43.935000,5.710000,680.000000,49.428612,1.535307,27.000000,309.987205,0.203132,14:02:2023,9,1.638000,1.018800,0.869300,-999.,-999.,0.674200,-999.,-999.,-999.,-999.,-999.,-999.,-999.,-999.,0.499400,-999.,-999.,0.439800,-999.,-999.,0.379300,0.339700,0.936400,-999.,-999.,-999.,-999.,-999.,-999.,-999.
OHP_OBSERVATOIRE,16:08:2022,08:42:26,228,228.362801,0.029304,0.052890,0.068548,-999.000000,-999.000000,0.101060,-999.000000,-999.000000,-999.000000,-999.000000,-999.000000,-999.000000,-999.000000,-999.000000,0.168980,-999.000000,-999.000000,0.204680,-999.000000,-999.000000,0.250109,0.280294,1.946115,-999.000000,-999.000000,-999.000000,-999.000000,-999.000000,-999.000000,-999.000000,0.000562,0.001338,0.001024,-999.000000,-999.000000,0.000767,-999.000000,-999.000000,-999.000000,-999.000000,-999.000000,-999.000000,-999.000000,-999.000000,0.002655,-999.000000,-999.000000,0.002410,-999.000000,-999.000000,0.002713,0.002469,0.008729,-999.000000,-999.000000,-999.000000,-999.000000,-999.000000,-999.000000,-999.000000,1.621821,1.423538,1.662936,1.630315,1.224943,-999.000000,lev20,1143,OHP_OBSERVATOIRE,43.935000,5.710000,680.000000,48.605349,1.510218,27.100000,309.985892,0.203132,14:02:2023,9,1.638000,1.018800,0.869300,-999.,-999.,0.674200,-999.,-999.,-999.,-999.,-999.,-999.,-999.,-999.,0.499400,-999.,-999.,0.439800,-999.,-999.,0.379300,0.339700,0.936400,-999.,-999.,-999.,-999.,-999.,-999.,-999.
OHP_OBSERVATOIRE,16:08:2022,08:51:41,228,228.369225,0.030075,0.055690,0.070989,-999.000000,-999.000000,0.104413,-999.000000,-999.000000,-999.000000,-999.000000,-999.000000,-999.000000,-999.000000,-999.000000,0.175025,-999.000000,-999.000000,0.211031,-999.000000,-999.000000,0.258686,0.287680,1.926401,-999.000000,-999.000000,-999.000000,-999.000000,-999.000000,-999.000000,-999.000000,0.000861,0.000206,0.001303,-999.000000,-999.000000,0.001265,-999.000000,-999.000000,-999.000000,-999.000000,-999.000000,-999.000000,-999.000000,-999.000000,0.003348,-999.000000,-999.000000,0.003323,-999.000000,-999.000000,0.002852,0.003149,0.007850,-999.000000,-999.000000,-999.000000,-999.000000,-999.000000,-999.000000,-999.000000,1.618045,1.419043,1.660433,1.630851,1.209505,-999.000000,lev20,1143,OHP_OBSERVATOIRE,43.935000,5.710000,680.000000,47.102992,1.467241,28.000000,309.983464,0.203133,14:02:2023,9,1.638000,1.018800,0.869300,-999.,-999.,0.674200,-999.,-999.,-999.,-999.,-999.,-999.,-999.,-999.,0.499400,-999.,-999.,0.439800,-999.,-999.,0.379300,0.339700,0.936400,-999.,-999.,-999.,-999.,-999.,-999.,-999.
OHP_OBSERVATOIRE,16:08:2022,09:01:18,228,228.375903,0.029947,0.056475,0.071970,-999.000000,-999.000000,0.106223,-999.000000,-999.000000,-999.000000,-999.000000,-999.000000,-999.000000,-999.000000,-999.000000,0.178221,-999.000000,-999.000000,0.215399,-999.000000,-999.000000,0.263776,0.293078,1.917307,-999.000000,-999.000000,-999.000000,-999.000000,-999.000000,-999.000000,-999.000000,0.001380,0.001215,0.001380,-999.000000,-999.000000,0.001582,-999.000000,-999.000000,-999.000000,-999.000000,-999.000000,-999.000000,-999.000000,-999.000000,0.002327,-999.000000,-999.000000,0.002217,-999.000000,-999.000000,0.004381,0.005882,0.008772,-999.000000,-999.000000,-999.000000,-999.000000,-999.000000,-999.000000,-999.000000,1.626843,1.423786,1.667303,1.638595,1.202193,-999.000000,lev20,1143,OHP_OBSERVATOIRE,43.935000,5.710000,680.000000,45.572708,1.426880,28.700000,309.980940,0.203133,14:02:2023,9,1.638000,1.018800,0.869300,-999.,-999.,0.674200,-999.,-999.,-999.,-999.,-999.,-999.,-999.,-999.,0.499400,-999.,-999.,0.439800,-999.,-999.,0.379300,0.339700,0.936400,-999.,-999.,-999.,-999.,-999.,-999.,-999.
OHP_OBSERVATOIRE,16:08:2022,09:07:26,228,228.380162,0.031161,0.058489,0.075796,-999.000000,-999.000000,0.111572,-999.000000,-999.000000,-999.000000,-999.000000,-999.000000,-999.000000,-999.000000,-999.000000,0.185183,-999.000000,-999.000000,0.223332,-999.000000,-999.000000,0.270995,0.301178,1.898428,-999.000000,-999.000000,-999.000000,-999.000000,-999.000000,-999.000000,-999.000000,0.001240,0.001773,0.002369,-999.000000,-999.000000,0.004600,-999.000000,-999.000000,-999.000000,-999.000000,-999.000000,-999.000000,-999.000000,-999.000000,0.008008,-999.000000,-999.000000,0.008164,-999.000000,-999.000000,0.010202,0.008717,0.005090,-999.000000,-999.000000,-999.000000,-999.000000,-999.000000,-999.000000,-999.000000,1.602072,1.382064,1.635953,1.613917,1.166193,-999.000000,lev20,1143,OHP_OBSERVATOIRE,43.935000,5.710000,680.000000,44.615464,1.403238,28.700000,309.979331,0.203134,14:02:2023,9,1.638000,1.018800,0.869300,-999.,-999.,0.674200,-999.,-999.,-999.,-999.,-999.,-999.,-999.,-999.,0.499400,-999.,-999.,0.439800,-999.,-999.,0.379300,0.339700,0.936400,-999.,-999.,-999.,-999.,-999.,-999.,-999.
OHP_OBSERVATOIRE,16:08:2022,09:12:26,228,228.383634,0.034212,0.063720,0.082615,-999.000000,-999.000000,0.123233,-999.000000,-999.000000,-999.000000,-999.000000,-999.000000,-999.000000,-999.000000,-999.000000,0.203904,-999.000000,-999.000000,0.245299,-999.000000,-999.000000,0.299688,0.333035,1.978209,-999.000000,-999.000000,-999.000000,-999.000000,-999.000000,-999.000000,-999.000000,0.000799,0.000651,0.001094,-999.000000,-999.000000,0.002872,-999.000000,-999.000000,-999.000000,-999.000000,-999.000000,-999.000000,-999.000000,-999.000000,0.002985,-999.000000,-999.000000,0.004463,-999.000000,-999.000000,0.002875,0.003402,0.012216,-999.000000,-999.000000,-999.000000,-999.000000,-999.000000,-999.000000,-999.000000,1.611501,1.398672,1.623351,1.631400,1.193361,-999.000000,lev20,1143,OHP_OBSERVATOIRE,43.935000,5.710000,680.000000,43.846885,1.385089,28.700000,309.978018,0.203134,14:02:2023,9,1.638000,1.018800,0.869300,-999.,-999.,0.674200,-999.,-999.,-999.,-999.,-999.,-999.,-999.,-999.,0.499400,-999.,-999.,0.439800,-999.,-999.,0.379300,0.339700,0.936400,-999.,-999.,-999.,-999.,-999.,-999.,-999.
OHP_OBSERVATOIRE,16:08:2022,09:17:26,228,228.387106,0.034372,0.062882,0.081788,-999.000000,-999.000000,0.121199,-999.000000,-999.000000,-999.000000,-999.000000,-999.000000,-999.000000,-999.000000,-999.000000,0.201378,-999.000000,-999.000000,0.242831,-999.000000,-999.000000,0.296812,0.330394,1.997273,-999.000000,-999.000000,-999.000000,-999.000000,-999.000000,-999.000000,-999.000000,0.000891,0.001789,0.002205,-999.000000,-999.000000,0.003307,-999.000000,-999.000000,-999.000000,-999.000000,-999.000000,-999.000000,-999.000000,-999.000000,0.001367,-999.000000,-999.000000,0.002551,-999.000000,-999.000000,0.002784,0.004513,0.013370,-999.000000,-999.000000,-999.000000,-999.000000,-999.000000,-999.000000,-999.000000,1.612657,1.408726,1.638407,1.627603,1.201399,-999.000000,lev20,1143,OHP_OBSERVATOIRE,43.935000,5.710000,680.000000,43.089624,1.367896,28.700000,309.976706,0.203134,14:02:2023,9,1.638000,1.018800,0.869300,-999.,-999.,0.674200,-999.,-999.,-999.,-999.,-999.,-999.,-999.,-999.,0.499400,-999.,-999.,0.439800,-999.,-999.,0.379300,0.339700,0.936400,-999.,-999.,-999.,-999.,-999.,-999.,-999.
OHP_OBSERVATOIRE,16:08:2022,09:22:26,228,228.390579,0.034827,0.063808,0.082800,-999.000000,-999.000000,0.122656,-999.000000,-999.000000,-999.000000,-999.000000,-999.000000,-999.000000,-999.000000,-999.000000,0.205101,-999.000000,-999.000000,0.246733,-999.000000,-999.000000,0.301741,0.336347,2.042232,-999.000000,-999.000000,-999.000000,-999.000000,-999.000000,-999.000000,-999.000000,0.000720,0.001346,0.001858,-999.000000,-999.000000,0.002741,-999.000000,-999.000000,-999.000000,-999.000000,-999.000000,-999.000000,-999.000000,-999.000000,0.004533,-999.000000,-999.000000,0.004107,-999.000000,-999.000000,0.004220,0.003605,0.012069,-999.000000,-999.000000,-999.000000,-999.000000,-999.000000,-999.000000,-999.000000,1.620693,1.402289,1.649880,1.638767,1.208596,-999.000000,lev20,1143,OHP_OBSERVATOIRE,43.935000,5.710000,680.000000,42.344399,1.351615,28.700000,309.975394,0.203135,14:02:2023,9,1.638000,1.018800,0.869300,-999.,-999.,0.674200,-999.,-999.,-999.,-999.,-999.,-999.,-999.,-999.,0.499400,-999.,-999.,0.439800,-999.,-999.,0.379300,0.339700,0.936400,-999.,-999.,-999.,-999.,-999.,-999.,-999.
OHP_OBSERVATOIRE,16:08:2022,09:27:26,228,228.394051,0.034346,0.062715,0.081749,-999.000000,-999.000000,0.120809,-999.000000,-999.000000,-999.000000,-999.000000,-999.000000,-999.000000,-999.000000,-999.000000,0.201600,-999.000000,-999.000000,0.243129,-999.000000,-999.000000,0.296818,0.330247,2.045218,-999.000000,-999.000000,-999.000000,-999.000000,-999.000000,-999.000000,-999.000000,0.000505,0.001543,0.002167,-999.000000,-999.000000,0.002139,-999.000000,-999.000000,-999.000000,-999.000000,-999.000000,-999.000000,-999.000000,-999.000000,0.002264,-999.000000,-999.000000,0.002941,-999.000000,-999.000000,0.003411,0.003594,0.003895,-999.000000,-999.000000,-999.000000,-999.000000,-999.000000,-999.000000,-999.000000,1.616701,1.404691,1.649544,1.630790,1.194826,-999.000000,lev20,1143,OHP_OBSERVATOIRE,43.935000,5.710000,680.000000,41.611964,1.336203,28.800000,309.974081,0.203135,14:02:2023,9,1.638000,1.018800,0.869300,-999.,-999.,0.674200,-999.,-999.,-999.,-999.,-999.,-999.,-999.,-999.,0.499400,-999.,-999.,0.439800,-999.,-999.,0.379300,0.339700,0.936400,-999.,-999.,-999.,-999.,-999.,-999.,-999.
OHP_OBSERVATOIRE,16:08:2022,09:32:26,228,228.397523,0.033101,0.060192,0.078103,-999.000000,-999.000000,0.114694,-999.000000,-999.000000,-999.000000,-999.000000,-999.000000,-999.000000,-999.000000,-999.000000,0.192043,-999.000000,-999.000000,0.232570,-999.000000,-999.000000,0.284244,0.317613,2.064674,-999.000000,-999.000000,-999.000000,-999.000000,-999.000000,-999.000000,-999.000000,0.000251,0.001615,0.000683,-999.000000,-999.000000,0.000656,-999.000000,-999.000000,-999.000000,-999.000000,-999.000000,-999.000000,-999.000000,-999.000000,0.000770,-999.000000,-999.000000,0.000516,-999.000000,-999.000000,0.001235,0.001337,0.003324,-999.000000,-999.000000,-999.000000,-999.000000,-999.000000,-999.000000,-999.000000,1.618804,1.423566,1.666035,1.625983,1.214974,-999.000000,lev20,1143,OHP_OBSERVATOIRE,43.935000,5.710000,680.000000,40.893112,1.321621,28.900000,309.972769,0.203135,14:02:2023,9,1.638000,1.018800,0.869300,-999.,-999.,0.674200,-999.,-999.,-999.,-999.,-999.,-999.,-999.,-999.,0.499400,-999.,-999.,0.439800,-999.,-999.,0.379300,0.339700,0.936400,-999.,-999.,-999.,-999.,-999.,-999.,-999.
OHP_OBSERVATOIRE,16:08:2022,09:37:26,228,228.400995,0.033324,0.060137,0.078964,-999.000000,-999.000000,0.116315,-999.000000,-999.000000,-999.000000,-999.000000,-999.000000,-999.000000,-999.000000,-999.000000,0.194825,-999.000000,-999.000000,0.235227,-999.000000,-999.000000,0.287915,0.322182,2.068574,-999.000000,-999.000000,-999.000000,-999.000000,-999.000000,-999.000000,-999.000000,0.000320,0.000627,0.000809,-999.000000,-999.000000,0.001382,-999.000000,-999.000000,-999.000000,-999.000000,-999.000000,-999.000000,-999.000000,-999.000000,0.001028,-999.000000,-999.000000,0.001950,-999.000000,-999.000000,0.000578,0.000962,0.004387,-999.000000,-999.000000,-999.000000,-999.000000,-999.000000,-999.000000,-999.000000,1.620161,1.418342,1.661123,1.632008,1.226220,-999.000000,lev20,1143,OHP_OBSERVATOIRE,43.935000,5.710000,680.000000,40.188676,1.307833,29.100000,309.971457,0.203136,14:02:2023,9,1.638000,1.018800,0.869300,-999.,-999.,0.674200,-999.,-999.,-999.,-999.,-999.,-999.,-999.,-999.,0.499400,-999.,-999.,0.439800,-999.,-999.,0.379300,0.339700,0.936400,-999.,-999.,-999.,-999.,-999.,-999.,-999.
OHP_OBSERVATOIRE,16:08:2022,09:42:26,228,228.404468,0.033085,0.060371,0.078543,-999.000000,-999.000000,0.116699,-999.000000,-999.000000,-999.000000,-999.000000,-999.000000,-999.000000,-999.000000,-999.000000,0.195383,-999.000000,-999.000000,0.236118,-999.000000,-999.000000,0.289650,0.323539,2.085582,-999.000000,-999.000000,-999.000000,-999.000000,-999.000000,-999.000000,-999.000000,0.000855,0.001053,0.000630,-999.000000,-999.000000,0.000107,-999.000000,-999.000000,-999.000000,-999.000000,-999.000000,-999.000000,-999.000000,-999.000000,0.001202,-999.000000,-999.000000,0.001613,-999.000000,-999.000000,0.001267,0.000887,0.004840,-999.000000,-999.000000,-999.000000,-999.000000,-999.000000,-999.000000,-999.000000,1.631857,1.429893,1.661790,1.646320,1.228592,-999.000000,lev20,1143,OHP_OBSERVATOIRE,43.935000,5.710000,680.000000,39.499526,1.294807,29.500000,309.970144,0.203136,14:02:2023,9,1.638000,1.018800,0.869300,-999.,-999.,0.674200,-999.,-999.,-999.,-999.,-999.,-999.,-999.,-999.,0.499400,-999.,-999.,0.439800,-999.,-999.,0.379300,0.339700,0.936400,-999.,-999.,-999.,-999.,-999.,-999.,-999.
OHP_OBSERVATOIRE,16:08:2022,09:52:26,228,228.411412,0.033383,0.061006,0.077873,-999.000000,-999.000000,0.115065,-999.000000,-999.000000,-999.000000,-999.000000,-999.000000,-999.000000,-999.000000,-999.000000,0.193376,-999.000000,-999.000000,0.233479,-999.000000,-999.000000,0.287112,0.319785,2.067028,-999.000000,-999.000000,-999.000000,-999.000000,-999.000000,-999.000000,-999.000000,0.000451,0.000670,0.001007,-999.000000,-999.000000,0.000379,-999.000000,-999.000000,-999.000000,-999.000000,-999.000000,-999.000000,-999.000000,-999.000000,0.000128,-999.000000,-999.000000,0.001288,-999.000000,-999.000000,0.001796,0.002289,0.016035,-999.000000,-999.000000,-999.000000,-999.000000,-999.000000,-999.000000,-999.000000,1.630101,1.435728,1.669533,1.643608,1.227922,-999.000000,lev20,1143,OHP_OBSERVATOIRE,43.935000,5.710000,680.000000,38.170764,1.270918,30.200000,309.967520,0.203137,14:02:2023,9,1.638000,1.018800,0.869300,-999.,-999.,0.674200,-999.,-999.,-999.,-999.,-999.,-999.,-999.,-999.,0.499400,-999.,-999.,0.439800,-999.,-999.,0.379300,0.339700,0.936400,-999.,-999.,-999.,-999.,-999.,-999.,-999.
OHP_OBSERVATOIRE,16:08:2022,09:57:26,228,228.414884,0.033732,0.061741,0.080085,-999.000000,-999.000000,0.117972,-999.000000,-999.000000,-999.000000,-999.000000,-999.000000,-999.000000,-999.000000,-999.000000,0.197437,-999.000000,-999.000000,0.238553,-999.000000,-999.000000,0.292750,0.326755,2.074645,-999.000000,-999.000000,-999.000000,-999.000000,-999.000000,-999.000000,-999.000000,0.000819,0.001354,0.001148,-999.000000,-999.000000,0.001298,-999.000000,-999.000000,-999.000000,-999.000000,-999.000000,-999.000000,-999.000000,-999.000000,0.002456,-999.000000,-999.000000,0.002903,-999.000000,-999.000000,0.002069,0.001609,0.003147,-999.000000,-999.000000,-999.000000,-999.000000,-999.000000,-999.000000,-999.000000,1.619569,1.430615,1.660418,1.630556,1.227390,-999.000000,lev20,1143,OHP_OBSERVATOIRE,43.935000,5.710000,680.000000,37.533092,1.260001,30.000000,309.966207,0.203137,14:02:2023,9,1.638000,1.018800,0.869300,-999.,-999.,0.674200,-999.,-999.,-999.,-999.,-999.,-999.,-999.,-999.,0.499400,-999.,-999.,0.439800,-999.,-999.,0.379300,0.339700,0.936400,-999.,-999.,-999.,-999.,-999.,-999.,-999.
OHP_OBSERVATOIRE,16:08:2022,10:02:26,228,228.418356,0.034429,0.061109,0.079480,-999.000000,-999.000000,0.117061,-999.000000,-999.000000,-999.000000,-999.000000,-999.000000,-999.000000,-999.000000,-999.000000,0.196426,-999.000000,-999.000000,0.236881,-999.000000,-999.000000,0.290850,0.325650,2.094188,-999.000000,-999.000000,-999.000000,-999.000000,-999.000000,-999.000000,-999.000000,0.001774,0.000593,0.001023,-999.000000,-999.000000,0.001298,-999.000000,-999.000000,-999.000000,-999.000000,-999.000000,-999.000000,-999.000000,-999.000000,0.001210,-999.000000,-999.000000,0.001269,-999.000000,-999.000000,0.002381,0.001433,0.002236,-999.000000,-999.000000,-999.000000,-999.000000,-999.000000,-999.000000,-999.000000,1.621838,1.425840,1.663372,1.635115,1.240922,-999.000000,lev20,1143,OHP_OBSERVATOIRE,43.935000,5.710000,680.000000,36.914583,1.249735,30.100000,309.964895,0.203137,14:02:2023,9,1.638000,1.018800,0.869300,-999.,-999.,0.674200,-999.,-999.,-999.,-999.,-999.,-999.,-999.,-999.,0.499400,-999.,-999.,0.439800,-999.,-999.,0.379300,0.339700,0.936400,-999.,-999.,-999.,-999.,-999.,-999.,-999.
OHP_OBSERVATOIRE,16:08:2022,10:07:26,228,228.421829,0.032470,0.058114,0.076089,-999.000000,-999.000000,0.111166,-999.000000,-999.000000,-999.000000,-999.000000,-999.000000,-999.000000,-999.000000,-999.000000,0.187080,-999.000000,-999.000000,0.226320,-999.000000,-999.000000,0.277374,0.310939,2.047693,-999.000000,-999.000000,-999.000000,-999.000000,-999.000000,-999.000000,-999.000000,0.000899,0.000344,0.000974,-999.000000,-999.000000,0.003262,-999.000000,-999.000000,-999.000000,-999.000000,-999.000000,-999.000000,-999.000000,-999.000000,0.000784,-999.000000,-999.000000,0.004042,-999.000000,-999.000000,0.002047,0.002719,0.005634,-999.000000,-999.000000,-999.000000,-999.000000,-999.000000,-999.000000,-999.000000,1.619698,1.430143,1.676753,1.626392,1.237977,-999.000000,lev20,1143,OHP_OBSERVATOIRE,43.935000,5.710000,680.000000,36.316300,1.240099,30.400000,309.963583,0.203138,14:02:2023,9,1.638000,1.018800,0.869300,-999.,-999.,0.674200,-999.,-999.,-999.,-999.,-999.,-999.,-999.,-999.,0.499400,-999.,-999.,0.439800,-999.,-999.,0.379300,0.339700,0.936400,-999.,-999.,-999.,-999.,-999.,-999.,-999.
OHP_OBSERVATOIRE,16:08:2022,10:12:26,228,228.425301,0.032877,0.059404,0.076995,-999.000000,-999.000000,0.112240,-999.000000,-999.000000,-999.000000,-999.000000,-999.000000,-999.000000,-999.000000,-999.000000,0.189200,-999.000000,-999.000000,0.228443,-999.000000,-999.000000,0.281773,0.315582,2.073233,-999.000000,-999.000000,-999.000000,-999.000000,-999.000000,-999.000000,-999.000000,0.001183,0.001635,0.001453,-999.000000,-999.000000,0.002957,-999.000000,-999.000000,-999.000000,-999.000000,-999.000000,-999.000000,-999.000000,-999.000000,0.002861,-999.000000,-999.000000,0.004904,-999.000000,-999.000000,0.004695,0.005590,0.006868,-999.000000,-999.000000,-999.000000,-999.000000,-999.000000,-999.000000,-999.000000,1.617504,1.447115,1.677207,1.625545,1.260432,-999.000000,lev20,1143,OHP_OBSERVATOIRE,43.935000,5.710000,680.000000,35.739338,1.231072,30.600000,309.962270,0.203138,14:02:2023,9,1.638000,1.018800,0.869300,-999.,-999.,0.674200,-999.,-999.,-999.,-999.,-999.,-999.,-999.,-999.,0.499400,-999.,-999.,0.439800,-999.,-999.,0.379300,0.339700,0.936400,-999.,-999.,-999.,-999.,-999.,-999.,-999.
OHP_OBSERVATOIRE,16:08:2022,10:17:26,228,228.428773,0.032152,0.058036,0.075027,-999.000000,-999.000000,0.109538,-999.000000,-999.000000,-999.000000,-999.000000,-999.000000,-999.000000,-999.000000,-999.000000,0.183403,-999.000000,-999.000000,0.222564,-999.000000,-999.000000,0.274518,0.308264,2.070677,-999.000000,-999.000000,-999.000000,-999.000000,-999.000000,-999.000000,-999.000000,0.000856,0.000799,0.001739,-999.000000,-999.000000,0.001015,-999.000000,-999.000000,-999.000000,-999.000000,-999.000000,-999.000000,-999.000000,-999.000000,0.000660,-999.000000,-999.000000,0.000936,-999.000000,-999.000000,0.000555,0.001354,0.005524,-999.000000,-999.000000,-999.000000,-999.000000,-999.000000,-999.000000,-999.000000,1.613301,1.464916,1.669889,1.615743,1.269971,-999.000000,lev20,1143,OHP_OBSERVATOIRE,43.935000,5.710000,680.000000,35.184825,1.222635,30.800000,309.960958,0.203138,14:02:2023,9,1.638000,1.018800,0.869300,-999.,-999.,0.674200,-999.,-999.,-999.,-999.,-999.,-999.,-999.,-999.,0.499400,-999.,-999.,0.439800,-999.,-999.,0.379300,0.339700,0.936400,-999.,-999.,-999.,-999.,-999.,-999.,-999.
OHP_OBSERVATOIRE,16:08:2022,10:22:26,228,228.432245,0.033523,0.059159,0.076565,-999.000000,-999.000000,0.111913,-999.000000,-999.000000,-999.000000,-999.000000,-999.000000,-999.000000,-999.000000,-999.000000,0.187280,-999.000000,-999.000000,0.226608,-999.000000,-999.000000,0.279322,0.313019,2.066237,-999.000000,-999.000000,-999.000000,-999.000000,-999.000000,-999.000000,-999.000000,0.000431,0.001493,0.001018,-999.000000,-999.000000,0.000750,-999.000000,-999.000000,-999.000000,-999.000000,-999.000000,-999.000000,-999.000000,-999.000000,0.001240,-999.000000,-999.000000,0.002493,-999.000000,-999.000000,0.000365,0.001357,0.008300,-999.000000,-999.000000,-999.000000,-999.000000,-999.000000,-999.000000,-999.000000,1.610702,1.452166,1.662965,1.616781,1.259855,-999.000000,lev20,1143,OHP_OBSERVATOIRE,43.935000,5.710000,680.000000,34.653912,1.214770,30.900000,309.959646,0.203139,14:02:2023,9,1.638000,1.018800,0.869300,-999.,-999.,0.674200,-999.,-999.,-999.,-999.,-999.,-999.,-999.,-999.,0.499400,-999.,-999.,0.439800,-999.,-999.,0.379300,0.339700,0.936400,-999.,-999.,-999.,-999.,-999.,-999.,-999.
OHP_OBSERVATOIRE,16:08:2022,10:27:26,228,228.435718,0.034022,0.060349,0.078684,-999.000000,-999.000000,0.114857,-999.000000,-999.000000,-999.000000,-999.000000,-999.000000,-999.000000,-999.000000,-999.000000,0.192352,-999.000000,-999.000000,0.232592,-999.000000,-999.000000,0.286429,0.321085,2.067149,-999.000000,-999.000000,-999.000000,-999.000000,-999.000000,-999.000000,-999.000000,0.000550,0.000358,0.000357,-999.000000,-999.000000,0.001459,-999.000000,-999.000000,-999.000000,-999.000000,-999.000000,-999.000000,-999.000000,-999.000000,0.000338,-999.000000,-999.000000,0.000354,-999.000000,-999.000000,0.001915,0.001618,0.012515,-999.000000,-999.000000,-999.000000,-999.000000,-999.000000,-999.000000,-999.000000,1.609538,1.446337,1.663608,1.615853,1.257218,-999.000000,lev20,1143,OHP_OBSERVATOIRE,43.935000,5.710000,680.000000,34.147768,1.207461,31.000000,309.958333,0.203139,14:02:2023,9,1.638000,1.018800,0.869300,-999.,-999.,0.674200,-999.,-999.,-999.,-999.,-999.,-999.,-999.,-999.,0.499400,-999.,-999.,0.439800,-999.,-999.,0.379300,0.339700,0.936400,-999.,-999.,-999.,-999.,-999.,-999.,-999.
OHP_OBSERVATOIRE,16:08:2022,10:32:26,228,228.439190,0.033707,0.060338,0.078720,-999.000000,-999.000000,0.114154,-999.000000,-999.000000,-999.000000,-999.000000,-999.000000,-999.000000,-999.000000,-999.000000,0.191469,-999.000000,-999.000000,0.231955,-999.000000,-999.000000,0.283944,0.318342,2.039241,-999.000000,-999.000000,-999.000000,-999.000000,-999.000000,-999.000000,-999.000000,0.000838,0.001744,0.001486,-999.000000,-999.000000,0.002431,-999.000000,-999.000000,-999.000000,-999.000000,-999.000000,-999.000000,-999.000000,-999.000000,0.003732,-999.000000,-999.000000,0.005388,-999.000000,-999.000000,0.006784,0.006874,0.021798,-999.000000,-999.000000,-999.000000,-999.000000,-999.000000,-999.000000,-999.000000,1.605523,1.430706,1.671052,1.607143,1.233630,-999.000000,lev20,1143,OHP_OBSERVATOIRE,43.935000,5.710000,680.000000,33.667579,1.200693,31.200000,309.957021,0.203139,14:02:2023,9,1.638000,1.018800,0.869300,-999.,-999.,0.674200,-999.,-999.,-999.,-999.,-999.,-999.,-999.,-999.,0.499400,-999.,-999.,0.439800,-999.,-999.,0.379300,0.339700,0.936400,-999.,-999.,-999.,-999.,-999.,-999.,-999.
OHP_OBSERVATOIRE,16:08:2022,10:37:26,228,228.442662,0.035185,0.062905,0.081699,-999.000000,-999.000000,0.119770,-999.000000,-999.000000,-999.000000,-999.000000,-999.000000,-999.000000,-999.000000,-999.000000,0.199899,-999.000000,-999.000000,0.240907,-999.000000,-999.000000,0.297243,0.332775,2.075238,-999.000000,-999.000000,-999.000000,-999.000000,-999.000000,-999.000000,-999.000000,0.000723,0.001754,0.000856,-999.000000,-999.000000,0.000372,-999.000000,-999.000000,-999.000000,-999.000000,-999.000000,-999.000000,-999.000000,-999.000000,0.000354,-999.000000,-999.000000,0.000503,-999.000000,-999.000000,0.002038,0.001911,0.022248,-999.000000,-999.000000,-999.000000,-999.000000,-999.000000,-999.000000,-999.000000,1.605579,1.441656,1.648598,1.617048,1.260273,-999.000000,lev20,1143,OHP_OBSERVATOIRE,43.935000,5.710000,680.000000,33.214532,1.194454,31.500000,309.955709,0.203140,14:02:2023,9,1.638000,1.018800,0.869300,-999.,-999.,0.674200,-999.,-999.,-999.,-999.,-999.,-999.,-999.,-999.,0.499400,-999.,-999.,0.439800,-999.,-999.,0.379300,0.339700,0.936400,-999.,-999.,-999.,-999.,-999.,-999.,-999.
OHP_OBSERVATOIRE,16:08:2022,10:42:27,228,228.446146,0.033469,0.059805,0.078202,-999.000000,-999.000000,0.113370,-999.000000,-999.000000,-999.000000,-999.000000,-999.000000,-999.000000,-999.000000,-999.000000,0.190011,-999.000000,-999.000000,0.229478,-999.000000,-999.000000,0.280865,0.314110,2.056562,-999.000000,-999.000000,-999.000000,-999.000000,-999.000000,-999.000000,-999.000000,0.001033,0.000985,0.001622,-999.000000,-999.000000,0.002657,-999.000000,-999.000000,-999.000000,-999.000000,-999.000000,-999.000000,-999.000000,-999.000000,0.004471,-999.000000,-999.000000,0.004541,-999.000000,-999.000000,0.004991,0.006502,0.036677,-999.000000,-999.000000,-999.000000,-999.000000,-999.000000,-999.000000,-999.000000,1.600423,1.419148,1.663225,1.605237,1.223900,-999.000000,lev20,1143,OHP_OBSERVATOIRE,43.935000,5.710000,680.000000,32.788445,1.188712,31.600000,309.954392,0.203140,14:02:2023,9,1.638000,1.018800,0.869300,-999.,-999.,0.674200,-999.,-999.,-999.,-999.,-999.,-999.,-999.,-999.,0.499400,-999.,-999.,0.439800,-999.,-999.,0.379300,0.339700,0.936400,-999.,-999.,-999.,-999.,-999.,-999.,-999.
OHP_OBSERVATOIRE,16:08:2022,10:57:27,228,228.456562,0.030000,0.053200,0.069618,-999.000000,-999.000000,0.100087,-999.000000,-999.000000,-999.000000,-999.000000,-999.000000,-999.000000,-999.000000,-999.000000,0.168727,-999.000000,-999.000000,0.204490,-999.000000,-999.000000,0.253404,0.282691,2.008228,-999.000000,-999.000000,-999.000000,-999.000000,-999.000000,-999.000000,-999.000000,0.000586,0.000731,0.001534,-999.000000,-999.000000,0.000303,-999.000000,-999.000000,-999.000000,-999.000000,-999.000000,-999.000000,-999.000000,-999.000000,0.002021,-999.000000,-999.000000,0.004062,-999.000000,-999.000000,0.003765,0.003597,0.027052,-999.000000,-999.000000,-999.000000,-999.000000,-999.000000,-999.000000,-999.000000,1.603380,1.477697,1.684608,1.601392,1.264736,-999.000000,lev20,1143,OHP_OBSERVATOIRE,43.935000,5.710000,680.000000,31.696103,1.174533,32.300000,309.950455,0.203141,14:02:2023,9,1.638000,1.018800,0.869300,-999.,-999.,0.674200,-999.,-999.,-999.,-999.,-999.,-999.,-999.,-999.,0.499400,-999.,-999.,0.439800,-999.,-999.,0.379300,0.339700,0.936400,-999.,-999.,-999.,-999.,-999.,-999.,-999.
OHP_OBSERVATOIRE,16:08:2022,11:02:27,228,228.460035,0.030610,0.054084,0.071387,-999.000000,-999.000000,0.104483,-999.000000,-999.000000,-999.000000,-999.000000,-999.000000,-999.000000,-999.000000,-999.000000,0.177200,-999.000000,-999.000000,0.213464,-999.000000,-999.000000,0.265433,0.297513,2.070039,-999.000000,-999.000000,-999.000000,-999.000000,-999.000000,-999.000000,-999.000000,0.001452,0.002017,0.000999,-999.000000,-999.000000,0.001068,-999.000000,-999.000000,-999.000000,-999.000000,-999.000000,-999.000000,-999.000000,-999.000000,0.003528,-999.000000,-999.000000,0.005003,-999.000000,-999.000000,0.007830,0.009026,0.036031,-999.000000,-999.000000,-999.000000,-999.000000,-999.000000,-999.000000,-999.000000,1.630937,1.469066,1.688148,1.643840,1.295848,-999.000000,lev20,1143,OHP_OBSERVATOIRE,43.935000,5.710000,680.000000,31.396166,1.170773,32.400000,309.949143,0.203141,14:02:2023,9,1.638000,1.018800,0.869300,-999.,-999.,0.674200,-999.,-999.,-999.,-999.,-999.,-999.,-999.,-999.,0.499400,-999.,-999.,0.439800,-999.,-999.,0.379300,0.339700,0.936400,-999.,-999.,-999.,-999.,-999.,-999.,-999.
OHP_OBSERVATOIRE,16:08:2022,11:07:27,228,228.463507,0.032627,0.056758,0.073977,-999.000000,-999.000000,0.107200,-999.000000,-999.000000,-999.000000,-999.000000,-999.000000,-999.000000,-999.000000,-999.000000,0.179348,-999.000000,-999.000000,0.216728,-999.000000,-999.000000,0.268066,0.299596,2.038526,-999.000000,-999.000000,-999.000000,-999.000000,-999.000000,-999.000000,-999.000000,0.000614,0.001091,0.001054,-999.000000,-999.000000,0.001342,-999.000000,-999.000000,-999.000000,-999.000000,-999.000000,-999.000000,-999.000000,-999.000000,0.001306,-999.000000,-999.000000,0.001746,-999.000000,-999.000000,0.003324,0.004619,0.005823,-999.000000,-999.000000,-999.000000,-999.000000,-999.000000,-999.000000,-999.000000,1.597385,1.460373,1.659823,1.601191,1.263890,-999.000000,lev20,1143,OHP_OBSERVATOIRE,43.935000,5.710000,680.000000,31.130013,1.167483,32.300000,309.947830,0.203142,14:02:2023,9,1.638000,1.018800,0.869300,-999.,-999.,0.674200,-999.,-999.,-999.,-999.,-999.,-999.,-999.,-999.,0.499400,-999.,-999.,0.439800,-999.,-999.,0.379300,0.339700,0.936400,-999.,-999.,-999.,-999.,-999.,-999.,-999.
OHP_OBSERVATOIRE,16:08:2022,11:12:27,228,228.466979,0.032885,0.058228,0.076276,-999.000000,-999.000000,0.111208,-999.000000,-999.000000,-999.000000,-999.000000,-999.000000,-999.000000,-999.000000,-999.000000,0.188010,-999.000000,-999.000000,0.226223,-999.000000,-999.000000,0.283444,0.317030,2.079126,-999.000000,-999.000000,-999.000000,-999.000000,-999.000000,-999.000000,-999.000000,0.000360,0.001601,0.002849,-999.000000,-999.000000,0.002929,-999.000000,-999.000000,-999.000000,-999.000000,-999.000000,-999.000000,-999.000000,-999.000000,0.006765,-999.000000,-999.000000,0.007328,-999.000000,-999.000000,0.009593,0.009584,0.041450,-999.000000,-999.000000,-999.000000,-999.000000,-999.000000,-999.000000,-999.000000,1.619018,1.493225,1.677952,1.631225,1.318770,-999.000000,lev20,1143,OHP_OBSERVATOIRE,43.935000,5.710000,680.000000,30.898553,1.164657,32.300000,309.946518,0.203142,14:02:2023,9,1.638000,1.018800,0.869300,-999.,-999.,0.674200,-999.,-999.,-999.,-999.,-999.,-999.,-999.,-999.,0.499400,-999.,-999.,0.439800,-999.,-999.,0.379300,0.339700,0.936400,-999.,-999.,-999.,-999.,-999.,-999.,-999.
OHP_OBSERVATOIRE,16:08:2022,11:17:27,228,228.470451,0.031581,0.056014,0.073408,-999.000000,-999.000000,0.107017,-999.000000,-999.000000,-999.000000,-999.000000,-999.000000,-999.000000,-999.000000,-999.000000,0.179848,-999.000000,-999.000000,0.218937,-999.000000,-999.000000,0.270390,0.304339,2.062125,-999.000000,-999.000000,-999.000000,-999.000000,-999.000000,-999.000000,-999.000000,0.000465,0.000512,0.002081,-999.000000,-999.000000,0.001407,-999.000000,-999.000000,-999.000000,-999.000000,-999.000000,-999.000000,-999.000000,-999.000000,0.002194,-999.000000,-999.000000,0.002590,-999.000000,-999.000000,0.004325,0.007115,0.006212,-999.000000,-999.000000,-999.000000,-999.000000,-999.000000,-999.000000,-999.000000,1.621285,1.480781,1.685277,1.620039,1.283680,-999.000000,lev20,1143,OHP_OBSERVATOIRE,43.935000,5.710000,680.000000,30.702598,1.162290,32.300000,309.945206,0.203142,14:02:2023,9,1.638000,1.018800,0.869300,-999.,-999.,0.674200,-999.,-999.,-999.,-999.,-999.,-999.,-999.,-999.,0.499400,-999.,-999.,0.439800,-999.,-999.,0.379300,0.339700,0.936400,-999.,-999.,-999.,-999.,-999.,-999.,-999.
OHP_OBSERVATOIRE,16:08:2022,11:22:27,228,228.473924,0.032271,0.056830,0.074538,-999.000000,-999.000000,0.107267,-999.000000,-999.000000,-999.000000,-999.000000,-999.000000,-999.000000,-999.000000,-999.000000,0.179988,-999.000000,-999.000000,0.217654,-999.000000,-999.000000,0.268986,0.301261,2.033108,-999.000000,-999.000000,-999.000000,-999.000000,-999.000000,-999.000000,-999.000000,0.001918,0.001382,0.002893,-999.000000,-999.000000,0.004281,-999.000000,-999.000000,-999.000000,-999.000000,-999.000000,-999.000000,-999.000000,-999.000000,0.007913,-999.000000,-999.000000,0.009578,-999.000000,-999.000000,0.011149,0.013138,0.035019,-999.000000,-999.000000,-999.000000,-999.000000,-999.000000,-999.000000,-999.000000,1.594115,1.459742,1.668583,1.594506,1.268251,-999.000000,lev20,1143,OHP_OBSERVATOIRE,43.935000,5.710000,680.000000,30.542858,1.160378,32.400000,309.943893,0.203143,14:02:2023,9,1.638000,1.018800,0.869300,-999.,-999.,0.674200,-999.,-999.,-999.,-999.,-999.,-999.,-999.,-999.,0.499400,-999.,-999.,0.439800,-999.,-999.,0.379300,0.339700,0.936400,-999.,-999.,-999.,-999.,-999.,-999.,-999.
OHP_OBSERVATOIRE,16:08:2022,11:27:27,228,228.477396,0.031211,0.054745,0.071726,-999.000000,-999.000000,0.103385,-999.000000,-999.000000,-999.000000,-999.000000,-999.000000,-999.000000,-999.000000,-999.000000,0.174908,-999.000000,-999.000000,0.211029,-999.000000,-999.000000,0.263366,0.295134,2.034392,-999.000000,-999.000000,-999.000000,-999.000000,-999.000000,-999.000000,-999.000000,0.000397,0.001658,0.001407,-999.000000,-999.000000,0.003881,-999.000000,-999.000000,-999.000000,-999.000000,-999.000000,-999.000000,-999.000000,-999.000000,0.006293,-999.000000,-999.000000,0.006958,-999.000000,-999.000000,0.011153,0.011042,0.027122,-999.000000,-999.000000,-999.000000,-999.000000,-999.000000,-999.000000,-999.000000,1.608086,1.488131,1.684936,1.612519,1.309813,-999.000000,lev20,1143,OHP_OBSERVATOIRE,43.935000,5.710000,680.000000,30.419924,1.158916,32.400000,309.942581,0.203143,14:02:2023,9,1.638000,1.018800,0.869300,-999.,-999.,0.674200,-999.,-999.,-999.,-999.,-999.,-999.,-999.,-999.,0.499400,-999.,-999.,0.439800,-999.,-999.,0.379300,0.339700,0.936400,-999.,-999.,-999.,-999.,-999.,-999.,-999.
OHP_OBSERVATOIRE,16:08:2022,11:32:27,228,228.480868,0.030090,0.052721,0.068844,-999.000000,-999.000000,0.101462,-999.000000,-999.000000,-999.000000,-999.000000,-999.000000,-999.000000,-999.000000,-999.000000,0.170270,-999.000000,-999.000000,0.206241,-999.000000,-999.000000,0.256606,0.287689,2.060122,-999.000000,-999.000000,-999.000000,-999.000000,-999.000000,-999.000000,-999.000000,0.002081,0.002128,0.002711,-999.000000,-999.000000,0.000459,-999.000000,-999.000000,-999.000000,-999.000000,-999.000000,-999.000000,-999.000000,-999.000000,0.000592,-999.000000,-999.000000,0.002280,-999.000000,-999.000000,0.002732,0.002877,0.015573,-999.000000,-999.000000,-999.000000,-999.000000,-999.000000,-999.000000,-999.000000,1.627701,1.490644,1.672055,1.636445,1.299175,-999.000000,lev20,1143,OHP_OBSERVATOIRE,43.935000,5.710000,680.000000,30.334259,1.157903,32.500000,309.941269,0.203143,14:02:2023,9,1.638000,1.018800,0.869300,-999.,-999.,0.674200,-999.,-999.,-999.,-999.,-999.,-999.,-999.,-999.,0.499400,-999.,-999.,0.439800,-999.,-999.,0.379300,0.339700,0.936400,-999.,-999.,-999.,-999.,-999.,-999.,-999.
OHP_OBSERVATOIRE,16:08:2022,11:37:27,228,228.484340,0.030375,0.055996,0.072717,-999.000000,-999.000000,0.106469,-999.000000,-999.000000,-999.000000,-999.000000,-999.000000,-999.000000,-999.000000,-999.000000,0.180941,-999.000000,-999.000000,0.219461,-999.000000,-999.000000,0.271794,0.303389,2.114631,-999.000000,-999.000000,-999.000000,-999.000000,-999.000000,-999.000000,-999.000000,0.002120,0.003417,0.003731,-999.000000,-999.000000,0.004933,-999.000000,-999.000000,-999.000000,-999.000000,-999.000000,-999.000000,-999.000000,-999.000000,0.007723,-999.000000,-999.000000,0.010383,-999.000000,-999.000000,0.008508,0.008281,0.033223,-999.000000,-999.000000,-999.000000,-999.000000,-999.000000,-999.000000,-999.000000,1.642511,1.478182,1.706419,1.648307,1.264543,-999.000000,lev20,1143,OHP_OBSERVATOIRE,43.935000,5.710000,680.000000,30.286191,1.157337,32.800000,309.939956,0.203144,14:02:2023,9,1.638000,1.018800,0.869300,-999.,-999.,0.674200,-999.,-999.,-999.,-999.,-999.,-999.,-999.,-999.,0.499400,-999.,-999.,0.439800,-999.,-999.,0.379300,0.339700,0.936400,-999.,-999.,-999.,-999.,-999.,-999.,-999.
OHP_OBSERVATOIRE,16:08:2022,12:32:27,228,228.522535,0.033927,0.066655,0.082996,-999.000000,-999.000000,0.125063,-999.000000,-999.000000,-999.000000,-999.000000,-999.000000,-999.000000,-999.000000,-999.000000,0.214220,-999.000000,-999.000000,0.260754,-999.000000,-999.000000,0.320260,0.358429,2.291455,-999.000000,-999.000000,-999.000000,-999.000000,-999.000000,-999.000000,-999.000000,0.002645,0.014080,0.004666,-999.000000,-999.000000,0.006123,-999.000000,-999.000000,-999.000000,-999.000000,-999.000000,-999.000000,-999.000000,-999.000000,0.018511,-999.000000,-999.000000,0.019614,-999.000000,-999.000000,0.031416,0.033938,0.096576,-999.000000,-999.000000,-999.000000,-999.000000,-999.000000,-999.000000,-999.000000,1.698233,1.459880,1.733110,1.713161,1.240616,-999.000000,lev20,1143,OHP_OBSERVATOIRE,43.935000,5.710000,680.000000,32.191627,1.180870,32.700000,309.925521,0.203147,14:02:2023,9,1.638000,1.018800,0.869300,-999.,-999.,0.674200,-999.,-999.,-999.,-999.,-999.,-999.,-999.,-999.,0.499400,-999.,-999.,0.439800,-999.,-999.,0.379300,0.339700,0.936400,-999.,-999.,-999.,-999.,-999.,-999.,-999.
OHP_OBSERVATOIRE,16:08:2022,13:07:26,228,228.546829,0.032709,0.060972,0.080950,-999.000000,-999.000000,0.122562,-999.000000,-999.000000,-999.000000,-999.000000,-999.000000,-999.000000,-999.000000,-999.000000,0.209970,-999.000000,-999.000000,0.256201,-999.000000,-999.000000,0.317332,0.355560,2.198525,-999.000000,-999.000000,-999.000000,-999.000000,-999.000000,-999.000000,-999.000000,0.002679,0.005972,0.007657,-999.000000,-999.000000,0.011292,-999.000000,-999.000000,-999.000000,-999.000000,-999.000000,-999.000000,-999.000000,-999.000000,0.020584,-999.000000,-999.000000,0.024438,-999.000000,-999.000000,0.028327,0.031270,0.087036,-999.000000,-999.000000,-999.000000,-999.000000,-999.000000,-999.000000,-999.000000,1.707482,1.499818,1.738152,1.721797,1.278824,-999.000000,lev20,1143,OHP_OBSERVATOIRE,43.935000,5.710000,680.000000,35.432838,1.226380,32.600000,309.916339,0.203150,14:02:2023,9,1.638000,1.018800,0.869300,-999.,-999.,0.674200,-999.,-999.,-999.,-999.,-999.,-999.,-999.,-999.,0.499400,-999.,-999.,0.439800,-999.,-999.,0.379300,0.339700,0.936400,-999.,-999.,-999.,-999.,-999.,-999.,-999.
OHP_OBSERVATOIRE,16:08:2022,13:51:53,228,228.577697,0.032382,0.060188,0.076795,-999.000000,-999.000000,0.115088,-999.000000,-999.000000,-999.000000,-999.000000,-999.000000,-999.000000,-999.000000,-999.000000,0.198258,-999.000000,-999.000000,0.242232,-999.000000,-999.000000,0.300627,0.338082,2.108886,-999.000000,-999.000000,-999.000000,-999.000000,-999.000000,-999.000000,-999.000000,0.001743,0.003654,0.004150,-999.000000,-999.000000,0.005267,-999.000000,-999.000000,-999.000000,-999.000000,-999.000000,-999.000000,-999.000000,-999.000000,0.012893,-999.000000,-999.000000,0.014727,-999.000000,-999.000000,0.017510,0.018558,0.079940,-999.000000,-999.000000,-999.000000,-999.000000,-999.000000,-999.000000,-999.000000,1.705042,1.511910,1.754637,1.714120,1.300268,-999.000000,lev20,1143,OHP_OBSERVATOIRE,43.935000,5.710000,680.000000,41.140363,1.326577,34.000000,309.904672,0.203153,14:02:2023,9,1.638000,1.018800,0.869300,-999.,-999.,0.674200,-999.,-999.,-999.,-999.,-999.,-999.,-999.,-999.,0.499400,-999.,-999.,0.439800,-999.,-999.,0.379300,0.339700,0.936400,-999.,-999.,-999.,-999.,-999.,-999.,-999.
OHP_OBSERVATOIRE,16:08:2022,14:01:47,228,228.584572,0.030900,0.054956,0.070960,-999.000000,-999.000000,0.106164,-999.000000,-999.000000,-999.000000,-999.000000,-999.000000,-999.000000,-999.000000,-999.000000,0.181902,-999.000000,-999.000000,0.221657,-999.000000,-999.000000,0.275916,0.308838,2.049164,-999.000000,-999.000000,-999.000000,-999.000000,-999.000000,-999.000000,-999.000000,0.000720,0.000786,0.000709,-999.000000,-999.000000,0.001713,-999.000000,-999.000000,-999.000000,-999.000000,-999.000000,-999.000000,-999.000000,-999.000000,0.002671,-999.000000,-999.000000,0.003327,-999.000000,-999.000000,0.003813,0.004320,0.006528,-999.000000,-999.000000,-999.000000,-999.000000,-999.000000,-999.000000,-999.000000,1.690478,1.513614,1.735946,1.701198,1.295137,-999.000000,lev20,1143,OHP_OBSERVATOIRE,43.935000,5.710000,680.000000,42.586890,1.356845,34.300000,309.902074,0.203153,14:02:2023,9,1.638000,1.018800,0.869300,-999.,-999.,0.674200,-999.,-999.,-999.,-999.,-999.,-999.,-999.,-999.,0.499400,-999.,-999.,0.439800,-999.,-999.,0.379300,0.339700,0.936400,-999.,-999.,-999.,-999.,-999.,-999.,-999.
OHP_OBSERVATOIRE,16:08:2022,14:12:26,228,228.591968,0.038891,0.070155,0.091277,-999.000000,-999.000000,0.137911,-999.000000,-999.000000,-999.000000,-999.000000,-999.000000,-999.000000,-999.000000,-999.000000,0.232759,-999.000000,-999.000000,0.281339,-999.000000,-999.000000,0.347972,0.389092,2.321803,-999.000000,-999.000000,-999.000000,-999.000000,-999.000000,-999.000000,-999.000000,0.001596,0.001109,0.002044,-999.000000,-999.000000,0.001941,-999.000000,-999.000000,-999.000000,-999.000000,-999.000000,-999.000000,-999.000000,-999.000000,0.003205,-999.000000,-999.000000,0.003512,-999.000000,-999.000000,0.007691,0.008738,0.009321,-999.000000,-999.000000,-999.000000,-999.000000,-999.000000,-999.000000,-999.000000,1.668269,1.461131,1.682383,1.690504,1.265565,-999.000000,lev20,1143,OHP_OBSERVATOIRE,43.935000,5.710000,680.000000,44.197906,1.393288,33.700000,309.899278,0.203154,14:02:2023,9,1.638000,1.018800,0.869300,-999.,-999.,0.674200,-999.,-999.,-999.,-999.,-999.,-999.,-999.,-999.,0.499400,-999.,-999.,0.439800,-999.,-999.,0.379300,0.339700,0.936400,-999.,-999.,-999.,-999.,-999.,-999.,-999.
OHP_OBSERVATOIRE,16:08:2022,15:24:04,228,228.641713,0.039827,0.067638,0.084953,-999.000000,-999.000000,0.124589,-999.000000,-999.000000,-999.000000,-999.000000,-999.000000,-999.000000,-999.000000,-999.000000,0.208031,-999.000000,-999.000000,0.251903,-999.000000,-999.000000,0.312116,0.351020,2.337856,-999.000000,-999.000000,-999.000000,-999.000000,-999.000000,-999.000000,-999.000000,0.002545,0.002726,0.002227,-999.000000,-999.000000,0.003350,-999.000000,-999.000000,-999.000000,-999.000000,-999.000000,-999.000000,-999.000000,-999.000000,0.004177,-999.000000,-999.000000,0.006034,-999.000000,-999.000000,0.008408,0.010441,0.035617,-999.000000,-999.000000,-999.000000,-999.000000,-999.000000,-999.000000,-999.000000,1.612072,1.474080,1.658799,1.618525,1.293822,-999.000000,lev20,1143,OHP_OBSERVATOIRE,43.935000,5.710000,680.000000,56.059153,1.787164,33.400000,309.880477,0.203159,14:02:2023,9,1.638000,1.018800,0.869300,-999.,-999.,0.674200,-999.,-999.,-999.,-999.,-999.,-999.,-999.,-999.,0.499400,-999.,-999.,0.439800,-999.,-999.,0.379300,0.339700,0.936400,-999.,-999.,-999.,-999.,-999.,-999.,-999.
OHP_OBSERVATOIRE,16:08:2022,15:37:25,228,228.650984,0.042341,0.066222,0.082744,-999.000000,-999.000000,0.119056,-999.000000,-999.000000,-999.000000,-999.000000,-999.000000,-999.000000,-999.000000,-999.000000,0.195741,-999.000000,-999.000000,0.236944,-999.000000,-999.000000,0.291442,0.327559,2.290712,-999.000000,-999.000000,-999.000000,-999.000000,-999.000000,-999.000000,-999.000000,0.006913,0.005169,0.008652,-999.000000,-999.000000,0.009338,-999.000000,-999.000000,-999.000000,-999.000000,-999.000000,-999.000000,-999.000000,-999.000000,0.009874,-999.000000,-999.000000,0.011576,-999.000000,-999.000000,0.010703,0.012108,0.041184,-999.000000,-999.000000,-999.000000,-999.000000,-999.000000,-999.000000,-999.000000,1.559447,1.445708,1.619218,1.556520,1.261997,-999.000000,lev20,1143,OHP_OBSERVATOIRE,43.935000,5.710000,680.000000,58.397193,1.903451,33.100000,309.876973,0.203160,14:02:2023,9,1.638000,1.018800,0.869300,-999.,-999.,0.674200,-999.,-999.,-999.,-999.,-999.,-999.,-999.,-999.,0.499400,-999.,-999.,0.439800,-999.,-999.,0.379300,0.339700,0.936400,-999.,-999.,-999.,-999.,-999.,-999.,-999.
OHP_OBSERVATOIRE,16:08:2022,15:42:25,228,228.654456,0.034058,0.057639,0.072401,-999.000000,-999.000000,0.105811,-999.000000,-999.000000,-999.000000,-999.000000,-999.000000,-999.000000,-999.000000,-999.000000,0.177482,-999.000000,-999.000000,0.215519,-999.000000,-999.000000,0.267818,0.301856,2.233702,-999.000000,-999.000000,-999.000000,-999.000000,-999.000000,-999.000000,-999.000000,0.001431,0.002177,0.002063,-999.000000,-999.000000,0.002892,-999.000000,-999.000000,-999.000000,-999.000000,-999.000000,-999.000000,-999.000000,-999.000000,0.005022,-999.000000,-999.000000,0.005403,-999.000000,-999.000000,0.004277,0.004353,0.036885,-999.000000,-999.000000,-999.000000,-999.000000,-999.000000,-999.000000,-999.000000,1.618503,1.494952,1.675692,1.620847,1.313569,-999.000000,lev20,1143,OHP_OBSERVATOIRE,43.935000,5.710000,680.000000,59.279010,1.952192,32.900000,309.875661,0.203160,14:02:2023,9,1.638000,1.018800,0.869300,-999.,-999.,0.674200,-999.,-999.,-999.,-999.,-999.,-999.,-999.,-999.,0.499400,-999.,-999.,0.439800,-999.,-999.,0.379300,0.339700,0.936400,-999.,-999.,-999.,-999.,-999.,-999.,-999.
OHP_OBSERVATOIRE,16:08:2022,15:47:25,228,228.657928,0.031441,0.053290,0.067634,-999.000000,-999.000000,0.099005,-999.000000,-999.000000,-999.000000,-999.000000,-999.000000,-999.000000,-999.000000,-999.000000,0.166515,-999.000000,-999.000000,0.202534,-999.000000,-999.000000,0.251588,0.283604,2.182256,-999.000000,-999.000000,-999.000000,-999.000000,-999.000000,-999.000000,-999.000000,0.001823,0.002976,0.003704,-999.000000,-999.000000,0.005488,-999.000000,-999.000000,-999.000000,-999.000000,-999.000000,-999.000000,-999.000000,-999.000000,0.007760,-999.000000,-999.000000,0.009279,-999.000000,-999.000000,0.007683,0.006813,0.044438,-999.000000,-999.000000,-999.000000,-999.000000,-999.000000,-999.000000,-999.000000,1.627159,1.499369,1.685653,1.628671,1.312587,-999.000000,lev20,1143,OHP_OBSERVATOIRE,43.935000,5.710000,680.000000,60.163702,2.004142,32.500000,309.874348,0.203160,14:02:2023,9,1.638000,1.018800,0.869300,-999.,-999.,0.674200,-999.,-999.,-999.,-999.,-999.,-999.,-999.,-999.,0.499400,-999.,-999.,0.439800,-999.,-999.,0.379300,0.339700,0.936400,-999.,-999.,-999.,-999.,-999.,-999.,-999.
OHP_OBSERVATOIRE,16:08:2022,15:58:50,228,228.665856,0.030441,0.052526,0.065161,-999.000000,-999.000000,0.094912,-999.000000,-999.000000,-999.000000,-999.000000,-999.000000,-999.000000,-999.000000,-999.000000,0.160104,-999.000000,-999.000000,0.194698,-999.000000,-999.000000,0.242811,0.274002,2.178270,-999.000000,-999.000000,-999.000000,-999.000000,-999.000000,-999.000000,-999.000000,0.001617,0.002512,0.002049,-999.000000,-999.000000,0.002329,-999.000000,-999.000000,-999.000000,-999.000000,-999.000000,-999.000000,-999.000000,-999.000000,0.003472,-999.000000,-999.000000,0.004884,-999.000000,-999.000000,0.005139,0.005030,0.042622,-999.000000,-999.000000,-999.000000,-999.000000,-999.000000,-999.000000,-999.000000,1.625527,1.513366,1.692702,1.625457,1.332429,-999.000000,lev20,1143,OHP_OBSERVATOIRE,43.935000,5.710000,680.000000,62.192990,2.136378,32.100000,309.871352,0.203161,14:02:2023,9,1.638000,1.018800,0.869300,-999.,-999.,0.674200,-999.,-999.,-999.,-999.,-999.,-999.,-999.,-999.,0.499400,-999.,-999.,0.439800,-999.,-999.,0.379300,0.339700,0.936400,-999.,-999.,-999.,-999.,-999.,-999.,-999.
OHP_OBSERVATOIRE,16:08:2022,16:08:34,228,228.672616,0.027423,0.047398,0.059109,-999.000000,-999.000000,0.086125,-999.000000,-999.000000,-999.000000,-999.000000,-999.000000,-999.000000,-999.000000,-999.000000,0.145651,-999.000000,-999.000000,0.177089,-999.000000,-999.000000,0.221461,0.250261,2.098813,-999.000000,-999.000000,-999.000000,-999.000000,-999.000000,-999.000000,-999.000000,0.000484,0.000407,0.000704,-999.000000,-999.000000,0.000645,-999.000000,-999.000000,-999.000000,-999.000000,-999.000000,-999.000000,-999.000000,-999.000000,0.001348,-999.000000,-999.000000,0.001826,-999.000000,-999.000000,0.002466,0.003253,0.023953,-999.000000,-999.000000,-999.000000,-999.000000,-999.000000,-999.000000,-999.000000,1.630191,1.522981,1.698739,1.630728,1.348685,-999.000000,lev20,1143,OHP_OBSERVATOIRE,43.935000,5.710000,680.000000,63.931266,2.266655,31.700000,309.868797,0.203162,14:02:2023,9,1.638000,1.018800,0.869300,-999.,-999.,0.674200,-999.,-999.,-999.,-999.,-999.,-999.,-999.,-999.,0.499400,-999.,-999.,0.439800,-999.,-999.,0.379300,0.339700,0.936400,-999.,-999.,-999.,-999.,-999.,-999.,-999.
