index,zenith_deg,relative_azimuth_deg,absolute_azimuth_deg,reference_intensity,model_intensity,normalized_reference,normalized_model,reference_dop,model_dop,dop_abs_error,reference_aop_deg,model_aop_deg,aop_abs_error_deg,signed_dolp_bias,first_frac,second_frac,higher_frac,second_rr_frac,second_ar_frac,second_ra_frac,second_aa_frac,model_q,model_u,model_v,model_calibration_applied,model_calibration_intensity_gain,model_calibration_dolp_scale,model_calibration_aop_offset_deg,raw_model_intensity,raw_model_dop,raw_model_aop_deg,raw_model_q,raw_model_u,raw_model_v
0,3.085892,5.062779,301.047873,821.3333,4.3131382522e-07,0.03543203283100085,0.015254842468857005,0.436059,0.79095507963,0.35489607963,-9.96943,6.7886769882,16.758106988199998,0.35489607963,0.3696835034,0.58682715754,0.04348933906,0.62512656419,0.30671346031,0.05144821126,0.016711764237,3.3161604057e-07,8.0087634984e-08,0.0,0.0,1.0,1.0,0.0,4.3131382522e-07,0.79095507963,6.7886769882,3.3161604057e-07,8.0087634984e-08,0.0
1,3.229108,14.703974,310.689068,789.3333,3.7996648407e-07,0.03405156396337789,0.013438773623768689,0.430532,0.77709318635,0.34656118635,-22.988263,-4.4619937615,18.5262692385,0.34656118635,0.41995450537,0.56482769375,0.015217800881,0.62735952872,0.30015217004,0.055782427097,0.01670587414,2.9169513248e-07,-4.5803363108e-08,0.0,0.0,1.0,1.0,0.0,3.7996648407e-07,0.77709318635,-4.4619937615,2.9169513248e-07,-4.5803363108e-08,0.0
2,3.597456,25.660826,321.64592,774.2222,3.2192003787e-07,0.03339967636632985,0.01138576873294164,0.411761,0.76454173712,0.35278073711999997,-28.238309,-17.802388873,10.435920127,0.35278073712,0.49654986434,0.47895436657,0.024495769086,0.63909808037,0.27809602122,0.066716312133,0.016089586274,2.0010947253e-07,-1.4328955217e-07,0.0,0.0,1.0,1.0,0.0,3.2192003787e-07,0.76454173712,-17.802388873,2.0010947253e-07,-1.4328955217e-07,0.0
3,2.954261,34.6243,330.609394,749.6,4.7088025587e-07,0.032337483224067785,0.01665424038130008,0.499907,0.79018410869,0.29027710869,-37.136937,-23.314222369,13.822714631000004,0.29027710869,0.33608295443,0.59084712455,0.073069921013,0.6114789461,0.32055513251,0.050637576011,0.01732834538,2.5551871501e-07,-2.7047231265e-07,0.0,0.0,1.0,1.0,0.0,4.7088025587e-07,0.79018410869,-23.314222369,2.5551871501e-07,-2.7047231265e-07,0.0
4,3.207406,44.916314,340.901408,793.4545,4.7463902379e-07,0.03422935109766688,0.016787181662436493,0.471051,0.78106631354,0.31001531354,-50.944548,-34.13289823,16.811649769999995,0.31001531354,0.33297670764,0.59048138231,0.076541910046,0.60736411834,0.3240781533,0.051010759397,0.017546968955,1.3727980245e-07,-3.4437036708e-07,0.0,0.0,1.0,1.0,0.0,4.7463902379e-07,0.78106631354,-34.13289823,1.3727980245e-07,-3.4437036708e-07,0.0
5,3.134536,54.912808,350.897902,778.6667,9.4169797947e-07,0.03359141055014704,0.0333062691016881,0.513907,0.81803915868,0.30413215868,-55.804022,-49.119485662,6.684536338000001,0.30413215868,0.16698821248,0.33263488207,0.50037690545,0.59880498124,0.3349478078,0.048463172351,0.017784038602,-1.103921931e-07,-7.6239507507e-07,0.0,0.0,1.0,1.0,0.0,9.4169797947e-07,0.81803915868,-49.119485662,-1.103921931e-07,-7.6239507507e-07,0.0
6,3.199281,65.149525,1.134619,788.0,4.7926609901e-07,0.03399404586521534,0.01695083350813527,0.457628,0.79402342673,0.33639542673000006,-67.669514,-53.831237931,13.83827606900001,0.33639542673,0.32644998694,0.65609221917,0.017457793883,0.59205145506,0.34204045956,0.047923835566,0.017984249813,-1.1546187299e-07,-3.6260960349e-07,0.0,0.0,1.0,1.0,0.0,4.7926609901e-07,0.79402342673,-53.831237931,-1.1546187299e-07,-3.6260960349e-07,0.0
7,2.876036,74.803392,10.788486,762.4,4.8294957095e-07,0.03288967077111697,0.017081111697466417,0.419278,0.7727186847,0.35344068470000006,-78.673141,-64.190400255,14.482740745000001,0.3534406847,0.32189495391,0.63259136362,0.045513682469,0.60768559535,0.32544408087,0.049312086106,0.017558237674,-2.3170449555e-07,-2.9253964169e-07,0.0,0.0,1.0,1.0,0.0,4.8294957095e-07,0.7727186847,-64.190400255,-2.3170449555e-07,-2.9253964169e-07,0.0
8,3.486702,84.718292,20.703386,798.4,4.8652670873e-07,0.034442698247192795,0.017207629026920128,0.412604,0.79988047537,0.38727647536999993,-84.509487,-73.786424958,10.723062041999995,0.38727647537,0.31801321601,0.64486043182,0.03712635217,0.59651281443,0.33586996594,0.048976814446,0.018640405184,-3.2848252229e-07,-2.0867975586e-07,0.0,0.0,1.0,1.0,0.0,4.8652670873e-07,0.79988047537,-73.786424958,-3.2848252229e-07,-2.0867975586e-07,0.0
9,2.917642,94.438169,30.423263,751.2,2.5146179692e-06,0.03240650666744894,0.08893779597706333,0.498108,0.72553447131,0.22742647131000004,84.053738,-61.472360281,34.473901719,0.22742647131,0.061194961519,0.13451720088,0.8042878376,0.58333243568,0.34421872098,0.050398406217,0.022050437119,-9.9218561968e-07,-1.5310638054e-06,0.0,0.0,1.0,1.0,0.0,2.5146179692e-06,0.72553447131,-61.472360281,-9.9218561968e-07,-1.5310638054e-06,0.0
10,3.312805,103.729008,39.714102,756.4444,5.4791531257e-07,0.03263274825899149,0.019378840396007596,0.452738,0.80933618239,0.3565981823900001,75.820144,87.649469447,11.829325447000002,0.35659818239,0.27930840582,0.71375086594,0.0069407282364,0.56419888837,0.36186516555,0.049250256178,0.0246856899,-4.4195587131e-07,3.6343627088e-08,0.0,0.0,1.0,1.0,0.0,5.4791531257e-07,0.80933618239,87.649469447,-4.4195587131e-07,3.6343627088e-08,0.0
11,3.194998,114.944475,50.929569,767.3333,1.2934523417e-06,0.0331024916168871,0.04574722756346452,0.481059,0.75791540969,0.27685640969,57.043868,72.487898639,15.44403063899999,0.27685640969,0.11775008469,0.36173899853,0.52051091677,0.55195932307,0.37308037922,0.048240928607,0.0267193691,-8.0279965038e-07,5.6263189837e-07,0.0,0.0,1.0,1.0,0.0,1.2934523417e-06,0.75791540969,72.487898639,-8.0279965038e-07,5.6263189837e-07,0.0
12,3.135353,125.278465,61.263559,757.3333,6.9783833114e-07,0.03267109509575493,0.024681364676499458,0.509903,0.82008256002,0.31017956002,52.157737,66.828810525,14.671073524999997,0.31017956002,0.21736472037,0.77419189741,0.0084433822226,0.56104551475,0.36378113663,0.048630429651,0.02654291897,-3.950755375e-07,4.1403561741e-07,0.0,0.0,1.0,1.0,0.0,6.9783833114e-07,0.82008256002,66.828810525,-3.950755375e-07,4.1403561741e-07,0.0
13,3.230062,134.591503,70.576597,719.2,7.4305697644e-07,0.03102603779982598,0.02628067188710133,0.503888,0.82750496281,0.32361696280999996,42.224552,57.752146457,15.527594457,0.32361696281,0.20329610184,0.79227997656,0.0044239215963,0.56410510846,0.36087352686,0.048475411708,0.026545952975,-2.6475568098e-07,5.5496481497e-07,0.0,0.0,1.0,1.0,0.0,7.4305697644e-07,0.82750496281,57.752146457,-2.6475568098e-07,5.5496481497e-07,0.0
14,2.954861,144.75884,80.743934,743.2727,7.5484687921e-07,0.03206452570325183,0.026697660861168537,0.481287,0.82691966503,0.34563266503,30.892489,47.760435544,16.867946544000002,0.34563266503,0.19982182407,0.79570912457,0.0044690513548,0.57077575343,0.35420960093,0.048881560828,0.026133084809,-6.0053026252e-08,6.2130221174e-07,0.0,0.0,1.0,1.0,0.0,7.5484687921e-07,0.82691966503,47.760435544,-6.0053026252e-08,6.2130221174e-07,0.0
15,3.295857,154.683082,90.668176,754.4,1.0386352802e-06,0.03254455355421123,0.03673477791713841,0.49175,0.73399157537,0.24224157537000002,19.408901,29.076258797,9.667357797000001,0.24224157537,0.14450697738,0.59565050922,0.2598425134,0.57584732276,0.34929536823,0.04901454941,0.025842759601,4.0226131639e-07,6.4758216693e-07,0.0,0.0,1.0,1.0,0.0,1.0386352802e-06,0.73399157537,29.076258797,4.0226131639e-07,6.4758216693e-07,0.0
16,3.205123,165.350741,101.335835,694.4,7.7284752322e-07,0.029956174427418183,0.02733431327677442,0.498574,0.82525030084,0.32667630083999993,10.151381,26.864348827,16.712967827,0.32667630084,0.19407221962,0.78999343516,0.015934345218,0.58244364321,0.34275056715,0.049426169615,0.025379620021,3.7732415339e-07,5.1420418997e-07,0.0,0.0,1.0,1.0,0.0,7.7284752322e-07,0.82525030084,26.864348827,3.7732415339e-07,5.1420418997e-07,0.0
17,3.066242,175.067292,111.052386,696.8,7.612219724e-07,0.030059709592489905,0.026923137153954023,0.48681,0.82453456194,0.33772456193999995,1.248742,17.314575534,16.065833534,0.33772456194,0.19702595252,0.78831818655,0.014655860933,0.58799462159,0.33723504363,0.049787708755,0.024982626022,5.1646328912e-07,3.5667211233e-07,0.0,0.0,1.0,1.0,0.0,7.612219724e-07,0.82453456194,17.314575534,5.1646328912e-07,3.5667211233e-07,0.0
18,3.248676,185.3406,121.325694,756.0,7.3852388073e-07,0.032613576997592375,0.02612034393814901,0.47575,0.82770649711,0.35195649711,-14.598466,7.2029635722,21.8014295722,0.35195649711,0.20288411433,0.79012735749,0.0069885281854,0.59452908744,0.3307172043,0.050244002805,0.024509705451,5.9206076791e-07,1.5208065491e-07,0.0,0.0,1.0,1.0,0.0,7.3852388073e-07,0.82770649711,7.2029635722,5.9206076791e-07,1.5208065491e-07,0.0
19,3.202815,203.855079,139.840173,750.1538,7.3383607552e-07,0.03236137396340809,0.025954544175141737,0.49568,0.82119462326,0.32551462326,-24.13302,-11.294877568,12.838142431999998,0.32551462326,0.20462721968,0.77268778268,0.022684997643,0.6043235525,0.32093117358,0.050946237922,0.023799036003,5.5638840866e-07,-2.3148542577e-07,0.0,0.0,1.0,1.0,0.0,7.3383607552e-07,0.82119462326,-11.294877568,5.5638840866e-07,-2.3148542577e-07,0.0
20,3.043794,214.533226,150.51832,733.8182,7.1844715449e-07,0.03165666186234741,0.025410263995950658,0.480448,0.82759186302,0.34714386302,-37.316008,-21.244552338,16.071455661999998,0.34714386302,0.20979423115,0.77871332082,0.011492448031,0.60835426083,0.31682611099,0.051319673251,0.023499954923,4.3844748801e-07,-4.0160974652e-07,0.0,0.0,1.0,1.0,0.0,7.1844715449e-07,0.82759186302,-21.244552338,4.3844748801e-07,-4.0160974652e-07,0.0
21,3.268784,224.762651,160.747745,791.1111,7.1107465571e-07,0.03412825763690477,0.025149511149845215,0.527343,0.81920084777,0.29185784777,-49.567244,-31.215987713,18.351256287000002,0.29185784777,0.21235811527,0.77227662122,0.015365263514,0.61360540654,0.31146995513,0.05181392469,0.02311071364,2.6958781006e-07,-5.1637560181e-07,0.0,0.0,1.0,1.0,0.0,7.1107465571e-07,0.81920084777,-31.215987713,2.6958781006e-07,-5.1637560181e-07,0.0
22,3.17396,234.512551,170.497645,768.0,7.1204337625e-07,0.033131252822950985,0.025183773161331885,0.48669,0.80856274323,0.32187274323,-57.849208,-40.637669632,17.211538368,0.32187274323,0.21295918373,0.76204872385,0.024992092424,0.6144351971,0.31043569219,0.052099253183,0.023029857522,8.7330598084e-08,-5.6906977562e-07,0.0,0.0,1.0,1.0,0.0,7.1204337625e-07,0.80856274323,-40.637669632,8.7330598084e-08,-5.6906977562e-07,0.0
23,3.016761,244.324624,180.309718,799.2,6.9403460836e-07,0.03447720996888337,0.02454683341779356,0.483747,0.81718344552,0.33343644552,-68.883499,-50.451767236,18.431731764,0.33343644552,0.21948740081,0.76261800968,0.017894589504,0.61384775881,0.31081554769,0.052304945097,0.023031748401,-1.0728051509e-07,-5.5691479478e-07,0.0,0.0,1.0,1.0,0.0,6.9403460836e-07,0.81718344552,-50.451767236,-1.0728051509e-07,-5.5691479478e-07,0.0
24,3.065903,254.499484,190.484578,812.0,7.6058703157e-07,0.03502939751593255,0.026900680367798944,0.480972,0.82008857033,0.33911657033000003,-82.790032,-60.708907425,22.081124574999997,0.33911657033,0.20111050699,0.66243087546,0.13645861755,0.61472972637,0.30963890655,0.052731021846,0.022900345238,-3.251446195e-07,-5.3230015616e-07,0.0,0.0,1.0,1.0,0.0,7.6058703157e-07,0.82008857033,-60.708907425,-3.251446195e-07,-5.3230015616e-07,0.0
25,3.155899,265.005066,200.99016,796.8,6.3089280813e-07,0.03437367480381165,0.022313614449638804,0.498914,0.81180860815,0.31289460815,87.821941,-70.918704452,21.259354548000005,0.31289460815,0.24381039108,0.74585994957,0.010329659349,0.61545703192,0.30870281819,0.053101015852,0.022739134029,-4.0269448453e-07,-3.1646379359e-07,0.0,0.0,1.0,1.0,0.0,6.3089280813e-07,0.81180860815,-70.918704452,-4.0269448453e-07,-3.1646379359e-07,0.0
26,3.146537,274.744719,210.729813,796.8,5.8602653208e-07,0.03437367480381165,0.020726769945041957,0.413474,0.80474850389,0.39127450388999996,79.829898,-81.373126785,18.796975215000003,0.39127450389,0.263777153,0.71024076067,0.025982086334,0.61325410675,0.31087733823,0.053205925299,0.022662629724,-4.5038205653e-07,-1.3987963516e-07,0.0,0.0,1.0,1.0,0.0,5.8602653208e-07,0.80474850389,-81.373126785,-4.5038205653e-07,-1.3987963516e-07,0.0
27,3.282025,283.827712,219.812806,780.8,6.3323032718e-07,0.03368344037000017,0.022396288555569712,0.503978,0.59188157167,0.08790357166999996,69.011322,89.636880664,20.625558663999996,0.087903571672,0.24555174652,0.57675193215,0.17769632133,0.61338357933,0.31105978935,0.053259030729,0.022297600586,-3.7476725381e-07,4.7505252859e-09,0.0,0.0,1.0,1.0,0.0,6.3323032718e-07,0.59188157167,89.636880664,-3.7476725381e-07,4.7505252859e-09,0.0
28,3.325688,295.411445,231.396539,808.7273,4.8128187831e-07,0.034888214376461626,0.017022128221811088,0.500982,0.78807198681,0.28708998681,57.774013,77.121657769,19.347644769,0.28708998681,0.32530777812,0.62969652357,0.044995698311,0.6285210596,0.29731846089,0.053960298357,0.020200181149,-3.4160189464e-07,1.6481832223e-07,0.0,0.0,1.0,1.0,0.0,4.8128187831e-07,0.78807198681,77.121657769,-3.4160189464e-07,1.6481832223e-07,0.0
29,3.222611,305.155665,241.140759,820.8,5.3189896166e-07,0.03540902645452886,0.01881236908029366,0.49031,0.64784521346,0.15753521346,50.51181,66.92524333,16.413433330000004,0.15753521346,0.29569040469,0.50549673101,0.1988128643,0.64196195109,0.28614051902,0.053868212356,0.01802931754,-2.3872342825e-07,2.4849979854e-07,0.0,0.0,1.0,1.0,0.0,5.3189896166e-07,0.64784521346,66.92524333,-2.3872342825e-07,2.4849979854e-07,0.0
30,2.952813,314.932965,250.918059,827.2,4.5084514277e-07,0.03568512022805346,0.01594563222567154,0.487495,0.77875755389,0.29126255389,42.83024,55.525378078,12.695138078,0.29126255389,0.34978649987,0.57721712258,0.072996377553,0.64883679251,0.28219609654,0.052620175368,0.01634693558,-1.2611296817e-07,3.2766762059e-07,0.0,0.0,1.0,1.0,0.0,4.5084514277e-07,0.77875755389,55.525378078,-1.2611296817e-07,3.2766762059e-07,0.0
31,3.174858,325.258385,261.243479,788.0,5.0650285043e-07,0.03399404586521534,0.017914151463602118,0.396132,0.70827088205,0.31213888205,31.153325,47.895094284,16.741769284000004,0.31213888205,0.31321853402,0.51091626323,0.17586520276,0.65251975366,0.28096144991,0.051393790868,0.015125005555,-3.6191941874e-08,3.5691092268e-07,0.0,0.0,1.0,1.0,0.0,5.0650285043e-07,0.70827088205,47.895094284,-3.6191941874e-08,3.5691092268e-07,0.0
32,3.168849,335.338616,271.32371,837.6,5.5633662582e-07,0.03613377261003092,0.019676688040803404,0.44911,0.80552764284,0.35641764284,25.746041,35.268363239,9.522322239000001,0.35641764284,0.28595936271,0.48760543346,0.22643520383,0.63769636758,0.29674908329,0.049809173173,0.015745375959,1.4932290467e-07,4.2253543124e-07,0.0,0.0,1.0,1.0,0.0,5.5633662582e-07,0.80552764284,35.268363239,1.4932290467e-07,4.2253543124e-07,0.0
33,3.158686,345.232989,281.218083,806.5455,5.03330425e-07,0.03479409228348101,0.01780194812730943,0.44928,0.79012373228,0.34084373228,9.863893,28.386647015,18.522754015000004,0.34084373228,0.31671756221,0.54843237869,0.13485005909,0.62958624627,0.30483104015,0.049310730517,0.016271983061,2.1791731836e-07,3.3267403616e-07,0.0,0.0,1.0,1.0,0.0,5.03330425e-07,0.79012373228,28.386647015,2.1791731836e-07,3.3267403616e-07,0.0
34,3.061937,355.197493,291.182587,806.4,4.3087583231e-07,0.03478781546409854,0.01523935139842559,0.443115,0.78877717259,0.34566217259000004,-1.115791,16.959043802,18.074834802,0.34566217259,0.36994097767,0.62250560491,0.0075534174174,0.6266309881,0.30697071618,0.049880735769,0.016517559953,2.8203228719e-07,1.8964709676e-07,0.0,0.0,1.0,1.0,0.0,4.3087583231e-07,0.78877717259,16.959043802,2.8203228719e-07,1.8964709676e-07,0.0
35,7.256915,4.892257,300.877351,841.5484,2.2978594888e-07,0.03630410521243475,0.008127141414799902,0.384203,0.75721403649,0.37301103648999995,-9.964976,-4.3720666677,5.5929093323,0.37301103649,0.73460297155,0.23729434666,0.028102681788,0.75480461342,0.10413648671,0.13058055224,0.01047834763,1.7197479125e-07,-2.6451426209e-08,0.0,0.0,1.0,1.0,0.0,2.2978594888e-07,0.75721403649,-4.3720666677,1.7197479125e-07,-2.6451426209e-08,0.0
36,7.340773,14.818199,310.803293,839.1429,2.6050143803e-07,0.0362003327792764,0.009213496455930658,0.422709,0.77875849689,0.35604949689,-17.014888,-11.908223269,5.106664730999999,0.35604949689,0.64670946637,0.19214419939,0.16114633424,0.76340416325,0.08585113913,0.14039768413,0.010347013486,1.8559226395e-07,-8.191958641e-08,0.0,0.0,1.0,1.0,0.0,2.6050143803e-07,0.77875849689,-11.908223269,1.8559226395e-07,-8.191958641e-08,0.0
37,7.404818,25.051557,321.036651,817.931,2.2966378435e-07,0.03528525879261605,0.008122820661437819,0.415487,0.75387594535,0.33838894535,-31.623529,-25.358479913,6.265049087000001,0.33838894535,0.73033017809,0.23599162401,0.033678197903,0.75546097418,0.090987652717,0.14298418543,0.010567187676,1.0962263527e-07,-1.340136029e-07,0.0,0.0,1.0,1.0,0.0,2.2966378435e-07,0.75387594535,-25.358479913,1.0962263527e-07,-1.340136029e-07,0.0
38,7.252809,34.939569,330.924663,802.6667,5.8981838124e-06,0.03462676220086426,0.20860881253836577,0.41843,0.92164139523,0.5032113952299999,-37.79504,-4.0822675852,33.7127724148,0.50321139523,0.028118539887,0.0097944083018,0.96208705181,0.74554964309,0.10062348111,0.14306802152,0.010758854276,5.3809127264e-06,-7.7200184226e-07,0.0,0.0,1.0,1.0,0.0,5.8981838124e-06,0.92164139523,-4.0822675852,5.3809127264e-06,-7.7200184226e-07,0.0
39,7.449645,45.008987,340.994081,818.5806,2.2977033797e-07,0.035313282310628795,0.008126589283245288,0.454538,0.73541950385,0.28088150385,-48.056032,-44.516552277,3.5394797229999995,0.28088150385,0.71559290725,0.27043647457,0.013970618177,0.73082607381,0.11986345848,0.13822281184,0.011087655861,2.8514474709e-09,-1.6895352757e-07,0.0,0.0,1.0,1.0,0.0,2.2977033797e-07,0.73541950385,-44.516552277,2.8514474709e-09,-1.6895352757e-07,0.0
40,7.389299,55.12179,351.106884,809.5484,2.775926311e-07,0.03492363634481179,0.009817983125827417,0.467499,0.74309982041,0.27560082041,-56.83129,-52.061437227,4.769852773000004,0.27560082041,0.58462448281,0.23563831316,0.17973720403,0.71580064154,0.14389342869,0.12894269367,0.011363236098,-5.0332537934e-08,-2.0004418418e-07,0.0,0.0,1.0,1.0,0.0,2.775926311e-07,0.74309982041,-52.061437227,-5.0332537934e-08,-2.0004418418e-07,0.0
41,7.378459,64.990252,0.975346,764.9032,2.7205931769e-07,0.032997657948286775,0.009622279163967839,0.525544,0.75204889038,0.22650489038,-69.663662,-61.073941581,8.589720419000002,0.22650489038,0.58868051866,0.36471742004,0.046602061298,0.64501932844,0.24975249437,0.090416809515,0.014811367678,-1.0886997438e-07,-1.7323183723e-07,0.0,0.0,1.0,1.0,0.0,2.7205931769e-07,0.75204889038,-61.073941581,-1.0886997438e-07,-1.7323183723e-07,0.0
42,7.324242,75.169393,11.154487,748.129,2.9732749633e-07,0.03227402479580924,0.010515972020744514,0.487612,0.7846737356,0.2970617356,-77.460619,-68.95278756,8.50783143999999,0.2970617356,0.53103724894,0.45889917839,0.010063572668,0.60123895359,0.31059928423,0.070579752958,0.017582009215,-1.731219498e-07,-1.5639708937e-07,0.0,0.0,1.0,1.0,0.0,2.9732749633e-07,0.7846737356,-68.95278756,-1.731219498e-07,-1.5639708937e-07,0.0
43,7.507604,85.099604,21.084698,762.4,5.6891066678e-07,0.03288967077111697,0.02012141065998659,0.474459,0.77886291739,0.30440391739,89.494054,-76.308998236,14.196947764000015,0.30440391739,0.27395546975,0.65786981275,0.068174717502,0.53382547624,0.40384382485,0.041195365642,0.021135333269,-3.9345806513e-07,-2.0379252507e-07,0.0,0.0,1.0,1.0,0.0,5.6891066678e-07,0.77886291739,-76.308998236,-3.9345806513e-07,-2.0379252507e-07,0.0
44,7.378463,95.073542,31.058636,733.1613,5.0872655095e-07,0.03162832342487424,0.01799280000011312,0.505513,0.82706638062,0.32155338062000005,82.704926,-85.154870227,12.140203772999996,0.32155338062,0.3022998698,0.69201324617,0.0056868840303,0.54967124922,0.38507278349,0.043488488276,0.021767479013,-4.1474739873e-07,-7.0821504853e-08,0.0,0.0,1.0,1.0,0.0,5.0872655095e-07,0.82706638062,-85.154870227,-4.1474739873e-07,-7.0821504853e-08,0.0
45,7.294968,104.30166,40.286754,718.7692,6.8561385181e-07,0.0310074532376956,0.024249005462537724,0.496194,0.8250897852,0.32889578519999996,73.589794,86.006972725,12.417178725,0.3288957852,0.22197765574,0.70984499923,0.068177345037,0.51469351015,0.41317236177,0.043278973632,0.028855154442,-5.6020684611e-07,7.8592898345e-08,0.0,0.0,1.0,1.0,0.0,6.8561385181e-07,0.8250897852,86.006972725,-5.6020684611e-07,7.8592898345e-08,0.0
46,7.317628,114.609021,50.594115,734.0606,8.644544437e-07,0.03166711891401965,0.030574295533931865,0.527794,0.82280165993,0.29500765993,62.015392,75.653660146,13.638268146000009,0.29500765993,0.1741416378,0.77623206253,0.049626299671,0.52196964609,0.40480886842,0.043528504701,0.029692980788,-6.2393537902e-07,3.4149103943e-07,0.0,0.0,1.0,1.0,0.0,8.644544437e-07,0.82280165993,75.653660146,-6.2393537902e-07,3.4149103943e-07,0.0
47,7.373759,124.945144,60.930238,716.3871,8.7728826528e-07,0.030904690272396708,0.03102820615545312,0.541597,0.84479597493,0.30319897493000003,51.034829,65.186390519,14.151561518999998,0.30319897493,0.16999917806,0.80890582556,0.021094996386,0.53669799845,0.39008562043,0.0444027468,0.028813634321,-4.8007266235e-07,5.6462670498e-07,0.0,0.0,1.0,1.0,0.0,8.7728826528e-07,0.84479597493,65.186390519,-4.8007266235e-07,5.6462670498e-07,0.0
48,7.483038,134.960077,70.945171,707.2,7.8989992637e-07,0.03050836197446737,0.027937428012630623,0.503755,0.83839771422,0.33464271422,41.536326,54.424487741,12.888161740999998,0.33464271422,0.18731564929,0.79656176352,0.016122587191,0.55161675991,0.37475416985,0.045938137193,0.027690933047,-2.1395635272e-07,6.2673609227e-07,0.0,0.0,1.0,1.0,0.0,7.8989992637e-07,0.83839771422,54.424487741,-2.1395635272e-07,6.2673609227e-07,0.0
49,7.37195,144.912575,80.897669,704.5161,6.904532469e-07,0.030392579462160705,0.02442016670390265,0.5311,0.83583474469,0.30473474468999995,29.137855,44.369816026,15.231961026000004,0.30473474469,0.21302209014,0.78312055229,0.0038573575763,0.56619119883,0.35939828465,0.047851899557,0.026558616963,1.2693880005e-08,5.7696519045e-07,0.0,0.0,1.0,1.0,0.0,6.904532469e-07,0.83583474469,44.369816026,1.2693880005e-08,5.7696519045e-07,0.0
50,7.44741,155.135172,91.120266,711.5,6.095895201e-07,0.030693862478554202,0.021560153085861337,0.529457,0.82759199472,0.29813499472000005,21.036114,33.732066299,12.695952299000002,0.29813499472,0.2401447511,0.74878041496,0.011074833945,0.58169660492,0.34285884032,0.050087769772,0.025356784984,1.9335223922e-07,4.6596833715e-07,0.0,0.0,1.0,1.0,0.0,6.095895201e-07,0.82759199472,33.732066299,1.9335223922e-07,4.6596833715e-07,0.0
51,7.352167,165.181101,101.166195,721.8667,6.8010149311e-07,0.031141078310116296,0.024054042633424973,0.557626,0.75842630269,0.20080030269000004,8.530561,25.911389645,17.380828645,0.20080030269,0.21466418955,0.59182668663,0.19350912381,0.59555257635,0.32810320022,0.052044831807,0.024299391624,3.1881811133e-07,4.0547716288e-07,0.0,0.0,1.0,1.0,0.0,6.8010149311e-07,0.75842630269,25.911389645,3.1881811133e-07,4.0547716288e-07,0.0
52,7.341512,175.263881,111.248975,715.871,5.1988490402e-07,0.030882425897941074,0.018387452126573278,0.525996,0.80527685068,0.27928085067999997,-0.004896,13.594285359,13.599181359000001,0.27928085068,0.28033145007,0.70155732056,0.01811122937,0.60831444263,0.31479327522,0.0535507101,0.023341572052,3.7239346729e-07,1.9129035072e-07,0.0,0.0,1.0,1.0,0.0,5.1988490402e-07,0.80527685068,13.594285359,3.7239346729e-07,1.9129035072e-07,0.0
53,7.336594,185.009951,120.995045,701.4286,4.8902792258e-07,0.030259385786261143,0.017296092741810813,0.505415,0.81251108659,0.3070960865900001,-12.354083,3.960733114,16.314816114,0.30709608659,0.29803900513,0.6952871919,0.0066738029744,0.61907275513,0.30392535377,0.054438448034,0.022563443067,3.9354914463e-07,5.475974912e-08,0.0,0.0,1.0,1.0,0.0,4.8902792258e-07,0.81251108659,3.960733114,3.9354914463e-07,5.475974912e-08,0.0
54,7.568418,195.123971,131.109065,737.0323,5.3927244333e-07,0.031795317018204504,0.019073156689560486,0.473909,0.71048117003,0.23657217002999997,-20.644578,-6.9066531492,13.737924850799999,0.23657217003,0.27033267286,0.57882215244,0.1508451747,0.63130167695,0.29144454483,0.055586362146,0.021667416075,3.7206198543e-07,-9.1478814285e-08,0.0,0.0,1.0,1.0,0.0,5.3927244333e-07,0.71048117003,-6.9066531492,3.7206198543e-07,-9.1478814285e-08,0.0
55,7.15006,204.922047,140.907141,748.0,4.8307035893e-07,0.03226845978068664,0.01708538376457693,0.534315,0.81292200744,0.27860700744,-30.456136,-15.062482583,15.393653417000001,0.27860700744,0.30349877331,0.68657045986,0.0099307668242,0.63434564499,0.28892703697,0.055254457877,0.021472860159,3.3965784265e-07,-1.9709054311e-07,0.0,0.0,1.0,1.0,0.0,4.8307035893e-07,0.81292200744,-15.062482583,3.3965784265e-07,-1.9709054311e-07,0.0
56,7.401573,215.068297,151.053391,757.6774,4.8785704194e-07,0.03268593945004709,0.017254680668585654,0.488603,0.80697148063,0.31836848063,-40.724543,-24.870501148,15.854041851999998,0.31836848063,0.30142343921,0.66996025298,0.028616307817,0.63954613462,0.28339666046,0.055975065528,0.021082139395,2.5441761316e-07,-3.004345373e-07,0.0,0.0,1.0,1.0,0.0,4.8785704194e-07,0.80697148063,-24.870501148,2.5441761316e-07,-3.004345373e-07,0.0
57,7.363018,225.150533,161.135627,766.4,5.1444627095e-07,0.03306222937956984,0.01819509684863511,0.510827,0.79019604149,0.27936904148999997,-53.051629,-34.547612397,18.504016602999997,0.27936904149,0.28776244761,0.67331621547,0.038921336915,0.64073927862,0.28239650176,0.055838127797,0.021026091823,1.4505042987e-07,-3.7975455593e-07,0.0,0.0,1.0,1.0,0.0,5.1444627095e-07,0.79019604149,-34.547612397,1.4505042987e-07,-3.7975455593e-07,0.0
58,7.381269,235.089071,171.074165,750.1333,5.366079348e-07,0.03236048960053976,0.01897891751727951,0.512809,0.80841856346,0.29560956346,-63.30851,-43.331358458,19.977151542,0.29560956346,0.27794262634,0.69091413958,0.031143234085,0.64208572146,0.28111945843,0.055845014654,0.020949805462,2.525330277e-08,-4.3306814856e-07,0.0,0.0,1.0,1.0,0.0,5.366079348e-07,0.80841856346,-43.331358458,2.525330277e-08,-4.3306814856e-07,0.0
59,7.369499,245.082665,181.067759,747.2,5.961863329e-07,0.03223394805899606,0.021086104962752115,0.455729,0.81056408403,0.35483508403,-71.31404,-52.068362258,19.245677742000005,0.35483508403,0.25236364061,0.68391644911,0.063719910283,0.64298116285,0.2803210132,0.055795698374,0.020902125582,-1.1802666713e-07,-4.6861240916e-07,0.0,0.0,1.0,1.0,0.0,5.961863329e-07,0.81056408403,-52.068362258,-1.1802666713e-07,-4.6861240916e-07,0.0
60,7.2952,255.062744,191.047838,801.0667,6.0655870124e-07,0.034557738757483115,0.02145295813509119,0.474792,0.81400216849,0.33921016848999996,-80.110142,-60.887414371,19.222727628999998,0.33921016849,0.25069250394,0.74467458205,0.0046329140101,0.64358697868,0.27977008924,0.055763318464,0.020879613611,-2.5999483038e-07,-4.1974036341e-07,0.0,0.0,1.0,1.0,0.0,6.0655870124e-07,0.81400216849,-60.887414371,-2.5999483038e-07,-4.1974036341e-07,0.0
61,7.354802,264.893914,200.879008,779.8621,6.422143181e-07,0.03364297969028319,0.022714037160443058,0.428064,0.81174928692,0.38368528692000003,89.97342,-69.862913983,20.163666016999997,0.38368528692,0.23945236544,0.74377132049,0.016776314065,0.64462429467,0.27851927095,0.056050531258,0.020805903127,-3.9774393265e-07,-3.3700325506e-07,0.0,0.0,1.0,1.0,0.0,6.422143181e-07,0.81174928692,-69.862913983,-3.9774393265e-07,-3.3700325506e-07,0.0
62,7.353478,274.845058,210.830152,796.129,6.2225961405e-07,0.03434472809724368,0.02200827293728108,0.475817,0.80793692648,0.33211992648000005,77.790651,-79.319360767,22.889988232999997,0.33211992648,0.25035999241,0.74523676888,0.004403238705,0.64443961068,0.27819846303,0.056593598531,0.020768327761,-4.6820893695e-07,-1.8312415126e-07,0.0,0.0,1.0,1.0,0.0,6.2225961405e-07,0.80793692648,-79.319360767,-4.6820893695e-07,-1.8312415126e-07,0.0
63,7.456517,284.680657,220.665751,816.8571,5.6363437801e-07,0.03523893112021166,0.019934797226101194,0.393252,0.78496983458,0.39171783458000003,71.602917,-89.721279102,18.675803897999998,0.39171783458,0.28020608406,0.69000298817,0.02979092777,0.64638280348,0.27566771246,0.057599751438,0.020349732623,-4.4241504475e-07,-4.3044779329e-09,0.0,0.0,1.0,1.0,0.0,5.6363437801e-07,0.78496983458,-89.721279102,-4.4241504475e-07,-4.3044779329e-09,0.0
64,7.449711,294.529051,230.514145,832.4848,5.0330212599e-07,0.035913104661541385,0.01780094723905978,0.403203,0.75971260558,0.35650960558,58.223667,77.402863177,19.179196177,0.35650960558,0.31812311357,0.55207037961,0.12980650682,0.65674781045,0.26628575777,0.0584413076,0.018525124178,-3.4599043776e-07,1.6276850708e-07,0.0,0.0,1.0,1.0,0.0,5.0330212599e-07,0.75971260558,77.402863177,-3.4599043776e-07,1.6276850708e-07,0.0
65,7.365545,305.010958,240.996052,830.9333,4.5389551515e-07,0.035846173491287735,0.016053518751461708,0.421395,0.75648302062,0.3350880206199999,48.965312,64.693767146,15.728455146000002,0.33508802062,0.35740012004,0.50005697811,0.14254290185,0.68518717565,0.24419729185,0.056587176356,0.014028356146,-2.1788603465e-07,2.6537649542e-07,0.0,0.0,1.0,1.0,0.0,4.5389551515e-07,0.75648302062,64.693767146,-2.1788603465e-07,2.6537649542e-07,0.0
66,7.300477,315.147762,251.132856,837.4194,4.6100868079e-07,0.036125981588859275,0.016305099421841884,0.399227,0.78432099101,0.38509399100999997,39.662661,58.543414093,18.880753093000003,0.38509399101,0.3561082889,0.51067842015,0.13321329095,0.66896613108,0.26218329195,0.054474779863,0.014375797109,-1.6464137193e-07,3.2191992278e-07,0.0,0.0,1.0,1.0,0.0,4.6100868079e-07,0.78432099101,58.543414093,-1.6464137193e-07,3.2191992278e-07,0.0
67,7.408634,325.071127,261.056221,829.2414,3.1432610718e-07,0.035773185513877384,0.011117184213685202,0.404555,0.72321620594,0.31866120594,31.755053,41.912327641,10.157274640999997,0.31866120594,0.52876366249,0.3721223459,0.099113991613,0.6923570352,0.21916718082,0.074885972574,0.01358981141,2.4453780905e-08,2.2600664202e-07,0.0,0.0,1.0,1.0,0.0,3.1432610718e-07,0.72321620594,41.912327641,2.4453780905e-08,2.2600664202e-07,0.0
68,7.384448,334.879866,270.86496,855.7333,2.6625015968e-07,0.036916036863695524,0.009416819043893904,0.385494,0.76027684546,0.37478284545999996,18.69809,29.710233593,11.012143593000001,0.37478284546,0.62974716508,0.31268673195,0.057566102963,0.7133102979,0.18449640061,0.090101917001,0.012091384484,1.0297986712e-07,1.7427149661e-07,0.0,0.0,1.0,1.0,0.0,2.6625015968e-07,0.76027684546,29.710233593,1.0297986712e-07,1.7427149661e-07,0.0
69,7.471421,344.834186,280.81928,887.7333,2.3337209464e-07,0.03829650573131848,0.008253977341311777,0.431876,0.76950230709,0.33762630709,8.02434,16.800318572,8.775978571999998,0.33762630709,0.72330590521,0.22870256123,0.047991533562,0.74715695248,0.11780186825,0.12396519765,0.011075981629,1.495751955e-07,9.9379919853e-08,0.0,0.0,1.0,1.0,0.0,2.3337209464e-07,0.76950230709,16.800318572,1.495751955e-07,9.9379919853e-08,0.0
70,7.342331,354.694203,290.679297,876.2667,2.5927764546e-07,0.03780184059639707,0.009170212976991894,0.418512,0.79095565479,0.37244365478999997,2.91256,7.5104314559,4.5978714559,0.37244365479,0.6517176555,0.20437004894,0.14391229556,0.75053008966,0.11254987317,0.1261713311,0.010748706063,1.9806994624e-07,5.3149990367e-08,0.0,0.0,1.0,1.0,0.0,2.5927764546e-07,0.79095565479,7.5104314559,1.9806994624e-07,5.3149990367e-08,0.0
71,12.033837,5.00922,300.994314,925.92,2.5374302845e-07,0.03994386668467028,0.008974462908999193,0.353319,0.77619405386,0.42287505385999996,-5.852459,-3.2911852705,2.5612737294999994,0.42287505386,0.72012789177,0.18866923976,0.091202868468,0.7699078307,0.065706924919,0.15257587477,0.011809369612,1.9565552675e-07,-2.2577111395e-08,0.0,0.0,1.0,1.0,0.0,2.5374302845e-07,0.77619405386,-3.2911852705,1.9565552675e-07,-2.2577111395e-08,0.0
72,11.886921,14.748477,310.733571,910.72,2.6375934125e-07,0.03928814397254938,0.009328722997473888,0.391423,0.733708333,0.342285333,-16.356892,-15.608318052,0.7485739479999989,0.342285333,0.68677140203,0.21728203371,0.09594656426,0.76965216815,0.078703902612,0.14055961774,0.011084311493,1.6550305224e-07,-1.0029790271e-07,0.0,0.0,1.0,1.0,0.0,2.6375934125e-07,0.733708333,-15.608318052,1.6550305224e-07,-1.0029790271e-07,0.0
73,11.969414,24.83874,320.823834,880.0,2.5136398026e-07,0.037962893859631336,0.008890319987436786,0.366596,0.71921003122,0.35261403122000007,-27.058999,-26.315298898,0.7437001019999983,0.35261403122,0.71371722669,0.24209702103,0.044185752272,0.76496894812,0.082614878372,0.14117627808,0.011239895424,1.0972681595e-07,-1.436756706e-07,0.0,0.0,1.0,1.0,0.0,2.5136398026e-07,0.71921003122,-26.315298898,1.0972681595e-07,-1.436756706e-07,0.0
74,11.940608,35.008722,330.993816,853.28,2.6492297408e-07,0.03681020235516617,0.00936987872788477,0.43875,0.70740758372,0.26865758372000004,-36.00753,-35.464843004,0.5426869960000005,0.26865758372,0.66560736767,0.25415580232,0.080236830007,0.75683985458,0.087886078721,0.14403527142,0.011238795272,6.1231659869e-08,-1.7712322705e-07,0.0,0.0,1.0,1.0,0.0,2.6492297408e-07,0.70740758372,-35.464843004,6.1231659869e-08,-1.7712322705e-07,0.0
75,12.087003,44.927017,340.912111,820.64,4.7361651444e-07,0.03540212411019075,0.01675101723146972,0.46768,0.74691612111,0.27923612111000007,-46.635382,-48.938376377,2.3029943769999974,0.27923612111,0.36573629968,0.13445364834,0.49981005198,0.75504377615,0.084157605823,0.14968424877,0.011114369261,-4.8479083499e-08,-3.504142141e-07,0.0,0.0,1.0,1.0,0.0,4.7361651444e-07,0.74691612111,-48.938376377,-4.8479083499e-08,-3.504142141e-07,0.0
76,11.994303,54.909709,350.894803,813.3333,2.2711087151e-07,0.035086915614095104,0.008032528440475374,0.43706,0.74905748031,0.31199748030999996,-58.417624,-54.785010977,3.6326130230000047,0.31199748031,0.74521977789,0.24165620145,0.013124020661,0.75627374221,0.077309023496,0.15546591318,0.010951321111,-5.6982858823e-08,-1.6029179961e-07,0.0,0.0,1.0,1.0,0.0,2.2711087151e-07,0.74905748031,-54.785010977,-5.6982858823e-08,-1.6029179961e-07,0.0
77,12.108702,65.099398,1.084492,785.8824,2.4041393716e-07,0.033902693337900386,0.008503035433243575,0.486303,0.73680683076,0.25050383076,-66.94444,-63.480634182,3.4638058179999973,0.25050383076,0.68720272431,0.20710965164,0.10568762405,0.75231229545,0.082285435953,0.15471001619,0.0106922524,-1.0650903262e-07,-1.4154123287e-07,0.0,0.0,1.0,1.0,0.0,2.4041393716e-07,0.73680683076,-63.480634182,-1.0650903262e-07,-1.4154123287e-07,0.0
78,11.945427,75.021699,11.006793,767.04,2.4478069269e-07,0.0330898387569223,0.008657480210607674,0.494875,0.77096398251,0.27608898250999997,-76.618432,-72.128969132,4.489462868000004,0.27608898251,0.6578591542,0.25325166669,0.088889179111,0.6824716405,0.18551245825,0.11915751242,0.012858388836,-1.5317316106e-07,-1.1023668031e-07,0.0,0.0,1.0,1.0,0.0,2.4478069269e-07,0.77096398251,-72.128969132,-1.5317316106e-07,-1.1023668031e-07,0.0
79,12.010762,85.001512,20.986606,743.6735,4.1886118269e-07,0.0320818160758188,0.014814413507371144,0.509733,0.78683123675,0.27709823675,-87.238377,-82.656682182,4.5816948180000026,0.27709823675,0.37578450919,0.4409081922,0.18330729861,0.50944950259,0.41543522495,0.052455389887,0.022659882577,-3.1880489407e-07,-8.3557423257e-08,0.0,0.0,1.0,1.0,0.0,4.1886118269e-07,0.78683123675,-82.656682182,-3.1880489407e-07,-8.3557423257e-08,0.0
80,12.044441,94.898256,30.88335,725.44,5.9043734638e-07,0.031295229229012456,0.020882773006783744,0.51094,0.8584606771,0.3475206771,84.259264,-86.917907282,8.822828717999982,0.3475206771,0.26124263187,0.71921145609,0.019545912037,0.47750661923,0.4612352129,0.03581746175,0.02544070612,-5.0393667877e-07,-5.4426344673e-08,0.0,0.0,1.0,1.0,0.0,5.9043734638e-07,0.8584606771,-86.917907282,-5.0393667877e-07,-5.4426344673e-08,0.0
81,12.113027,104.895774,40.880868,721.2308,9.9412307317e-07,0.0311136458053375,0.03516045623654437,0.516951,0.85754632536,0.3405953253599999,72.313814,82.629686319,10.315872319000007,0.34059532536,0.15223426332,0.78761182069,0.060153915992,0.45018862583,0.47833224642,0.036619876706,0.034859251039,-8.2444852888e-07,2.1691497507e-07,0.0,0.0,1.0,1.0,0.0,9.9412307317e-07,0.85754632536,82.629686319,-8.2444852888e-07,2.1691497507e-07,0.0
82,11.924596,114.893586,50.87868,731.8462,9.6728324026e-07,0.031571590468380144,0.03421117661926418,0.5061,0.85849803563,0.35239803563000005,61.373341,72.319077439,10.945736438999994,0.35239803563,0.15405230862,0.82899026598,0.016957425397,0.48553754699,0.44259369784,0.039223667634,0.032645087538,-6.772110826e-07,4.8059045214e-07,0.0,0.0,1.0,1.0,0.0,9.6728324026e-07,0.85849803563,72.319077439,-6.772110826e-07,4.8059045214e-07,0.0
83,11.973026,124.972469,60.957563,695.2,1.2620395829e-06,0.02999068614910876,0.044636211270949945,0.53483,0.88394346612,0.34911346611999994,49.985557,59.708920995,9.723363995,0.34911346612,0.11635645547,0.45613489453,0.42750865001,0.52491998073,0.40215490517,0.043263615356,0.029661498749,-5.4794093212e-07,9.7173084045e-07,0.0,0.0,1.0,1.0,0.0,1.2620395829e-06,0.88394346612,59.708920995,-5.4794093212e-07,9.7173084045e-07,0.0
84,12.078166,134.944986,70.93008,701.8039,5.855566182e-07,0.030275576097699236,0.02071014988374512,0.529558,0.82339567129,0.29383767129000005,40.045913,51.185743715,11.139830715000002,0.29383767129,0.24809720675,0.67052095838,0.081381834878,0.56548909589,0.35952527739,0.048403339723,0.026582286996,-1.0329916871e-07,4.7094890931e-07,0.0,0.0,1.0,1.0,0.0,5.855566182e-07,0.82339567129,51.185743715,-1.0329916871e-07,4.7094890931e-07,0.0
85,12.007323,145.005619,80.990713,708.0816,4.7170001463e-07,0.030546393891770378,0.01668323386589308,0.560131,0.79431290552,0.23418190551999996,29.218221,40.203381797,10.985160796999999,0.23418190552,0.30558125522,0.63361515716,0.060803587611,0.59443559148,0.3284438896,0.052762677713,0.024357841207,6.2440871357e-08,3.6943781414e-07,0.0,0.0,1.0,1.0,0.0,4.7170001463e-07,0.79431290552,40.203381797,6.2440871357e-08,3.6943781414e-07,0.0
86,12.070096,155.014491,90.999585,685.1765,3.9552673415e-07,0.029558275846151925,0.01398911342246479,0.565112,0.77897837595,0.21386637595000002,22.128696,29.992241947,7.863545946999999,0.21386637595,0.36245569252,0.59692333375,0.040620973725,0.62289137536,0.29748526287,0.057467010614,0.022156351155,1.5412563986e-07,2.6678656397e-07,0.0,0.0,1.0,1.0,0.0,3.9552673415e-07,0.77897837595,29.992241947,1.5412563986e-07,2.6678656397e-07,0.0
87,12.039014,164.959744,100.944838,711.68,3.4595634201e-07,0.03070162761593458,0.012235892266547845,0.556103,0.78207922056,0.22597622056,9.887489,20.067188022,10.179699022,0.22597622056,0.41319984175,0.57553253456,0.011267623684,0.64683751636,0.27121490968,0.061655384258,0.020292189701,2.0685656314e-07,1.744016216e-07,0.0,0.0,1.0,1.0,0.0,3.4595634201e-07,0.78207922056,20.067188022,2.0685656314e-07,1.744016216e-07,0.0
88,11.93527,174.948521,110.933615,723.451,3.6769254664e-07,0.031209424460959263,0.013004665160234616,0.53948,0.75591497855,0.21643497855000005,-2.238786,10.384411642,12.623197642000001,0.21643497855,0.38812366572,0.49220439059,0.11967194369,0.66320691451,0.25359183378,0.064158555577,0.019042696134,2.5988313929e-07,9.8558560075e-08,0.0,0.0,1.0,1.0,0.0,3.6769254664e-07,0.75591497855,10.384411642,2.5988313929e-07,9.8558560075e-08,0.0
89,11.993738,185.0526,121.037694,714.5098,3.3839730812e-07,0.030823704203484566,0.011968541988244374,0.516263,0.73069498177,0.21443198177,-10.990662,1.8788238955,12.8694858955,0.21443198177,0.42158335192,0.4904568118,0.087959836282,0.67262093736,0.24394776731,0.065063311635,0.0183679837,2.4673364027e-07,1.620485274e-08,0.0,0.0,1.0,1.0,0.0,3.3839730812e-07,0.73069498177,1.8788238955,2.4673364027e-07,1.620485274e-08,0.0
90,11.971274,195.142688,131.127782,718.6154,3.4189635637e-07,0.03100081835920059,0.01209229742274141,0.526942,0.75725185441,0.23030985440999996,-21.401554,-11.708449072,9.693104928,0.23030985441,0.41804340577,0.46900356933,0.1129530249,0.67790846255,0.23909800012,0.064972143588,0.018021393739,2.3757785125e-07,-1.0289231702e-07,0.0,0.0,1.0,1.0,0.0,3.4189635637e-07,0.75725185441,-11.708449072,2.3757785125e-07,-1.0289231702e-07,0.0
91,11.938681,205.289387,141.274481,713.0,3.1929993063e-07,0.03075857195672403,0.011293099959392995,0.539079,0.76982323815,0.23074423815,-30.179108,-19.655043429,10.524064571,0.23074423815,0.44938977177,0.50930424086,0.04130598736,0.68023342385,0.23683221475,0.065071871564,0.017862489838,1.9018599927e-07,-1.5572135729e-07,0.0,0.0,1.0,1.0,0.0,3.1929993063e-07,0.76982323815,-19.655043429,1.9018599927e-07,-1.5572135729e-07,0.0
92,12.056895,214.928691,150.913785,722.4,3.450237676e-07,0.03116408468658827,0.012202908682708905,0.493965,0.71254006334,0.21857506334,-41.304682,-28.544312256,12.760369743999998,0.21857506334,0.41764687004,0.48252920881,0.099823921153,0.681067787,0.23599128798,0.065089639443,0.017851285577,1.3357675494e-07,-2.063883661e-07,0.0,0.0,1.0,1.0,0.0,3.450237676e-07,0.71254006334,-28.544312256,1.3357675494e-07,-2.063883661e-07,0.0
93,11.954323,225.007403,160.992497,738.6667,3.6497724368e-07,0.03186582446561834,0.012908629474643288,0.50265,0.79397941847,0.29132941846999993,-51.895967,-37.640071872,14.255895127999999,0.29132941847,0.3982399607,0.49906377467,0.10269626463,0.67877165862,0.23854951438,0.064637642717,0.018041184287,7.3632233933e-08,-2.8027362349e-07,0.0,0.0,1.0,1.0,0.0,3.6497724368e-07,0.79397941847,-37.640071872,7.3632233933e-08,-2.8027362349e-07,0.0
94,12.02062,235.044264,171.029358,762.24,3.6822743183e-07,0.032882768426778855,0.013023583147174203,0.474405,0.78227351927,0.30786851927,-61.748098,-45.947852472,15.800245527999998,0.30786851927,0.39873053532,0.55761961577,0.043649848909,0.67679175913,0.24097079649,0.064032343709,0.018205100671,-9.5289190675e-09,-2.8789691631e-07,0.0,0.0,1.0,1.0,0.0,3.6822743183e-07,0.78227351927,-45.947852472,-9.5289190675e-09,-2.8789691631e-07,0.0
95,11.933567,244.991921,180.977015,756.4082,3.9245453906e-07,0.032631186603584994,0.013880455064231915,0.487284,0.79162094538,0.30433694538000006,-72.001649,-54.836467403,17.165181597,0.30433694538,0.37960743657,0.61817608572,0.0022164777047,0.67371706334,0.24490206183,0.062915885006,0.018464989832,-1.0458897013e-07,-2.9254101912e-07,0.0,0.0,1.0,1.0,0.0,3.9245453906e-07,0.79162094538,-54.836467403,-1.0458897013e-07,-2.9254101912e-07,0.0
96,12.009306,255.00876,190.993854,768.6275,4.5417461372e-07,0.033158322954652035,0.01606338999710625,0.483897,0.79106815907,0.30717115907000003,-81.979465,-63.076619701,18.902845299000006,0.30717115907,0.33319041344,0.63842313916,0.028386447398,0.67277621599,0.24655082335,0.06210742509,0.018565535572,-2.1195793285e-07,-2.9010026387e-07,0.0,0.0,1.0,1.0,0.0,4.5417461372e-07,0.79106815907,-63.076619701,-2.1195793285e-07,-2.9010026387e-07,0.0
97,11.936833,265.199973,201.185067,802.6667,5.4383330269e-07,0.03462676220086426,0.019234466591982288,0.433193,0.76062222369,0.32742922369,88.071652,-71.337506197,20.59084180299999,0.32742922369,0.2836562408,0.65391037732,0.062433381882,0.67274512653,0.2473029331,0.06134003198,0.018611908388,-3.2893960282e-07,-2.508116092e-07,0.0,0.0,1.0,1.0,0.0,5.4383330269e-07,0.76062222369,-71.337506197,-3.2893960282e-07,-2.508116092e-07,0.0
98,12.003083,275.133354,211.118448,842.6122,6.5458227528e-07,0.03634999717435279,0.02315147094394451,0.433643,0.80348955025,0.36984655025,77.701399,-80.775599336,21.52300166399999,0.36984655025,0.24054248227,0.63911806954,0.12033944819,0.67509976491,0.24520949433,0.061225335379,0.018465405379,-4.9891977159e-07,-1.6644062882e-07,0.0,0.0,1.0,1.0,0.0,6.5458227528e-07,0.80348955025,-80.775599336,-4.9891977159e-07,-1.6644062882e-07,0.0
99,11.995859,284.420666,220.40576,883.8182,5.7885419081e-07,0.03812760967933003,0.020473096332444624,0.391671,0.78342790206,0.39175690206,68.989969,-88.068992556,22.941038444000014,0.39175690206,0.27788398203,0.70988012803,0.012235889932,0.67291374394,0.24668993871,0.061819350642,0.018576966701,-4.5246071596e-07,-3.054433082e-08,0.0,0.0,1.0,1.0,0.0,5.7885419081e-07,0.78342790206,-88.068992556,-4.5246071596e-07,-3.054433082e-08,0.0
100,12.009188,294.661801,230.646895,888.7692,4.8586464629e-07,0.03834119409694256,0.017184212995167387,0.385187,0.7562640302,0.3710770302,58.093458,79.56340046,21.46994246,0.3710770302,0.3396458951,0.57595002048,0.084404084419,0.67399778536,0.24473293553,0.063487498654,0.017781780456,-3.4332719614e-07,1.3091992621e-07,0.0,0.0,1.0,1.0,0.0,4.8586464629e-07,0.7562640302,79.56340046,-3.4332719614e-07,1.3091992621e-07,0.0
101,12.002696,304.898739,240.883833,902.4314,3.7996920731e-07,0.03893057665204377,0.013438869940173997,0.377703,0.75653260192,0.37882960192000004,46.981793,67.590087797,20.608294796999992,0.37882960192,0.44523462371,0.54488547701,0.0098798992778,0.70977477547,0.2154386638,0.062291352094,0.012495208643,-2.0390246442e-07,2.0262407354e-07,0.0,0.0,1.0,1.0,0.0,3.7996920731e-07,0.75653260192,67.590087797,-2.0390246442e-07,2.0262407354e-07,0.0
102,11.924862,314.958485,250.943579,928.16,3.2177195114e-07,0.04004049950540389,0.011380531155090464,0.395793,0.73643580469,0.34064280469,38.617986,53.927394184,15.309408183999999,0.34064280469,0.53708987729,0.42836470734,0.034545415373,0.70925407424,0.2032483212,0.074694054758,0.0128035498,-7.2654614027e-08,2.2555138479e-07,0.0,0.0,1.0,1.0,0.0,3.2177195114e-07,0.73643580469,53.927394184,-7.2654614027e-08,2.2555138479e-07,0.0
103,12.045527,325.008086,260.99318,942.902,2.484899181e-07,0.04067646425685694,0.008788669256732431,0.346717,0.77333266469,0.42661566468999995,29.292497,37.932601905,8.640104904999998,0.42661566469,0.71086632516,0.26819641466,0.020937260174,0.74570028379,0.12826317965,0.11472503068,0.011311505886,4.6927547903e-08,1.8634735006e-07,0.0,0.0,1.0,1.0,0.0,2.484899181e-07,0.77333266469,37.932601905,4.6927547903e-08,1.8634735006e-07,0.0
104,11.969554,335.1349,271.119994,948.32,8.9847302362e-07,0.040910194892006355,0.031777475324028144,0.355384,0.44928905504,0.09390505504000002,21.250132,33.866122488,12.615990488000001,0.093905055041,0.19960638812,0.054260449938,0.74613316194,0.76493715367,0.078367485576,0.14546121044,0.011234150307,1.5296640859e-07,3.735693422e-07,0.0,0.0,1.0,1.0,0.0,8.9847302362e-07,0.44928905504,33.866122488,1.5296640859e-07,3.735693422e-07,0.0
105,12.028453,345.127278,281.112372,970.7755,2.5024908661e-07,0.041878917350034704,0.008850888079610496,0.335696,0.79720572317,0.46150972317000005,11.701461,15.559936075,3.8584750749999994,0.46150972317,0.72552039253,0.18237720028,0.092102407193,0.77084464518,0.062961630407,0.15474007106,0.011453653352,1.7078953585e-07,1.031076431e-07,0.0,0.0,1.0,1.0,0.0,2.5024908661e-07,0.79720572317,15.559936075,1.7078953585e-07,1.031076431e-07,0.0
106,11.95482,355.055306,291.0404,934.4,2.4650175049e-07,0.040309690934590366,0.008718351121957216,0.369518,0.76305287489,0.39353487488999994,5.680416,5.2547050731,0.4257109268999999,0.39353487489,0.74011600761,0.18482179966,0.075062192737,0.77030055839,0.061687148605,0.15622161075,0.011790682259,1.8493858801e-07,3.4307759541e-08,0.0,0.0,1.0,1.0,0.0,2.4650175049e-07,0.76305287489,5.2547050731,1.8493858801e-07,3.4307759541e-08,0.0
107,16.681388,4.82598,300.811074,1023.768,2.6651420243e-07,0.04416499536464438,0.009426157790580819,0.342252,0.7332973397,0.3910453397,-7.102853,-4.1831103494,2.9197426506,0.3910453397,0.75362665708,0.21153137445,0.03484196847,0.76380174735,0.068439748324,0.1544818083,0.01327669603,1.9335440119e-07,-2.8435624263e-08,0.0,0.0,1.0,1.0,0.0,2.6651420243e-07,0.7332973397,-4.1831103494,1.9335440119e-07,-2.8435624263e-08,0.0
108,16.690346,14.746792,310.731886,989.2571,3.1236151371e-07,0.04267620714453035,0.011047699856477529,0.342238,0.7256768828,0.3834388828,-13.57759,-16.207335512,2.6297455119999995,0.3834388828,0.63719471968,0.18663126511,0.1761740152,0.76471418978,0.070976409781,0.15114427051,0.013165129935,1.9135568453e-07,-1.2150675293e-07,0.0,0.0,1.0,1.0,0.0,3.1236151371e-07,0.7256768828,-16.207335512,1.9135568453e-07,-1.2150675293e-07,0.0
109,16.718102,24.745217,320.730311,948.7568,3.1355030861e-07,0.040929038292049406,0.01108974552686157,0.36952,0.59478108396,0.22526108395999994,-23.741784,-24.599097519,0.8573135190000016,0.22526108396,0.62326062885,0.23897827718,0.13776109397,0.76944560035,0.086070115762,0.13267765177,0.011806632116,1.218633338e-07,-1.4117103985e-07,0.0,0.0,1.0,1.0,0.0,3.1355030861e-07,0.59478108396,-24.599097519,1.218633338e-07,-1.4117103985e-07,0.0
110,16.69055,34.933928,330.919022,908.9577,2.927934592e-07,0.039212118963630256,0.010355610775354757,0.383691,0.63899215923,0.25530115922999996,-33.731348,-37.149753103,3.418405103000005,0.25530115923,0.64983249526,0.29332706121,0.056840443528,0.76233829658,0.0916856099,0.13412040081,0.011855692707,5.0628927014e-08,-1.8011218556e-07,0.0,0.0,1.0,1.0,0.0,2.927934592e-07,0.63899215923,-37.149753103,5.0628927014e-08,-1.8011218556e-07,0.0
111,16.742035,45.009938,340.995032,882.8889,3.7678041165e-07,0.03808752000062121,0.013326087616459094,0.405897,0.45772803758,0.05183103758000002,-44.034242,-48.040082524,4.005840524,0.05183103758,0.48960000146,0.20884550323,0.30155449532,0.75896657398,0.086803947096,0.14234636097,0.011883117954,-1.8267248938e-08,-1.7149279765e-07,0.0,0.0,1.0,1.0,0.0,3.7678041165e-07,0.45772803758,-48.040082524,-1.8267248938e-08,-1.7149279765e-07,0.0
112,16.674523,55.123807,351.108901,829.6,2.464469075e-07,0.03578865539312518,0.008716411417908673,0.436134,0.73507735482,0.29894335482,-53.997003,-55.153691883,1.156688883000001,0.29894335482,0.72169654996,0.25128689096,0.027016559079,0.75799067384,0.078667176836,0.15126487254,0.012077276785,-6.2871904873e-08,-1.6989755204e-07,0.0,0.0,1.0,1.0,0.0,2.464469075e-07,0.73507735482,-55.153691883,-6.2871904873e-08,-1.6989755204e-07,0.0
113,16.748421,64.962075,0.947169,800.2319,2.4599489341e-07,0.034521725775899,0.008700424441991227,0.459881,0.80081395081,0.34093295080999997,-64.644779,-64.838759256,0.19398025600000324,0.34093295081,0.69782104745,0.21124950788,0.09092944467,0.75911643281,0.07214742511,0.1568328079,0.011903334178,-1.2577531436e-07,-1.5161810725e-07,0.0,0.0,1.0,1.0,0.0,2.4599489341e-07,0.80081395081,-64.838759256,-1.2577531436e-07,-1.5161810725e-07,0.0
114,16.688781,74.907872,10.892966,775.5556,2.3250741114e-07,0.03345719877845761,0.00822339494444288,0.501873,0.76933415787,0.26746115787,-76.12566,-73.673115049,2.452544950999993,0.26746115787,0.71110607105,0.20728148224,0.081612446715,0.7415249425,0.096874754467,0.15033031939,0.011269983634,-1.5060391629e-07,-9.6514483984e-08,0.0,0.0,1.0,1.0,0.0,2.3250741114e-07,0.76933415787,-73.673115049,-1.5060391629e-07,-9.6514483984e-08,0.0
115,16.687992,84.920613,20.905707,753.9155,3.4938883521e-07,0.03252365239276237,0.012357293761189743,0.536486,0.81831146743,0.28182546743000003,-85.435895,-80.817564513,4.618330487000009,0.28182546743,0.45722764686,0.4528874199,0.089884933243,0.47527039279,0.44766597283,0.05416984185,0.022893792534,-2.7134736856e-07,-9.0080515137e-08,0.0,0.0,1.0,1.0,0.0,3.4938883521e-07,0.81831146743,-80.817564513,-2.7134736856e-07,-9.0080515137e-08,0.0
116,16.687067,95.007426,30.99252,740.7778,7.6791546802e-07,0.03195689658519456,0.027159874803615505,0.549319,0.87115444851,0.32183544851,83.596534,-89.236389008,7.167076991999977,0.32183544851,0.20181210645,0.79196593766,0.0062219558901,0.39179378769,0.54223857339,0.030766587143,0.035201051777,-6.6873534022e-07,-1.7829398031e-08,0.0,0.0,1.0,1.0,0.0,7.6791546802e-07,0.87115444851,-89.236389008,-6.6873534022e-07,-1.7829398031e-08,0.0
117,16.751756,105.365641,41.350735,720.2162,1.1054406286e-06,0.031069876314303427,0.03909757040448633,0.541036,0.87204602083,0.3310100208300001,71.986883,78.76240715,6.775524149999995,0.33101002083,0.1365375336,0.85753319029,0.0059292761124,0.43668399266,0.49207320669,0.034962814868,0.036279985783,-8.9077502963e-07,3.6851920191e-07,0.0,0.0,1.0,1.0,0.0,1.1054406286e-06,0.87204602083,78.76240715,-8.9077502963e-07,3.6851920191e-07,0.0
118,16.777929,115.14533,51.130424,703.5224,7.059202442e-07,0.030349711589855798,0.02496720830906656,0.553006,0.8575424022,0.3045364022,62.733062,67.842615745,5.109553745000007,0.3045364022,0.2094181033,0.78605315054,0.0045287461567,0.50078149037,0.42630981759,0.041468548981,0.031440143063,-4.3314028596e-07,4.2290192195e-07,0.0,0.0,1.0,1.0,0.0,7.059202442e-07,0.8575424022,67.842615745,-4.3314028596e-07,4.2290192195e-07,0.0
119,16.669374,124.956588,60.941682,704.2254,5.052764623e-07,0.03038003876529139,0.01787077618408428,0.547688,0.82225842499,0.27457042499000006,50.046858,57.282331345,7.235473345000003,0.27457042499,0.28776729542,0.63152636734,0.080706337235,0.57004958553,0.35383790999,0.049888386979,0.0262241175,-1.7271826038e-07,3.778649477e-07,0.0,0.0,1.0,1.0,0.0,5.052764623e-07,0.82225842499,57.282331345,-1.7271826038e-07,3.778649477e-07,0.0
120,16.723874,135.087373,71.072467,715.0423,3.6851928268e-07,0.030846676068234852,0.013033905419452122,0.543397,0.77477174757,0.23137474756999998,40.036011,47.49124337,7.455232369999997,0.23137474757,0.38939075676,0.56478909247,0.045820150769,0.61981551776,0.30015587324,0.057612292855,0.022416316146,-2.4797620251e-08,2.8443943824e-07,0.0,0.0,1.0,1.0,0.0,3.6851928268e-07,0.77477174757,47.49124337,-2.4797620251e-08,2.8443943824e-07,0.0
121,16.680578,145.000584,80.985678,690.9714,4.4565423305e-07,0.029808265816182806,0.01576203850476944,0.545044,0.68403850714,0.13899450714000006,30.0194,40.223832468,10.204432467999997,0.13899450714,0.31927547979,0.35084347065,0.32988104956,0.66204227836,0.25440516331,0.064390041422,0.019162516908,5.058849182e-08,3.0061781211e-07,0.0,0.0,1.0,1.0,0.0,4.4565423305e-07,0.68403850714,40.223832468,5.058849182e-08,3.0061781211e-07,0.0
122,16.685572,154.994874,90.979968,681.1268,2.7618324703e-07,0.029383573196989025,0.009768135588584668,0.560978,0.73529124081,0.17431324081,20.575163,27.788606671,7.213443671,0.17431324081,0.51218323417,0.4640557881,0.023760977728,0.69038008671,0.22301195791,0.06968220578,0.016925749601,1.1479737329e-07,1.6751438274e-07,0.0,0.0,1.0,1.0,0.0,2.7618324703e-07,0.73529124081,27.788606671,1.1479737329e-07,1.6751438274e-07,0.0
123,16.737298,165.0759,101.060994,697.1429,2.91160832e-07,0.03007450217919953,0.010297867505164735,0.558037,0.67569669954,0.11765969954,10.610131,20.738568468,10.128437468,0.11765969954,0.48390559985,0.38420116523,0.13189323492,0.71035131532,0.20049464199,0.073838008796,0.015316033894,1.4739886933e-07,1.3030268457e-07,0.0,0.0,1.0,1.0,0.0,2.91160832e-07,0.67569669954,20.738568468,1.4739886933e-07,1.3030268457e-07,0.0
124,16.679514,174.901879,110.886973,707.1304,2.5745271207e-07,0.03050535945468029,0.009105668161238752,0.554545,0.70592378988,0.1513787898800001,-0.367865,7.2494736128,7.6173386128,0.15137878988,0.54623351669,0.40057992037,0.05318656294,0.722790699,0.18658190581,0.076300177161,0.014327218026,1.7595391895e-07,4.5501328214e-08,0.0,0.0,1.0,1.0,0.0,2.5745271207e-07,0.70592378988,7.2494736128,1.7595391895e-07,4.5501328214e-08,0.0
125,16.68856,184.82563,120.810724,708.0563,2.4661755525e-07,0.030545302458571913,0.008722446940981895,0.544116,0.67880356543,0.13468756542999993,-12.537944,-1.9317496644,10.6061943356,0.13468756543,0.57020152263,0.39202803819,0.037770439185,0.73029273536,0.17941769817,0.076460008332,0.013829558138,1.6702443249e-07,-1.1279689517e-08,0.0,0.0,1.0,1.0,0.0,2.4661755525e-07,0.67880356543,-1.9317496644,1.6702443249e-07,-1.1279689517e-08,0.0
126,16.665952,194.99392,130.979014,709.3333,2.6247428438e-07,0.030600391794320492,0.009283272703583185,0.551584,0.71984068881,0.16825668881,-21.266507,-12.574132302,8.692374698,0.16825668881,0.53682348996,0.35852266587,0.10465384417,0.73385287114,0.17631818695,0.076215973759,0.013612968146,1.7103029419e-07,-8.0292199136e-08,0.0,0.0,1.0,1.0,0.0,2.6247428438e-07,0.71984068881,-12.574132302,1.7103029419e-07,-8.0292199136e-08,0.0
127,16.695656,204.925435,140.910529,720.6761,3.2064542437e-07,0.031089716240310296,0.011340687803432226,0.56573,0.73163653396,0.16590653396,-31.912005,-27.050334851,4.861670149000002,0.16590653396,0.44132049908,0.29460733944,0.26407216148,0.7337385266,0.17573501798,0.076884267879,0.013642187537,1.3755833361e-07,-1.9003406114e-07,0.0,0.0,1.0,1.0,0.0,3.2064542437e-07,0.73163653396,-27.050334851,1.3755833361e-07,-1.9003406114e-07,0.0
128,16.726825,215.007886,150.99298,728.2254,2.536676916e-07,0.03141539041600861,0.008971798371690973,0.550646,0.72576407045,0.17511807045000005,-42.444821,-31.751785585,10.693035414999997,0.17511807045,0.56081557278,0.39494304913,0.044241378088,0.73031267027,0.17875575622,0.077027172577,0.01390440094,8.2136040326e-08,-1.6476512781e-07,0.0,0.0,1.0,1.0,0.0,2.536676916e-07,0.72576407045,-31.751785585,8.2136040326e-08,-1.6476512781e-07,0.0
129,16.638964,224.976076,160.96117,742.7246,2.5854746808e-07,0.032040880859928574,0.0091443878347059,0.541065,0.74241238657,0.20134738656999995,-51.983941,-41.085924382,10.898016618,0.20134738657,0.55522199604,0.43006362008,0.014714383886,0.72366286118,0.18555000562,0.076374416836,0.014412716363,2.6143881916e-08,-1.9016007913e-07,0.0,0.0,1.0,1.0,0.0,2.5854746808e-07,0.74241238657,-41.085924382,2.6143881916e-08,-1.9016007913e-07,0.0
130,16.688541,234.948398,170.933492,754.2857,2.7221454362e-07,0.03253962269197469,0.009627769243280793,0.516806,0.7569690457,0.24016304570000002,-63.240654,-49.885725936,13.354928064,0.2401630457,0.53401808453,0.4618818445,0.004100070974,0.71688200594,0.19275199127,0.075419305158,0.01494669764,-3.4971849754e-08,-2.0306861454e-07,0.0,0.0,1.0,1.0,0.0,2.7221454362e-07,0.7569690457,-49.885725936,-3.4971849754e-08,-2.0306861454e-07,0.0
131,16.564558,245.073557,181.058651,782.1714,3.1162174398e-07,0.03374260208890823,0.011021535448952166,0.460566,0.75628748608,0.29572148608,-75.96648,-58.245344966,17.721135034000007,0.29572148608,0.47474324064,0.48619935861,0.039057400749,0.70794078032,0.20319669759,0.073177730321,0.015684791769,-1.0512367552e-07,-2.109312998e-07,0.0,0.0,1.0,1.0,0.0,3.1162174398e-07,0.75628748608,-58.245344966,-1.0512367552e-07,-2.109312998e-07,0.0
132,16.71268,255.039947,191.025041,809.8551,3.4310323461e-07,0.03493686727611491,0.012134982670358736,0.478113,0.76164486681,0.28353186681,-83.514727,-66.66051883,16.854208169999993,0.28353186681,0.44042872798,0.54334660856,0.016224663455,0.70136795272,0.21130232805,0.071093065976,0.016236653261,-1.7928980309e-07,-1.9011780931e-07,0.0,0.0,1.0,1.0,0.0,3.4310323461e-07,0.76164486681,-66.66051883,-1.7928980309e-07,-1.9011780931e-07,0.0
133,16.632339,264.947867,200.932961,839.3143,4.1423498984e-07,0.03620772691564861,0.014650792869610909,0.434258,0.76202072561,0.32776272561,85.618226,-73.65173092,20.730043079999973,0.32776272561,0.37412901827,0.59211842462,0.033752557107,0.69502946127,0.2198860521,0.068288636773,0.016795849864,-2.6563793379e-07,-1.7051385852e-07,0.0,0.0,1.0,1.0,0.0,4.1423498984e-07,0.76202072561,-73.65173092,-2.6563793379e-07,-1.7051385852e-07,0.0
134,16.691813,274.954761,210.939855,878.5143,4.2329467466e-06,0.037898801278486736,0.1497121864004871,0.401286,0.84125031533,0.4399643153300001,75.525528,83.883763966,8.35823596600001,0.43996431533,0.037705188769,0.076727317912,0.88556749332,0.69235855539,0.22417085185,0.06640310677,0.017067485987,-3.4801194665e-06,7.5449325209e-07,0.0,0.0,1.0,1.0,0.0,4.2329467466e-06,0.84125031533,83.883763966,-3.4801194665e-06,7.5449325209e-07,0.0
135,16.667818,285.269564,221.254658,921.3867,5.8047108761e-07,0.039748301699745435,0.02053028324492029,0.408309,0.76240219966,0.35409319966,65.053776,-88.60410537,26.342118630000016,0.35409319966,0.28499947978,0.68096456145,0.034035958763,0.69274414241,0.22424128659,0.065926479742,0.017088091254,-4.4202718071e-07,-2.1555240282e-08,0.0,0.0,1.0,1.0,0.0,5.8047108761e-07,0.76240219966,-88.60410537,-4.4202718071e-07,-2.1555240282e-08,0.0
136,16.655979,295.256566,231.24166,955.7647,6.3435265812e-07,0.04123135666009362,0.02243598350779827,0.360707,0.74036618438,0.37965918438,55.515744,74.029798297,18.514054297,0.37965918438,0.27055193453,0.47331774824,0.25613031722,0.69624077636,0.21856639739,0.068700874311,0.016491951945,-3.9854720745e-07,2.4846389131e-07,0.0,0.0,1.0,1.0,0.0,6.3435265812e-07,0.74036618438,74.029798297,-3.9854720745e-07,2.4846389131e-07,0.0
137,16.702403,305.14277,241.127864,983.2,3.7879607907e-07,0.04241490595771538,0.013397378373128032,0.335544,0.72232963788,0.38678563788000003,48.834623,67.222385149,18.387762149000004,0.38678563788,0.47011544706,0.51282809415,0.017056458789,0.73197070765,0.18703962019,0.069466280409,0.011523391754,-1.9159152494e-07,1.9534124778e-07,0.0,0.0,1.0,1.0,0.0,3.7879607907e-07,0.72232963788,67.222385149,-1.9159152494e-07,1.9534124778e-07,0.0
138,16.646985,315.042291,251.027385,1008.116,2.821889753e-07,0.0434897735297683,0.009980548067185093,0.326591,0.73698142452,0.41039042452,36.862683,49.960839776,13.098156776000003,0.41039042452,0.65294464517,0.33161107365,0.015444281181,0.74643138913,0.14078939455,0.10147783396,0.011301382357,-3.5833273335e-08,2.0485770494e-07,0.0,0.0,1.0,1.0,0.0,2.821889753e-07,0.73698142452,49.960839776,-3.5833273335e-08,2.0485770494e-07,0.0
139,16.685176,325.021144,261.006238,1044.0,6.4502841723e-07,0.045037796806198994,0.02281356709992042,0.298546,0.71050203898,0.41195603898,31.01284,41.877528591,10.864688591,0.41195603898,0.2949002474,0.091682049616,0.61341770299,0.76513312458,0.082750235468,0.14074889419,0.011367745767,4.9852825317e-08,4.5557446308e-07,0.0,0.0,1.0,1.0,0.0,6.4502841723e-07,0.71050203898,41.877528591,4.9852825317e-08,4.5557446308e-07,0.0
140,16.630886,334.987281,270.972375,1042.235,2.5500932738e-07,0.04496165532021917,0.009019249766192512,0.314734,0.74912799447,0.43439399447,19.886249,25.653811328,5.767562328,0.43439399447,0.76490070834,0.21021564211,0.02488364955,0.7675287257,0.065165167173,0.15509517404,0.012210933084,1.1942316105e-07,1.4910512041e-07,0.0,0.0,1.0,1.0,0.0,2.5500932738e-07,0.74912799447,25.653811328,1.1942316105e-07,1.4910512041e-07,0.0
141,16.661423,344.936044,280.921138,1041.127,2.9051570266e-07,0.044913856585677724,0.010275050368596671,0.294612,0.67825509796,0.38364309796000007,12.808728,15.219201722,2.410473721999999,0.38364309796,0.68431532963,0.18842304844,0.12726162193,0.76526919967,0.06582252629,0.1560898545,0.01281841954,1.6988606232e-07,9.982468509e-08,0.0,0.0,1.0,1.0,0.0,2.9051570266e-07,0.67825509796,15.219201722,1.6988606232e-07,9.982468509e-08,0.0
142,16.684682,354.942574,290.927668,1029.714,2.7271631602e-07,0.04442150373610957,0.009645516086691888,0.298125,0.72670200106,0.4285770010600001,3.365373,6.0701389988,2.7047659988,0.42857700106,0.73645689275,0.2041582624,0.059384844848,0.76416992764,0.06724971454,0.15546382175,0.013116536072,1.9375124496e-07,4.1679153155e-08,0.0,0.0,1.0,1.0,0.0,2.7271631602e-07,0.72670200106,6.0701389988,1.9375124496e-07,4.1679153155e-08,0.0
143,21.392434,4.994675,300.979769,1118.4,1.1749647461e-06,0.048247386923422377,0.04155652116895078,0.273615,0.2270102923,0.0466047077,-4.565379,-6.7855711911,2.2201921910999998,-0.046604707704,0.19117031792,0.061715489165,0.74711419292,0.7579207387,0.074419724712,0.15308857341,0.01457096318,2.5928182996e-07,-6.2588659897e-08,0.0,0.0,1.0,1.0,0.0,1.1749647461e-06,0.2270102923,-6.7855711911,2.5928182996e-07,-6.2588659897e-08,0.0
144,21.438142,14.823849,310.808943,1083.494,2.9587244694e-07,0.0467415542267584,0.010464509378160462,0.285627,0.66591401163,0.38028701162999995,-12.277363,-14.629750082,2.352387082,0.38028701163,0.75002213569,0.24463905418,0.0053388101363,0.75825163049,0.074273835254,0.15297765152,0.014496882731,1.7188809138e-07,-9.6299399166e-08,0.0,0.0,1.0,1.0,0.0,2.9587244694e-07,0.66591401163,-14.629750082,1.7188809138e-07,-9.6299399166e-08,0.0
145,21.432293,24.79537,320.780464,1031.66,6.9931959749e-07,0.0445054534991219,0.02473375456873661,0.339622,0.055747941856,0.28387405814399996,-20.731539,59.30153024,80.03306924,-0.28387405814,0.30912565388,0.11011289512,0.580761451,0.7614006607,0.078155698405,0.1464822924,0.013961348499,-1.866393114e-08,3.4227721005e-08,0.0,0.0,1.0,1.0,0.0,6.9931959749e-07,0.055747941856,59.30153024,-1.866393114e-08,3.4227721005e-08,0.0
146,21.422197,34.970109,330.955203,976.0889,3.2081299009e-07,0.04210813557757308,0.011346614320303037,0.395744,0.59458956233,0.19884556233000006,-31.910689,-39.024617558,7.113928558000001,0.19884556233,0.64888465556,0.34345260767,0.0076627367675,0.76886272458,0.094198671636,0.12474278412,0.01219581967,3.9499233615e-08,-1.8661767647e-07,0.0,0.0,1.0,1.0,0.0,3.2081299009e-07,0.59458956233,-39.024617558,3.9499233615e-08,-1.8661767647e-07,0.0
147,21.46362,44.978509,340.963603,921.7391,3.100459885e-07,0.03976350411315013,0.010965803635568773,0.418229,0.60234741843,0.18411841842999993,-43.053435,-48.353045811,5.299610811000001,0.18411841843,0.64188440333,0.34715733756,0.010958259106,0.76278455634,0.091231971175,0.13348934718,0.012494125303,-2.1808610164e-08,-1.8547766507e-07,0.0,0.0,1.0,1.0,0.0,3.100459885e-07,0.60234741843,-48.353045811,-2.1808610164e-08,-1.8547766507e-07,0.0
148,21.408444,55.035491,351.020585,866.9565,3.058152819e-07,0.03740020180729259,0.010816170679374905,0.444195,0.70989774703,0.26570274702999996,-53.613552,-56.249068072,2.6355160720000015,0.26570274703,0.61781090072,0.24951737335,0.13267172593,0.75820684296,0.082060715946,0.14636825947,0.013364181625,-8.3073122192e-08,-2.0057471289e-07,0.0,0.0,1.0,1.0,0.0,3.058152819e-07,0.70989774703,-56.249068072,-8.3073122192e-08,-2.0057471289e-07,0.0
149,21.381165,65.075577,1.060671,839.5556,2.9253702155e-07,0.03621813651370353,0.010346541008226753,0.479364,0.69916709494,0.21980309493999994,-63.701905,-67.037649324,3.3357443240000038,0.21980309494,0.61268776058,0.20319839037,0.18411384905,0.7571204432,0.07587000309,0.15368236469,0.013327189013,-1.422732806e-07,-1.469413448e-07,0.0,0.0,1.0,1.0,0.0,2.9253702155e-07,0.69916709494,-67.037649324,-1.422732806e-07,-1.469413448e-07,0.0
150,21.4212,74.971702,10.956796,790.4889,2.8770984295e-07,0.03410141614535992,0.010175811843506664,0.513139,0.79694287222,0.28380387222000003,-74.466536,-70.580464013,3.886071987000008,0.28380387222,0.59253986448,0.17258498115,0.23487515437,0.75582593511,0.075425074193,0.1566719785,0.012077012199,-1.7859506673e-07,-1.4379475165e-07,0.0,0.0,1.0,1.0,0.0,2.8770984295e-07,0.79694287222,-70.580464013,-1.7859506673e-07,-1.4379475165e-07,0.0
151,21.405409,84.992367,20.977461,752.2609,4.2594692584e-07,0.032452273524375845,0.01506502429053558,0.536819,0.86287561139,0.32605661139,-85.592879,-81.003213673,4.589665326999992,0.32605661139,0.38204947804,0.60241742883,0.015533093132,0.37004296338,0.56182439807,0.038507570398,0.029625068146,-3.4956330307e-07,-1.1353665052e-07,0.0,0.0,1.0,1.0,0.0,4.2594692584e-07,0.86287561139,-81.003213673,-3.4956330307e-07,-1.1353665052e-07,0.0
152,21.440216,95.035224,31.020318,746.5495,1.2798179451e-06,0.032205885715296416,0.04526500195387542,0.551788,0.87520829984,0.3234202998400001,82.800116,86.533118279,3.7330022790000044,0.32342029984,0.12216195046,0.87495289447,0.0028851550698,0.36000872339,0.56929593318,0.029072515477,0.041622827953,-1.1119152431e-06,1.3522140515e-07,0.0,0.0,1.0,1.0,0.0,1.2798179451e-06,0.87520829984,86.533118279,-1.1119152431e-06,1.3522140515e-07,0.0
153,21.348001,104.988564,40.973658,729.5455,8.4071291433e-07,0.031472339070763265,0.02973459768672199,0.563913,0.84697764332,0.28306464332000003,70.879822,73.947256197,3.067434196999997,0.28306464332,0.17965946633,0.75715801477,0.0631825189,0.47706656776,0.45001853121,0.039708079002,0.033206822025,-6.031696635e-07,3.7844812371e-07,0.0,0.0,1.0,1.0,0.0,8.4071291433e-07,0.84697764332,73.947256197,-6.031696635e-07,3.7844812371e-07,0.0
154,21.394317,115.216142,51.201236,717.1818,5.6583098184e-07,0.03093897335393108,0.0200124873983929,0.533973,0.72976493577,0.19579193576999998,61.909528,65.962628391,4.053100390999994,0.19579193577,0.26029132929,0.49250681639,0.24720185432,0.5819140238,0.33985799444,0.052925758602,0.025302223158,-2.7589928442e-07,3.0722222031e-07,0.0,0.0,1.0,1.0,0.0,5.6583098184e-07,0.72976493577,65.962628391,-2.7589928442e-07,3.0722222031e-07,0.0
155,21.389247,125.05014,61.035234,712.0879,3.6438661115e-07,0.030719224280031564,0.012887739798321095,0.537466,0.75230779256,0.21484179256000002,51.218565,54.274672468,3.0561074680000004,0.21484179256,0.39646678479,0.45097274614,0.15256046908,0.65000200654,0.26606980718,0.063842164986,0.020086021291,-8.7206864547e-08,2.5988979592e-07,0.0,0.0,1.0,1.0,0.0,3.6438661115e-07,0.75230779256,54.274672468,-8.7206864547e-08,2.5988979592e-07,0.0
156,21.456861,134.977146,70.96224,706.2857,2.8879061473e-07,0.030468919390540253,0.010214036918346952,0.548644,0.73563935521,0.18699535521,40.527286,45.274482052,4.747196052000007,0.18699535521,0.49254390111,0.39969626823,0.10775983066,0.6985767958,0.21278123137,0.07234750689,0.016294465943,-2.0354605995e-09,2.1243599043e-07,0.0,0.0,1.0,1.0,0.0,2.8879061473e-07,0.73563935521,45.274482052,-2.0354605995e-09,2.1243599043e-07,0.0
157,21.385196,144.953195,80.938289,702.9565,2.7112122417e-07,0.03032529886072493,0.009589100378517693,0.556338,0.68749418979,0.13115618979,29.376825,37.665607922,8.288782922,0.13115618979,0.52025516639,0.34220789158,0.13753694203,0.72975784687,0.17855270969,0.077852531491,0.013836911946,4.720079171e-08,1.803189058e-07,0.0,0.0,1.0,1.0,0.0,2.7112122417e-07,0.68749418979,37.665607922,4.720079171e-08,1.803189058e-07,0.0
158,21.380731,155.06762,91.052714,707.7802,2.5725996342e-07,0.030533391600623457,0.009098850966611767,0.533091,0.69238733255,0.15929633254999997,18.575913,25.801560382,7.225647382000002,0.15929633255,0.54467099086,0.3127134341,0.14261557504,0.75314673884,0.15311096258,0.081748719299,0.011993579281,1.1063343786e-07,1.3960027892e-07,0.0,0.0,1.0,1.0,0.0,2.5725996342e-07,0.69238733255,25.801560382,1.1063343786e-07,1.3960027892e-07,0.0
159,21.409619,165.012388,100.997482,710.4719,2.519869247e-07,0.030649510602216604,0.00891235248151277,0.547366,0.5540144734,0.006648473399999966,10.221549,16.840133997,6.618584996999999,0.0066484734026,0.55396625335,0.29164314429,0.15439060236,0.76635609331,0.13848539239,0.08423097252,0.010927541773,1.1617112788e-07,7.7418721863e-08,0.0,0.0,1.0,1.0,0.0,2.519869247e-07,0.5540144734,16.840133997,1.1617112788e-07,7.7418721863e-08,0.0
160,21.405445,174.903508,110.888602,718.3111,2.2395412917e-07,0.030987690963062538,0.007920879788622147,0.557369,0.62904003907,0.07167103906999994,-0.346756,7.2229995382,7.5697555382,0.071671039071,0.62208015289,0.31356038841,0.064359458706,0.77331422649,0.13115786446,0.085130759081,0.010397149967,1.3642206111e-07,3.5144000701e-08,0.0,0.0,1.0,1.0,0.0,2.2395412917e-07,0.62904003907,7.2229995382,1.3642206111e-07,3.5144000701e-08,0.0
161,21.368321,184.993835,120.978929,717.7634,2.1284716278e-07,0.03096406337560013,0.007528045122355849,0.546504,0.63237076533,0.08586676533000004,-11.398099,-4.1016081117,7.2964908883,0.08586676533,0.65452991719,0.31065171188,0.034818370924,0.77580562956,0.12928750068,0.084619992398,0.01028687736,1.3322114321e-07,-1.9205093545e-08,0.0,0.0,1.0,1.0,0.0,2.1284716278e-07,0.63237076533,-4.1016081117,1.3322114321e-07,-1.9205093545e-08,0.0
162,21.448675,194.918175,130.903269,707.2184,2.1681368256e-07,0.03050915574406625,0.007668334236349914,0.553796,0.63751653249,0.08372053249,-20.215826,-13.577083703,6.638742297,0.083720532492,0.64374232107,0.29946231205,0.056795366879,0.77640913096,0.12830191381,0.08504423405,0.010244721175,1.2298768421e-07,-6.3082768744e-08,0.0,0.0,1.0,1.0,0.0,2.1681368256e-07,0.63751653249,-13.577083703,1.2298768421e-07,-6.3082768744e-08,0.0
163,21.445552,204.82823,140.813324,716.0851,2.1212448191e-07,0.030891662097458517,0.0075024851189836326,0.557668,0.66177942679,0.10411142678999996,-32.02616,-24.381134499,7.645025500999996,0.10411142679,0.66045142684,0.31282194953,0.026726623631,0.77298987588,0.13014960278,0.086393541178,0.010466980158,9.2536111175e-08,-1.0556280259e-07,0.0,0.0,1.0,1.0,0.0,2.1212448191e-07,0.66177942679,-24.381134499,9.2536111175e-08,-1.0556280259e-07,0.0
164,21.407074,215.014276,150.99937,733.978,2.2741153253e-07,0.0316635555787551,0.008043162313605422,0.545702,0.6449046821,0.09920268209999994,-42.670268,-35.047171417,7.623096582999999,0.099202682103,0.62034362093,0.31285692434,0.066799454725,0.76668256566,0.13533750875,0.087083836353,0.010896089237,4.9933259096e-08,-1.3789656317e-07,0.0,0.0,1.0,1.0,0.0,2.2741153253e-07,0.6449046821,-35.047171417,4.9933259096e-08,-1.3789656317e-07,0.0
165,21.366307,225.039568,161.024662,746.5495,2.9194969058e-07,0.032205885715296416,0.010325768102512773,0.552629,0.6092349054,0.05660590539999999,-53.724979,-41.890925972,11.834053028,0.056605905403,0.48725858779,0.27112005845,0.24162135375,0.75725115172,0.1444199068,0.086728254179,0.0116006873,1.9265414514e-08,-1.768195045e-07,0.0,0.0,1.0,1.0,0.0,2.9194969058e-07,0.6092349054,-41.890925972,1.9265414514e-08,-1.768195045e-07,0.0
166,21.412388,235.050572,171.035666,758.8444,3.1773579771e-07,0.03273628342406321,0.011237779216352165,0.53207,0.69999782788,0.16792782787999994,-64.677739,-47.839370519,16.838368481000003,0.16792782788,0.4547564553,0.28363244526,0.26161109944,0.7466517733,0.15497408685,0.085953853289,0.012420286555,-2.2008021533e-08,-2.2132283702e-07,0.0,0.0,1.0,1.0,0.0,3.1773579771e-07,0.69999782788,-47.839370519,-2.2008021533e-08,-2.2132283702e-07,0.0
167,21.378044,245.005108,180.990202,791.1579,2.6550103636e-07,0.034130276572623665,0.00939032381566764,0.489883,0.73979802207,0.24991502207,-74.148511,-61.13347659,13.015034409999998,0.24991502207,0.55488015722,0.40533754015,0.039782302628,0.73452614519,0.16816101559,0.08391250991,0.013400329315,-1.0486018502e-07,-1.6608442159e-07,0.0,0.0,1.0,1.0,0.0,2.6550103636e-07,0.73979802207,-61.13347659,-1.0486018502e-07,-1.6608442159e-07,0.0
168,21.387872,255.098177,191.083271,817.1685,3.2003457261e-07,0.035252364807879716,0.011319083007050215,0.454243,0.7359079267,0.28166492670000004,-84.98168,-68.859797297,16.121882702999997,0.2816649267,0.4721179713,0.41835464236,0.10952738634,0.7228995773,0.18173825076,0.080974900516,0.014387271423,-1.7424913832e-07,-1.5844561864e-07,0.0,0.0,1.0,1.0,0.0,3.2003457261e-07,0.7359079267,-68.859797297,-1.7424913832e-07,-1.5844561864e-07,0.0
169,21.371938,265.024514,201.009608,874.3371,3.4338322266e-07,0.0377185983236794,0.012144885375410525,0.438043,0.75902466512,0.32098166512,84.626294,-76.532894166,18.840811833999993,0.32098166512,0.45523304332,0.51740910468,0.027357852006,0.71334877971,0.19428610029,0.077132393667,0.015232726336,-2.3236438745e-07,-1.1805969199e-07,0.0,0.0,1.0,1.0,0.0,3.4338322266e-07,0.75902466512,-76.532894166,-2.3236438745e-07,-1.1805969199e-07,0.0
170,21.383829,275.01372,210.998814,924.7473,4.1398104781e-07,0.03989327681463711,0.014641811368352757,0.390969,0.74532105412,0.35435205412000004,72.542786,-82.649596239,24.80761776099999,0.35435205412,0.39306731895,0.5955589592,0.011373721849,0.7084026379,0.20238977154,0.073470986152,0.015736604407,-2.984481921e-07,-7.8300913302e-08,0.0,0.0,1.0,1.0,0.0,4.1398104781e-07,0.74532105412,-82.649596239,-2.984481921e-07,-7.8300913302e-08,0.0
171,21.401727,285.23081,221.215904,974.6237,5.3478655068e-07,0.04204492735929679,0.018914498233219453,0.347703,0.72036634749,0.37266334748999996,64.562982,-88.865566881,26.57145111899999,0.37266334749,0.31904304875,0.64401638278,0.036940568468,0.70970395964,0.20343779611,0.071103521097,0.01575472316,-3.8494022535e-07,-1.5251292304e-08,0.0,0.0,1.0,1.0,0.0,5.3478655068e-07,0.72036634749,-88.865566881,-3.8494022535e-07,-1.5251292304e-08,0.0
172,21.434643,295.072562,231.057656,1026.759,5.2404627885e-07,0.04429402606411502,0.01853463293500931,0.318184,0.72213801898,0.40395401897999994,54.743419,82.514732855,27.771313855000002,0.40395401898,0.34235552535,0.65327920912,0.0043652655372,0.71310257049,0.19866040628,0.072759001104,0.015478022122,-3.6558924725e-07,9.775785967e-08,0.0,0.0,1.0,1.0,0.0,5.2404627885e-07,0.72213801898,82.514732855,-3.6558924725e-07,9.775785967e-08,0.0
173,21.423298,304.951047,240.936141,1068.484,4.6982640034e-07,0.04609402804853901,0.016616967288820644,0.291966,0.62366291273,0.33169691272999996,44.226667,64.962277745,20.735610744999995,0.33169691273,0.40220821163,0.41773196249,0.18005982588,0.74289389353,0.16787825946,0.077602748542,0.011625098464,-1.8804959592e-07,2.2470902123e-07,0.0,0.0,1.0,1.0,0.0,4.6982640034e-07,0.62366291273,64.962277745,-1.8804959592e-07,2.2470902123e-07,0.0
174,21.336339,314.997611,250.982705,1121.511,3.3007820218e-07,0.04838159438114659,0.011674309243602578,0.254988,0.60285407433,0.34786607433000005,34.076916,51.216563507,17.139647507,0.34786607433,0.60143508843,0.29568965487,0.1028752567,0.75864352215,0.11763037109,0.11244706642,0.011279040349,-4.28423252e-08,1.9432229138e-07,0.0,0.0,1.0,1.0,0.0,3.3007820218e-07,0.60285407433,51.216563507,-4.28423252e-08,1.9432229138e-07,0.0
175,21.390824,325.028039,261.013133,1150.505,2.7651694315e-07,0.049632385454517224,0.009779937857478953,0.251411,0.70865867013,0.45724767012999995,26.741181,36.337044103,9.595863102999996,0.45724767013,0.75230420665,0.24505256181,0.002643231548,0.76262197813,0.075688030434,0.14898079242,0.012709199012,5.8357034568e-08,1.8706485797e-07,0.0,0.0,1.0,1.0,0.0,2.7651694315e-07,0.70865867013,36.337044103,5.8357034568e-08,1.8706485797e-07,0.0
176,21.372545,335.022992,271.008086,1172.696,3.3310990008e-07,0.05058969747456162,0.01178153528453478,0.250232,0.65445290475,0.40422090474999994,22.119521,26.209713242,4.0901922420000005,0.40422090475,0.64759908098,0.2019120915,0.15048882752,0.76041915157,0.070600851327,0.15524544573,0.013734551371,1.3295596847e-07,1.7276798852e-07,0.0,0.0,1.0,1.0,0.0,3.3310990008e-07,0.65445290475,26.209713242,1.3295596847e-07,1.7276798852e-07,0.0
177,21.416271,345.031853,281.016947,1174.066,4.4229368046e-07,0.05064879879795674,0.015643181428155652,0.254184,0.47732653655,0.22314253655,12.419629,15.803862236,3.384233236,0.22314253655,0.5013671157,0.15829406568,0.34033881862,0.75899520559,0.072704602733,0.15409692083,0.014203270847,1.7980040624e-07,1.106473653e-07,0.0,0.0,1.0,1.0,0.0,4.4229368046e-07,0.47732653655,15.803862236,1.7980040624e-07,1.106473653e-07,0.0
178,21.353147,355.02705,291.012144,1147.556,3.2956126346e-07,0.049505166620435345,0.011656025993035245,0.235406,0.56271324782,0.32730724782,3.615853,5.4603013128,1.8444483128000004,0.32730724782,0.68083610424,0.21727778724,0.10188610852,0.75836050561,0.073831689916,0.1533653692,0.014442435276,1.8209013799e-07,3.513294307e-08,0.0,0.0,1.0,1.0,0.0,3.2956126346e-07,0.56271324782,5.4603013128,1.8209013799e-07,3.513294307e-08,0.0
179,26.113854,4.999927,300.985021,1237.333,3.6298397997e-07,0.05337811516820367,0.012838131099407044,0.233618,0.55878483152,0.32516683152000003,1.277158,-5.4726800374,6.7498380374,0.32516683152,0.70420119467,0.2722307732,0.023568032135,0.7480334106,0.08468142034,0.15064354822,0.016641620839,1.9914020205e-07,-3.8511885647e-08,0.0,0.0,1.0,1.0,0.0,3.6298397997e-07,0.55878483152,-5.4726800374,1.9914020205e-07,-3.8511885647e-08,0.0
180,26.107117,14.71781,310.702904,1188.952,3.5398446653e-07,0.05129097565931409,0.012519833489184288,0.289446,0.57288940548,0.28344340548,-9.543739,-15.529250022,5.985511021999999,0.28344340548,0.7090443196,0.27325861906,0.01769706134,0.74834965539,0.083317516757,0.1519527897,0.016380038153,1.7372161072e-07,-1.0462403337e-07,0.0,0.0,1.0,1.0,0.0,3.5398446653e-07,0.57288940548,-15.529250022,1.7372161072e-07,-1.0462403337e-07,0.0
181,26.101811,24.939149,320.924243,1135.15,3.8148675017e-07,0.04896997609631877,0.013492542871379555,0.296252,0.54612479199,0.24987279198999995,-18.561306,-25.88660952,7.325303520000002,0.24987279199,0.63515794499,0.24654527578,0.11829677923,0.75042588079,0.080687341168,0.15312690977,0.015759868277,1.2891533034e-07,-1.6366469247e-07,0.0,0.0,1.0,1.0,0.0,3.8148675017e-07,0.54612479199,-25.88660952,1.2891533034e-07,-1.6366469247e-07,0.0
182,26.126499,35.043097,331.028191,1048.216,4.0227971408e-07,0.04521967357950832,0.014227954931834347,0.350948,0.5262703638,0.17532236380000005,-27.688517,-39.613341684,11.924824683999997,0.1753223638,0.57303634668,0.30883542102,0.1181282323,0.7636445302,0.09361755906,0.12928210811,0.013455802624,3.9573250068e-08,-2.0797641499e-07,0.0,0.0,1.0,1.0,0.0,4.0227971408e-07,0.5262703638,-39.613341684,3.9573250068e-08,-2.0797641499e-07,0.0
183,26.155163,45.01463,340.999724,975.4862,3.8470358969e-07,0.04208213530924444,0.013606317059118989,0.391814,0.51443008914,0.12261608914,-40.214877,-52.085574206,11.870697205999996,0.12261608914,0.56453012771,0.4215863607,0.013883511589,0.76533314828,0.098180961853,0.12365943723,0.012826452631,-4.8450476237e-08,-1.9188066372e-07,0.0,0.0,1.0,1.0,0.0,3.8470358969e-07,0.51443008914,-52.085574206,-4.8450476237e-08,-1.9188066372e-07,0.0
184,26.143855,54.941341,350.926435,923.3455,3.1165059184e-07,0.0398328036503048,0.011022555749100531,0.454541,0.65685237676,0.20231137676,-51.661064,-55.677580682,4.016516681999995,0.20231137676,0.65115114154,0.33100542795,0.017843430512,0.75596491127,0.087223082442,0.14204053288,0.014771473406,-7.4544175357e-08,-1.9065337143e-07,0.0,0.0,1.0,1.0,0.0,3.1165059184e-07,0.65685237676,-55.677580682,-7.4544175357e-08,-1.9065337143e-07,0.0
185,26.049322,64.93763,0.922724,857.1636,2.8706212273e-07,0.03697773950811306,0.010152903071883232,0.504614,0.74462172401,0.24000772401000003,-61.972693,-63.231779386,1.259086386,0.24000772401,0.65861025498,0.25471348046,0.086676264564,0.75252675139,0.082293813701,0.1500579739,0.015121461009,-1.2703566162e-07,-1.7190740043e-07,0.0,0.0,1.0,1.0,0.0,2.8706212273e-07,0.74462172401,-63.231779386,-1.2703566162e-07,-1.7190740043e-07,0.0
186,26.135288,75.004543,10.989637,810.3571,2.3981863559e-07,0.034958523381475745,0.008481980620852203,0.529477,0.80618379683,0.27670679683,-73.565046,-73.806365412,0.24131941200000995,0.27670679683,0.73854190391,0.2281049819,0.03335311419,0.75808737166,0.070894239851,0.15779898949,0.013219399006,-1.6326360088e-07,-1.0355935257e-07,0.0,0.0,1.0,1.0,0.0,2.3981863559e-07,0.80618379683,-73.806365412,-1.6326360088e-07,-1.0355935257e-07,0.0
187,26.165957,85.001142,20.986236,785.6429,9.1907847011e-07,0.033892361391219275,0.032506255209637146,0.547666,0.88732186712,0.33965586712000007,-86.096763,-84.764956199,1.331806800999999,0.33965586712,0.18139990109,0.81565789387,0.0029422050433,0.32664631854,0.61806898999,0.023777857285,0.031506834189,-8.0193997161e-07,-1.4819778012e-07,0.0,0.0,1.0,1.0,0.0,9.1907847011e-07,0.88732186712,-84.764956199,-8.0193997161e-07,-1.4819778012e-07,0.0
188,26.132623,94.905787,30.890881,758.9189,1.0131433861e-06,0.03273949732814565,0.03583317262189908,0.55307,0.84619789922,0.29312789922000004,82.774501,81.440223745,1.3342772550000035,0.29312789922,0.1563129449,0.81667299037,0.02701406473,0.46013810696,0.46676738547,0.038583125364,0.03451138221,-8.1933420733e-07,2.5236621142e-07,0.0,0.0,1.0,1.0,0.0,1.0131433861e-06,0.84619789922,81.440223745,-8.1933420733e-07,2.5236621142e-07,0.0
189,26.053196,104.892793,40.877887,747.2696,4.5486693901e-07,0.03223695057878314,0.016087876374816883,0.55831,0.82183796574,0.26352796574000004,70.182734,72.386190236,2.203456236000008,0.26352796574,0.33378342556,0.60722035778,0.058996216656,0.59498070427,0.32397770755,0.05675757665,0.024284011528,-3.0536684956e-07,2.1563314491e-07,0.0,0.0,1.0,1.0,0.0,4.5486693901e-07,0.82183796574,72.386190236,-3.0536684956e-07,2.1563314491e-07,0.0
190,26.088026,114.948559,50.933653,735.7193,2.9752368242e-07,0.03173867465497985,0.010522910791826113,0.543164,0.76631719464,0.22315319464000005,61.045957,64.458137334,3.4121803339999985,0.22315319464,0.49457807065,0.4682562508,0.037165678549,0.68147960329,0.22833304778,0.072610696979,0.017576651956,-1.4322441054e-07,1.7739682764e-07,0.0,0.0,1.0,1.0,0.0,2.9752368242e-07,0.76631719464,64.458137334,-1.4322441054e-07,1.7739682764e-07,0.0
191,26.151169,124.992745,60.977839,740.5,2.546671918e-07,0.03194491238983751,0.009007149007833493,0.508625,0.72529608864,0.21667108863999995,48.698931,57.200484432,8.501553432000001,0.21667108864,0.56447445446,0.36662494652,0.068900599023,0.73205239865,0.17180852997,0.082570155206,0.013568916174,-7.6306999351e-08,1.6821028556e-07,0.0,0.0,1.0,1.0,0.0,2.546671918e-07,0.72529608864,57.200484432,-7.6306999351e-08,1.6821028556e-07,0.0
192,26.155376,134.974239,70.959333,729.7297,2.1747511496e-07,0.03148028539468252,0.00769172798465059,0.528604,0.67573071857,0.14712671857000004,40.210984,47.121499234,6.910515233999995,0.14712671857,0.6508301337,0.33902139131,0.01014847499,0.76179962387,0.13962069724,0.087356646781,0.011223032108,-1.0872676175e-08,1.4655184745e-07,0.0,0.0,1.0,1.0,0.0,2.1747511496e-07,0.67573071857,47.121499234,-1.0872676175e-08,1.4655184745e-07,0.0
193,26.121621,144.997622,80.982716,733.8571,2.6941177402e-07,0.03165833999481461,0.009528640010169164,0.513022,0.57025231036,0.057230310360000036,30.516798,36.316683093,5.799885093,0.057230310355,0.52019916278,0.2378395095,0.24196132772,0.78177866279,0.11922117582,0.089310328731,0.0096898326661,4.5857058581e-08,1.4662923502e-07,0.0,0.0,1.0,1.0,0.0,2.6941177402e-07,0.57025231036,36.316683093,4.5857058581e-08,1.4662923502e-07,0.0
194,26.066654,155.003112,90.988206,733.578,2.0356440805e-07,0.03164629971790982,0.007199729745469985,0.501133,0.58222330343,0.0810903034299999,19.912933,27.280687077,7.367754077000001,0.081090303426,0.68342524609,0.28846861034,0.02810614357,0.79636812919,0.10487566197,0.090160285444,0.0085959233965,6.8721484123e-08,9.6562592651e-08,0.0,0.0,1.0,1.0,0.0,2.0356440805e-07,0.58222330343,27.280687077,6.8721484123e-08,9.6562592651e-08,0.0
195,26.119693,164.967292,100.952386,729.9286,2.1604932345e-07,0.03148886587148784,0.007641300143930692,0.511011,0.55659453483,0.045583534829999994,9.93529,15.155464274,5.220174274,0.045583534829,0.64044107492,0.25830531382,0.10125361126,0.80517618537,0.096199064703,0.090696882788,0.0079278671376,1.0381335772e-07,6.0690193963e-08,0.0,0.0,1.0,1.0,0.0,2.1604932345e-07,0.55659453483,15.155464274,1.0381335772e-07,6.0690193963e-08,0.0
196,26.157841,175.010098,110.995192,733.7857,1.9810917235e-07,0.031655259823653734,0.007006787260513615,0.502759,0.56141567323,0.05865667323000001,0.936246,5.64382119,4.70757519,0.05865667323,0.6970024666,0.26912781773,0.033869715668,0.80897157395,0.092870473076,0.09047958526,0.0076783677115,1.0907022368e-07,2.1769918688e-08,0.0,0.0,1.0,1.0,0.0,1.9810917235e-07,0.56141567323,5.64382119,1.0907022368e-07,2.1769918688e-08,0.0
197,26.113562,185.033848,121.018942,735.0631,1.8949611448e-07,0.031710366415263154,0.006702157931938347,0.541601,0.56171771925,0.020116719250000026,-10.696919,-4.8175625361,5.8793564639,0.020116719252,0.72869113787,0.2661681272,0.0051407349296,0.80904294707,0.093141679913,0.090098233078,0.0077171399427,1.0494179466e-07,-1.7815757664e-08,0.0,0.0,1.0,1.0,0.0,1.8949611448e-07,0.56171771925,-4.8175625361,1.0494179466e-07,-1.7815757664e-08,0.0
198,26.077802,195.02462,131.009714,726.0917,1.9941487796e-07,0.031323343340294636,0.007052967865508349,0.534338,0.53368357482,0.0006544251800000289,-20.694458,-16.512763584,4.181694415999999,-0.00065442517931,0.69399971202,0.25411056075,0.051889727222,0.80684383005,0.09398599557,0.091326101453,0.0078440729227,8.922921643e-08,-5.8002667325e-08,0.0,0.0,1.0,1.0,0.0,1.9941487796e-07,0.53368357482,-16.512763584,8.922921643e-08,-5.8002667325e-08,0.0
199,26.084484,205.206171,141.191265,754.4906,2.2500055841e-07,0.03254846200669269,0.007957890225750759,0.557549,0.53315734402,0.024391655979999927,-31.820942,-31.937742135,0.11680013500000186,-0.024391655979,0.6183851984,0.23590895738,0.14570584422,0.80297351883,0.095998131562,0.092977150529,0.0080511990765,5.2821500684e-08,-1.0770542531e-07,0.0,0.0,1.0,1.0,0.0,2.2500055841e-07,0.53315734402,-31.937742135,5.2821500684e-08,-1.0770542531e-07,0.0
200,26.148741,215.001535,150.986629,757.7982,6.0335242066e-07,0.03269115072002236,0.021339557399249007,0.548341,0.71873558142,0.17039458142000008,-42.49014,-21.487920612,21.002219387999997,0.17039458142,0.23225816723,0.093849453365,0.67389237941,0.79607067709,0.1013142109,0.094105573627,0.0085095383854,3.1727683094e-07,-2.9561541695e-07,0.0,0.0,1.0,1.0,0.0,6.0335242066e-07,0.71873558142,-21.487920612,3.1727683094e-07,-2.9561541695e-07,0.0
201,26.093929,224.965733,160.950827,749.982,2.1182429109e-07,0.03235396257117503,0.007491867876034461,0.535307,0.65040281551,0.11509581551000003,-53.98809,-46.518245331,7.469844668999997,0.11509581551,0.6680349518,0.2938913415,0.0380737067,0.78589686695,0.10984559464,0.095030350362,0.0092271880486,-7.2980053143e-09,-1.3757768473e-07,0.0,0.0,1.0,1.0,0.0,2.1182429109e-07,0.65040281551,-46.518245331,-7.2980053143e-09,-1.3757768473e-07,0.0
202,26.148679,235.003143,170.988237,780.1802,2.2312738277e-07,0.0336567024136204,0.007891639162988916,0.536135,0.6775908955,0.14145589549999993,-65.14314,-55.607429028,9.535710972000004,0.1414558955,0.64427043525,0.31816820013,0.03756136462,0.77309285253,0.12142450847,0.095307392048,0.01017524696,-5.4710238638e-08,-1.4094299783e-07,0.0,0.0,1.0,1.0,0.0,2.2312738277e-07,0.6775908955,-55.607429028,-5.4710238638e-08,-1.4094299783e-07,0.0
203,26.184697,245.014133,180.999227,818.4,2.5713419761e-07,0.03530549128945715,0.00909440284205063,0.505696,0.68980141884,0.18410541883999998,-75.806052,-65.076181139,10.729870860999995,0.18410541884,0.5721122753,0.32662451512,0.10126320958,0.75838688486,0.13558840477,0.094711522995,0.011313187374,-1.1437314164e-07,-1.3557081422e-07,0.0,0.0,1.0,1.0,0.0,2.5713419761e-07,0.68980141884,-65.076181139,-1.1437314164e-07,-1.3557081422e-07,0.0
204,26.123008,255.018555,191.003649,857.5135,1.2041807194e-06,0.03699283407238747,0.04258984086381218,0.470288,0.64417967219,0.17389167219000007,-87.322411,-75.39877405,11.923636950000002,0.17389167219,0.12606417776,0.087685882999,0.78624993924,0.74308282289,0.15242313607,0.091901267447,0.01259277359,-6.7711709029e-07,-3.7846597875e-07,0.0,0.0,1.0,1.0,0.0,1.2041807194e-06,0.64417967219,-75.39877405,-6.7711709029e-07,-3.7846597875e-07,0.0
205,26.100336,264.984074,200.969168,898.2545,2.984309609e-07,0.038750386639132064,0.010554999701289482,0.407994,0.74942337792,0.34142937792,81.53461,-79.284464756,19.18092524399998,0.34142937792,0.53026888182,0.46547210387,0.004259014304,0.73044734373,0.1680236412,0.08780448964,0.013724525433,-2.0818740987e-07,-8.1718016697e-08,0.0,0.0,1.0,1.0,0.0,2.984309609e-07,0.74942337792,-79.284464756,-2.0818740987e-07,-8.1718016697e-08,0.0
206,26.105162,274.995145,210.980239,981.8909,3.7585899569e-07,0.042358431839133966,0.013293498688174867,0.385024,0.73044054,0.34541654000000005,70.20678,-85.14314542,24.650074580000023,0.34541654,0.44342253603,0.52346002073,0.033117443242,0.72275573312,0.18002858463,0.082700875402,0.014514806852,-2.7060656454e-07,-4.6322269745e-08,0.0,0.0,1.0,1.0,0.0,3.7585899569e-07,0.73044054,-85.14314542,-2.7060656454e-07,-4.6322269745e-08,0.0
207,26.149795,285.051072,221.036166,1063.207,4.9016456228e-07,0.04586638010433757,0.01733629377074492,0.323208,0.68915483522,0.36594683522,61.680072,89.60938632,27.929314319999996,0.36594683522,0.36155629724,0.58658684743,0.051856855331,0.72339260387,0.18352340818,0.078423686112,0.014660301838,-3.3776787801e-07,4.6057469412e-09,0.0,0.0,1.0,1.0,0.0,4.9016456228e-07,0.68915483522,89.60938632,-3.3776787801e-07,4.6057469412e-09,0.0
208,26.159838,295.088269,231.073363,1125.382,6.2757036347e-07,0.048548587974476864,0.022196105186229633,0.302545,0.5666645125,0.26411951250000004,52.458589,80.715823948,28.25723494799999,0.2641195125,0.30175719705,0.57297232823,0.12527047471,0.72586556416,0.18201822335,0.07751127555,0.014604936939,-3.3710976137e-07,1.1324271229e-07,0.0,0.0,1.0,1.0,0.0,6.2757036347e-07,0.5666645125,80.715823948,-3.3710976137e-07,1.1324271229e-07,0.0
209,26.127697,305.022322,241.007416,1205.185,4.1867886612e-07,0.051991261632067944,0.01480796527781719,0.246744,0.65528716999,0.40854316999000007,43.044634,68.106236078,25.061602077999993,0.40854316999,0.48442504356,0.50369291206,0.011882044377,0.74728282293,0.15305231136,0.087341916027,0.01232294969,-1.9805977871e-07,1.8984975466e-07,0.0,0.0,1.0,1.0,0.0,4.1867886612e-07,0.65528716999,68.106236078,-1.9805977871e-07,1.8984975466e-07,0.0
210,26.063422,314.985369,250.970463,1276.18,3.6599242266e-07,0.05505396123384582,0.012944534642787843,0.224318,0.63057930689,0.40626130688999995,33.906736,51.808171736,17.901435735999996,0.40626130689,0.59239856803,0.33284166002,0.074759771944,0.75905467978,0.11251137702,0.11641136264,0.012022580553,-5.4331784629e-08,2.2430071581e-07,0.0,0.0,1.0,1.0,0.0,3.6599242266e-07,0.63057930689,51.808171736,-5.4331784629e-08,2.2430071581e-07,0.0
211,26.138121,324.964205,260.949299,1343.78,3.3519582678e-07,0.05797020171669932,0.011855310993425754,0.207047,0.63168931413,0.42464231413,27.843256,37.093983434,9.250727434000002,0.42464231413,0.68795083321,0.26301435658,0.049034810211,0.75484725573,0.07846160639,0.15223517287,0.014455965008,5.7695304242e-08,2.0372756161e-07,0.0,0.0,1.0,1.0,0.0,3.3519582678e-07,0.63168931413,37.093983434,5.7695304242e-08,2.0372756161e-07,0.0
212,26.158318,334.954521,270.939615,1390.357,3.4213723482e-07,0.059979517293176646,0.012100816887210276,0.210658,0.59799447046,0.38733647045999997,20.154938,26.419042436,6.264104436,0.38733647046,0.70897101826,0.27035343185,0.020675549897,0.75024732686,0.080065004073,0.15395925652,0.015728412547,1.2359031353e-07,1.6304916144e-07,0.0,0.0,1.0,1.0,0.0,3.4213723482e-07,0.59799447046,26.419042436,1.2359031353e-07,1.6304916144e-07,0.0
213,26.159288,344.981416,280.96651,1355.273,3.561964087e-07,0.05846600573843652,0.012598066152689477,0.193216,0.57523196277,0.38201596277,14.272294,15.650357206,1.3780632060000002,0.38201596277,0.7051185629,0.27256845864,0.022312978463,0.74849152592,0.08323476306,0.15191206427,0.016361646748,1.7507349261e-07,1.0644934197e-07,0.0,0.0,1.0,1.0,0.0,3.561964087e-07,0.57523196277,15.650357206,1.7507349261e-07,1.0644934197e-07,0.0
214,26.076364,354.97306,290.958154,1296.36,3.6121432393e-07,0.055924519413490546,0.012775541350282978,0.209643,0.56102007847,0.35137707847,8.752834,4.7291352609,4.0236987391,0.35137707847,0.70681182097,0.27309700994,0.020091169096,0.74803748946,0.084715321482,0.15060020147,0.016646987581,1.9989359298e-07,3.330107082e-08,0.0,0.0,1.0,1.0,0.0,3.6121432393e-07,0.56102007847,4.7291352609,1.9989359298e-07,3.330107082e-08,0.0
215,30.841073,5.030139,301.015233,1406.962,4.5479676381e-07,0.06069585121651662,0.016085394396362626,0.207217,0.46394372758,0.25672672758000004,2.208807,-7.2548622058,9.4636692058,0.25672672758,0.64884592124,0.33385929588,0.017294782882,0.72413769672,0.10864076542,0.14573072823,0.021490809625,2.042702852e-07,-5.2864877496e-08,0.0,0.0,1.0,1.0,0.0,4.5479676381e-07,0.46394372758,-7.2548622058,2.042702852e-07,-5.2864877496e-08,0.0
216,30.823153,14.907602,310.892696,1339.062,5.715520331e-07,0.05776666883802915,0.020214831331335555,0.232177,0.3024529019,0.07027590190000002,-7.828141,-12.840080024,5.011939024000001,0.070275901903,0.50472304146,0.24776283376,0.24751412478,0.72637423398,0.10538233702,0.14742107175,0.020822357249,1.5579294514e-07,-7.4911650275e-08,0.0,0.0,1.0,1.0,0.0,5.715520331e-07,0.3024529019,-12.840080024,1.5579294514e-07,-7.4911650275e-08,0.0
217,30.816987,24.801132,320.786226,1231.294,4.4384803082e-07,0.05311759480909195,0.015698156178550256,0.286903,0.50299987531,0.21609687531,-17.084846,-28.31990887,11.23506287,0.21609687531,0.62115387883,0.29456743143,0.084278689738,0.73369605351,0.095634935066,0.1517899117,0.018879099728,1.2276829754e-07,-1.8646974354e-07,0.0,0.0,1.0,1.0,0.0,4.4384803082e-07,0.50299987531,-28.31990887,1.2276829754e-07,-1.8646974354e-07,0.0
218,30.874708,34.994048,330.979142,1116.0,5.0401509525e-07,0.048143851758350655,0.01782616375916759,0.332359,0.53108906869,0.19873006869000004,-25.3684,-35.726086637,10.357686637,0.19873006869,0.5138616269,0.25207642475,0.23406194835,0.74167607045,0.086112662175,0.1553828913,0.016828376072,8.5146992021e-08,-2.5377335672e-07,0.0,0.0,1.0,1.0,0.0,5.0401509525e-07,0.53108906869,-35.726086637,8.5146992021e-08,-2.5377335672e-07,0.0
219,30.848519,45.047453,341.032547,1040.602,4.9696607061e-07,0.044891208268318286,0.01757685164776601,0.38844,0.4712172153,0.08277721529999998,-38.412038,-55.375509166,16.963471165999998,0.082777215302,0.48204740358,0.43871985043,0.079232745994,0.76203602975,0.10594218998,0.11856440844,0.013457371827,-8.2971401747e-08,-2.1898752361e-07,0.0,0.0,1.0,1.0,0.0,4.9696607061e-07,0.4712172153,-55.375509166,-8.2971401747e-08,-2.1898752361e-07,0.0
220,30.844538,55.033762,351.018856,961.4046,4.3528029716e-07,0.04147465998404696,0.015395129890830967,0.458756,0.55672025054,0.09796425053999996,-49.662356,-58.131530909,8.469174908999996,0.097964250543,0.50442101645,0.35768889603,0.13789008752,0.75197189355,0.092676438662,0.13945178194,0.01589988585,-1.0722907777e-07,-2.173141544e-07,0.0,0.0,1.0,1.0,0.0,4.3528029716e-07,0.55672025054,-58.131530909,-1.0722907777e-07,-2.173141544e-07,0.0
221,30.809294,65.035851,1.020945,901.9852,3.5796573974e-07,0.03891132773927085,0.012660644407111744,0.491906,0.69007225841,0.19816625840999996,-60.909574,-62.779858374,1.8702843740000006,0.19816625841,0.5617080258,0.26691961573,0.17137235847,0.7432475908,0.092840925387,0.14627748253,0.017634001286,-1.4365606116e-07,-2.0095501103e-07,0.0,0.0,1.0,1.0,0.0,3.5796573974e-07,0.69007225841,-62.779858374,-1.4365606116e-07,-2.0095501103e-07,0.0
222,30.847478,75.030246,11.01534,846.9538,2.620289473e-07,0.03653729228796753,0.009267521882246827,0.530011,0.80772679904,0.27771579904,-72.899104,-74.37445774,1.4753537400000027,0.27771579904,0.70544107716,0.25231330965,0.042245613188,0.72946098428,0.10559831074,0.15110005504,0.013840649932,-1.8093814074e-07,-1.0980064516e-07,0.0,0.0,1.0,1.0,0.0,2.620289473e-07,0.80772679904,-74.37445774,-1.8093814074e-07,-1.0980064516e-07,0.0
223,30.84911,84.98083,20.965924,811.0769,1.1903702073e-06,0.034989575303066844,0.04210138634605522,0.553487,0.86531007627,0.31182307627000005,-85.568219,88.590485731,5.841295269,0.31182307627,0.14395635247,0.84941445563,0.0066291918957,0.43555544349,0.49069702368,0.03748815377,0.036259379055,-1.0287928418e-06,5.0658860226e-08,0.0,0.0,1.0,1.0,0.0,1.1903702073e-06,0.86531007627,88.590485731,-1.0287928418e-06,5.0658860226e-08,0.0
224,30.876056,95.042859,31.027953,787.1278,4.7134986528e-07,0.033956419460642186,0.016670849674006588,0.54275,0.81639289292,0.27364289292,82.602627,79.672768579,2.9298584209999916,0.27364289292,0.34088248688,0.58478946319,0.074328049929,0.63054227323,0.28260814789,0.065287704913,0.021561873965,-3.6007310287e-07,1.3573334753e-07,0.0,0.0,1.0,1.0,0.0,4.7134986528e-07,0.81639289292,79.672768579,-3.6007310287e-07,1.3573334753e-07,0.0
225,30.863978,104.987018,40.972112,774.7597,2.7796554359e-07,0.0334228639293407,0.009831172411579426,0.55499,0.76255006872,0.20756006872,70.8026,73.784187941,2.981587941000001,0.20756006872,0.55001099568,0.44389491492,0.0060940894025,0.71740513004,0.1807841133,0.087205252709,0.014605503949,-1.7890326525e-07,1.1367402645e-07,0.0,0.0,1.0,1.0,0.0,2.7796554359e-07,0.76255006872,73.784187941,-1.7890326525e-07,1.1367402645e-07,0.0
226,30.859057,114.927427,50.912521,761.3431,2.5888826317e-07,0.03284407647279851,0.009156441182194722,0.521011,0.70489358515,0.18388258515,60.616256,66.331964937,5.715708936999995,0.18388258515,0.5684443846,0.31751827962,0.11403733578,0.75816371179,0.1337781437,0.096788002978,0.01127014153,-1.2367200554e-07,1.341914748e-07,0.0,0.0,1.0,1.0,0.0,2.5888826317e-07,0.70489358515,66.331964937,-1.2367200554e-07,1.341914748e-07,0.0
227,30.875488,125.070863,61.055957,758.4,4.1679699512e-07,0.0327171121626641,0.01474140667483926,0.522521,0.55082315167,0.028302151669999942,49.180612,79.786707027,30.606095027000002,0.028302151669,0.34358877534,0.15432270925,0.50208851542,0.78449609621,0.10676371463,0.099534979331,0.0092052098316,-2.1514538758e-07,8.0125509366e-08,0.0,0.0,1.0,1.0,0.0,4.1679699512e-07,0.55082315167,79.786707027,-2.1514538758e-07,8.0125509366e-08,0.0
228,30.886576,135.017152,71.002246,771.6692,5.5537550507e-07,0.03328954083448481,0.019642694821069905,0.490754,0.69199007114,0.20123607113999997,39.825006,52.294934992,12.469928992,0.20123607114,0.25280962672,0.10026524263,0.64692513065,0.80101000676,0.092097436972,0.098900395195,0.0079921610718,-9.6808112829e-08,3.7192162828e-07,0.0,0.0,1.0,1.0,0.0,5.5537550507e-07,0.69199007114,52.294934992,-9.6808112829e-08,3.7192162828e-07,0.0
229,30.835787,144.97502,80.960114,764.9846,2.484249659e-07,0.03300116951596879,0.008786372006978146,0.471681,0.37824829552,0.09343270448000002,27.86971,39.188410271,11.318700271,-0.093432704476,0.55964780432,0.20359550221,0.23675669348,0.8144072291,0.080943991755,0.097601107956,0.0070476711898,1.893178909e-08,9.2039429815e-08,0.0,0.0,1.0,1.0,0.0,2.484249659e-07,0.37824829552,39.188410271,1.893178909e-08,9.2039429815e-08,0.0
230,30.845138,154.91186,90.896954,770.9412,2.0542318875e-07,0.03325813516774638,0.007265471683485046,0.464619,0.50978724794,0.04516824793999996,19.029875,27.742378053,8.712503052999999,0.045168247945,0.6695493773,0.23432431188,0.096126310825,0.82452610228,0.07312247908,0.095984415362,0.006367003276,5.9338222749e-08,8.628845907e-08,0.0,0.0,1.0,1.0,0.0,2.0542318875e-07,0.50978724794,27.742378053,5.9338222749e-08,8.628845907e-08,0.0
231,30.891096,165.009479,100.994573,794.7669,1.935522365e-07,0.034285967577100264,0.006845616126022437,0.445327,0.48144009875,0.03611309875000002,9.692936,17.232573091,7.5396370909999995,0.036113098748,0.70783163764,0.24063873726,0.051529625099,0.83078287431,0.068433973925,0.094829750453,0.005953401312,7.6827308936e-08,5.2733164589e-08,0.0,0.0,1.0,1.0,0.0,1.935522365e-07,0.48144009875,17.232573091,7.6827308936e-08,5.2733164589e-08,0.0
232,30.85329,175.063483,111.048577,764.2424,1.9483949805e-07,0.03296915126617036,0.0068911443957259426,0.483464,0.47297391143,0.01049008857,-0.014366,4.8922306302,4.9065966302,-0.010490088568,0.70288280326,0.22764930828,0.069467888465,0.83218676469,0.067670204268,0.094259903345,0.0058831276968,9.0813529578e-08,1.566085785e-08,0.0,0.0,1.0,1.0,0.0,1.9483949805e-07,0.47297391143,4.8922306302,9.0813529578e-08,1.566085785e-08,0.0
233,30.861277,185.00274,120.987834,768.0,3.8180689216e-07,0.033131252822950985,0.013503865753558499,0.512745,0.30759191661,0.20515308339,-9.985696,-9.509967931,0.47572806900000053,-0.20515308339,0.35867265534,0.11214865011,0.52917869455,0.83180586639,0.067860435204,0.094427171112,0.0059065272892,1.1102906593e-07,-3.8273590913e-08,0.0,0.0,1.0,1.0,0.0,3.8180689216e-07,0.30759191661,-9.509967931,1.1102906593e-07,-3.8273590913e-08,0.0
234,30.748214,194.998844,130.983938,759.5821,1.8881379436e-07,0.03276810754542713,0.006678025420214145,0.521249,0.49436793361,0.026881066389999986,-20.191397,-17.22220379,2.9691932100000002,-0.026881066387,0.7260967583,0.23555159102,0.038351650679,0.82969112961,0.068594822552,0.095700161017,0.006013886824,7.697807314e-08,-5.2795667573e-08,0.0,0.0,1.0,1.0,0.0,1.8881379436e-07,0.49436793361,-17.22220379,7.697807314e-08,-5.2795667573e-08,0.0
235,30.830396,204.969064,140.954158,765.4545,1.8645950262e-07,0.03302144083849679,0.006594758092529686,0.541984,0.5146323695,0.0273516305,-30.280501,-28.149885813,2.130615187,-0.027351630499,0.73764910777,0.2494808736,0.012870018632,0.8256051493,0.071073977855,0.09706477793,0.0062560949141,5.3242132841e-08,-7.9832521011e-08,0.0,0.0,1.0,1.0,0.0,1.8645950262e-07,0.5146323695,-28.149885813,5.3242132841e-08,-7.9832521011e-08,0.0
236,30.841506,214.920567,150.905661,770.6047,1.9569433874e-07,0.03324361867481029,0.0069213786690077396,0.552472,0.55541543401,0.002943434010000079,-41.197032,-39.067815596,2.1292164039999975,0.0029434340061,0.71041188622,0.24938682056,0.040201293221,0.81772060993,0.076481355789,0.099037039459,0.0067609948234,2.2346529379e-08,-1.0636967955e-07,0.0,0.0,1.0,1.0,0.0,1.9569433874e-07,0.55541543401,-39.067815596,2.2346529379e-08,-1.0636967955e-07,0.0
237,30.814329,224.9675,160.952594,778.0763,2.2135886736e-07,0.0335659408995394,0.007829089756023965,0.559402,0.59515833675,0.035756336750000006,-53.295755,-48.359697128,4.936057871999999,0.035756336751,0.63423799587,0.24241601454,0.12334598959,0.80504732224,0.086574119896,0.10073829549,0.0076402623726,-1.541490897e-08,-1.3083864193e-07,0.0,0.0,1.0,1.0,0.0,2.2135886736e-07,0.59515833675,-48.359697128,-1.541490897e-08,-1.3083864193e-07,0.0
238,30.883608,234.973947,170.959041,809.6,2.2652606118e-07,0.034925862350860835,0.008011844685546441,0.545751,0.6407337527,0.0949827527,-64.496952,-58.490636944,6.006315055999991,0.094982752698,0.63205309277,0.26939954239,0.09854736484,0.79093175011,0.097872131737,0.10255268115,0.0086434370107,-6.5851224106e-08,-1.2934479405e-07,0.0,0.0,1.0,1.0,0.0,2.2652606118e-07,0.6407337527,-58.490636944,-6.5851224106e-08,-1.2934479405e-07,0.0
239,30.874387,245.013084,180.998178,851.1628,2.328355529e-07,0.03671886708371206,0.008235000764992917,0.523054,0.69072173873,0.16766773872999996,-76.315285,-67.825879495,8.489405505000008,0.16766773873,0.63191383744,0.31325900309,0.054827159469,0.77544423588,0.11139784009,0.10334375325,0.0098141707934,-1.1500636962e-07,-1.1241921462e-07,0.0,0.0,1.0,1.0,0.0,2.328355529e-07,0.69072173873,-67.825879495,-1.1500636962e-07,-1.1241921462e-07,0.0
240,30.869814,255.031792,191.016886,899.6308,2.4861230683e-07,0.03880975974233549,0.008792997939670338,0.467458,0.73542889673,0.26797089673,-88.127653,-74.883435608,13.244217391999996,0.26797089673,0.614854574,0.36655828951,0.018587136488,0.75997245158,0.12586155737,0.10311494962,0.011051041428,-1.5796792633e-07,-9.2061847706e-08,0.0,0.0,1.0,1.0,0.0,2.4861230683e-07,0.73542889673,-74.883435608,-1.5796792633e-07,-9.2061847706e-08,0.0
241,30.835055,265.04356,201.028654,966.0923,2.9334415222e-07,0.041676885731258086,0.010375087858577199,0.393171,0.70991471596,0.31674371596,80.486602,-81.95990028,17.553497719999996,0.31674371596,0.54809253725,0.4144195756,0.037487887148,0.74461927729,0.14337080019,0.099588627227,0.0124212953,-2.001015614e-07,-5.7681442243e-08,0.0,0.0,1.0,1.0,0.0,2.9334415222e-07,0.70991471596,-81.95990028,-2.001015614e-07,-5.7681442243e-08,0.0
242,30.858894,274.99863,210.983724,1047.385,3.4921658157e-07,0.045183824528602236,0.012351201440495996,0.36929,0.73175239218,0.36246239218,69.470588,-87.554358772,22.97505322799998,0.36246239218,0.49064215159,0.48745160686,0.021906241548,0.73511937592,0.15708461339,0.094366738507,0.013429272185,-2.5460946378e-07,-2.1788707888e-08,0.0,0.0,1.0,1.0,0.0,3.4921658157e-07,0.73175239218,-87.554358772,-2.5460946378e-07,-2.1788707888e-08,0.0
243,30.823224,284.864059,220.849153,1135.873,4.4307017178e-07,0.049001166064796625,0.015670644616378272,0.32357,0.69712672605,0.37355672605,56.879083,87.73034177,30.851258769999994,0.37355672605,0.41668847092,0.56968838025,0.01362314883,0.73205622069,0.1657050264,0.088279538105,0.013959214803,-3.0790719446e-07,2.444542839e-08,0.0,0.0,1.0,1.0,0.0,4.4307017178e-07,0.69712672605,87.73034177,-3.0790719446e-07,2.444542839e-08,0.0
244,30.849743,294.969015,230.954109,1242.938,5.9747398481e-07,0.05361991291829825,0.02113164703883037,0.265718,0.66004087582,0.39432287582000003,48.516368,82.520144315,34.003776314999996,0.39432287582,0.33685041547,0.60727037925,0.055879205281,0.73624851163,0.16533234243,0.084512382351,0.013906763596,-3.8099153102e-07,1.0179929111e-07,0.0,0.0,1.0,1.0,0.0,5.9747398481e-07,0.66004087582,82.520144315,-3.8099153102e-07,1.0179929111e-07,0.0
245,30.865432,304.939,240.924094,1353.152,5.385519138e-07,0.058374506536304396,0.019047672775455247,0.214626,0.63480154848,0.42017554848000005,39.476721,68.301420224,28.824699224,0.42017554848,0.40774499168,0.48441477313,0.1078402352,0.74533484394,0.14524396191,0.096112880779,0.013308313378,-2.4840833506e-07,2.3488475856e-07,0.0,0.0,1.0,1.0,0.0,5.385519138e-07,0.63480154848,68.301420224,-2.4840833506e-07,2.3488475856e-07,0.0
246,30.809795,314.986818,250.971912,1462.462,4.3991992703e-07,0.06309010190880018,0.015559225773323377,0.184006,0.55366589416,0.36965989416,33.510342,53.912559265,20.402217264999997,0.36965989416,0.54445329704,0.42253965508,0.033007047879,0.75714576329,0.11377476818,0.11613544904,0.012944019482,-7.4559457665e-08,2.3187621545e-07,0.0,0.0,1.0,1.0,0.0,4.3991992703e-07,0.55366589416,53.912559265,-7.4559457665e-08,2.3187621545e-07,0.0
247,30.842753,325.014559,260.999653,1532.308,4.3130774121e-07,0.06610323405029997,0.015254627287685656,0.165173,0.53752152563,0.37234852563,27.835333,38.123855905,10.288522905,0.37234852563,0.60001157467,0.31765799788,0.08233042745,0.74241789866,0.0883834534,0.15239572815,0.01680291979,5.5113423962e-08,2.2519102007e-07,0.0,0.0,1.0,1.0,0.0,4.3130774121e-07,0.53752152563,38.123855905,5.5113423962e-08,2.2519102007e-07,0.0
248,30.900367,335.001776,270.98687,1579.163,4.3917273707e-07,0.06812454245006477,0.015532798924779169,0.145009,0.48645691015,0.34144791015,20.862036,25.718136387,4.8561003870000015,0.34144791015,0.62857828534,0.33801063437,0.03341108029,0.73438175325,0.09475574784,0.15208477136,0.018777727543,1.3317904404e-07,1.6704729589e-07,0.0,0.0,1.0,1.0,0.0,4.3917273707e-07,0.48645691015,25.718136387,1.3317904404e-07,1.6704729589e-07,0.0
249,30.852299,344.956608,280.941702,1560.0,4.5436046821e-07,0.06729785729661919,0.01606996335692293,0.160332,0.46572009707,0.30538809707000003,17.557261,15.140491593,2.4167694070000003,0.30538809707,0.63519307389,0.34346524879,0.021341677328,0.72976946542,0.10133933589,0.14881493137,0.020076267321,1.8273406836e-07,1.0669982296e-07,0.0,0.0,1.0,1.0,0.0,4.5436046821e-07,0.46572009707,15.140491593,1.8273406836e-07,1.0669982296e-07,0.0
250,30.830393,354.995797,290.980891,1506.748,5.0182604911e-07,0.06500058454228613,0.01774874088962306,0.176552,0.43109731664,0.25454531664,11.173267,8.0564621399,3.1168048600999985,0.25454531664,0.5880103624,0.31409829399,0.097891343614,0.72527795165,0.10722033113,0.14627460163,0.021227115592,2.0783744964e-07,6.0039988575e-08,0.0,0.0,1.0,1.0,0.0,5.0182604911e-07,0.43109731664,8.0564621399,2.0783744964e-07,6.0039988575e-08,0.0
251,35.569952,5.007858,300.992952,1640.901,8.7219770523e-07,0.0707878982922306,0.030848161633111645,0.17664,0.28756326649,0.11092326649000003,6.985661,-6.9921294948,13.9777904948,0.11092326649,0.39648016155,0.49684748,0.10667235846,0.61499583115,0.21959274225,0.12179424043,0.043617186162,2.4337849294e-07,-6.061005791e-08,0.0,0.0,1.0,1.0,0.0,8.7219770523e-07,0.28756326649,-6.9921294948,2.4337849294e-07,-6.061005791e-08,0.0
252,35.589486,14.920963,310.906057,1504.378,1.0045086359e-06,0.0648983435667778,0.03552777607220178,0.213681,0.27061131877,0.05693031876999999,-1.752456,-9.611139083,7.858683082999999,0.056930318768,0.3348391474,0.38416898753,0.28099186506,0.61328760499,0.2208520671,0.12204005518,0.043820272736,2.5667637803e-07,-8.9496092751e-08,0.0,0.0,1.0,1.0,0.0,1.0045086359e-06,0.27061131877,-9.611139083,2.5667637803e-07,-8.9496092751e-08,0.0
253,35.591775,24.898412,320.883506,1354.548,6.3621656283e-07,0.058434729490654445,0.02250190667340398,0.267985,0.41008959249,0.14210459249000001,-11.639244,-30.154835623,18.515591623,0.14210459249,0.50064157388,0.48879835355,0.010560072565,0.63670487402,0.1955646081,0.12894439357,0.0387861243,1.2922977975e-07,-2.2665280893e-07,0.0,0.0,1.0,1.0,0.0,6.3621656283e-07,0.41008959249,-30.154835623,1.2922977975e-07,-2.2665280893e-07,0.0
254,35.605589,35.045332,331.030426,1239.627,6.924241871e-07,0.05347707753015138,0.02448987553424492,0.326617,0.4329322631,0.1063152631,-22.585339,-46.079990344,23.494651344,0.1063152631,0.42546705604,0.35364916774,0.22088377622,0.68181438553,0.14719709065,0.14180670002,0.029181823811,-1.1298389505e-08,-2.995597774e-07,0.0,0.0,1.0,1.0,0.0,6.924241871e-07,0.4329322631,-46.079990344,-1.1298389505e-08,-2.995597774e-07,0.0
255,35.592381,44.984358,340.969452,1117.158,5.1035889033e-07,0.04819380747549776,0.01805053309059523,0.392886,0.50670928692,0.11382328691999993,-35.712131,-48.501521303,12.789390302999998,0.11382328692,0.52439973401,0.42060048765,0.054999778336,0.72110714955,0.10541815867,0.152551831,0.020922860772,-3.1529479987e-08,-2.5667432349e-07,0.0,0.0,1.0,1.0,0.0,5.1035889033e-07,0.50670928692,-48.501521303,-3.1529479987e-08,-2.5667432349e-07,0.0
256,35.56417,54.988883,350.973977,1019.421,6.4854258018e-07,0.043977467296908226,0.022937857115861368,0.442022,0.49772712501,0.05570512500999997,-48.549252,-68.433532511,19.884280510999993,0.055705125012,0.37105199431,0.58128702702,0.047660978668,0.74400760387,0.12835497669,0.11106655884,0.016570860599,-2.3556754175e-07,-2.2069433041e-07,0.0,0.0,1.0,1.0,0.0,6.4854258018e-07,0.49772712501,-68.433532511,-2.3556754175e-07,-2.2069433041e-07,0.0
257,35.615431,64.981972,0.967066,932.7792,3.6439233559e-07,0.04023977018644526,0.012887942262108057,0.502087,0.6770233571,0.1749363571,-59.88879,-66.371583387,6.482793387000001,0.1749363571,0.59227124276,0.33854737027,0.069181386974,0.73212778866,0.099077724282,0.14994472003,0.018849767024,-1.6743997795e-07,-1.8117889213e-07,0.0,0.0,1.0,1.0,0.0,3.6439233559e-07,0.6770233571,-66.371583387,-1.6743997795e-07,-1.8117889213e-07,0.0
258,35.570525,74.993865,10.978959,879.5789,7.616863545e-07,0.03794472775212646,0.02693956156552313,0.532598,0.79563461327,0.26303661326999994,-72.389549,-85.434313799,13.044764798999992,0.26303661327,0.25486622853,0.71037554001,0.034758231458,0.56163412735,0.35219093872,0.059466996863,0.026707937066,-5.9834392135e-07,-9.6175227635e-08,0.0,0.0,1.0,1.0,0.0,7.616863545e-07,0.79563461327,-85.434313799,-5.9834392135e-07,-9.6175227635e-08,0.0
259,35.5734,84.973341,20.958435,839.0649,4.8655565491e-07,0.03619696788641157,0.017208652804481046,0.573881,0.68090803511,0.10702703511,-85.781694,-87.458482687,1.6767886869999984,0.10702703511,0.36339313448,0.28193742075,0.35466944477,0.75178652782,0.12435999044,0.11123181191,0.012621669821,-3.2999676721e-07,-2.9352938582e-08,0.0,0.0,1.0,1.0,0.0,4.8655565491e-07,0.68090803511,-87.458482687,-3.2999676721e-07,-2.9352938582e-08,0.0
260,35.57837,94.975369,30.960463,818.596,3.1226078406e-07,0.035313946661271335,0.011044137218665236,0.549327,0.6999795967,0.15065259669999997,82.664019,83.156517944,0.4924989440000047,0.1506525967,0.52344037825,0.24359440349,0.23296521826,0.78502446535,0.078284089523,0.12719803383,0.0094934112974,-2.1236926561e-07,5.171885996e-08,0.0,0.0,1.0,1.0,0.0,3.1226078406e-07,0.6999795967,83.156517944,-2.1236926561e-07,5.171885996e-08,0.0
261,35.645007,104.948711,40.933805,807.7895,2.3040456271e-07,0.03484775801070985,0.00814902074250495,0.551548,0.73356690446,0.1820189044599999,70.339465,78.877449588,8.537984588,0.18201890446,0.66775056701,0.24167188876,0.090577544223,0.80099565928,0.06309312921,0.12811115788,0.0078000536342,-1.5643770086e-07,6.3984738394e-08,0.0,0.0,1.0,1.0,0.0,2.3040456271e-07,0.73356690446,78.877449588,-1.5643770086e-07,6.3984738394e-08,0.0
262,35.551347,114.863444,50.848538,799.5817,2.3660272925e-07,0.034493676374094985,0.008368239438115304,0.53087,0.695682501,0.164812501,59.315536,72.271478764,12.955942763999992,0.164812501,0.6219876788,0.19450022114,0.18351210005,0.81205648234,0.057795160946,0.12344714313,0.0067012135888,-1.3407534881e-07,9.5483430078e-08,0.0,0.0,1.0,1.0,0.0,2.3660272925e-07,0.695682501,72.271478764,-1.3407534881e-07,9.5483430078e-08,0.0
263,35.609777,124.961339,60.946433,800.5229,4.5179444899e-07,0.03453427941466395,0.01597920758540739,0.48223,0.53725252665,0.055022526650000014,48.389318,-80.321905912,51.28877608799999,0.055022526651,0.31532958154,0.12321238378,0.56145803468,0.8169125538,0.081529906742,0.095286271923,0.0062712675317,-2.2900785867e-07,-8.0449620896e-08,0.0,0.0,1.0,1.0,0.0,4.5179444899e-07,0.53725252665,-80.321905912,-2.2900785867e-07,-8.0449620896e-08,0.0
264,35.580601,134.977907,70.963001,817.2185,1.1041495904e-06,0.035254521790485376,0.03905190856104268,0.459557,0.58548626957,0.12592926957000006,37.054589,47.324178346,10.269589345999997,0.12592926957,0.12592815502,0.091536193821,0.78253565116,0.83102624164,0.092614020953,0.070259113835,0.0061006235742,-5.2389580801e-08,6.443380978e-07,0.0,0.0,1.0,1.0,0.0,1.1041495904e-06,0.58548626957,47.324178346,-5.2389580801e-08,6.443380978e-07,0.0
265,35.561546,145.028104,81.013198,810.9804,4.1475961101e-07,0.03498541232663792,0.014669347835476182,0.43775,0.31113395219,0.12661604780999997,28.360273,59.267894394,30.907621394000003,-0.12661604781,0.32982304707,0.29213405965,0.37804289328,0.83934617455,0.082663811097,0.071952995678,0.0060370186775,-6.164615856e-08,1.1336917065e-07,0.0,0.0,1.0,1.0,0.0,4.1475961101e-07,0.31113395219,59.267894394,-6.164615856e-08,1.1336917065e-07,0.0
266,35.627306,155.009928,90.995022,829.5099,2.4066201533e-07,0.03578476851046978,0.00851180953966454,0.414946,0.35709469381,0.05785130619000001,18.255328,45.054758853,26.799430853000004,-0.057851306189,0.56340461913,0.40365019063,0.032945190233,0.83082420957,0.094399991293,0.069665471116,0.0051103280254,-1.6426778001e-10,8.5938971683e-08,0.0,0.0,1.0,1.0,0.0,2.4066201533e-07,0.35709469381,45.054758853,-1.6426778001e-10,8.5938971683e-08,0.0
267,35.603078,164.96141,100.946504,822.0267,5.1800597908e-07,0.035461945865776154,0.018320997720768208,0.414845,0.27600901058,0.13883598942000003,10.349945,-39.41870813,49.76865313,-0.13883598942,0.25996758857,0.16207063865,0.57796177278,0.7846477494,0.14531364522,0.064849253125,0.0051893522519,2.7678928597e-08,-1.4026949936e-07,0.0,0.0,1.0,1.0,0.0,5.1800597908e-07,0.27600901058,-39.41870813,2.7678928597e-08,-1.4026949936e-07,0.0
268,35.594916,174.947041,110.932135,822.7895,2.2630705627e-07,0.03549485279240811,0.008004098851291646,0.425726,0.26778698533,0.15793901467,1.051889,7.6341096697,6.5822206697,-0.15793901467,0.5920872305,0.3455206177,0.062392151804,0.74260522704,0.18810637062,0.063596248705,0.0056921536351,5.8463051033e-08,1.5958831171e-08,0.0,0.0,1.0,1.0,0.0,2.2630705627e-07,0.26778698533,7.6341096697,5.8463051033e-08,1.5958831171e-08,0.0
269,35.583298,185.021116,121.00621,811.9216,2.4065198277e-07,0.03502601536720688,0.008511454704940004,0.478122,0.29908204006,0.17903995994,-9.154694,-10.422635185,1.2679411850000015,-0.17903995994,0.55675767761,0.27870277054,0.16453955184,0.78241816335,0.13993386561,0.072594979384,0.0050529916535,6.7263569105e-08,-2.5611866178e-08,0.0,0.0,1.0,1.0,0.0,2.4065198277e-07,0.29908204006,-10.422635185,6.7263569105e-08,-2.5611866178e-08,0.0
270,35.591727,194.993286,130.97838,810.4,2.0374105303e-07,0.034960374072551405,0.007205977380452333,0.500006,0.32390948718,0.17609651281999994,-20.207277,-18.217364016,1.989912984,-0.17609651282,0.66099201647,0.26811432505,0.070893658482,0.79198891682,0.12517858596,0.07795981128,0.0048726859372,5.3094141105e-08,-3.9194072782e-08,0.0,0.0,1.0,1.0,0.0,2.0374105303e-07,0.32390948718,-18.217364016,5.3094141105e-08,-3.9194072782e-08,0.0
271,35.570193,204.8891,140.874194,801.4641,2.0094104933e-07,0.03457488245523291,0.007106945972558255,0.522074,0.40754079745,0.11453320255000005,-29.345299,-31.827311874,2.4820128739999987,-0.11453320255,0.67466793974,0.21886897768,0.10646308259,0.83164752689,0.070198772693,0.092932304516,0.0052213959014,3.6341972724e-08,-7.338601728e-08,0.0,0.0,1.0,1.0,0.0,2.0094104933e-07,0.40754079745,-31.827311874,3.6341972724e-08,-7.338601728e-08,0.0
272,35.57465,215.013301,150.998395,810.0,1.9219536853e-07,0.03494311821170612,0.006797625994653868,0.537014,0.50569451336,0.03131948663999995,-40.652838,-41.461681531,0.8088435310000008,-0.031319486639,0.71182441804,0.23372196081,0.054453621145,0.82619820918,0.06840091172,0.099232191498,0.0061686876023,1.1973764046e-08,-9.6451758434e-08,0.0,0.0,1.0,1.0,0.0,1.9219536853e-07,0.50569451336,-41.461681531,1.1973764046e-08,-9.6451758434e-08,0.0
273,35.542703,225.049582,161.034676,814.8267,2.0988611335e-07,0.03515134037056098,0.0074233177986395065,0.56857,0.54577527035,0.022794729650000067,-53.399034,-50.116820612,3.2822133880000024,-0.022794729654,0.66228967055,0.24286647639,0.094843853059,0.80786849142,0.08361114716,0.10106917516,0.0074511862633,-2.0351364103e-08,-1.12728317e-07,0.0,0.0,1.0,1.0,0.0,2.0988611335e-07,0.54577527035,-50.116820612,-2.0351364103e-08,-1.12728317e-07,0.0
274,35.573458,235.045094,171.030188,844.2703,3.8783246448e-07,0.03642152703152172,0.013716980082734987,0.566253,0.73030261226,0.16404961226000003,-64.268148,-67.640261751,3.3721137510000005,0.16404961226,0.36735527328,0.1576451367,0.47499959002,0.78537139743,0.10451495791,0.10095185854,0.0091617861296,-2.0125559866e-07,-1.9929446634e-07,0.0,0.0,1.0,1.0,0.0,3.8783246448e-07,0.73030261226,-67.640261751,-2.0125559866e-07,-1.9929446634e-07,0.0
275,35.577939,245.018376,181.00347,889.7718,2.4190491717e-07,0.038384445912151274,0.008555768881250174,0.531061,0.71125759311,0.18019659311000003,-77.523046,-68.709284731,8.813761268999997,0.18019659311,0.60809626077,0.3273649318,0.064538807435,0.75521864212,0.13531036431,0.097882511979,0.011588481589,-1.2668818059e-07,-1.1641999854e-07,0.0,0.0,1.0,1.0,0.0,2.4190491717e-07,0.71125759311,-68.709284731,-1.2668818059e-07,-1.1641999854e-07,0.0
276,35.554021,254.999627,190.984721,940.3784,3.0536388002e-07,0.04056759703078403,0.0108002053562925,0.473226,0.75159853282,0.27837253282,89.899828,-76.374010557,13.726161442999995,0.27837253282,0.50368190452,0.3687454444,0.12757265107,0.71724249203,0.17652048829,0.091544446214,0.014692573467,-2.0403562282e-07,-1.0509416743e-07,0.0,0.0,1.0,1.0,0.0,3.0536388002e-07,0.75159853282,-76.374010557,-2.0403562282e-07,-1.0509416743e-07,0.0
277,35.58586,265.027386,201.01248,1024.895,3.7322535822e-07,0.04421361375257598,0.013200351373213568,0.422732,0.77875472261,0.35602272261,79.629747,-82.447050518,17.923202482000022,0.35602272261,0.43809728882,0.4751960376,0.086706673577,0.68045769193,0.21852349096,0.083271220791,0.017747596321,-2.8060779867e-07,-7.5744789378e-08,0.0,0.0,1.0,1.0,0.0,3.7322535822e-07,0.77875472261,-82.447050518,-2.8060779867e-07,-7.5744789378e-08,0.0
278,35.61705,275.07586,211.060954,1120.644,4.8724122735e-07,0.04834419230276443,0.017232900345277715,0.340453,0.77442260875,0.43396960875,66.477671,-87.131967384,26.390361616000007,0.43396960875,0.36317221572,0.63111367652,0.0057141077614,0.6569837446,0.2481680492,0.075047095423,0.019801110778,-3.7544127336e-07,-3.771271459e-08,0.0,0.0,1.0,1.0,0.0,4.8724122735e-07,0.77442260875,-87.131967384,-3.7544127336e-07,-3.771271459e-08,0.0
279,35.534928,284.955375,220.940469,1244.811,7.9574302496e-07,0.0537007134867063,0.028144088553769053,0.292865,0.65958228006,0.36671728006,56.72981,88.464342639,31.734532638999994,0.36671728006,0.24372378233,0.64033581252,0.11594040515,0.65538334261,0.25404131759,0.070346426319,0.020228913479,-5.2410410315e-07,2.8121307034e-08,0.0,0.0,1.0,1.0,0.0,7.9574302496e-07,0.65958228006,88.464342639,-5.2410410315e-07,2.8121307034e-08,0.0
280,35.572876,294.914943,230.900037,1367.587,7.0513749998e-07,0.058997227414558685,0.024939523966318176,0.237634,0.67413207722,0.43649807722,45.859408,78.081799094,32.222391094,0.43649807722,0.30536390319,0.50490667585,0.18972942096,0.69011920377,0.20503153357,0.087390164109,0.017459098554,-4.3480942993e-07,1.9210388712e-07,0.0,0.0,1.0,1.0,0.0,7.0513749998e-07,0.67413207722,78.081799094,-4.3480942993e-07,1.9210388712e-07,0.0
281,35.601892,305.039149,241.024243,1516.299,4.786440219e-07,0.06541261135961948,0.01692883169005839,0.185568,0.56622996545,0.38066196545000003,36.232106,59.819008098,23.586902097999996,0.38066196545,0.50348928276,0.47552492014,0.020985797096,0.73157457478,0.11958815021,0.13208183157,0.016755443439,-1.3402573096e-07,2.3556389078e-07,0.0,0.0,1.0,1.0,0.0,4.786440219e-07,0.56622996545,59.819008098,-1.3402573096e-07,2.3556389078e-07,0.0
282,35.517483,314.998523,250.983617,1667.007,5.3803778784e-07,0.07191410205029826,0.01902948900746462,0.150269,0.47895600961,0.32868700960999997,28.434948,46.966065273,18.531117273,0.32868700961,0.49636168392,0.45696142178,0.046676894303,0.72150003728,0.10753426768,0.14981150162,0.021154193414,-1.7671472294e-08,2.5708980935e-07,0.0,0.0,1.0,1.0,0.0,5.3803778784e-07,0.47895600961,46.966065273,-1.7671472294e-08,2.5708980935e-07,0.0
283,35.583107,325.013702,260.998796,1779.04,6.1391293272e-07,0.07674716669549833,0.02171306489760845,0.107758,0.41232835954,0.30457035954,24.501882,35.207247837,10.705365836999999,0.30457035954,0.47978198058,0.51098532687,0.0092326925474,0.70399884755,0.12564578965,0.14529367499,0.025061687809,8.4853767111e-08,2.3848797576e-07,0.0,0.0,1.0,1.0,0.0,6.1391293272e-07,0.41232835954,35.207247837,8.4853767111e-08,2.3848797576e-07,0.0
284,35.596746,335.019472,271.004566,1846.98,7.7833670897e-07,0.07967807466007033,0.027528456517733207,0.108459,0.33581893948,0.22735993948000002,22.933417,24.182307544,1.2488905440000018,0.22735993948,0.40904319595,0.48900337984,0.10195342421,0.68363438366,0.14768704645,0.13922204599,0.029456523904,1.7365785115e-07,1.9535240964e-07,0.0,0.0,1.0,1.0,0.0,7.7833670897e-07,0.33581893948,24.182307544,1.7365785115e-07,1.9535240964e-07,0.0
285,35.563271,345.01395,280.999044,1822.94,9.6196740918e-07,0.07864099742326859,0.03402316464057304,0.118098,0.30867538372,0.19057738372,20.140354,14.1741009,5.966253099999999,0.19057738372,0.34922670594,0.44384884377,0.20692445029,0.65988637305,0.17286952341,0.13279807242,0.034446031115,2.6132660071e-07,1.4099359359e-07,0.0,0.0,1.0,1.0,0.0,9.6196740918e-07,0.30867538372,14.1741009,2.6132660071e-07,1.4099359359e-07,0.0
286,35.576727,355.000496,290.98559,1771.413,8.0675117828e-07,0.07641814056883083,0.028533428368424818,0.128902,0.34661466494,0.21771266494,14.291139,0.32569186451,13.965447135489999,0.21771266494,0.42875654889,0.55118456659,0.02005888452,0.63533860472,0.19848678637,0.12667157572,0.039503033194,2.7961371842e-07,3.1790068226e-09,0.0,0.0,1.0,1.0,0.0,8.0675117828e-07,0.34661466494,0.32569186451,2.7961371842e-07,3.1790068226e-09,0.0
287,40.307642,5.004451,300.989545,1884.744,1.7623235125e-06,0.08130720048247388,0.06233040999471222,0.131734,0.25884081583,0.12710681583000003,11.56184,-14.405505239,25.967345239,0.12710681583,0.23323664893,0.71388639749,0.052876953574,0.48879602693,0.34531572721,0.096801574014,0.069086671845,3.9969491762e-07,-2.19834174e-07,0.0,0.0,1.0,1.0,0.0,1.7623235125e-06,0.25884081583,-14.405505239,3.9969491762e-07,-2.19834174e-07,0.0
288,40.324163,14.954901,310.939995,1695.377,1.9430018359e-06,0.07313797398075023,0.06872069752977636,0.190827,0.29312288803,0.10229588802999998,2.4309,-24.043237236,26.474137236,0.10229588803,0.20462207011,0.66444209879,0.13093583111,0.44665940979,0.38799307037,0.087882211037,0.077465308812,3.8045628537e-07,-4.2382413924e-07,0.0,0.0,1.0,1.0,0.0,1.9430018359e-06,0.29312288803,-24.043237236,3.8045628537e-07,-4.2382413924e-07,0.0
289,40.345349,24.907833,320.892927,1514.069,1.6172351859e-06,0.065316409935407,0.05719888061416399,0.248721,0.39538986143,0.14666886143,-7.60868,-26.953410759,19.344730759,0.14666886143,0.23029740149,0.61825899746,0.15144360105,0.46578481359,0.36870728453,0.092047795482,0.073460106394,3.766932586e-07,-5.1670460738e-07,0.0,0.0,1.0,1.0,0.0,1.6172351859e-06,0.39538986143,-26.953410759,3.766932586e-07,-5.1670460738e-07,0.0
290,40.315097,34.986012,330.971106,1346.279,9.51075386e-07,0.05807800770733025,0.033637932153083715,0.303493,0.3885245911,0.08503159109999997,-19.616674,-41.755491382,22.138817382000003,0.085031591101,0.35637207263,0.62417217886,0.019455748505,0.54541193921,0.28804523058,0.10929631723,0.057246512976,4.176004229e-08,-3.6714888368e-07,0.0,0.0,1.0,1.0,0.0,9.51075386e-07,0.3885245911,-41.755491382,4.176004229e-08,-3.6714888368e-07,0.0
291,40.327375,44.984633,340.969727,1193.163,6.9430572242e-07,0.05147263673436285,0.024556422264787468,0.38407,0.44371060169,0.05964060168999996,-33.190286,-51.821901853,18.631615853,0.059640601688,0.43522607858,0.45384418693,0.1109297345,0.63869082673,0.1924805549,0.1307414925,0.038087125873,-7.2669322067e-08,-2.9937734302e-07,0.0,0.0,1.0,1.0,0.0,6.9430572242e-07,0.44371060169,-51.821901853,-7.2669322067e-08,-2.9937734302e-07,0.0
292,40.305912,55.009012,350.994106,1083.098,5.1985998309e-07,0.04672447092452157,0.018386570715315166,0.451885,0.53636963245,0.08448463245000004,-45.702214,-58.37740507,12.675191070000004,0.084484632446,0.5115082436,0.3966484238,0.091843332602,0.72577686041,0.10533871602,0.14900406413,0.019880359438,-1.2552505107e-07,-2.4898512883e-07,0.0,0.0,1.0,1.0,0.0,5.1985998309e-07,0.53636963245,-58.37740507,-1.2552505107e-07,-2.4898512883e-07,0.0
293,40.352999,64.995002,0.980096,988.5581,4.3763393855e-07,0.042646052527703204,0.01547837421673292,0.504512,0.6490539992,0.1445419992,-59.380833,-65.15334667,5.772513670000002,0.1445419992,0.53292593378,0.3659374028,0.10113666342,0.71604922357,0.11566255797,0.14581207695,0.022476141517,-1.8374468697e-07,-2.1661299423e-07,0.0,0.0,1.0,1.0,0.0,4.3763393855e-07,0.6490539992,-65.15334667,-1.8374468697e-07,-2.1661299423e-07,0.0
294,40.310762,75.040653,11.025747,940.4598,4.5946426308e-07,0.04057110859846604,0.016250475972523642,0.525438,0.62547262972,0.10003462971999999,-72.178834,-80.192589478,8.013755478000007,0.10003462972,0.44616853953,0.51722784768,0.036603612793,0.74897267651,0.11269756142,0.12374754834,0.014582213725,-2.7070571103e-07,-9.6472878961e-08,0.0,0.0,1.0,1.0,0.0,4.5946426308e-07,0.62547262972,-80.192589478,-2.7070571103e-07,-9.6472878961e-08,0.0
295,40.318658,85.032755,21.017849,889.4798,4.5301105379e-07,0.03837184913373422,0.016022236845045404,0.564295,0.70488995934,0.14059495934,-85.30202,-81.59029685,3.7117231499999974,0.14059495934,0.40404629981,0.21637726961,0.37957643057,0.7767750394,0.073423309326,0.13772414088,0.012077510393,-3.0566280159e-07,-9.2398018567e-08,0.0,0.0,1.0,1.0,0.0,4.5301105379e-07,0.70488995934,-81.59029685,-3.0566280159e-07,-9.2398018567e-08,0.0
296,40.304815,95.021669,31.006763,870.3256,2.3845367367e-07,0.03754554360922723,0.008433704220124802,0.560324,0.74306209641,0.18273809640999994,81.1498,89.530492396,8.380692396,0.18273809641,0.6991122182,0.26997090188,0.03091687992,0.79434076401,0.059406078606,0.1368549687,0.0093981886782,-1.7716209145e-07,2.9037530402e-09,0.0,0.0,1.0,1.0,0.0,2.3845367367e-07,0.74306209641,89.530492396,-1.7716209145e-07,2.9037530402e-09,0.0
297,40.279297,105.006629,40.991723,850.1395,3.5084328994e-07,0.03667472227770461,0.012408735371652652,0.528528,0.65000648691,0.12147848690999996,68.944469,79.652372757,10.707903756999997,0.12147848691,0.44122998555,0.1457411438,0.41302887065,0.81026655912,0.054558625569,0.12787067787,0.0073041374378,-2.1333507462e-07,8.0592415417e-08,0.0,0.0,1.0,1.0,0.0,3.5084328994e-07,0.65000648691,79.652372757,-2.1333507462e-07,8.0592415417e-08,0.0
298,40.297013,115.173834,51.158928,850.381,1.3285198422e-06,0.03668514050368995,0.04698750590518288,0.497243,0.37930856764,0.11793443236000001,57.697625,-19.210166756,76.907791756,-0.11793443236,0.11011989306,0.050421842371,0.83945826457,0.81120236063,0.096879949518,0.085864886918,0.0060528029301,3.9480688343e-07,-3.1314827389e-07,0.0,0.0,1.0,1.0,0.0,1.3285198422e-06,0.37930856764,-19.210166756,3.9480688343e-07,-3.1314827389e-07,0.0
299,40.316634,124.976985,60.962079,870.6127,3.5091761249e-07,0.037557929003348936,0.012411364034880768,0.461354,0.52532159894,0.06396759893999998,47.119783,75.571572275,28.451789274999996,0.063967598938,0.40067048676,0.54275055469,0.056578958557,0.8064675091,0.13817765052,0.048978359737,0.0063764806456,-1.6145419985e-07,8.896894614e-08,0.0,0.0,1.0,1.0,0.0,3.5091761249e-07,0.52532159894,75.571572275,-1.6145419985e-07,8.896894614e-08,0.0
300,40.3,135.031231,71.016325,876.6437,4.8201470312e-07,0.03781810424524375,0.017048046999230564,0.414525,0.39543483025,0.019090169749999997,36.868496,71.94938554,35.080889539999994,-0.019090169753,0.28319974829,0.63514519297,0.081655058745,0.79748337044,0.15177885983,0.044392551399,0.0063452183335,-1.5400482807e-07,1.1230731196e-07,0.0,0.0,1.0,1.0,0.0,4.8201470312e-07,0.39543483025,71.94938554,-1.5400482807e-07,1.1230731196e-07,0.0
301,40.325406,145.045698,81.030792,889.2414,4.7575297234e-07,0.03836156464067043,0.01682658014366995,0.37445,0.24432563113,0.13012436887,27.385666,49.977665201,22.591999201,-0.13012436887,0.2809978335,0.71382242607,0.0051797404294,0.77312385837,0.18517014734,0.036143683223,0.0055623110652,-2.009537625e-08,1.1448842081e-07,0.0,0.0,1.0,1.0,0.0,4.7575297234e-07,0.24432563113,49.977665201,-2.009537625e-08,1.1448842081e-07,0.0
302,40.314479,155.051114,91.036208,888.0,6.0521727052e-07,0.03830801107653708,0.021405513993215962,0.372473,0.22980804809,0.14266495191,19.052325,31.647623196,12.595298196000002,-0.14266495191,0.21759795209,0.58648735421,0.1959146937,0.70443350927,0.26108315213,0.028027672534,0.0064556660583,6.2503302175e-08,1.2424830192e-07,0.0,0.0,1.0,1.0,0.0,6.0521727052e-07,0.22980804809,31.647623196,6.2503302175e-08,1.2424830192e-07,0.0
303,40.333645,165.04592,101.031014,887.3988,6.5375005285e-07,0.038282075517686615,0.023122036640367005,0.364348,0.26765822751,0.09668977248999999,10.338085,10.941299712,0.6032147119999998,-0.096689772492,0.19938812098,0.64510812971,0.15550374931,0.60821391829,0.36135046994,0.022002938089,0.0084326736771,1.6237406766e-07,6.5216682093e-08,0.0,0.0,1.0,1.0,0.0,6.5375005285e-07,0.26765822751,10.941299712,1.6237406766e-07,6.5216682093e-08,0.0
304,40.309279,175.037259,111.022353,884.8941,7.7075113871e-07,0.03817402363103863,0.02726016769278371,0.397545,0.27665415363,0.12089084636999997,1.725777,0.46676273826,1.25901426174,-0.12089084637,0.16832378309,0.72722784527,0.10444837163,0.48827033915,0.48437969861,0.016566241886,0.010783720353,2.1320320183e-07,3.4740470594e-09,0.0,0.0,1.0,1.0,0.0,7.7075113871e-07,0.27665415363,0.46676273826,2.1320320183e-07,3.4740470594e-09,0.0
305,40.30255,184.956326,120.94142,871.5294,1.0022943902e-06,0.03759747512244112,0.03544946193672603,0.423549,0.33196044178,0.09158855822,-7.463239,-12.873355522,5.410116522000001,-0.091588558215,0.12944993783,0.80675106048,0.063799001691,0.35526010337,0.61942462281,0.01176421988,0.013551053937,2.9969049647e-07,-1.4453233049e-07,0.0,0.0,1.0,1.0,0.0,1.0022943902e-06,0.33196044178,-12.873355522,2.9969049647e-07,-1.4453233049e-07,0.0
306,40.338176,195.060137,131.045231,857.0971,7.5554342115e-07,0.03697487072124753,0.026722296374677133,0.458141,0.34627791926,0.11186308074000001,-17.411328,-19.966331668,2.5550036679999977,-0.11186308074,0.1725349681,0.81625881792,0.011206213985,0.31606962844,0.65740953967,0.011734276827,0.014786555064,2.0061618267e-07,-1.6793558174e-07,0.0,0.0,1.0,1.0,0.0,7.5554342115e-07,0.34627791926,-19.966331668,2.0061618267e-07,-1.6793558174e-07,0.0
307,40.344587,205.054938,141.040032,853.0651,3.7197350504e-07,0.03680093164392704,0.013156075437831028,0.491914,0.3989570845,0.09295691550000001,-29.419278,-30.330806213,0.9115282130000004,-0.092956915503,0.35407507627,0.57241707749,0.073507846236,0.41188412016,0.55383781875,0.022721012574,0.011557048522,7.2711764128e-08,-1.293676706e-07,0.0,0.0,1.0,1.0,0.0,3.7197350504e-07,0.3989570845,-30.330806213,7.2711764128e-08,-1.293676706e-07,0.0
308,40.307999,214.990546,150.97564,846.2222,1.6250348667e-06,0.036505731318481505,0.05747474216775708,0.530219,0.77287207231,0.24265307231,-40.197326,-3.625470287,36.571855713,0.24265307231,0.08229270092,0.043644232833,0.87406306625,0.66498364394,0.26533245344,0.062564092948,0.0071198096751,1.2459001269e-06,-1.5851929915e-07,0.0,0.0,1.0,1.0,0.0,1.6250348667e-06,0.77287207231,-3.625470287,1.2459001269e-06,-1.5851929915e-07,0.0
309,40.283646,225.00526,160.990354,860.1882,1.9023784963e-07,0.0371082196998947,0.006728391853053888,0.558688,0.53630037824,0.022387621759999976,-52.455069,-54.236820606,1.7817516060000003,-0.022387621757,0.71775929925,0.26474789515,0.017492805594,0.81355979235,0.080153283644,0.1002267087,0.0060602153044,-3.232837627e-08,-9.6767253549e-08,0.0,0.0,1.0,1.0,0.0,1.9023784963e-07,0.53630037824,-54.236820606,-3.232837627e-08,-9.6767253549e-08,0.0
310,40.293331,235.000951,170.986045,888.8421,2.2371293072e-07,0.03834433897758162,0.007912349006293048,0.551486,0.62423129605,0.07274529605000002,-64.313458,-63.761777297,0.5516807029999953,0.072745296046,0.62854359768,0.26990904501,0.10154735731,0.80441154718,0.083542444777,0.10441657737,0.0076294306712,-8.5058228467e-08,-1.1075573482e-07,0.0,0.0,1.0,1.0,0.0,2.2371293072e-07,0.62423129605,-63.761777297,-8.5058228467e-08,-1.1075573482e-07,0.0
311,40.272535,245.045451,181.030545,928.8095,3.2267348527e-07,0.040068518709451426,0.011412416896583757,0.529605,0.76153843324,0.23193343324000004,-77.715584,-74.986932955,2.7286510450000065,0.23193343324,0.45399635451,0.24819893877,0.29780470672,0.77861848011,0.10824430326,0.10343787643,0.0096993402079,-2.127508523e-07,-1.2296118418e-07,0.0,0.0,1.0,1.0,0.0,3.2267348527e-07,0.76153843324,-74.986932955,-2.127508523e-07,-1.2296118418e-07,0.0
312,40.269565,255.019086,191.00418,997.7412,2.7268338556e-07,0.043042208267024096,0.00964435139186795,0.483865,0.73848417366,0.25461917366,89.855305,-78.704878387,11.439816613000005,0.25461917366,0.56793207171,0.40920157963,0.022866348661,0.74320291711,0.14268919767,0.10146453304,0.012643352176,-1.8592219977e-07,-7.7354798683e-08,0.0,0.0,1.0,1.0,0.0,2.7268338556e-07,0.73848417366,-78.704878387,-1.8592219977e-07,-7.7354798683e-08,0.0
313,40.316147,265.004453,200.989547,1084.81,3.4983150118e-07,0.0467983260089394,0.01237295010987096,0.418477,0.76359715615,0.34512015615,77.339887,-84.221582159,18.438530840999988,0.34512015615,0.47663845331,0.49988280502,0.023478741669,0.70170575117,0.18722063536,0.094908561012,0.016165052463,-2.6171466063e-07,-5.3516863314e-08,0.0,0.0,1.0,1.0,0.0,3.4983150118e-07,0.76359715615,-84.221582159,-2.6171466063e-07,-5.3516863314e-08,0.0
314,40.341593,274.956903,210.941997,1226.156,4.9621648935e-07,0.05289594327653423,0.017550340222974387,0.348327,0.74792827333,0.39960127333,64.793578,-88.459201189,26.747220811000005,0.39960127333,0.36897564911,0.6139189298,0.017105421091,0.67297073586,0.22265626475,0.085632628777,0.018740370615,-3.7059767735e-07,-1.9951476375e-08,0.0,0.0,1.0,1.0,0.0,4.9621648935e-07,0.74792827333,-88.459201189,-3.7059767735e-07,-1.9951476375e-08,0.0
315,40.327932,284.887782,220.872876,1361.095,7.452572528e-07,0.05871716479303968,0.026358491950584408,0.279839,0.72912098421,0.44928198421000004,53.138902,87.609920117,34.471018117,0.44928198421,0.27492229266,0.71357825738,0.011499449964,0.66809299153,0.23360464858,0.07877449068,0.01952786921,-5.4149269449e-07,4.5281588613e-08,0.0,0.0,1.0,1.0,0.0,7.452572528e-07,0.72912098421,87.609920117,-5.4149269449e-07,4.5281588613e-08,0.0
316,40.328189,294.851905,230.836999,1528.185,6.9435344009e-07,0.06592536926463717,0.024558109958286417,0.2051,0.64676034289,0.44166034288999995,43.279954,77.895892704,34.61593870400001,0.44166034289,0.33499968525,0.65164431835,0.013355996404,0.6909971989,0.19846141634,0.092157054877,0.018384329883,-4.0958874986e-07,1.8414707162e-07,0.0,0.0,1.0,1.0,0.0,6.9435344009e-07,0.64676034289,77.895892704,-4.0958874986e-07,1.8414707162e-07,0.0
317,40.315837,304.980495,240.965589,1727.435,6.145272459e-07,0.07452094494819575,0.021734792118577227,0.163622,0.50862629725,0.34500429725,30.421617,62.115177202,31.693560201999997,0.34500429725,0.4327123312,0.49513942392,0.072148244879,0.72396558361,0.12733942136,0.12996130122,0.018733693813,-1.7582436545e-07,2.5842309345e-07,0.0,0.0,1.0,1.0,0.0,6.145272459e-07,0.50862629725,62.115177202,-1.7582436545e-07,2.5842309345e-07,0.0
318,40.244158,315.018263,251.003357,1912.094,7.344588029e-07,0.08248706996777037,0.025976568992171652,0.111555,0.4424707527,0.3309157527,22.415289,48.685164186,26.269875186,0.3309157527,0.41045736638,0.4557520167,0.13379061692,0.70650818582,0.12430801385,0.14479435664,0.024389443689,-4.1688648535e-08,3.2229149494e-07,0.0,0.0,1.0,1.0,0.0,7.344588029e-07,0.4424707527,48.685164186,-4.1688648535e-08,3.2229149494e-07,0.0
319,40.329683,325.051647,261.036741,2097.076,7.9182109625e-07,0.09046712909497756,0.028005376550705806,0.090073,0.33771790299,0.24764490298999997,22.546147,34.839186016,12.293039015999998,0.24764490299,0.42847916249,0.55872984653,0.012790990979,0.68266210993,0.14936077482,0.13844613244,0.029530982816,9.2869478309e-08,2.5076786757e-07,0.0,0.0,1.0,1.0,0.0,7.9182109625e-07,0.33771790299,34.839186016,9.2869478309e-08,2.5076786757e-07,0.0
320,40.274537,335.045669,271.030763,2199.473,1.4855777303e-06,0.09488450005241468,0.052542378486034644,0.075275,0.28094762756,0.20567262756000004,22.011925,50.872507241,28.860582241,0.20567262756,0.25003169088,0.41105565873,0.33891265039,0.65079058826,0.18176560102,0.13127267089,0.036171139832,-8.4958307585e-08,4.0863115146e-07,0.0,0.0,1.0,1.0,0.0,1.4855777303e-06,0.28094762756,50.872507241,-8.4958307585e-08,4.0863115146e-07,0.0
321,40.336486,345.008454,280.993548,2166.83,1.269285427e-06,0.09347629238848293,0.04489248455466168,0.085765,0.28416943293,0.19840443293000004,21.543667,6.6949046234,14.8487623766,0.19840443293,0.31337439173,0.64772259574,0.038903012539,0.6054021705,0.22771944972,0.12138795143,0.045490428356,3.5088745569e-07,8.3527234326e-08,0.0,0.0,1.0,1.0,0.0,1.269285427e-06,0.28416943293,6.6949046234,3.5088745569e-07,8.3527234326e-08,0.0
322,40.292728,354.996198,290.981292,2070.024,1.5144756138e-06,0.08930011522601079,0.05356444788121582,0.114108,0.28772720229,0.17361920229,20.086626,-5.9376171118,26.024243111799997,0.17361920229,0.27124627921,0.70080614737,0.027947573415,0.54808831169,0.28537442083,0.10939651779,0.057140749682,4.2642979556e-07,-8.9670362739e-08,0.0,0.0,1.0,1.0,0.0,1.5144756138e-06,0.28772720229,-5.9376171118,4.2642979556e-07,-8.9670362739e-08,0.0
323,45.042862,5.002487,300.987581,2184.838,1.5718175079e-06,0.09425315124373776,0.05559253395268641,0.124647,0.27298700864,0.14834000863999997,17.894198,-12.734395062,30.628593062,0.14834000864,0.31524353014,0.65230501361,0.032451456254,0.4072142176,0.464561325,0.062907862304,0.0653165951,3.8738705803e-07,-1.8451519281e-07,0.0,0.0,1.0,1.0,0.0,1.5718175079e-06,0.27298700864,-12.734395062,3.8738705803e-07,-1.8451519281e-07,0.0
324,45.011898,14.884178,310.869272,1920.984,1.7884383358e-06,0.08287058147505687,0.06325404724501445,0.173377,0.29020148282,0.11682448282000002,7.672448,-21.317660676,28.990108676,0.11682448282,0.26608745558,0.68596466687,0.047947877546,0.34779310207,0.51475631293,0.056178928338,0.081271656664,3.8182323516e-07,-3.5153912655e-07,0.0,0.0,1.0,1.0,0.0,1.7884383358e-06,0.29020148282,-21.317660676,3.8182323516e-07,-3.5153912655e-07,0.0
325,45.041623,25.020234,321.005328,1673.466,1.7627594526e-06,0.07219274106329751,0.06234582846071656,0.23232,0.31384377145,0.08152377144999998,-6.774286,-30.041399815,23.267113815,0.081523771453,0.24969330158,0.73454279061,0.015763907807,0.37720194217,0.46870372478,0.067036849939,0.08705748311,2.7592287126e-07,-4.7951140883e-07,0.0,0.0,1.0,1.0,0.0,1.7627594526e-06,0.31384377145,-30.041399815,2.7592287126e-07,-4.7951140883e-07,0.0
326,45.030436,34.986347,330.971441,1461.822,1.6228915135e-06,0.06306249253144773,0.05739893538042666,0.296763,0.33214655046,0.035383550460000024,-17.059736,-38.353473073,21.293737073000003,0.035383550465,0.24323954361,0.74051069826,0.016249758136,0.4817275445,0.35588068491,0.092171055555,0.070220715034,1.2394191096e-07,-5.245952458e-07,0.0,0.0,1.0,1.0,0.0,1.6228915135e-06,0.33214655046,-38.353473073,1.2394191096e-07,-5.245952458e-07,0.0
327,45.080317,44.999131,340.984225,1305.856,1.3993987444e-06,0.056334173549957664,0.049494373119270005,0.366401,0.36164499344,0.00475600655999997,-30.55535,-46.893338599,16.337988599000003,-0.0047560065587,0.24665320004,0.73414435391,0.019202446053,0.57635024253,0.25888748544,0.11304299659,0.051719275438,-3.3422842701e-08,-5.0498068999e-07,0.0,0.0,1.0,1.0,0.0,1.3993987444e-06,0.36164499344,-46.893338599,-3.3422842701e-08,-5.0498068999e-07,0.0
328,45.045754,54.989272,350.974366,1158.542,8.4589298526e-07,0.049979098838551145,0.029917808057904387,0.458453,0.46446874053,0.00601574052999998,-44.761427,-57.115608308,12.354181308000001,0.006015740533,0.35045246315,0.64574365356,0.0038038832837,0.63564915689,0.20205375128,0.122186776,0.040110315832,-1.6125023332e-07,-3.5827584606e-07,0.0,0.0,1.0,1.0,0.0,8.4589298526e-07,0.46446874053,-57.115608308,-1.6125023332e-07,-3.5827584606e-07,0.0
329,45.051599,65.004559,0.989653,1047.005,4.2210536666e-07,0.04516743146079922,0.014929154822183155,0.508464,0.64237634384,0.13391234383999995,-58.237852,-68.794277633,10.556425632999996,0.13391234384,0.60031397644,0.2950696097,0.10461641386,0.72905122248,0.11798599309,0.13212408079,0.020838703639,-2.0019601097e-07,-1.8287742345e-07,0.0,0.0,1.0,1.0,0.0,4.2210536666e-07,0.64237634384,-68.794277633,-2.0019601097e-07,-1.8287742345e-07,0.0
330,45.049787,75.002438,10.987532,977.9067,3.6700690763e-07,0.04218655483718448,0.012980415264969335,0.538558,0.70604128155,0.16748328155000003,-71.411362,-74.691143836,3.279781835999998,0.16748328155,0.59455100865,0.37092910021,0.034519891142,0.74032456208,0.10345595306,0.13635690696,0.019862577893,-2.229964319e-07,-1.3197278676e-07,0.0,0.0,1.0,1.0,0.0,3.6700690763e-07,0.70604128155,-74.691143836,-2.229964319e-07,-1.3197278676e-07,0.0
331,45.063315,85.034347,21.019441,937.8969,1.8019765389e-06,0.04046054598406507,0.06373287065276528,0.556504,0.53111014907,0.025393850930000017,-86.236877,78.645454321,15.11766867899999,-0.025393850935,0.1057279566,0.051822633897,0.8424494095,0.79221534706,0.075220004728,0.12071073081,0.011853917398,-8.8285464511e-07,3.6947070771e-07,0.0,0.0,1.0,1.0,0.0,1.8019765389e-06,0.53111014907,78.645454321,-8.8285464511e-07,3.6947070771e-07,0.0
332,45.022307,95.036829,31.021923,913.8144,3.2304462475e-07,0.039421635312048516,0.011425543473962733,0.556634,0.74288865671,0.18625465671000008,80.840491,88.977665569,8.137174568999995,0.18625465671,0.52517064848,0.27437280426,0.20045654726,0.80851973053,0.086542992207,0.097233651124,0.0077036261378,-2.3983339173e-07,8.5623783379e-09,0.0,0.0,1.0,1.0,0.0,3.2304462475e-07,0.74288865671,88.977665569,-2.3983339173e-07,8.5623783379e-09,0.0
333,44.989613,105.073995,41.059089,902.9495,4.192846736e-07,0.03895292730580362,0.014829391666524163,0.524328,0.55220804047,0.027880040470000034,68.965804,83.869579235,14.903775234999998,0.027880040474,0.37013943434,0.39708588625,0.23277467941,0.74900545653,0.18518420825,0.056398617958,0.0094117172671,-2.2625133248e-07,4.9168811118e-08,0.0,0.0,1.0,1.0,0.0,4.192846736e-07,0.55220804047,83.869579235,-2.2625133248e-07,4.9168811118e-08,0.0
334,45.034422,114.974524,50.959618,908.0417,5.0094328192e-07,0.03917260304229455,0.017717518903141972,0.476924,0.58052724984,0.10360324984000002,56.565783,83.580151081,27.014368080999994,0.10360324984,0.28917750003,0.63187474908,0.078947750891,0.76816113477,0.17808650871,0.044691001173,0.0090613553521,-2.8353967098e-07,6.4625258381e-08,0.0,0.0,1.0,1.0,0.0,5.0094328192e-07,0.58052724984,83.580151081,-2.8353967098e-07,6.4625258381e-08,0.0
335,45.038273,124.982024,60.967118,921.8367,6.4126018845e-07,0.03976771454319638,0.02268029120412415,0.427913,0.44362358708,0.015710587080000005,43.691089,79.289269282,35.59818028200001,0.015710587085,0.21448202232,0.70062848599,0.08488949169,0.79703332093,0.14603589239,0.048209983989,0.008720802685,-2.6482613241e-07,1.0389867472e-07,0.0,0.0,1.0,1.0,0.0,6.4126018845e-07,0.44362358708,79.289269282,-2.6482613241e-07,1.0389867472e-07,0.0
336,45.060771,135.009812,70.994906,945.3679,7.1633631028e-07,0.04078284232500292,0.02533560699676121,0.380911,0.25393363342,0.12697736657999997,33.346072,53.822443024,20.476371024000002,-0.12697736658,0.18450521947,0.67020877499,0.14528600554,0.81304236632,0.13807649869,0.042573265672,0.0063078693207,-5.513746843e-08,1.7334403439e-07,0.0,0.0,1.0,1.0,0.0,7.1633631028e-07,0.25393363342,53.822443024,-5.513746843e-08,1.7334403439e-07,0.0
337,45.07007,144.987016,80.97211,954.7629,6.6411174477e-07,0.0411881393566066,0.0234885122057394,0.324156,0.15673886439,0.16741713561,25.964252,36.424074742,10.459822742000004,-0.16741713561,0.19329953049,0.77607885994,0.030621609573,0.78291772453,0.17634682993,0.034473547821,0.0062618977155,3.0697303645e-08,9.9462782692e-08,0.0,0.0,1.0,1.0,0.0,6.6411174477e-07,0.15673886439,36.424074742,3.0697303645e-08,9.9462782692e-08,0.0
338,45.013336,155.04056,91.025654,977.8333,7.4693594052e-07,0.042183388386719374,0.02641786430367312,0.321264,0.2206739467,0.10059005329999998,16.989564,9.7319938082,7.257570191800001,-0.1005900533,0.16814541288,0.82350674102,0.0083478460992,0.72506037391,0.23857955263,0.028566649757,0.0077934237034,1.5540949095e-07,5.4923482189e-08,0.0,0.0,1.0,1.0,0.0,7.4693594052e-07,0.2206739467,9.7319938082,1.5540949095e-07,5.4923482189e-08,0.0
339,45.047189,164.97858,100.963674,980.5654,1.3341789882e-06,0.042301250230257895,0.04718766035349955,0.303483,0.34887719227,0.04539419227000002,10.453269,18.65584084,8.20257184,0.04539419227,0.092712959641,0.58038350331,0.32690353705,0.64597325935,0.31987163394,0.023951634342,0.010203472365,3.7020724458e-07,2.821416452e-07,0.0,0.0,1.0,1.0,0.0,1.3341789882e-06,0.34887719227,18.65584084,3.7020724458e-07,2.821416452e-07,0.0
340,45.042454,174.994567,110.979661,971.8763,1.6707441258e-06,0.04192640547908094,0.05909140156091009,0.325567,0.35487772999,0.029310729990000006,2.98817,5.1185222659,2.1303522659,0.029310729994,0.073558816761,0.60379130455,0.32264987869,0.54512863425,0.42191773408,0.019606912132,0.013346719533,5.8347129595e-07,1.0537255743e-07,0.0,0.0,1.0,1.0,0.0,1.6707441258e-06,0.35487772999,5.1185222659,5.8347129595e-07,1.0537255743e-07,0.0
341,45.034671,185.008968,120.994062,943.4974,1.4235233357e-06,0.04070214960572515,0.05034761922080487,0.383692,0.33591164872,0.047780351279999966,-5.929611,-14.208782823,8.279171822999999,-0.047780351275,0.086351604963,0.91062870508,0.0030196899536,0.44351744126,0.52421296766,0.015753605643,0.016515985429,4.2055891164e-07,-2.2756201162e-07,0.0,0.0,1.0,1.0,0.0,1.4235233357e-06,0.33591164872,-14.208782823,4.2055891164e-07,-2.2756201162e-07,0.0
342,45.007156,194.825019,130.810113,922.0984,1.5811493123e-06,0.03977900419015441,0.05592258413366443,0.426154,0.31110344439,0.11505055561,-16.331383,-19.72628593,3.3949029300000007,-0.11505055561,0.078253808527,0.88766242783,0.034083763647,0.37009121964,0.59819650455,0.013031492831,0.018680782981,3.7982177306e-07,-3.1257321013e-07,0.0,0.0,1.0,1.0,0.0,1.5811493123e-06,0.31110344439,-19.72628593,3.7982177306e-07,-3.1257321013e-07,0.0
343,45.056891,204.982516,140.96761,909.9167,1.1060394527e-06,0.03925348989000683,0.03911874980282209,0.478321,0.34792600167,0.13039499833,-27.144193,-27.673019224,0.5288262239999995,-0.13039499833,0.11350394815,0.86923814364,0.017257908213,0.37684445794,0.59205468813,0.013476757455,0.017624096471,2.188157934e-07,-3.1655330046e-07,0.0,0.0,1.0,1.0,0.0,1.1060394527e-06,0.34792600167,-27.673019224,2.188157934e-07,-3.1655330046e-07,0.0
344,45.027035,215.002337,150.987431,895.873,2.0139005429e-06,0.03864764955762444,0.07122826520623325,0.5163,0.28295272179,0.23334727821,-39.499325,-84.540122838,45.040797838,-0.23334727821,0.063747640214,0.28553530704,0.65071705275,0.48511459169,0.48760929096,0.016383128652,0.01089298869,-5.5952083298e-07,-1.0794680695e-07,0.0,0.0,1.0,1.0,0.0,2.0139005429e-06,0.28295272179,-84.540122838,-5.5952083298e-07,-1.0794680695e-07,0.0
345,45.017984,225.005743,160.990837,915.0316,4.873077084e-07,0.03947414489660073,0.017235251667877673,0.555188,0.36759882934,0.18758917066000003,-51.972638,-70.469556607,18.496918606999998,-0.18758917066,0.27134469457,0.33567262956,0.39298267587,0.65421876672,0.29886217206,0.039619848256,0.0072992129596,-1.3909318844e-07,-1.1288039183e-07,0.0,0.0,1.0,1.0,0.0,4.873077084e-07,0.36759882934,-70.469556607,-1.3909318844e-07,-1.1288039183e-07,0.0
346,45.055241,235.005374,170.990468,927.3298,2.9752741386e-07,0.0400046849662195,0.010523042766564815,0.564004,0.49243085935,0.07157314064999992,-64.565626,-65.522390867,0.956764867000004,-0.071573140653,0.4620568476,0.28279703165,0.25514612075,0.8213158895,0.08638016227,0.086679260676,0.0056246875574,-9.6206704412e-08,-1.1049860826e-07,0.0,0.0,1.0,1.0,0.0,2.9752741386e-07,0.49243085935,-65.522390867,-9.6206704412e-08,-1.1049860826e-07,0.0
347,45.015971,244.976283,180.961377,979.25,2.8947721132e-07,0.04224450433186817,0.010238320681601614,0.537578,0.68547511929,0.14789711929000005,-78.070937,-76.091530145,1.9794068550000077,0.14789711929,0.50035984295,0.34054540987,0.15909474718,0.80851933825,0.083392031898,0.10055076385,0.0075378660002,-1.7549952623e-07,-9.2596724447e-08,0.0,0.0,1.0,1.0,0.0,2.8947721132e-07,0.68547511929,-76.091530145,-1.7549952623e-07,-9.2596724447e-08,0.0
348,45.035585,255.000237,190.985331,1059.728,3.1834871859e-07,0.045716297254635684,0.011259457194018435,0.48616,0.71351817429,0.22735817429,88.583927,-80.507327935,10.908745065000005,0.22735817429,0.48778020757,0.4167596702,0.095460122229,0.7711532519,0.11152946688,0.1067456114,0.01057166982,-2.1479118127e-07,-7.3897084074e-08,0.0,0.0,1.0,1.0,0.0,3.1834871859e-07,0.71351817429,-80.507327935,-2.1479118127e-07,-7.3897084074e-08,0.0
349,45.042028,264.976835,200.961929,1173.348,3.7259396939e-07,0.05061782452773944,0.013178020215307066,0.41991,0.74985152325,0.32994152325000004,75.214536,-86.485777498,18.299686501999986,0.32994152325,0.45536062998,0.5182493312,0.026390038826,0.72535579064,0.15673301865,0.10336446271,0.014546728,-2.772906855e-07,-3.4186762464e-08,0.0,0.0,1.0,1.0,0.0,3.7259396939e-07,0.74985152325,-86.485777498,-2.772906855e-07,-3.4186762464e-08,0.0
350,45.041326,274.975054,210.960148,1310.66,5.0240829299e-07,0.05654141643870956,0.017769333873544516,0.343467,0.72535598181,0.38188898181,63.017,-89.339762284,27.643237715999987,0.38188898181,0.37913548497,0.58653160706,0.034332907969,0.68212584329,0.21274008618,0.086760993044,0.018373077488,-3.6432808319e-07,-8.3980265433e-09,0.0,0.0,1.0,1.0,0.0,5.0240829299e-07,0.72535598181,-89.339762284,-3.6432808319e-07,-8.3980265433e-09,0.0
351,45.065891,285.14124,221.126334,1492.083,7.2112683881e-07,0.0643679415440458,0.025505039910325805,0.271439,0.74147291986,0.47003391986,49.914017,87.969635501,38.055618501,0.47003391986,0.30317623642,0.69386064119,0.0029631223881,0.67016274677,0.23903086531,0.071283379294,0.019523008627,-5.3335369704e-07,3.7863842998e-08,0.0,0.0,1.0,1.0,0.0,7.2112683881e-07,0.74147291986,87.969635501,-5.3335369704e-07,3.7863842998e-08,0.0
352,45.046263,295.155036,231.14013,1721.792,7.274175853e-07,0.07427750789132086,0.025727533002606152,0.192072,0.6808888607,0.48881686069999997,37.906638,79.631992109,41.725354108999994,0.4888168607,0.34934216305,0.6030321662,0.047625670747,0.69281880556,0.21482902915,0.074245746936,0.018106418348,-4.6320642946e-07,1.7536394643e-07,0.0,0.0,1.0,1.0,0.0,7.274175853e-07,0.6808888607,79.631992109,-4.6320642946e-07,1.7536394643e-07,0.0
353,45.053408,305.011912,240.997006,1936.0,6.977550823e-07,0.08351836649118895,0.02467842030545068,0.138568,0.50349417296,0.36492617295999996,27.840843,65.712710584,37.87186758400001,0.36492617296,0.42500806243,0.37803951161,0.19695242596,0.73453998592,0.15051117186,0.098134727331,0.016814114895,-2.3244608576e-07,2.6342262759e-07,0.0,0.0,1.0,1.0,0.0,6.977550823e-07,0.50349417296,65.712710584,-2.3244608576e-07,2.6342262759e-07,0.0
354,44.984159,314.990512,250.975606,2228.698,6.9114956083e-07,0.09614525638542346,0.024444794153082147,0.084842,0.40055260569,0.31571060569,17.14131,50.182304189,33.040994189,0.31571060569,0.49797236927,0.3540784333,0.14794919743,0.71541980585,0.14300326304,0.11871727982,0.022859651285,-4.9807032027e-08,2.7232447239e-07,0.0,0.0,1.0,1.0,0.0,6.9114956083e-07,0.40055260569,50.182304189,-4.9807032027e-08,2.7232447239e-07,0.0
355,45.057288,324.983538,260.968632,2444.255,7.5264426333e-07,0.10544431037599228,0.0266197580528093,0.060415,0.35915368373,0.29873868373,18.257388,39.907934805,21.650546804999998,0.29873868373,0.52477853248,0.40281652385,0.072404943663,0.68814021696,0.17061843495,0.11403080604,0.027210542055,4.7794964885e-08,2.6605604443e-07,0.0,0.0,1.0,1.0,0.0,7.5264426333e-07,0.35915368373,39.907934805,4.7794964885e-08,2.6605604443e-07,0.0
356,45.003875,334.968698,270.953792,2593.634,9.0192033936e-07,0.11188846846901258,0.031899401066907564,0.04138,0.27507238515,0.23369238515,29.022881,25.120756657,3.9021243430000006,0.23369238515,0.48723281777,0.47431981223,0.038447370005,0.65060770011,0.211839616,0.10518383605,0.032368847841,1.5866883411e-07,1.9072106797e-07,0.0,0.0,1.0,1.0,0.0,9.0192033936e-07,0.27507238515,25.120756657,1.5866883411e-07,1.9072106797e-07,0.0
357,45.068991,345.000105,280.985199,2557.757,1.2947883496e-06,0.11034074717014668,0.045794479909343426,0.04368,0.23815917827,0.19447917827,31.24389,11.947037847,19.296852153,0.19447917827,0.36812225019,0.46125582691,0.1706219229,0.59069761595,0.27543389428,0.093416800504,0.040451689268,2.8193750401e-07,1.2490262962e-07,0.0,0.0,1.0,1.0,0.0,1.2947883496e-06,0.23815917827,11.947037847,2.8193750401e-07,1.2490262962e-07,0.0
358,45.028397,355.009911,290.995005,2422.232,1.525638266e-06,0.10449424581750288,0.05395925206065241,0.07602,0.13110400604,0.055084006039999994,26.448162,5.5200108077,20.9281511923,0.055084006041,0.32465050515,0.5276059113,0.14774358355,0.49958202759,0.37017485649,0.07769612708,0.05254698884,1.9631570094e-07,3.8302235475e-08,0.0,0.0,1.0,1.0,0.0,1.525638266e-06,0.13110400604,5.5200108077,1.9631570094e-07,3.8302235475e-08,0.0
359,49.762945,4.991463,300.976557,2499.905,1.0171318685e-06,0.10784503201609283,0.03597423851671656,0.107207,0.13851995774,0.03131295774000001,24.039699,-9.194011333,33.233710333,0.031312957736,0.59672183301,0.36998861808,0.033289548907,0.70846436049,0.12743032259,0.14171636853,0.02238894839,1.3369934194e-07,-4.4444811723e-08,0.0,0.0,1.0,1.0,0.0,1.0171318685e-06,0.13851995774,-9.194011333,1.3369934194e-07,-4.4444811723e-08,0.0
360,49.751993,15.018847,311.003941,2173.859,9.0364420403e-07,0.09377952100318673,0.03196037125251444,0.154684,0.18912106388,0.03443706388000001,12.761817,-27.399749234,40.161566234000006,0.03443706388,0.63983146685,0.35468500493,0.0054835282159,0.70603255766,0.13071407149,0.14054683889,0.022706531961,9.8512440693e-08,-1.3964769174e-07,0.0,0.0,1.0,1.0,0.0,9.0364420403e-07,0.18912106388,-27.399749234,9.8512440693e-08,-1.3964769174e-07,0.0
361,49.755108,24.937932,320.923026,1864.601,8.4224602205e-07,0.08043823846995735,0.029788821120771337,0.224043,0.29062632833,0.06658332833000002,-0.519749,-40.644409623,40.124660623000004,0.066583328329,0.62821008127,0.31422734209,0.057562576641,0.69694527503,0.1415234972,0.13624304477,0.025288183005,3.7072668566e-08,-2.4195518578e-07,0.0,0.0,1.0,1.0,0.0,8.4224602205e-07,0.29062632833,-40.644409623,3.7072668566e-08,-2.4195518578e-07,0.0
362,49.784188,34.993542,330.978636,1612.651,7.2136639279e-07,0.0695692031200322,0.025513512530524852,0.28683,0.37605997789,0.08922997789000003,-14.749673,-49.365531824,34.615858824,0.089229977891,0.64562471023,0.32921923839,0.025156051379,0.67309824399,0.16467897171,0.13107114557,0.031151638733,-4.1178964063e-08,-2.6813339921e-07,0.0,0.0,1.0,1.0,0.0,7.2136639279e-07,0.37605997789,-49.365531824,-4.1178964063e-08,-2.6813339921e-07,0.0
363,49.803047,44.993356,340.97845,1416.948,6.5393109407e-07,0.06112664378251922,0.02312843976294269,0.369778,0.47706689477,0.10728889477000003,-27.649767,-57.014523633,29.364756633000002,0.10728889477,0.60966363656,0.34788307457,0.042453288867,0.62879298371,0.20799841905,0.12224315562,0.040965441612,-1.2703364267e-07,-2.8493338432e-07,0.0,0.0,1.0,1.0,0.0,6.5393109407e-07,0.47706689477,-57.014523633,-1.2703364267e-07,-2.8493338432e-07,0.0
364,49.763623,54.998327,350.983421,1242.453,8.2969776963e-07,0.05359899018702333,0.0293450105987485,0.443933,0.47851621248,0.03458321247999996,-42.542622,-67.779129709,25.236507709,0.034583212485,0.40274102276,0.43697087507,0.16028810217,0.59646868666,0.24223412123,0.11309152372,0.048205668386,-2.8346023959e-07,-2.7798959966e-07,0.0,0.0,1.0,1.0,0.0,8.2969776963e-07,0.47851621248,-67.779129709,-2.8346023959e-07,-2.7798959966e-07,0.0
365,49.76267,65.022941,1.008035,1120.377,8.4800574732e-07,0.0483326740156502,0.02999253288821336,0.505843,0.47661560056,0.029227399440000024,-57.423045,-68.019462955,10.596417954999993,-0.029227399439,0.32847945121,0.62541752006,0.046103028726,0.69408284555,0.15080340733,0.12659133679,0.02852241033,-2.9092823708e-07,-2.8056440917e-07,0.0,0.0,1.0,1.0,0.0,8.4800574732e-07,0.47661560056,-68.019462955,-2.9092823708e-07,-2.8056440917e-07,0.0
366,49.759073,75.012055,10.997149,1045.869,6.049195953e-07,0.0451184248159986,0.02139498572279554,0.544476,0.59101533591,0.046539335910000035,-71.506961,-73.916850038,2.409889038000003,0.046539335912,0.38508405655,0.54452728889,0.070388654555,0.7340875299,0.11241771989,0.1326686995,0.020826050713,-3.0264023985e-07,-1.9033422536e-07,0.0,0.0,1.0,1.0,0.0,6.049195953e-07,0.59101533591,-73.916850038,-3.0264023985e-07,-1.9033422536e-07,0.0
367,49.800454,84.975102,20.960196,993.5399,6.0770125916e-07,0.042860965646600836,0.021493368481483994,0.55174,0.58137226411,0.029632264109999973,-85.012502,-88.98786304,3.9753610399999957,0.029632264115,0.32636328934,0.43094204809,0.24269466256,0.74330460143,0.12636440127,0.1149999254,0.015331071896,-3.5308018031e-07,-1.2479602111e-08,0.0,0.0,1.0,1.0,0.0,6.0770125916e-07,0.58137226411,-88.98786304,-3.5308018031e-07,-1.2479602111e-08,0.0
368,49.753481,94.971812,30.956906,978.0093,5.2173534186e-07,0.0421909809654913,0.01845289899170266,0.548303,0.69032445795,0.14202145794999999,80.379265,88.228101077,7.848836077000001,0.14202145795,0.33160847014,0.4464472444,0.22194428546,0.72348173033,0.16627082187,0.095002938928,0.015244508875,-3.5947797087e-07,2.2262446431e-08,0.0,0.0,1.0,1.0,0.0,5.2173534186e-07,0.69032445795,88.228101077,-3.5947797087e-07,2.2262446431e-08,0.0
369,49.784046,105.01999,41.005084,986.6667,4.3604962274e-07,0.042564458189696265,0.015422339638916774,0.505481,0.65665431973,0.15117331973000003,67.018719,81.975942171,14.957223170999995,0.15117331973,0.35463163186,0.4597913611,0.18557700704,0.74360379019,0.15595559648,0.087254407617,0.013186205712,-2.751754041e-07,7.9155424127e-08,0.0,0.0,1.0,1.0,0.0,4.3604962274e-07,0.65665431973,81.975942171,-2.751754041e-07,7.9155424127e-08,0.0
370,49.790506,114.989102,50.974196,991.5207,3.689112247e-07,0.04277385806105383,0.013047767747581707,0.440323,0.60799720931,0.16767420931,55.182819,80.115387681,24.932568681,0.16767420931,0.38460243866,0.4452075461,0.17019001524,0.79178188834,0.12032001325,0.078604031649,0.0092940667685,-2.110775089e-07,7.5864532231e-08,0.0,0.0,1.0,1.0,0.0,3.689112247e-07,0.60799720931,80.115387681,-2.110775089e-07,7.5864532231e-08,0.0
371,49.754244,124.995144,60.980238,1012.209,2.9394248961e-07,0.0436663441258677,0.010396250042801229,0.391062,0.43186025685,0.04079825684999999,42.34233,70.776012333,28.433682333,0.040798256854,0.45122317125,0.5067125,0.04206432875,0.83091239471,0.096933893898,0.066044282945,0.0061094284483,-9.9417618852e-08,7.8933063405e-08,0.0,0.0,1.0,1.0,0.0,2.9394248961e-07,0.43186025685,70.776012333,-9.9417618852e-08,7.8933063405e-08,0.0
372,49.800672,134.96773,70.952824,1030.065,5.5875811363e-07,0.04443664575400132,0.019762331980139144,0.334389,0.26889217418,0.06549682582,32.809128,62.84644836,30.037320359999995,-0.065496825822,0.2248777978,0.28210765357,0.49301454863,0.84480465061,0.09627692448,0.054329976719,0.0045884481895,-8.7659421257e-08,1.2202291354e-07,0.0,0.0,1.0,1.0,0.0,5.5875811363e-07,0.26889217418,62.84644836,-8.7659421257e-08,1.2202291354e-07,0.0
373,49.781105,145.004237,80.989331,1040.113,3.3477661308e-07,0.04487011297843493,0.011840484111975745,0.286581,0.18401711577,0.10256388422999999,23.488303,37.597679886,14.109376886000003,-0.10256388423,0.35939065152,0.57245323746,0.068156111011,0.81922354869,0.13260308287,0.043610389526,0.0045629789147,1.5741464191e-08,5.9559519342e-08,0.0,0.0,1.0,1.0,0.0,3.3477661308e-07,0.18401711577,37.597679886,1.5741464191e-08,5.9559519342e-08,0.0
374,49.727933,154.99395,90.979044,1066.604,4.1655973929e-07,0.046012925502566165,0.014733015336329251,0.256735,0.15076314165,0.10597185835,17.813073,17.753591177,0.05948182299999871,-0.10597185835,0.27994757168,0.62157951665,0.098472911671,0.76838784549,0.191130414,0.03475536082,0.0057263796924,5.1123392692e-08,3.6475631706e-08,0.0,0.0,1.0,1.0,0.0,4.1655973929e-07,0.15076314165,17.753591177,5.1123392692e-08,3.6475631706e-08,0.0
375,49.786986,165.018174,101.003268,1074.841,5.6382152022e-07,0.04636826681702273,0.01994141613040218,0.261673,0.18877594678,0.07289705321999998,10.678039,10.736192974,0.058153973999999664,-0.07289705322,0.20195000047,0.72848617953,0.069563820003,0.71278450297,0.25298967705,0.02701349429,0.0072123256932,9.9048658722e-08,3.8961170469e-08,0.0,0.0,1.0,1.0,0.0,5.6382152022e-07,0.18877594678,10.736192974,9.9048658722e-08,3.8961170469e-08,0.0
376,49.782198,175.010194,110.995288,1055.132,1.3960439505e-06,0.045518027413523336,0.0493757197178079,0.295247,0.32432441028,0.029077410279999993,4.235488,13.192914231,8.957426231,0.029077410282,0.080613288342,0.43845376128,0.48093295038,0.69663155356,0.27171887502,0.023698796304,0.0079507751148,4.0560220829e-07,2.0121765745e-07,0.0,0.0,1.0,1.0,0.0,1.3960439505e-06,0.32432441028,13.192914231,4.0560220829e-07,2.0121765745e-07,0.0
377,49.77085,185.043041,121.028135,1032.822,1.0038175846e-06,0.04455558177487745,0.03550333475336852,0.33575,0.22165602531,0.11409397468999999,-3.8792,-14.495070958,10.615870957999999,-0.11409397469,0.11215398094,0.81047065985,0.077375359204,0.63977446997,0.3271453096,0.022762597385,0.010317623048,1.9462337996e-07,-1.0783773029e-07,0.0,0.0,1.0,1.0,0.0,1.0038175846e-06,0.22165602531,-14.495070958,1.9462337996e-07,-1.0783773029e-07,0.0
378,49.698418,195.121611,131.106705,996.2963,1.2946371969e-06,0.04297987578368571,0.04578913389330495,0.388602,0.22104537688,0.16755662312,-13.61527,-26.02563658,12.41036658,-0.16755662312,0.088116902704,0.89505709129,0.016826006008,0.55208055973,0.41490181759,0.019860847939,0.013156774739,1.7598416632e-07,-2.256654243e-07,0.0,0.0,1.0,1.0,0.0,1.2946371969e-06,0.22104537688,-26.02563658,1.7598416632e-07,-2.256654243e-07,0.0
379,49.778349,205.012495,140.997589,983.4231,1.6359755504e-06,0.04242453041410184,0.05786169569575948,0.454587,0.2743947142,0.18019228580000002,-25.376834,-33.734164924,8.357330924,-0.1801922858,0.071215288658,0.85673449466,0.072050216679,0.4631452464,0.50443103194,0.016470655699,0.015953065957,1.7201697391e-07,-4.1463731527e-07,0.0,0.0,1.0,1.0,0.0,1.6359755504e-06,0.2743947142,-33.734164924,1.7201697391e-07,-4.1463731527e-07,0.0
380,49.744597,214.978245,150.963339,965.8009,1.2889933444e-06,0.04166431483663229,0.045589520350286586,0.504361,0.26458074138,0.23978025861999996,-38.450361,-53.33410991,14.883748910000001,-0.23978025862,0.093358228318,0.76761979677,0.13902197491,0.44560820821,0.52157475736,0.016706568358,0.01611046608,-9.7821038197e-08,-3.2671278814e-07,0.0,0.0,1.0,1.0,0.0,1.2889933444e-06,0.26458074138,-53.33410991,-9.7821038197e-08,-3.2671278814e-07,0.0
381,49.750358,224.989489,160.974583,970.3619,7.1999252037e-07,0.04186107478992068,0.025464920980442455,0.554545,0.29776787319,0.25677712681,-51.018619,-52.749326952,1.730707951999996,-0.25677712681,0.17452078047,0.76794172533,0.057537494198,0.53630738123,0.43316099546,0.020618755159,0.0099128681602,-5.7288553197e-08,-2.0659469702e-07,0.0,0.0,1.0,1.0,0.0,7.1999252037e-07,0.29776787319,-52.749326952,-5.7288553197e-08,-2.0659469702e-07,0.0
382,49.788979,234.995978,170.981072,1003.324,2.8531162387e-07,0.043283048316841766,0.010090990879901923,0.565505,0.45345915413,0.11204584587000005,-64.49172,-71.846185314,7.354465313999995,-0.11204584587,0.46479861772,0.45131102477,0.083890357506,0.79687008394,0.1318369066,0.06586008857,0.0054329208872,-1.042585186e-07,-7.6606871768e-08,0.0,0.0,1.0,1.0,0.0,2.8531162387e-07,0.45345915413,-71.846185314,-1.042585186e-07,-7.6606871768e-08,0.0
383,49.789783,244.958122,180.943216,1042.009,4.0569746476e-07,0.04495190575884158,0.014348835008411154,0.553719,0.60312460553,0.04940560553000006,-78.007317,-72.448758271,5.558558728999998,0.049405605532,0.349675035,0.30864788695,0.34167707806,0.81590464184,0.087319373246,0.089441065616,0.007334919301,-2.0018378414e-07,-1.4070448306e-07,0.0,0.0,1.0,1.0,0.0,4.0569746476e-07,0.60312460553,-72.448758271,-2.0018378414e-07,-1.4070448306e-07,0.0
384,49.788284,255.020962,191.006056,1128.5,3.4721132638e-07,0.04868309740976587,0.012280278946839075,0.479546,0.68208164382,0.20253564382000006,87.086257,-83.494148157,9.419594842999999,0.20253564382,0.44546056879,0.51076866784,0.043770763376,0.76355339955,0.1305086748,0.094307427983,0.01163049767,-2.3074573806e-07,-5.3321499675e-08,0.0,0.0,1.0,1.0,0.0,3.4721132638e-07,0.68208164382,-83.494148157,-2.3074573806e-07,-5.3321499675e-08,0.0
385,49.762984,265.004525,200.989619,1266.86,1.0190153337e-05,0.05465189967615063,0.3604085350385944,0.420674,0.58891787591,0.16824387591,73.396641,-83.74360168,22.85975732,0.16824387591,0.016979057958,0.027437026701,0.95558391534,0.67664683671,0.22492845121,0.079741259914,0.01868345217,-5.8586216782e-06,-1.3001980196e-06,0.0,0.0,1.0,1.0,0.0,1.0190153337e-05,0.58891787591,-83.74360168,-5.8586216782e-06,-1.3001980196e-06,0.0
386,49.792916,274.998561,210.983655,1429.486,8.5579354565e-07,0.06166752874071474,0.030267974178885597,0.326312,0.79324482225,0.46693282225000005,60.611528,-88.216911051,31.171560948999996,0.46693282225,0.23160972687,0.61309646285,0.15529381028,0.58926645516,0.32872830712,0.056640186156,0.02536505157,-6.7753928024e-07,-4.2225633905e-08,0.0,0.0,1.0,1.0,0.0,8.5579354565e-07,0.79324482225,-88.216911051,-6.7753928024e-07,-4.2225633905e-08,0.0
387,49.750041,284.99331,220.978404,1661.615,9.8987163864e-07,0.07168149304610379,0.03501009016842974,0.256151,0.74021496231,0.48406396230999993,45.709435,89.146811194,43.437376193999995,0.48406396231,0.23528213505,0.62447990249,0.14023796246,0.5831421061,0.33649363843,0.054367397525,0.025996857946,-7.3239287527e-07,2.1818508068e-08,0.0,0.0,1.0,1.0,0.0,9.8987163864e-07,0.74021496231,89.146811194,-7.3239287527e-07,2.1818508068e-08,0.0
388,49.773065,295.099866,231.08496,1914.435,5.1553001555e-07,0.08258805989336741,0.018233427067104326,0.175022,0.69278575526,0.51776375526,34.141445,73.246440382,39.104995382000006,0.51776375526,0.54169396509,0.40933402138,0.048972013528,0.67448393635,0.22887767285,0.077499589826,0.019138800978,-2.977993691e-07,1.9716232036e-07,0.0,0.0,1.0,1.0,0.0,5.1553001555e-07,0.69278575526,73.246440382,-2.977993691e-07,1.9716232036e-07,0.0
389,49.773915,305.00193,240.987024,2206.124,5.0530949097e-07,0.09517142187861968,0.01787194435243026,0.114772,0.58024096566,0.46546896566000007,22.916412,64.230669859,41.314257859,0.46546896566,0.6612489828,0.24518879942,0.093562217778,0.68752110982,0.1580651768,0.12481969019,0.029594023188,-1.8236720955e-07,2.2958480753e-07,0.0,0.0,1.0,1.0,0.0,5.0530949097e-07,0.58024096566,64.230669859,-1.8236720955e-07,2.2958480753e-07,0.0
390,49.731638,315.000219,250.985313,2579.254,6.1347060263e-07,0.11126812027162451,0.02169742042843628,0.068916,0.46999140817,0.40107540817,13.104062,56.000016868,42.895954868000004,0.40107540817,0.64807947974,0.31443263409,0.037487886168,0.65508633033,0.18398087353,0.12550269884,0.03543009731,-1.0800894524e-07,2.6733106723e-07,0.0,0.0,1.0,1.0,0.0,6.1347060263e-07,0.46999140817,56.000016868,-1.0800894524e-07,2.6733106723e-07,0.0
391,49.763388,325.012945,260.998039,2926.769,9.9200847453e-07,0.12625979647574925,0.03508566644949869,0.032149,0.29452514512,0.26237614512,14.247176,50.040409892,35.793233892,0.26237614512,0.46930083214,0.26806105753,0.26263811032,0.65052088588,0.1854357598,0.12780951785,0.036233836477,-5.1140854993e-08,2.8766084762e-07,0.0,0.0,1.0,1.0,0.0,9.9200847453e-07,0.29452514512,50.040409892,-5.1140854993e-08,2.8766084762e-07,0.0
392,49.781146,335.021765,271.006859,3110.038,8.9746739128e-07,0.1341659573788865,0.031741907804437364,0.025557,0.30728986462,0.28173286462,25.532721,39.209613816,13.676892816000002,0.28173286462,0.58969302392,0.35786925059,0.052437725485,0.66948347546,0.1663610568,0.13157824256,0.032577225183,5.5363137077e-08,2.7016843599e-07,0.0,0.0,1.0,1.0,0.0,8.9746739128e-07,0.30728986462,39.209613816,5.5363137077e-08,2.7016843599e-07,0.0
393,49.782187,345.014058,280.999152,3089.416,9.6630721146e-07,0.13327633147300774,0.0341766561269487,0.039151,0.20994221152,0.17079121152,42.273515,30.90773328,11.365781720000005,0.17079121152,0.59922963059,0.37974444777,0.021025921637,0.69270269371,0.14300277745,0.13671896761,0.02757556123,9.5817480402e-08,1.7881473353e-07,0.0,0.0,1.0,1.0,0.0,9.6630721146e-07,0.20994221152,30.90773328,9.5817480402e-08,1.7881473353e-07,0.0
394,49.760907,354.977059,290.962153,2866.718,1.0042252802e-06,0.12366921722669844,0.03551775425904996,0.070357,0.15163220171,0.08127520171,33.948993,16.126189416,17.822803584000003,0.081275201708,0.60428505139,0.38663307643,0.0090818721789,0.70644109892,0.12927204414,0.14038051524,0.0239063417,1.2877804608e-07,8.1260371352e-08,0.0,0.0,1.0,1.0,0.0,1.0042252802e-06,0.15163220171,16.126189416,1.2877804608e-07,8.1260371352e-08,0.0
395,54.492233,4.97988,300.964974,2905.496,1.2661369919e-06,0.1253420866563448,0.04478112971587481,0.097626,0.14133033159,0.04370433158999999,28.287031,-9.5592663172,37.8462973172,0.043704331588,0.59749562335,0.38045180937,0.022052567287,0.56824868316,0.24988402055,0.13325731155,0.048609984738,1.690735749e-07,-5.8608226875e-08,0.0,0.0,1.0,1.0,0.0,1.2661369919e-06,0.14133033159,-9.5592663172,1.690735749e-07,-5.8608226875e-08,0.0
396,54.526252,15.050071,311.035165,2462.06,1.1817740758e-06,0.1062124118818681,0.04179735567463589,0.15761,0.17697274409,0.019362744089999995,16.761871,-28.6464398,45.408310799999995,0.019362744088,0.60625724128,0.34939244134,0.044350317383,0.61927605532,0.19342569944,0.14514654496,0.042151700279,1.1300870446e-07,-1.7598103784e-07,0.0,0.0,1.0,1.0,0.0,1.1817740758e-06,0.17697274409,-28.6464398,1.1300870446e-07,-1.7598103784e-07,0.0
397,54.511167,25.026939,321.012033,2073.552,1.1737540383e-06,0.08945231191866623,0.04151370047625586,0.210844,0.23562332873,0.024779328729999994,3.758096,-46.469397183,50.227493183,0.024779328725,0.54955609997,0.33192653948,0.11851736055,0.60671135851,0.20234319361,0.14183509086,0.049110357019,-1.4179192876e-08,-2.7620011686e-07,0.0,0.0,1.0,1.0,0.0,1.1737540383e-06,0.23562332873,-46.469397183,-1.4179192876e-08,-2.7620011686e-07,0.0
398,54.531904,35.007234,330.992328,1771.948,9.9073850587e-07,0.0764412202827114,0.03504074980014528,0.297074,0.31894517003,0.021871170029999998,-11.875577,-49.945433089,38.069856089,0.021871170033,0.5630230236,0.42712524761,0.0098517287979,0.54765702289,0.25797952334,0.12862306456,0.065740389213,-5.4278468815e-08,-3.1129459518e-07,0.0,0.0,1.0,1.0,0.0,9.9073850587e-07,0.31894517003,-49.945433089,-5.4278468815e-08,-3.1129459518e-07,0.0
399,54.516795,45.00192,340.987014,1529.305,1.0794021183e-06,0.06597368567500399,0.03817663221627128,0.370725,0.36438791617,0.006337083830000034,-26.734193,-56.4447626,29.710569599999996,-0.0063370838346,0.43267324189,0.49736248578,0.069964272333,0.54394591314,0.26138497306,0.1275343671,0.067134746697,-1.5298441356e-07,-3.6234962114e-07,0.0,0.0,1.0,1.0,0.0,1.0794021183e-06,0.36438791617,-56.4447626,-1.5298441356e-07,-3.6234962114e-07,0.0
400,54.496164,54.998777,350.983871,1336.441,1.3007631949e-06,0.05765359980984042,0.046005800109387554,0.457759,0.41803638758,0.039722612420000025,-41.652187,-66.622842967,24.970655967,-0.039722612422,0.29272889418,0.39691138362,0.3103597222,0.67045556978,0.15388062033,0.14014850503,0.035515304854,-3.7254962921e-07,-3.9609167374e-07,0.0,0.0,1.0,1.0,0.0,1.3007631949e-06,0.41803638758,-66.622842967,-3.7254962921e-07,-3.9609167374e-07,0.0
401,54.476459,64.997607,0.982701,1201.162,6.4602271504e-07,0.05181771081161648,0.022848733736303903,0.527231,0.53146406583,0.004233065830000049,-56.490786,-71.488182275,14.997396275,0.0042330658311,0.47705440528,0.51018737967,0.012758215046,0.70159148277,0.117833211,0.15262126442,0.02795404181,-2.7411654604e-07,-2.0673897658e-07,0.0,0.0,1.0,1.0,0.0,6.4602271504e-07,0.53146406583,-71.488182275,-2.7411654604e-07,-2.0673897658e-07,0.0
402,54.503392,74.988269,10.973363,1100.391,8.6497575907e-07,0.047470484928515445,0.03059273357922728,0.558149,0.76378737373,0.20563837373000005,-70.980188,-76.268134213,5.287946212999998,0.20563837373,0.2894483729,0.70529402002,0.0052576070784,0.36737217943,0.55027721261,0.041738201961,0.040612405992,-5.8620340089e-07,-3.04686706e-07,0.0,0.0,1.0,1.0,0.0,8.6497575907e-07,0.76378737373,-76.268134213,-5.8620340089e-07,-3.04686706e-07,0.0
403,54.514565,85.014084,20.999178,1063.051,3.5660060401e-07,0.0458596503186079,0.012612361859017823,0.568843,0.71076377071,0.14192077070999998,-85.986471,-84.660690263,1.325780736999988,0.14192077071,0.57966852095,0.38665689794,0.033674581109,0.76723225594,0.078081425197,0.14177073095,0.012915587911,-2.4906939356e-07,-4.6965896065e-08,0.0,0.0,1.0,1.0,0.0,3.5660060401e-07,0.71076377071,-84.660690263,-2.4906939356e-07,-4.6965896065e-08,0.0
404,54.493669,95.011776,30.99687,1039.214,4.2557837092e-07,0.04483133043118514,0.01505198912468423,0.544405,0.68613118336,0.14172618335999998,79.963084,87.784215296,7.821131296000004,0.14172618336,0.41162964894,0.40100465035,0.18736570071,0.76641655571,0.11497524145,0.10799170948,0.010616493357,-2.9112959971e-07,2.2562567961e-08,0.0,0.0,1.0,1.0,0.0,4.2557837092e-07,0.68613118336,87.784215296,-2.9112959971e-07,2.2562567961e-08,0.0
405,54.526726,104.968441,40.953535,1054.103,3.6562256685e-07,0.04547363671149884,0.012931453466651503,0.491537,0.6793946796,0.1878576796,64.553094,80.748851457,16.195757457,0.1878576796,0.41776411166,0.54678569926,0.035450189087,0.73576426146,0.17109403061,0.081657775467,0.01148393246,-2.355623577e-07,7.8828563879e-08,0.0,0.0,1.0,1.0,0.0,3.6562256685e-07,0.6793946796,80.748851457,-2.355623577e-07,7.8828563879e-08,0.0
406,54.524442,114.97201,50.957104,1073.513,3.5828383108e-07,0.04631097735901638,0.012671894761259175,0.423903,0.60272155383,0.17881855383000006,52.620647,75.480614568,22.859967567999995,0.17881855383,0.38162797803,0.57286620692,0.04550581505,0.72527944496,0.19716566945,0.065821107445,0.011733778145,-1.8879920506e-07,1.0482018174e-07,0.0,0.0,1.0,1.0,0.0,3.5828383108e-07,0.60272155383,75.480614568,-1.8879920506e-07,1.0482018174e-07,0.0
407,54.478989,124.998162,60.983256,1106.12,3.5861855867e-07,0.04771763199547206,0.012683733511507502,0.349665,0.47595054822,0.12628554822,40.511037,70.123646692,29.612609691999992,0.12628554822,0.34793339689,0.54250142405,0.10956517906,0.77131750371,0.1626374852,0.057103307421,0.0089417036761,-1.3122438118e-07,1.0914865304e-07,0.0,0.0,1.0,1.0,0.0,3.5861855867e-07,0.47595054822,70.123646692,-1.3122438118e-07,1.0914865304e-07,0.0
408,54.534212,134.971401,70.956495,1120.881,7.9322227519e-07,0.04835441640031527,0.028054933886340658,0.286688,0.11815313129,0.16853486871,29.461337,-46.143075459,75.604412459,-0.16853486871,0.14570308909,0.25131950032,0.60297741059,0.82121170681,0.12309832795,0.049916437913,0.0057735273263,-3.7385841178e-09,-9.3647099364e-08,0.0,0.0,1.0,1.0,0.0,7.9322227519e-07,0.11815313129,-46.143075459,-3.7385841178e-09,-9.3647099364e-08,0.0
409,54.493245,144.966536,80.95163,1147.166,4.6262731359e-07,0.049488342156111184,0.016362347733709308,0.217296,0.13494273677,0.08235326323,21.688557,43.220424352,21.531867352000003,-0.082353263233,0.23501072925,0.51357588612,0.25141338463,0.82438278439,0.12963933683,0.041416124671,0.0045617541086,3.8754778507e-09,6.230778685e-08,0.0,0.0,1.0,1.0,0.0,4.6262731359e-07,0.13494273677,43.220424352,3.8754778507e-09,6.230778685e-08,0.0
410,54.502457,154.981702,90.966796,1178.353,7.9427438206e-07,0.0508337384865661,0.028092145131665486,0.20071,0.15078567236,0.04992432763999999,17.58596,52.338413485,34.752453485,-0.049924327637,0.13023179261,0.40176472827,0.46800347913,0.77381703171,0.18770244611,0.033137665286,0.0053428568898,-3.0344514659e-08,1.1585729489e-07,0.0,0.0,1.0,1.0,0.0,7.9427438206e-07,0.15078567236,52.338413485,-3.0344514659e-08,1.1585729489e-07,0.0
411,54.511073,165.044103,101.029197,1180.991,1.0169071222e-06,0.050947540888840764,0.0359662896191819,0.201055,0.28860237503,0.08754737503000001,11.745148,-25.981287761,37.726435761000005,0.087547375032,0.098259159555,0.45633773747,0.44540310298,0.71452904196,0.2521141461,0.026598632334,0.0067581796036,1.8083646492e-07,-2.3114875327e-07,0.0,0.0,1.0,1.0,0.0,1.0169071222e-06,0.28860237503,-25.981287761,1.8083646492e-07,-2.3114875327e-07,0.0
412,54.507286,175.026612,111.011706,1154.909,9.130223464e-07,0.049822372482423834,0.032292060329329665,0.233329,0.14663653338,0.08669246662000002,7.31579,-5.7325518297,13.0483418297,-0.086692466615,0.10754551796,0.79223289002,0.10022159202,0.65391642465,0.3158585378,0.021682948649,0.0085420888966,1.3121093492e-07,-2.6611954007e-08,0.0,0.0,1.0,1.0,0.0,9.130223464e-07,0.14663653338,-5.7325518297,1.3121093492e-07,-2.6611954007e-08,0.0
413,54.50777,184.969346,120.95444,1124.952,1.1098506105e-06,0.048530037924068174,0.039253544025644196,0.287366,0.17161749405,0.11574850595,-2.689755,-17.183789644,14.494034644000001,-0.11574850595,0.088476599401,0.85885532249,0.052668078105,0.56760392201,0.40268117302,0.018362518792,0.011352386183,1.5722005221e-07,-1.0752019569e-07,0.0,0.0,1.0,1.0,0.0,1.1098506105e-06,0.17161749405,-17.183789644,1.5722005221e-07,-1.0752019569e-07,0.0
414,54.519828,194.986507,130.971601,1095.214,1.3964850437e-06,0.047247150949525314,0.04939132044026713,0.360689,0.19612675836,0.16456224164,-12.752622,-28.615252786,15.862630785999999,-0.16456224164,0.071543415856,0.87927315638,0.049183427766,0.47170859922,0.49824779089,0.0157869005,0.014256709397,1.4824482819e-07,-2.3030013866e-07,0.0,0.0,1.0,1.0,0.0,1.3964850437e-06,0.19612675836,-28.615252786,1.4824482819e-07,-2.3030013866e-07,0.0
415,54.49874,204.964459,140.949553,1065.682,1.2256982706e-06,0.04597315074331778,0.04335088035449889,0.42162,0.19206847344,0.22955152656,-23.17449,-34.797320602,11.622830602,-0.22955152656,0.084376859973,0.91170772142,0.0039154186081,0.45619709005,0.51291033148,0.016310705914,0.014581872559,8.2080769765e-08,-2.2064537146e-07,0.0,0.0,1.0,1.0,0.0,1.2256982706e-06,0.19206847344,-34.797320602,8.2080769765e-08,-2.2064537146e-07,0.0
416,54.494774,215.00584,150.990934,1045.043,7.660785589e-07,0.04508279146335308,0.02709490642649262,0.507085,0.26496980107,0.24211519893,-36.79102,-51.649436,14.858415999999998,-0.24211519893,0.14184175427,0.74918313405,0.10897511168,0.57310115189,0.39532921928,0.022255708581,0.0093139202513,-4.6693374104e-08,-1.9754424418e-07,0.0,0.0,1.0,1.0,0.0,7.660785589e-07,0.26496980107,-51.649436,-4.6693374104e-08,-1.9754424418e-07,0.0
417,54.489972,224.980579,160.965673,1053.183,3.7509178705e-07,0.04543394823155467,0.013266363812686059,0.540187,0.27608067282,0.26410632718,-50.867216,-61.164037262,10.296821262000002,-0.26410632718,0.30830172424,0.59791381973,0.093784456038,0.7256121653,0.22917223208,0.039321796446,0.0058938061771,-5.537805759e-08,-8.7504465978e-08,0.0,0.0,1.0,1.0,0.0,3.7509178705e-07,0.27608067282,-61.164037262,-5.537805759e-08,-8.7504465978e-08,0.0
418,54.489571,234.986278,170.971372,1068.452,3.5404834166e-07,0.04609264757967139,0.012522092644789446,0.56587,0.34443958129,0.22143041870999997,-64.522807,-70.349205842,5.826398842000003,-0.22143041871,0.35231025804,0.38267394708,0.26501579488,0.81522415092,0.11136963843,0.067296199023,0.006110011624,-9.4366327848e-08,-7.7242312943e-08,0.0,0.0,1.0,1.0,0.0,3.5404834166e-07,0.34443958129,-70.349205842,-9.4366327848e-08,-7.7242312943e-08,0.0
419,54.549189,245.007092,180.992186,1130.737,3.4606736134e-07,0.048779600811543145,0.012239818832985366,0.546045,0.57787106548,0.03182606548,-78.942122,-76.821514213,2.1206077869999973,0.03182606548,0.39508936363,0.51191517279,0.092995463582,0.75138519224,0.16730638606,0.071076673429,0.010231748273,-1.7919323791e-07,-8.8784625519e-08,0.0,0.0,1.0,1.0,0.0,3.4606736134e-07,0.57787106548,-76.821514213,-1.7919323791e-07,-8.8784625519e-08,0.0
420,54.495589,254.988453,190.973547,1215.825,4.9232079361e-07,0.05245026753055258,0.01741255603581093,0.495094,0.70006084019,0.20496684019000005,87.012017,-78.730058215,14.257924785,0.20496684019,0.3100834014,0.66156781429,0.028348784312,0.66090595448,0.25988473815,0.06354818739,0.015661119976,-3.1832735792e-07,-1.3211518981e-07,0.0,0.0,1.0,1.0,0.0,4.9232079361e-07,0.70006084019,-78.730058215,-3.1832735792e-07,-1.3211518981e-07,0.0
421,54.515408,264.972071,200.957165,1370.69,8.5496575957e-07,0.059131089755066,0.030238696781524473,0.424024,0.72887437142,0.30485037142,72.809771,-80.581230715,26.608998284999984,0.30485037142,0.20479035123,0.72429102282,0.070918625955,0.62034606668,0.3054399129,0.055776431589,0.018437588826,-5.8978474242e-07,-2.0121039179e-07,0.0,0.0,1.0,1.0,0.0,8.5496575957e-07,0.72887437142,-80.581230715,-5.8978474242e-07,-2.0121039179e-07,0.0
422,54.507526,274.968925,210.954019,1564.934,6.769541613e-07,0.0675107083401458,0.023942726816144403,0.332887,0.6960539774,0.3631669774,57.150659,87.870553342,30.719894341999996,0.3631669774,0.30522754051,0.56416455289,0.1306079066,0.66604476706,0.24699923866,0.070909975232,0.016046019047,-4.6989550715e-07,3.4992607813e-08,0.0,0.0,1.0,1.0,0.0,6.769541613e-07,0.6960539774,87.870553342,-4.6989550715e-07,3.4992607813e-08,0.0
423,54.499311,285.035936,221.02103,1798.138,6.0894056454e-07,0.07757104777155656,0.021537200622345848,0.245709,0.72149233048,0.47578333048000004,42.641988,82.248290166,39.606302166000006,0.47578333048,0.41131462084,0.5283396258,0.060345753359,0.61044235631,0.27300592608,0.087011050138,0.029540667474,-4.2336012574e-07,1.1743536565e-07,0.0,0.0,1.0,1.0,0.0,6.0894056454e-07,0.72149233048,82.248290166,-4.2336012574e-07,1.1743536565e-07,0.0
424,54.525378,294.988667,230.973761,2130.807,9.520545763e-07,0.09192227270040848,0.03367256446232146,0.178298,0.66520937336,0.48691137335999995,31.351461,78.817703363,47.466242363000006,0.48691137336,0.32398157779,0.64641715216,0.029601270046,0.55913663611,0.33161348472,0.073815140651,0.035434738522,-5.8567847826e-07,2.409759426e-07,0.0,0.0,1.0,1.0,0.0,9.520545763e-07,0.66520937336,78.817703363,-5.8567847826e-07,2.409759426e-07,0.0
425,54.501954,305.002134,240.987228,2534.973,9.6102770403e-07,0.10935785333639912,0.033989928854488254,0.113236,0.60169362222,0.48845762222,16.84822,72.475334383,55.627114383000006,0.48845762222,0.39622502321,0.54895878158,0.054816195212,0.58552665757,0.29938861908,0.081308570944,0.0337761524,-4.7338421299e-07,3.3207497395e-07,0.0,0.0,1.0,1.0,0.0,9.6102770403e-07,0.60169362222,72.475334383,-4.7338421299e-07,3.3207497395e-07,0.0
426,54.482596,315.000018,250.985112,2986.69,9.7369532764e-07,0.12884476757002536,0.034437961334149114,0.054568,0.47584588206,0.42127788206,4.808864,66.66175322,61.852889219999994,0.42127788206,0.47904391069,0.39794521751,0.12301087179,0.65937136276,0.20520979004,0.10700310078,0.028415746429,-3.1789778509e-07,3.3706776612e-07,0.0,0.0,1.0,1.0,0.0,9.7369532764e-07,0.47584588206,66.66175322,-3.1789778509e-07,3.3706776612e-07,0.0
427,54.49937,325.014781,260.999875,3465.939,1.1203801153e-06,0.14951940270563271,0.039625954849519696,0.020586,0.24257972487,0.22199372487000002,4.19265,53.562560983,49.369910983,0.22199372487,0.4975984213,0.28060523715,0.22179634156,0.64309087036,0.17569461799,0.14171108566,0.039503425991,-8.0028610646e-08,2.5973179491e-07,0.0,0.0,1.0,1.0,0.0,1.1203801153e-06,0.24257972487,53.562560983,-8.0028610646e-08,2.5973179491e-07,0.0
428,54.533798,335.038449,271.023543,3808.561,1.0580579259e-06,0.1642999965919675,0.03742172413392337,0.011201,0.23667030647,0.22546930647000002,54.629747,40.42481181,14.20493519,0.22546930647,0.61068073064,0.34055196019,0.048767309169,0.62899301809,0.18412880463,0.14501985783,0.041858319443,3.9821886213e-08,2.472242565e-07,0.0,0.0,1.0,1.0,0.0,1.0580579259e-06,0.23667030647,40.42481181,3.9821886213e-08,2.472242565e-07,0.0
429,54.512929,344.997974,280.983068,3760.559,1.6033766837e-06,0.16222920701122884,0.056708728767518514,0.024711,0.19950850441,0.17479750441,42.643967,-26.530205482,69.174172482,0.17479750441,0.44662718389,0.2581367377,0.2952360784,0.61567091927,0.1981833439,0.14394608131,0.042199655524,1.9224350288e-07,-2.5567618225e-07,0.0,0.0,1.0,1.0,0.0,1.6033766837e-06,0.19950850441,-26.530205482,1.9224350288e-07,-2.5567618225e-07,0.0
430,54.482245,354.991676,290.97677,3374.261,1.2673643195e-06,0.14556444567919716,0.04482453822286187,0.066022,0.14597874702,0.07995674702,41.371539,9.7085909793,31.6629480207,0.079956747023,0.59656000191,0.38120393394,0.022236064154,0.5691155114,0.24889572657,0.13343970881,0.048549053216,1.7448554204e-07,6.1504879309e-08,0.0,0.0,1.0,1.0,0.0,1.2673643195e-06,0.14597874702,9.7085909793,1.7448554204e-07,6.1504879309e-08,0.0
431,59.226922,4.968251,300.953345,3334.496,1.6265249361e-06,0.14384899741291507,0.057527443409023965,0.097705,0.076580126008,0.021124873992,37.309829,-24.521759769,61.831588769,-0.021124873992,0.59277220752,0.39584275621,0.011385036272,0.6665988644,0.13624499637,0.16252160785,0.034634531382,8.1646947624e-08,-9.4068279129e-08,0.0,0.0,1.0,1.0,0.0,1.6265249361e-06,0.076580126008,-24.521759769,8.1646947624e-08,-9.4068279129e-08,0.0
432,59.270756,15.059537,311.044631,2756.5,3.215847988e-06,0.11891445105008384,0.11373911892508465,0.151193,0.24585041694,0.09465741694000002,22.630762,-51.660765427,74.291527427,0.094657416938,0.28089632427,0.22535910954,0.49374456619,0.59960573562,0.20218066187,0.14597631697,0.05223728555,-1.8217048411e-07,-7.6934391179e-07,0.0,0.0,1.0,1.0,0.0,3.215847988e-06,0.24585041694,-51.660765427,-1.8217048411e-07,-7.6934391179e-07,0.0
433,59.261334,25.092998,321.078092,2305.258,2.3052612545e-06,0.09944802815121138,0.08153320211569817,0.211413,0.16779396223,0.04361903776999998,6.08647,-49.306700719,55.393170719,-0.043619037775,0.34650080222,0.42012195922,0.23337723856,0.46271772976,0.33713223457,0.11234924566,0.087800790011,-5.7931060136e-08,-3.8244624819e-07,0.0,0.0,1.0,1.0,0.0,2.3052612545e-06,0.16779396223,-49.306700719,-5.7931060136e-08,-3.8244624819e-07,0.0
434,59.242294,35.022218,331.007312,1957.937,2.0394195613e-06,0.0844647210395966,0.07213082984221102,0.283507,0.26450743746,0.018999562540000015,-9.078925,-52.518759592,43.439834592000004,-0.018999562541,0.33121203993,0.65157717659,0.017210783488,0.3700063777,0.4291259303,0.08893100711,0.11193668489,-1.3995894857e-07,-5.2096907577e-07,0.0,0.0,1.0,1.0,0.0,2.0394195613e-06,0.26450743746,-52.518759592,-1.3995894857e-07,-5.2096907577e-07,0.0
435,59.243211,45.020823,341.005917,1663.435,1.1798060117e-06,0.07176000721294984,0.04172774856709927,0.367924,0.33715322567,0.030770774329999973,-24.032274,-59.746131133,35.713857133,-0.030770774326,0.46777840695,0.47494264678,0.057278946272,0.58295550331,0.25940210739,0.10413514026,0.053507249043,-1.9582722328e-07,-3.462325367e-07,0.0,0.0,1.0,1.0,0.0,1.1798060117e-06,0.33715322567,-59.746131133,-1.9582722328e-07,-3.462325367e-07,0.0
436,59.250054,55.005368,350.990462,1451.969,1.2114827411e-06,0.06263743753917621,0.042848101054476964,0.457514,0.30050401149,0.15700998850999998,-40.061107,-72.560417983,32.499310982999994,-0.15700998851,0.36221601275,0.32554612008,0.31223786717,0.65801202367,0.22310993451,0.091335841852,0.027542199962,-2.9865646578e-07,-2.0818421379e-07,0.0,0.0,1.0,1.0,0.0,1.2114827411e-06,0.30050401149,-72.560417983,-2.9865646578e-07,-2.0818421379e-07,0.0
437,59.230489,64.981639,0.966733,1289.588,8.5436883618e-07,0.05563237768937984,0.03021758460809534,0.522319,0.46317500303,0.05914399697,-55.769722,-71.785213116,16.015491115999993,-0.059143996967,0.40266821048,0.53193629075,0.065395498765,0.67849034587,0.13511024833,0.1531247841,0.033274621703,-3.1839316361e-07,-2.3499345271e-07,0.0,0.0,1.0,1.0,0.0,8.5436883618e-07,0.46317500303,-71.785213116,-3.1839316361e-07,-2.3499345271e-07,0.0
438,59.254875,74.970412,10.955506,1205.043,8.6764804435e-07,0.051985135801467866,0.030687247802038135,0.55971,0.74081019184,0.18110019183999992,-71.106962,-81.825699974,10.718737974000007,0.18110019184,0.31111722578,0.5673390543,0.12154371991,0.50256242479,0.3931248514,0.063552461921,0.040760261887,-6.1677361809e-07,-1.8092527095e-07,0.0,0.0,1.0,1.0,0.0,8.6764804435e-07,0.74081019184,-81.825699974,-6.1677361809e-07,-1.8092527095e-07,0.0
439,59.259394,85.000519,20.985613,1140.016,4.4223912333e-07,0.049179893643501685,0.01564125183449313,0.576094,0.73095863508,0.15486463508000003,-87.069812,-83.351825243,3.7179867570000056,0.15486463508,0.48555956994,0.39321984216,0.1212205879,0.76187714671,0.10349405002,0.12127577213,0.013353031136,-3.1459308587e-07,-7.4345490828e-08,0.0,0.0,1.0,1.0,0.0,4.4223912333e-07,0.73095863508,-83.351825243,-3.1459308587e-07,-7.4345490828e-08,0.0
440,59.229253,94.976949,30.962043,1140.656,1.1019390036e-06,0.04920750302085414,0.03897372383468819,0.531674,0.75416624562,0.22249224562000003,78.243073,86.790454209,8.547381209000008,0.22249224562,0.15937928043,0.16037636203,0.68024435754,0.79359894247,0.07904460833,0.11786162889,0.0094948203097,-8.2583514726e-07,9.2910903676e-08,0.0,0.0,1.0,1.0,0.0,1.1019390036e-06,0.75416624562,86.790454209,-8.2583514726e-07,9.2910903676e-08,0.0
441,59.237554,104.849548,40.834642,1145.429,3.9191409116e-07,0.04941340858039053,0.013861340333622667,0.466545,0.64400984653,0.17746484653000005,63.554217,83.309195859,19.754978858999998,0.17746484653,0.37829532302,0.41926094036,0.20244373662,0.78732593058,0.10118774875,0.10301869735,0.0084676233204,-2.4554402289e-07,5.8413551891e-08,0.0,0.0,1.0,1.0,0.0,3.9191409116e-07,0.64400984653,83.309195859,-2.4554402289e-07,5.8413551891e-08,0.0
442,59.216312,114.996686,50.98178,1189.946,2.9653156351e-07,0.05133385647351463,0.010487821219460321,0.394594,0.56613089261,0.17153689261000005,49.348677,78.122963286,28.774286286,0.17153689261,0.43132647797,0.55502147746,0.013652044573,0.77992837173,0.13353358024,0.078776476403,0.0077615716201,-1.5365372861e-07,6.762229806e-08,0.0,0.0,1.0,1.0,0.0,2.9653156351e-07,0.56613089261,78.122963286,-1.5365372861e-07,6.762229806e-08,0.0
443,59.229465,125.006815,60.991909,1200.969,3.2212082478e-07,0.05180938485875863,0.011392870227266092,0.307269,0.40780694728,0.10053794727999998,37.07133,71.878403089,34.807073089,0.10053794728,0.35056552951,0.580308546,0.069125924497,0.76060435382,0.1772866858,0.055387922666,0.0067210377113,-1.0594629786e-07,7.7663689671e-08,0.0,0.0,1.0,1.0,0.0,3.2212082478e-07,0.40780694728,71.878403089,-1.0594629786e-07,7.7663689671e-08,0.0
444,59.253006,134.992567,70.977661,1232.63,4.0206554603e-07,0.05317522938431521,0.01422038016915906,0.236816,0.28010483484,0.043288834839999984,25.422532,63.282430952,37.859898951999995,0.04328883484,0.25186913991,0.66077235371,0.08735850638,0.65867817792,0.2983342341,0.035595604478,0.0073919835024,-6.7091684405e-08,9.045487086e-08,0.0,0.0,1.0,1.0,0.0,4.0206554603e-07,0.28010483484,63.282430952,-6.7091684405e-08,9.045487086e-08,0.0
445,59.247041,145.006418,80.991512,1288.28,9.9440380173e-07,0.05557595102441575,0.03517038513218578,0.18602,0.3055392487,0.1195192487,18.265114,53.338770927,35.073656927,0.1195192487,0.092951622443,0.60216479862,0.30488357894,0.45026675027,0.5209773672,0.017658886024,0.011096996505,-8.7194496301e-08,2.9104882466e-07,0.0,0.0,1.0,1.0,0.0,9.9440380173e-07,0.3055392487,53.338770927,-8.7194496301e-08,2.9104882466e-07,0.0
446,59.261081,154.985564,90.970658,1303.37,7.494832794e-07,0.0562269283748042,0.02650795938307238,0.152522,0.19339874185,0.04087674185000001,16.601732,47.608614577,31.006882577,0.040876741851,0.11443850215,0.86712129163,0.018440206218,0.49448894098,0.47740767176,0.017396513571,0.010706873692,-1.3180520052e-08,1.4434861353e-07,0.0,0.0,1.0,1.0,0.0,7.494832794e-07,0.19339874185,47.608614577,-1.3180520052e-08,1.4434861353e-07,0.0
447,59.240209,164.94719,100.932284,1297.455,7.6913525576e-07,0.055971757332554516,0.02720301663847241,0.155137,0.14947984264,0.005657157359999998,15.626758,40.846949626,25.220191625999995,-0.0056571573603,0.10586352589,0.86530226901,0.028834205098,0.62682569391,0.34209069483,0.021648101893,0.0094355093713,1.6608777253e-08,1.1376422687e-07,0.0,0.0,1.0,1.0,0.0,7.6913525576e-07,0.14947984264,40.846949626,1.6608777253e-08,1.1376422687e-07,0.0
448,59.240983,174.964587,110.949681,1282.698,8.0409044624e-07,0.05533514548631978,0.028439322764225054,0.181648,0.12094523983,0.06070276017000001,10.362934,36.226007809,25.863073809000003,-0.060702760174,0.098452846003,0.89183322476,0.0097139292341,0.7043802329,0.26418870206,0.023826065852,0.0076049991888,2.9321579584e-08,9.2725319244e-08,0.0,0.0,1.0,1.0,0.0,8.0409044624e-07,0.12094523983,36.226007809,2.9321579584e-08,9.2725319244e-08,0.0
449,59.235477,184.974229,120.959323,1244.996,7.5883857337e-07,0.053708694322347254,0.0268388403505197,0.246647,0.073178542752,0.173468457248,1.579967,15.818144718,14.238177718,-0.17346845725,0.10435767107,0.86661183405,0.029030494881,0.70910820891,0.25911553482,0.024312768383,0.0074634878883,4.7278554849e-08,2.912725533e-08,0.0,0.0,1.0,1.0,0.0,7.5883857337e-07,0.073178542752,15.818144718,4.7278554849e-08,2.912725533e-08,0.0
450,59.283655,195.057356,131.04245,1210.268,7.6032176546e-07,0.052210540483759435,0.02689129835293236,0.30868,0.098889358467,0.209790641533,-9.279876,-19.407852344,10.127976343999999,-0.20979064153,0.10687784579,0.8499125185,0.043209635714,0.64180800813,0.32591192331,0.022925356158,0.0093547123922,5.8583737963e-08,-4.7128978683e-08,0.0,0.0,1.0,1.0,0.0,7.6032176546e-07,0.098889358467,-19.407852344,5.8583737963e-08,-4.7128978683e-08,0.0
451,59.253908,205.05737,141.042464,1179.008,8.4276194835e-07,0.05086199495870026,0.029807068563750993,0.408469,0.16672566597,0.24174333403000003,-21.852392,-34.985534539,13.133142539000001,-0.24174333403,0.10182659849,0.84781422082,0.050359180693,0.581259697,0.38578432048,0.021836149756,0.011119832772,4.8123930685e-08,-1.3201197154e-07,0.0,0.0,1.0,1.0,0.0,8.4276194835e-07,0.16672566597,-34.985534539,4.8123930685e-08,-1.3201197154e-07,0.0
452,59.219222,215.01219,150.997284,1145.446,1.7280307147e-06,0.04941414195447645,0.061117531580744074,0.48456,0.24041002214,0.24414997785999998,-34.805462,-87.024098971,52.218636971,-0.24414997786,0.053551428143,0.43820840174,0.50824017012,0.58193394237,0.38486955171,0.022051521278,0.011144984645,-4.131964844e-07,-4.3077305575e-08,0.0,0.0,1.0,1.0,0.0,1.7280307147e-06,0.24041002214,-87.024098971,-4.131964844e-07,-4.3077305575e-08,0.0
453,59.238504,224.981978,160.967072,1138.176,7.5887436051e-07,0.04910051668361336,0.026840106081296666,0.52972,0.24529837553,0.28442162446999997,-49.592325,-55.865428237,6.273103237000001,-0.28442162447,0.13349030015,0.78799528637,0.078514413473,0.63801305546,0.3267341756,0.025840804006,0.0094119649339,-6.8921734791e-08,-1.7292153763e-07,0.0,0.0,1.0,1.0,0.0,7.5887436051e-07,0.24529837553,-55.865428237,-6.8921734791e-08,-1.7292153763e-07,0.0
454,59.252457,235.017784,171.002878,1166.088,4.5769504229e-07,0.050304630653397485,0.016187901617457905,0.554063,0.35442853401,0.19963446598999995,-64.453182,-72.19651846,7.743336459999995,-0.19963446599,0.24662260137,0.65398476609,0.099392632544,0.73308069203,0.22130367235,0.039496048128,0.0061195874892,-1.3188987696e-07,-9.4448123766e-08,0.0,0.0,1.0,1.0,0.0,4.5769504229e-07,0.35442853401,-72.19651846,-1.3188987696e-07,-9.4448123766e-08,0.0
455,59.248924,245.025564,181.010658,1216.686,3.4258092076e-07,0.05248741077102206,0.012116509310509933,0.542682,0.57628797645,0.033605976449999964,-79.409057,-75.787408698,3.621648302000011,0.033605976446,0.37313916335,0.48728278501,0.13957805164,0.76338484099,0.14846081705,0.078808718289,0.0093456236736,-1.7362356538e-07,-9.3976555792e-08,0.0,0.0,1.0,1.0,0.0,3.4258092076e-07,0.57628797645,-75.787408698,-1.7362356538e-07,-9.3976555792e-08,0.0
456,59.231499,254.970578,190.955672,1329.831,4.7967024565e-07,0.057368446709372044,0.016965127493087807,0.493496,0.70995027586,0.21645427586000004,85.546041,-80.828712272,13.62524672799998,0.21645427586,0.30826082413,0.53389025641,0.15784891945,0.6886100102,0.22541027023,0.071683342401,0.014296377173,-3.2323972782e-07,-1.0716784938e-07,0.0,0.0,1.0,1.0,0.0,4.7967024565e-07,0.70995027586,-80.828712272,-3.2323972782e-07,-1.0716784938e-07,0.0
457,59.269561,264.93681,200.921904,1476.308,6.6782272628e-07,0.0636874135319598,0.02361976336215901,0.426863,0.70649651843,0.27963351843000006,70.563089,-84.406642779,25.030268221,0.27963351843,0.26261448081,0.67095032841,0.06643519078,0.6336535986,0.29544322978,0.053020751264,0.017882420353,-4.6285003584e-07,-9.1535248218e-08,0.0,0.0,1.0,1.0,0.0,6.6782272628e-07,0.70649651843,-84.406642779,-4.6285003584e-07,-9.1535248218e-08,0.0
458,59.23101,274.98299,210.968084,1708.871,6.2748814735e-07,0.07372010044636598,0.022193197340745287,0.326763,0.73234068051,0.40557768051,54.638079,89.099520313,34.461441313,0.40557768051,0.34217982402,0.59116958577,0.066650590208,0.66876367042,0.25347711061,0.060662718115,0.017096500856,-4.5930810225e-07,1.444203698e-08,0.0,0.0,1.0,1.0,0.0,6.2748814735e-07,0.73234068051,89.099520313,-4.5930810225e-07,1.444203698e-08,0.0
459,59.267953,285.028524,221.013618,2010.915,6.8825497885e-07,0.08675017352925063,0.024342417670956705,0.250778,0.70299649135,0.45221849135,40.188457,82.138029372,41.949572372000006,0.45221849135,0.39235174447,0.49687389962,0.11077435591,0.57912769114,0.31318225907,0.075043109521,0.032646940271,-4.6573482949e-07,1.3112216628e-07,0.0,0.0,1.0,1.0,0.0,6.8825497885e-07,0.70299649135,82.138029372,-4.6573482949e-07,1.3112216628e-07,0.0
460,59.271166,294.966612,230.951706,2386.419,9.5552475574e-07,0.10294928545637222,0.033795298855703974,0.16599,0.68190508552,0.51591508552,24.734208,79.435017559,54.70080955900001,0.51591508552,0.35989009567,0.61784808567,0.02226181866,0.52481848653,0.36772794388,0.068032854784,0.039420714806,-6.077684852e-07,2.3488359518e-07,0.0,0.0,1.0,1.0,0.0,9.5552475574e-07,0.68190508552,79.435017559,-6.077684852e-07,2.3488359518e-07,0.0
461,59.203202,304.991846,240.97694,2861.538,8.9732353043e-07,0.12344575382875198,0.03173681968883368,0.105544,0.5689161466,0.46337214660000003,9.120303,71.754474237,62.634171237,0.4633721466,0.48825552286,0.47467246615,0.037072010991,0.60203661145,0.27987026147,0.085150526928,0.032942600148,-4.1041783103e-07,3.035940347e-07,0.0,0.0,1.0,1.0,0.0,8.9732353043e-07,0.5689161466,71.754474237,-4.1041783103e-07,3.035940347e-07,0.0
462,59.238887,314.985057,250.970151,3436.632,1.0207462796e-06,0.14825510892115065,0.03610207414062697,0.054088,0.36794268121,0.31385468121000004,-2.695789,64.543799871,67.23958887100001,0.31385468121,0.54074903138,0.28637509006,0.17287587857,0.62976985495,0.20731852254,0.12027177873,0.042639843785,-2.3680368874e-07,2.9151575794e-07,0.0,0.0,1.0,1.0,0.0,1.0207462796e-06,0.36794268121,64.543799871,-2.3680368874e-07,2.9151575794e-07,0.0
463,59.24976,324.96971,260.954804,4143.036,1.1003533878e-06,0.1787291317325359,0.03891764327841854,0.016094,0.2793017077,0.2632077077,-22.143653,53.938112355,76.081765355,0.2632077077,0.61408195064,0.31711448355,0.068803565811,0.60115073854,0.20773880492,0.13875609593,0.052354360604,-9.4338723687e-08,2.9249323206e-07,0.0,0.0,1.0,1.0,0.0,1.1003533878e-06,0.2793017077,53.938112355,-9.4338723687e-08,2.9249323206e-07,0.0
464,59.257268,335.002608,270.987702,4804.369,1.9510111524e-06,0.2072588072835263,0.0690039735444703,0.013706,0.40050119758,0.38679519758,86.089049,61.890779596,24.198269404,0.38679519758,0.40998818468,0.2383027189,0.35170909641,0.6354250966,0.16908345528,0.15249096634,0.043000481781,-4.3447054234e-07,6.4945642761e-07,0.0,0.0,1.0,1.0,0.0,1.9510111524e-06,0.40050119758,61.890779596,-4.3447054234e-07,6.4945642761e-07,0.0
465,59.245405,345.009048,280.994142,4677.065,1.4894042693e-06,0.20176695701090527,0.052677716715956134,0.030075,0.13112654743,0.10105154742999999,60.839088,39.710130177,21.128957822999993,0.10105154743,0.60598198384,0.37084997605,0.023168040115,0.67026887506,0.13320489769,0.162764317,0.033761910257,3.5857895709e-08,1.9198039745e-07,0.0,0.0,1.0,1.0,0.0,1.4894042693e-06,0.13112654743,39.710130177,3.5857895709e-08,1.9198039745e-07,0.0
466,59.218861,354.989534,290.974628,4006.757,1.826932117e-06,0.17285010308219872,0.0646155073557288,0.060476,0.026693073012,0.033782926988000006,47.582358,-81.375625821,51.042016179,-0.033782926988,0.52742357598,0.33097039389,0.14160603012,0.68373850122,0.11959608608,0.16662077606,0.030044636641,-4.6573231449e-08,-1.4460257265e-08,0.0,0.0,1.0,1.0,0.0,1.826932117e-06,0.026693073012,-81.375625821,-4.6573231449e-08,-1.4460257265e-08,0.0
467,63.969356,4.992298,300.977392,3823.97,4.4365844887e-06,0.16496473549138005,0.15691450984760763,0.097683,0.4436892836,0.34600628359999996,42.22363,-61.550131047,76.226238953,0.3460062836,0.28341662175,0.15222556458,0.56435781367,0.67947197588,0.14101291508,0.1476104329,0.031904676141,-1.0749901363e-06,-1.6490150506e-06,0.0,0.0,1.0,1.0,0.0,4.4365844887e-06,0.4436892836,-61.550131047,-1.0749901363e-06,-1.6490150506e-06,0.0
468,63.966291,14.88351,310.868604,3112.24,2.0566895484e-06,0.13426095089283982,0.07274164015536365,0.149613,0.10881931006,0.04079368994,26.976862,-48.928639061,75.905501061,-0.040793689944,0.56367979758,0.35170875531,0.084611447115,0.59637977313,0.23290764071,0.12215191344,0.048560672722,-3.0595821376e-08,-2.2170635901e-07,0.0,0.0,1.0,1.0,0.0,2.0566895484e-06,0.10881931006,-48.928639061,-3.0595821376e-08,-2.2170635901e-07,0.0
469,63.963572,24.9779,320.962994,2574.529,2.3043751531e-06,0.11106428541538955,0.08150186220383344,0.211627,0.19535175209,0.016275247910000012,10.841294,-48.874337888,59.715631888,-0.016275247906,0.43534938306,0.48932090954,0.075329707403,0.38137625808,0.45779762473,0.072294487417,0.088531629774,-6.0694687709e-08,-4.4605328489e-07,0.0,0.0,1.0,1.0,0.0,2.3043751531e-06,0.19535175209,-48.874337888,-6.0694687709e-08,-4.4605328489e-07,0.0
470,63.988336,35.000516,330.98561,2141.718,1.3272884831e-06,0.09239296944461581,0.04694395481084105,0.284214,0.26119888574,0.023015114260000025,-5.381074,-55.662889694,50.281815694,-0.02301511426,0.62504469012,0.32621513127,0.048740178613,0.50597712946,0.35268564767,0.081823271723,0.059513951149,-1.2607953356e-07,-3.2294786419e-07,0.0,0.0,1.0,1.0,0.0,1.3272884831e-06,0.26119888574,-55.662889694,-1.2607953356e-07,-3.2294786419e-07,0.0
471,63.988861,45.014365,340.999459,1829.07,2.3117195902e-06,0.07890544349072261,0.08176162255565102,0.375919,0.41723990126,0.04132090125999999,-21.809242,-73.775004417,51.96576241700001,0.04132090126,0.28493708978,0.11111912901,0.60394378121,0.76931870288,0.10627636469,0.10699357787,0.017411354564,-8.1393820628e-07,-5.1753762934e-07,0.0,0.0,1.0,1.0,0.0,2.3117195902e-06,0.41723990126,-73.775004417,-8.1393820628e-07,-5.1753762934e-07,0.0
472,63.978813,55.009868,350.994962,1583.389,1.098923108e-06,0.06830685061989523,0.03886705669445207,0.465784,0.509118738,0.043334737999999984,-38.76228,-73.008859958,34.246579958000005,0.043334738002,0.46152348228,0.4615125801,0.076963937621,0.59638241569,0.2777792094,0.089671034458,0.03616734045,-4.6392862179e-07,-3.1271509278e-07,0.0,0.0,1.0,1.0,0.0,1.098923108e-06,0.509118738,-73.008859958,-4.6392862179e-07,-3.1271509278e-07,0.0
473,64.000443,64.996928,0.982022,1403.899,1.2983586485e-06,0.06056371446209383,0.04592075535914718,0.530416,0.58337438141,0.05295838140999998,-54.367685,-76.204673895,21.836988894999998,0.052958381406,0.2956600875,0.4018875339,0.3024523786,0.66859300862,0.14521204052,0.1504207572,0.035774193665,-6.7129368706e-07,-3.5080441622e-07,0.0,0.0,1.0,1.0,0.0,1.2983586485e-06,0.58337438141,-76.204673895,-6.7129368706e-07,-3.5080441622e-07,0.0
474,63.978708,75.006105,10.991199,1302.662,8.0615299813e-07,0.056196385501108045,0.02851227174551436,0.571187,0.71206395349,0.14087695348999996,-70.88959,-85.081618883,14.192028883000006,0.14087695349,0.35847744703,0.50792661456,0.1335959384,0.67221814718,0.23736003915,0.068989950805,0.021431862862,-5.6559334398e-07,-9.8068700101e-08,0.0,0.0,1.0,1.0,0.0,8.0615299813e-07,0.71206395349,-85.081618883,-5.6559334398e-07,-9.8068700101e-08,0.0
475,64.004176,85.007781,20.992875,1251.523,8.731389172e-07,0.05399026683169021,0.03088145071287817,0.559817,0.63565310593,0.07583610593000001,-86.648716,-82.279552962,4.369163037999996,0.075836105932,0.25216388632,0.54888076744,0.19895534624,0.5682563963,0.33687764611,0.0669839918,0.027881965784,-5.3498059865e-07,-1.4776909348e-07,0.0,0.0,1.0,1.0,0.0,8.731389172e-07,0.63565310593,-82.279552962,-5.3498059865e-07,-1.4776909348e-07,0.0
476,63.972708,95.015445,31.000539,1247.367,5.3883634779e-07,0.053810978437507685,0.019057732725905534,0.526625,0.65725707191,0.13063207191000004,77.419695,89.947460546,12.527765545999998,0.13063207191,0.31880863964,0.47983762681,0.20135373355,0.81958699252,0.073164807648,0.099294738959,0.0079534608769,-3.5415340459e-07,6.4950847977e-10,0.0,0.0,1.0,1.0,0.0,5.3883634779e-07,0.65725707191,89.947460546,-3.5415340459e-07,6.4950847977e-10,0.0
477,63.951322,105.113389,41.098483,1268.099,6.4924973372e-07,0.05470534970511891,0.022962867943762587,0.449902,0.45701080841,0.00710880841,61.516422,85.450855793,23.934433793000004,0.007108808412,0.2118198849,0.55382502189,0.2343550932,0.82517058098,0.10249195936,0.066652951092,0.0056845085628,-2.9298104583e-07,4.6918983657e-08,0.0,0.0,1.0,1.0,0.0,6.4924973372e-07,0.45701080841,85.450855793,-2.9298104583e-07,4.6918983657e-08,0.0
478,63.975442,115.032801,51.017895,1293.062,5.8757149251e-07,0.05578224484082115,0.020781412589451157,0.368833,0.36334287354,0.005490126460000022,46.932402,76.329423335,29.397021334999998,-0.0054901264601,0.19277843221,0.74577919857,0.061442369219,0.79002654884,0.15818547558,0.045951849194,0.0058361263894,-1.8964043808e-07,9.8053290803e-08,0.0,0.0,1.0,1.0,0.0,5.8757149251e-07,0.36334287354,76.329423335,-1.8964043808e-07,9.8053290803e-08,0.0
479,63.96692,125.010266,60.99536,1336.058,7.3334333493e-07,0.05763707732308106,0.025937116771615715,0.275437,0.24456618626,0.030870813739999975,32.994603,61.093766854,28.099163854000004,-0.03087081374,0.12979177388,0.76483355881,0.10537466731,0.70982666799,0.25056325567,0.031867480119,0.0077425962182,-9.5538860654e-08,1.5178636658e-07,0.0,0.0,1.0,1.0,0.0,7.3334333493e-07,0.24456618626,61.093766854,-9.5538860654e-08,1.5178636658e-07,0.0
480,63.987737,135.021426,71.00652,1359.769,8.7871443445e-07,0.05865996161433755,0.031078647353370188,0.210534,0.25001413612,0.03948013612000001,20.431117,57.684392511,37.253275511,0.039480136118,0.092516651202,0.89681932687,0.010664021931,0.57944758369,0.38673135701,0.022486740266,0.011334319034,-9.4125068458e-08,1.9850597031e-07,0.0,0.0,1.0,1.0,0.0,8.7871443445e-07,0.25001413612,57.684392511,-9.4125068458e-08,1.9850597031e-07,0.0
481,63.984249,144.997624,80.982718,1409.804,1.1786259924e-06,0.06081845410782239,0.041686013274884776,0.146164,0.24463486803,0.09847086803000002,13.789735,52.652890127,38.863155127,0.098470868034,0.060076732849,0.93098266075,0.008940606399,0.4519975437,0.51672735079,0.016297263052,0.014977842455,-7.6111368806e-08,2.7810607071e-07,0.0,0.0,1.0,1.0,0.0,1.1786259924e-06,0.24463486803,52.652890127,-7.6111368806e-08,2.7810607071e-07,0.0
482,63.999701,154.981549,90.966643,1450.036,6.3869054122e-06,0.06255404859164135,0.22589407116014543,0.099166,0.70723390288,0.60806790288,13.834901,82.862776598,69.027875598,0.60806790288,0.009853539599,0.14702758905,0.84311887135,0.50268706309,0.46621936394,0.017596115181,0.013497457787,-4.3775761384e-06,1.1137512098e-06,0.0,0.0,1.0,1.0,0.0,6.3869054122e-06,0.70723390288,82.862776598,-4.3775761384e-06,1.1137512098e-06,0.0
483,63.978675,164.975269,100.960363,1467.445,7.2963458769e-07,0.06330506679528035,0.025805944637557292,0.102636,0.19646313781,0.09382713780999999,14.225427,45.062444412,30.837017411999998,0.093827137811,0.079246148149,0.89788572598,0.022868125869,0.6470644512,0.32102564426,0.022589441319,0.0093204632246,-3.1245472044e-10,1.4334596002e-07,0.0,0.0,1.0,1.0,0.0,7.2963458769e-07,0.19646313781,45.062444412,-3.1245472044e-10,1.4334596002e-07,0.0
484,63.979051,174.967633,110.952727,1434.036,6.1800464251e-07,0.06186381415782988,0.021857781771088897,0.155931,0.11161193765,0.04431906234999998,13.794313,41.202877887,27.408564886999997,-0.044319062353,0.089255193328,0.80104781354,0.10969699313,0.7507707888,0.21608840054,0.026800505565,0.0063403050947,9.1157403933e-09,6.8371688706e-08,0.0,0.0,1.0,1.0,0.0,6.1800464251e-07,0.11161193765,41.202877887,9.1157403933e-09,6.8371688706e-08,0.0
485,63.983909,185.007113,120.992207,1385.46,5.6270870093e-07,0.059768262416778226,0.01990205758919011,0.230241,0.03391487053,0.19632612947,7.581841,48.222901766,40.641060766,-0.19632612947,0.097972255222,0.74901169462,0.15301605016,0.77516058882,0.19029603754,0.028883395824,0.0056599778142,-2.1424551584e-09,1.8963551839e-08,0.0,0.0,1.0,1.0,0.0,5.6270870093e-07,0.03391487053,48.222901766,-2.1424551584e-09,1.8963551839e-08,0.0
486,63.970988,194.90771,130.892804,1354.091,4.3626933258e-07,0.0584150146696387,0.01543011040535661,0.29159,0.064711660609,0.22687833939100002,-5.895656,-15.233089906,9.337433906000001,-0.22687833939,0.13251193337,0.85916410388,0.0083239627499,0.73747576661,0.22687757322,0.028966153303,0.0066805068662,2.4333720758e-08,-1.4314316332e-08,0.0,0.0,1.0,1.0,0.0,4.3626933258e-07,0.064711660609,-15.233089906,2.4333720758e-08,-1.4314316332e-08,0.0
487,63.960493,205.007521,140.992615,1301.867,6.1876605102e-07,0.056162089477678034,0.021884711505763117,0.386097,0.15360198813,0.23249501187000002,-19.294306,-20.068816257,0.7745102570000029,-0.23249501187,0.10209911603,0.63451854975,0.26338233422,0.69128430169,0.27138840665,0.029300082922,0.008027208742,7.2660731211e-08,-6.1267627808e-08,0.0,0.0,1.0,1.0,0.0,6.1876605102e-07,0.15360198813,-20.068816257,7.2660731211e-08,-6.1267627808e-08,0.0
488,63.94633,214.985445,150.970539,1270.275,6.9979048339e-07,0.05479922158811728,0.024750409008741266,0.462985,0.28264200568,0.18034299432,-33.918299,-68.202512944,34.28421394400001,-0.18034299432,0.10140203236,0.62390149341,0.27469647423,0.66076971467,0.30224276021,0.028076575935,0.008910949186,-1.4324605123e-07,-1.363874129e-07,0.0,0.0,1.0,1.0,0.0,6.9979048339e-07,0.28264200568,-68.202512944,-1.4324605123e-07,-1.363874129e-07,0.0
489,63.982612,224.99955,160.984644,1237.393,6.2315465054e-07,0.05338070354733046,0.022039928868207628,0.511462,0.23011588423,0.28134611576999996,-48.277326,-55.296381552,7.0190555519999975,-0.28134611577,0.13053113517,0.83477396768,0.034694897156,0.67599315837,0.28660436916,0.028847937895,0.008554534579,-5.0436357959e-08,-1.3423523414e-07,0.0,0.0,1.0,1.0,0.0,6.2315465054e-07,0.23011588423,-55.296381552,-5.0436357959e-08,-1.3423523414e-07,0.0
490,63.998424,234.974214,170.959308,1264.657,6.7181885661e-07,0.05455686302254521,0.023761099751360253,0.535995,0.28604105826,0.24995394174000002,-63.862708,-66.426133439,2.5634254389999995,-0.24995394174,0.14144475403,0.85583836323,0.0027168827404,0.71742300348,0.24296630962,0.03207300735,0.0075376795506,-1.3069529411e-07,-1.4088007135e-07,0.0,0.0,1.0,1.0,0.0,6.7181885661e-07,0.28604105826,-66.426133439,-1.3069529411e-07,-1.4088007135e-07,0.0
491,63.936684,245.010217,180.995311,1336.629,7.2120099768e-07,0.057661710064437696,0.02550766278446841,0.534985,0.23085192417,0.30413307583000004,-79.228097,-77.567943651,1.6601533490000122,-0.30413307583,0.15736715899,0.40199692713,0.44063591388,0.76826200376,0.17715592558,0.047989455747,0.0065926149139,-1.5105821335e-07,-7.0003919388e-08,0.0,0.0,1.0,1.0,0.0,7.2120099768e-07,0.23085192417,-77.567943651,-1.5105821335e-07,-7.0003919388e-08,0.0
492,63.989037,255.020999,191.006093,1439.97,4.4134213437e-07,0.062119804853469705,0.01560952684799606,0.488553,0.66035020346,0.17179720345999994,84.672598,-79.69953798,15.627864020000004,0.17179720346,0.31223426015,0.48918485338,0.19858088647,0.70371165918,0.2184184993,0.064399502123,0.01347033939,-2.7280388201e-07,-1.0254525924e-07,0.0,0.0,1.0,1.0,0.0,4.4134213437e-07,0.66035020346,-79.69953798,-2.7280388201e-07,-1.0254525924e-07,0.0
493,63.986648,265.029183,201.014277,1636.438,6.5181974876e-07,0.07059536602484931,0.02305376504069148,0.421846,0.74485149865,0.32300549865,69.182923,-81.268236576,29.54884042399999,0.32300549865,0.26374423554,0.6468203367,0.089435427764,0.63667571649,0.29297267538,0.052352226245,0.017999381887,-4.63130927e-07,-1.457005582e-07,0.0,0.0,1.0,1.0,0.0,6.5181974876e-07,0.74485149865,-81.268236576,-4.63130927e-07,-1.457005582e-07,0.0
494,63.977704,274.997326,210.98242,1869.463,7.6690912005e-07,0.0806479834585318,0.027124281973398726,0.328179,0.74541472599,0.41723572599000003,52.607716,-89.590998854,37.801285146,0.41723572599,0.28719720224,0.63535373751,0.077449060249,0.65352578195,0.26935879024,0.05789074318,0.019224684624,-5.7160709188e-07,-8.1612936599e-09,0.0,0.0,1.0,1.0,0.0,7.6690912005e-07,0.74541472599,-89.590998854,-5.7160709188e-07,-8.1612936599e-09,0.0
495,63.99052,284.928597,220.913691,2231.483,8.5152993665e-07,0.09626540031655878,0.03011717752030266,0.238005,0.66857697935,0.43057197935,36.891354,84.188975862,47.29762186200001,0.43057197935,0.33874164141,0.55719307307,0.10406528552,0.54148490883,0.35086395777,0.070645423713,0.037005709684,-5.5764113705e-07,1.1469093459e-07,0.0,0.0,1.0,1.0,0.0,8.5152993665e-07,0.66857697935,84.188975862,-5.5764113705e-07,1.1469093459e-07,0.0
496,63.983887,294.997029,230.982123,2675.88,1.2403384096e-06,0.11543653229671626,0.04386867737631532,0.161136,0.63847935734,0.47734335734000005,20.592019,80.145857682,59.553838682,0.47734335734,0.30952203498,0.64768053009,0.042797434933,0.50090767129,0.38976187226,0.066606434341,0.042724022107,-7.4554060359e-07,2.6706381027e-07,0.0,0.0,1.0,1.0,0.0,1.2403384096e-06,0.63847935734,80.145857682,-7.4554060359e-07,2.6706381027e-07,0.0
497,63.94622,304.975873,240.960967,3243.004,1.0640493653e-06,0.13990206436177258,0.03763363123929399,0.099171,0.53158832412,0.43241732412,4.162909,72.639556151,68.476647151,0.43241732412,0.4758863165,0.48645284817,0.037660835338,0.59405069893,0.28075642074,0.088956647909,0.036236232419,-4.6491702595e-07,3.2217462826e-07,0.0,0.0,1.0,1.0,0.0,1.0640493653e-06,0.53158832412,72.639556151,-4.6491702595e-07,3.2217462826e-07,0.0
498,63.981702,314.990502,250.975596,3974.022,1.1969168544e-06,0.17143792657027257,0.04233293021126464,0.053443,0.32995478129,0.27651178129,-14.538462,62.317621358,76.85608335799999,0.27651178129,0.5501721735,0.34384936319,0.10597846331,0.55603969323,0.26050295158,0.12021290101,0.063244454173,-2.244575585e-07,3.2494195835e-07,0.0,0.0,1.0,1.0,0.0,1.1969168544e-06,0.32995478129,62.317621358,-2.244575585e-07,3.2494195835e-07,0.0
499,63.97345,324.97644,260.961534,5017.618,1.4959162423e-06,0.21645829495701782,0.05290803421673594,0.02313,0.22977614731,0.20664614731,-46.212735,58.503568244,75.283696756,0.20664614731,0.55390240583,0.34952185054,0.096575743626,0.5180566581,0.28723386188,0.1202811172,0.074428362817,-1.560864252e-07,3.0624255446e-07,0.0,0.0,1.0,1.0,0.0,1.4959162423e-06,0.22977614731,58.503568244,-1.560864252e-07,3.0624255446e-07,0.0
500,63.979034,335.003389,270.988483,6320.33,1.6553477827e-06,0.27265683744073155,0.05854685887562247,0.023199,0.17507928725,0.15188028725,-86.420739,50.999285996,42.579975004000005,0.15188028725,0.60634626972,0.37192788867,0.021725841612,0.57592278394,0.2320660069,0.1321219287,0.059889280463,-6.0249299943e-08,2.8348541245e-07,0.0,0.0,1.0,1.0,0.0,1.6553477827e-06,0.17507928725,50.999285996,-6.0249299943e-08,2.8348541245e-07,0.0
501,63.962921,345.009108,280.994202,6095.85,5.5156869404e-06,0.26297284833435647,0.19508054336170688,0.042167,0.17697925504,0.13481225504,72.016457,46.757368376,25.259088624,0.13481225504,0.209934864,0.11619357515,0.67387156085,0.65039084633,0.16279299685,0.1458440668,0.040972090023,-5.9843877931e-08,9.7432606662e-07,0.0,0.0,1.0,1.0,0.0,5.5156869404e-06,0.17697925504,46.757368376,-5.9843877931e-08,9.7432606662e-07,0.0
502,63.955247,355.003691,290.988785,4781.57,2.0350658078e-06,0.20627526635499704,0.07197684492471652,0.056546,0.043581137621,0.012964862378999999,59.08853,13.081700451,46.006829549,-0.012964862379,0.61730089331,0.32200603023,0.060693076462,0.68954793881,0.12731228597,0.15257696281,0.0305628124,7.960327472e-08,3.9106526767e-08,0.0,0.0,1.0,1.0,0.0,2.0350658078e-06,0.043581137621,13.081700451,7.960327472e-08,3.9106526767e-08,0.0
503,68.697699,4.97882,300.963914,4357.655,2.5037989071e-06,0.1879877207294225,0.0885551439999047,0.093431,0.029573851458,0.063857148542,47.237496,-10.20479224,57.442288239999996,-0.063857148542,0.66853708879,0.20122852816,0.13023438305,0.73526747097,0.083982093889,0.15906242403,0.02168801111,6.9398579275e-08,-2.5822315763e-08,0.0,0.0,1.0,1.0,0.0,2.5037989071e-06,0.029573851458,-10.20479224,6.9398579275e-08,-2.5822315763e-08,0.0
504,68.713365,15.001975,310.987069,3496.599,2.4074309929e-06,0.15084206443942397,0.08514677342559379,0.138757,0.051041657423,0.08771534257699999,29.853845,-27.484420393,57.338265393,-0.087715342577,0.62761930377,0.20214206995,0.17023862628,0.74598801392,0.077266168132,0.15676520919,0.019980608757,7.05353825e-08,-1.0061845915e-07,0.0,0.0,1.0,1.0,0.0,2.4074309929e-06,0.051041657423,-27.484420393,7.05353825e-08,-1.0061845915e-07,0.0
505,68.690342,24.956315,320.941409,2861.973,1.8339172048e-06,0.12346451957742123,0.06486255812894662,0.210379,0.17469008099,0.035688919010000014,14.607508,-63.249238481,77.856746481,-0.035688919008,0.69386706213,0.28231193633,0.023821001536,0.71667960389,0.11093856456,0.14414160859,0.028240222959,-1.9055483227e-07,-2.5753439288e-07,0.0,0.0,1.0,1.0,0.0,1.8339172048e-06,0.17469008099,-63.249238481,-1.9055483227e-07,-2.5753439288e-07,0.0
506,68.734558,34.990699,330.975793,2359.891,1.6554154363e-06,0.1018048767651128,0.0585492516693381,0.286643,0.24502703507,0.04161596492999997,-3.125063,-63.123410186,59.998347186000004,-0.041615964926,0.61679161769,0.35127595367,0.031932428641,0.560292974,0.23912575562,0.13257435825,0.06800691213,-2.3982977452e-07,-3.2712460907e-07,0.0,0.0,1.0,1.0,0.0,1.6554154363e-06,0.24502703507,-63.123410186,-2.3982977452e-07,-3.2712460907e-07,0.0
507,68.72238,45.005744,340.990838,1988.297,2.0908264437e-06,0.08577444087775388,0.07394900456087918,0.384169,0.32648189748,0.05768710251999998,-20.066506,-71.561310532,51.49480453199999,-0.057687102524,0.37575561653,0.51922096007,0.10502342339,0.40972999697,0.37019124566,0.11029062669,0.10978813069,-5.4604010417e-07,-4.0964149244e-07,0.0,0.0,1.0,1.0,0.0,2.0908264437e-06,0.32648189748,-71.561310532,-5.4604010417e-07,-4.0964149244e-07,0.0
508,68.718747,55.008232,350.993326,1718.997,9.9947236709e-07,0.07415693256366443,0.03534965173944203,0.461597,0.43386241849,0.027734581509999967,-37.203188,-73.437335975,36.234147975,-0.027734581511,0.5841747219,0.33051862233,0.085306655772,0.6869692786,0.17466010614,0.10887256775,0.029498047508,-3.6315817939e-07,-2.3696866392e-07,0.0,0.0,1.0,1.0,0.0,9.9947236709e-07,0.43386241849,-73.437335975,-3.6315817939e-07,-2.3696866392e-07,0.0
509,68.732022,65.0248,1.009894,1514.505,1.1888571972e-06,0.06533521882372836,0.04204787373092512,0.53696,0.62923803953,0.09227803953000002,-54.051688,-81.578763965,27.527075964999995,0.09227803953,0.35605681353,0.57245675576,0.071486430709,0.54056775731,0.32962254521,0.086562676097,0.043247021383,-7.1598551681e-07,-2.1674802563e-07,0.0,0.0,1.0,1.0,0.0,1.1888571972e-06,0.62923803953,-81.578763965,-7.1598551681e-07,-2.1674802563e-07,0.0
510,68.71589,75.039339,11.024433,1415.06,8.5181318081e-07,0.06104519611932945,0.030127195388472826,0.579893,0.5773540182,0.0025389818000000064,-71.214607,-81.158904785,9.944297785000003,-0.0025389817995,0.35553540662,0.54210828152,0.10235631186,0.707047624,0.10412543084,0.16135491888,0.027472026278,-4.6856323946e-07,-1.4937714022e-07,0.0,0.0,1.0,1.0,0.0,8.5181318081e-07,0.5773540182,-81.158904785,-4.6856323946e-07,-1.4937714022e-07,0.0
511,68.727337,84.999938,20.985032,1352.649,4.8663455087e-07,0.05835280729129144,0.017211443221506553,0.562361,0.70691333547,0.14455233547000002,-88.260315,-89.566129343,1.3058143429999944,0.14455233547,0.4484207472,0.50852987645,0.043049376353,0.74660193744,0.14426986508,0.095060734926,0.014067462555,-3.4396900178e-07,-5.2097892512e-09,0.0,0.0,1.0,1.0,0.0,4.8663455087e-07,0.70691333547,-89.566129343,-3.4396900178e-07,-5.2097892512e-09,0.0
512,68.703042,95.003604,30.988698,1355.007,8.4850949292e-07,0.05845453059097441,0.03001034952038011,0.514125,0.76277740562,0.2486524056199999,75.644043,84.748250798,9.104207798000004,0.24865240562,0.18830958998,0.73197326889,0.079717141129,0.58082293637,0.34105815688,0.054283279094,0.023835627654,-6.3637884325e-07,1.1798603866e-07,0.0,0.0,1.0,1.0,0.0,8.4850949292e-07,0.76277740562,84.748250798,-6.3637884325e-07,1.1798603866e-07,0.0
513,68.725734,105.059588,41.044682,1370.764,1.1243204623e-06,0.05913428208932237,0.03976531827643274,0.439446,0.66400607916,0.22456007915999998,59.27643,86.96184563,27.68541563,0.22456007916,0.10592451916,0.65152578005,0.24254970079,0.4650347778,0.47239621053,0.039864074046,0.022704937622,-7.4236132186e-07,7.9025087285e-08,0.0,0.0,1.0,1.0,0.0,1.1243204623e-06,0.66400607916,86.96184563,-7.4236132186e-07,7.9025087285e-08,0.0
514,68.727009,114.995049,50.980143,1408.566,5.4230044468e-07,0.06076504721850622,0.019180251989754437,0.343569,0.62005281053,0.27648381053000004,44.014129,84.94331883,40.92918983,0.27648381053,0.16765154525,0.66796838001,0.16438007474,0.72301381642,0.19946366878,0.066248943397,0.011273571403,-3.3103027166e-07,5.9045126986e-08,0.0,0.0,1.0,1.0,0.0,5.4230044468e-07,0.62005281053,84.94331883,-3.3103027166e-07,5.9045126986e-08,0.0
515,68.705007,124.989522,60.974616,1480.401,4.3878001466e-07,0.0638639841280592,0.015518908995571628,0.259588,0.47362716696,0.21403916696000003,28.783344,85.014295973,56.230951973,0.21403916696,0.16120268131,0.67804936902,0.16074794967,0.81596818909,0.11046937478,0.066831882124,0.0067305540131,-2.0467889372e-07,3.5985105362e-08,0.0,0.0,1.0,1.0,0.0,4.3878001466e-07,0.47362716696,85.014295973,-2.0467889372e-07,3.5985105362e-08,0.0
516,68.729807,134.994994,70.980088,1511.946,3.6910026368e-07,0.06522482445397064,0.01305445373743817,0.178415,0.32099999906,0.14258499906,16.809545,75.981706425,59.172161425,0.14258499906,0.1505470083,0.77097065135,0.078482340348,0.80482098917,0.13366516102,0.055489076697,0.006024773117,-1.0457713583e-07,5.5690337529e-08,0.0,0.0,1.0,1.0,0.0,3.6910026368e-07,0.32099999906,75.981706425,-1.0457713583e-07,5.5690337529e-08,0.0
517,68.7053,145.01606,81.001154,1573.333,4.327072923e-07,0.06787303827824473,0.015304127049011827,0.11463,0.24825121789,0.13362121788999998,6.521003,65.932036402,59.411033401999994,0.13362121789,0.10250721181,0.67638839782,0.22110439038,0.77216956366,0.17627742417,0.044938480828,0.0066145313385,-7.1688499004e-08,7.9998997729e-08,0.0,0.0,1.0,1.0,0.0,4.327072923e-07,0.24825121789,65.932036402,-7.1688499004e-08,7.9998997729e-08,0.0
518,68.723253,155.006264,90.991358,1624.519,4.2360322815e-07,0.07008118451131187,0.014982131656529847,0.057141,0.12142601775,0.06428501775,4.950025,62.737083758,57.787058758,0.06428501775,0.084559187961,0.71059801374,0.2048427983,0.7647121229,0.18927975191,0.03930273517,0.0067053900272,-2.9850417372e-08,4.1888677352e-08,0.0,0.0,1.0,1.0,0.0,4.2360322815e-07,0.12142601775,62.737083758,-2.9850417372e-08,4.1888677352e-08,0.0
519,68.717684,164.948891,100.933985,1636.041,3.3613346216e-07,0.07057823958296036,0.011888473575236877,0.065063,0.094212440793,0.029149440792999998,20.775631,62.191170911,41.415539910999996,0.029149440793,0.090061479946,0.84581693031,0.064121589745,0.78978942271,0.16541703928,0.038946911885,0.0058466261214,-1.7883295185e-08,2.6135168982e-08,0.0,0.0,1.0,1.0,0.0,3.3613346216e-07,0.094212440793,62.191170911,-1.7883295185e-08,2.6135168982e-08,0.0
520,68.708245,174.965187,110.950281,1578.857,1.5218101436e-06,0.06811134171651813,0.05382385782854377,0.12481,0.19010183057,0.06529183056999999,21.083758,-33.332870331,54.416628331,0.065291830572,0.018100888195,0.17644708736,0.80545202444,0.81920115995,0.13482385341,0.04104339495,0.004931591687,1.1458973148e-07,-2.6563705229e-07,0.0,0.0,1.0,1.0,0.0,1.5218101436e-06,0.19010183057,-33.332870331,1.1458973148e-07,-2.6563705229e-07,0.0
521,68.71878,184.98848,120.973574,1517.699,3.0489534127e-07,0.06547300687257798,0.010783633931024227,0.195585,0.085416231999,0.110168768001,10.315425,-81.354908789,88.32966621099999,-0.110168768,0.09011438153,0.8699250723,0.039960546171,0.82435801355,0.12914623654,0.041706878194,0.0047888717182,-2.4866172854e-08,-7.7402764961e-09,0.0,0.0,1.0,1.0,0.0,3.0489534127e-07,0.085416231999,-81.354908789,-2.4866172854e-08,-7.7402764961e-09,0.0
522,68.650984,194.988495,130.973589,1477.478,3.8873930713e-07,0.06373788692493226,0.013749053577626404,0.27582,0.14210363006,0.13371636994,-2.684489,-72.376019899,69.691530899,-0.13371636994,0.078812565061,0.76970573871,0.15148169623,0.80769980542,0.14535957482,0.041458033897,0.0054825858643,-4.5113448957e-08,-3.1880625289e-08,0.0,0.0,1.0,1.0,0.0,3.8873930713e-07,0.14210363006,-72.376019899,-4.5113448957e-08,-3.1880625289e-08,0.0
523,68.716056,204.960539,140.945633,1425.823,3.7779095881e-07,0.06150950819502402,0.013361828964943085,0.347086,0.13547849628,0.21160750372,-16.577397,-61.969151445,45.391754445000004,-0.21160750372,0.094859051951,0.79494597636,0.11019497169,0.7629098032,0.19111706257,0.039215963028,0.0067571712022,-2.8575210915e-08,-4.2463052752e-08,0.0,0.0,1.0,1.0,0.0,3.7779095881e-07,0.13547849628,-61.969151445,-2.8575210915e-08,-4.2463052752e-08,0.0
524,68.691019,215.012836,150.99793,1386.676,4.4197105094e-07,0.05982072023374789,0.01563177056623651,0.449201,0.21290773923,0.23629326077,-32.297,-66.017063106,33.720063106,-0.23629326077,0.10060308816,0.7933020633,0.10609484854,0.7266523178,0.22603828567,0.039255685686,0.0080537108444,-6.300619895e-08,-6.9891712462e-08,0.0,0.0,1.0,1.0,0.0,4.4197105094e-07,0.21290773923,-66.017063106,-6.300619895e-08,-6.9891712462e-08,0.0
525,68.709859,225.022007,161.007101,1360.803,6.6286239669e-07,0.05870456801462262,0.02344432487151832,0.508072,0.19726162652,0.31081037347999996,-47.136313,-51.916585047,4.780272046999997,-0.31081037348,0.084034278666,0.60295058893,0.31301513241,0.69944563524,0.25470822071,0.036930423253,0.0089157208034,-3.1263502987e-08,-1.2696483247e-07,0.0,0.0,1.0,1.0,0.0,6.6286239669e-07,0.19726162652,-51.916585047,-3.1263502987e-08,-1.2696483247e-07,0.0
526,68.69143,235.01704,171.002134,1382.085,5.9327811724e-07,0.059622666090896115,0.020983246280362015,0.54027,0.29238677694,0.24788322306000005,-62.978809,-69.939102847,6.960293847000003,-0.24788322306,0.11937510805,0.8632494986,0.017375393357,0.71227188463,0.24141206114,0.037647464111,0.0086685901175,-1.3264586198e-07,-1.1178444957e-07,0.0,0.0,1.0,1.0,0.0,5.9327811724e-07,0.29238677694,-69.939102847,-1.3264586198e-07,-1.1178444957e-07,0.0
527,68.706266,244.981537,180.966631,1459.436,8.1143753665e-07,0.0629595613215056,0.02869917695914179,0.527076,0.37484675436,0.15222924564,-79.584026,-80.038591278,0.454565278000004,-0.15222924564,0.11212465246,0.45439096129,0.43348438625,0.75332616634,0.19484772132,0.044226500599,0.0075996117453,-2.8596122844e-07,-1.0364534223e-07,0.0,0.0,1.0,1.0,0.0,8.1143753665e-07,0.37484675436,-80.038591278,-2.8596122844e-07,-1.0364534223e-07,0.0
528,68.694684,255.000139,190.985233,1583.972,4.2052441312e-07,0.06833200103707723,0.014873239162185517,0.501284,0.68865475699,0.18737075699000005,84.113749,-80.873943852,15.01230714799999,0.18737075699,0.28403406662,0.70227460497,0.013691328413,0.65342667284,0.26468806234,0.063754419574,0.018130845247,-2.7502585511e-07,-9.0701168079e-08,0.0,0.0,1.0,1.0,0.0,4.2052441312e-07,0.68865475699,-80.873943852,-2.7502585511e-07,-9.0701168079e-08,0.0
529,68.717702,264.935502,200.920596,1778.077,8.2318980622e-07,0.07670562321051332,0.029114834910403717,0.414691,0.75163984178,0.33694884178,67.340996,-85.128722615,27.530281384999995,0.33694884178,0.19357791009,0.73775144706,0.068670642851,0.58406664686,0.33751949553,0.054776856563,0.023637001047,-6.0981878994e-07,-1.0470445274e-07,0.0,0.0,1.0,1.0,0.0,8.2318980622e-07,0.75163984178,-85.128722615,-6.0981878994e-07,-1.0470445274e-07,0.0
530,68.711797,274.965553,210.950647,2045.538,7.438026851e-07,0.08824379770436656,0.026307046344563156,0.319847,0.75466320595,0.43481620595000003,50.624495,87.843445878,37.218950877999994,0.43481620595,0.29315534184,0.68818671775,0.018657940412,0.59172187681,0.30419184743,0.073516099389,0.030570176377,-5.597308332e-07,4.2215155312e-08,0.0,0.0,1.0,1.0,0.0,7.438026851e-07,0.75466320595,87.843445878,-5.597308332e-07,4.2215155312e-08,0.0
531,68.706469,284.876187,220.861281,2420.27,1.3712288416e-06,0.10440960582005675,0.048498051173508534,0.239961,0.6795193056,0.4395583056,34.254427,84.801568082,50.547141082,0.4395583056,0.22025720912,0.6833736339,0.096369156986,0.41932367001,0.46383846041,0.06267451024,0.054163359341,-9.1647795879e-07,1.6815332755e-07,0.0,0.0,1.0,1.0,0.0,1.3712288416e-06,0.6795193056,84.801568082,-9.1647795879e-07,1.6815332755e-07,0.0
532,68.708858,294.932117,230.917211,2984.685,1.1744694232e-06,0.12875827256753836,0.04153900243347583,0.162563,0.48446133076,0.32189833075999996,16.416912,78.764012405,62.347100405000006,0.32189833076,0.35976420039,0.47001269808,0.17022310152,0.52376602218,0.33425513909,0.10154337096,0.040435467769,-5.2578005378e-07,2.1748399404e-07,0.0,0.0,1.0,1.0,0.0,1.1744694232e-06,0.48446133076,78.764012405,-5.2578005378e-07,2.1748399404e-07,0.0
533,68.699367,305.026499,241.011593,3681.706,1.3874001676e-06,0.1588275160231453,0.04907000369674773,0.096617,0.38513766719,0.28852066718999997,-2.61215,70.281437295,72.893587295,0.28852066719,0.42107582705,0.38692369652,0.19200047643,0.55785726505,0.23195104302,0.14366797069,0.066523721239,-4.1268265687e-07,3.394294164e-07,0.0,0.0,1.0,1.0,0.0,1.3874001676e-06,0.38513766719,70.281437295,-4.1268265687e-07,3.394294164e-07,0.0
534,68.710418,315.028581,251.013675,4593.881,1.9167375831e-06,0.19817842818951942,0.06779177521011301,0.05196,0.29293090726,0.24097090725999998,-21.190626,61.279246813,82.469872813,0.24097090726,0.41014436687,0.48753545314,0.10232017999,0.42754719517,0.35235754216,0.11506327415,0.10503198852,-3.0216179645e-07,4.7323217908e-07,0.0,0.0,1.0,1.0,0.0,1.9167375831e-06,0.29293090726,61.279246813,-3.0216179645e-07,4.7323217908e-07,0.0
535,68.701421,325.021154,261.006248,6093.547,2.3617666815e-06,0.2628734977155397,0.08353170375677316,0.024722,0.22186367935,0.19714167935000002,-51.640339,61.924393428,66.435267572,0.19714167935,0.43166490808,0.53490779538,0.033427296539,0.37804550248,0.40173131988,0.10150979193,0.11871338571,-2.9186413347e-07,4.3517939427e-07,0.0,0.0,1.0,1.0,0.0,2.3617666815e-06,0.22186367935,61.924393428,-2.9186413347e-07,4.3517939427e-07,0.0
536,68.671086,334.999499,270.984593,10175.18,2.3830256656e-06,0.4389537253893678,0.08428359816527727,0.033184,0.16761351126,0.13442951126,87.037577,55.941762823,31.095814177,0.13442951126,0.53291514243,0.44191243395,0.025172423623,0.47453764118,0.31240530764,0.12328551065,0.089771540534,-1.4887493633e-07,3.7064595061e-07,0.0,0.0,1.0,1.0,0.0,2.3830256656e-06,0.16761351126,55.941762823,-1.4887493633e-07,3.7064595061e-07,0.0
537,68.689789,344.982307,280.967401,9406.152,2.3615411163e-06,0.40577812500404437,0.08352372589612679,0.05153,0.11260914163,0.06107914163000001,80.764523,52.329495116,28.435027884,0.061079141626,0.63897632805,0.32442247354,0.036601198415,0.59993453832,0.19969444406,0.14584343255,0.054527585077,-6.7298005293e-08,2.5727482974e-07,0.0,0.0,1.0,1.0,0.0,2.3615411163e-06,0.11260914163,52.329495116,-6.7298005293e-08,2.5727482974e-07,0.0
538,68.694917,354.99791,290.983004,5694.09,2.4473096441e-06,0.24564106170135025,0.0865572140522447,0.065245,0.051890967011,0.013354032988999995,65.90838,42.698537896,23.209842103999996,-0.013354032989,0.68364546712,0.24094885224,0.075405680649,0.68975161897,0.12253406199,0.15584041191,0.031873907131,1.0191183642e-08,1.2658368331e-07,0.0,0.0,1.0,1.0,0.0,2.4473096441e-06,0.051890967011,42.698537896,1.0191183642e-08,1.2658368331e-07,0.0
539,73.437543,5.012256,300.99735,4920.869,3.7067722661e-06,0.21228457675471613,0.13110228256291367,0.095213,0.032837941106,0.062375058894,51.603588,-58.067337634,70.329074366,-0.062375058894,0.62013813506,0.16470171217,0.21516015277,0.748508392,0.084779381814,0.14651498327,0.020197242909,-5.361675869e-08,-1.0927797477e-07,0.0,0.0,1.0,1.0,0.0,3.7067722661e-06,0.032837941106,-58.067337634,-5.361675869e-08,-1.0927797477e-07,0.0
540,73.473998,15.088353,311.073447,3894.146,3.971786074e-06,0.1679921037180772,0.14047537392979564,0.143148,0.044037381642,0.099110618358,34.166466,-55.186601263,89.353067263,-0.099110618358,0.50534417501,0.16335763916,0.33129818584,0.71855028606,0.10281717968,0.15059904754,0.02803348671,-6.0891030906e-08,-1.6396573329e-07,0.0,0.0,1.0,1.0,0.0,3.971786074e-06,0.044037381642,-55.186601263,-6.0891030906e-08,-1.6396573329e-07,0.0
541,73.462283,25.020478,321.005572,3145.518,2.6737292639e-06,0.13569655223586347,0.09456529408572316,0.209804,0.16635657595,0.04344742404999999,17.977642,-66.265840098,84.243482098,-0.043447424053,0.60749577474,0.30644649548,0.086057729772,0.60728180011,0.18722574145,0.14969663656,0.055795821889,-3.0067869783e-07,-3.2776918727e-07,0.0,0.0,1.0,1.0,0.0,2.6737292639e-06,0.16635657595,-66.265840098,-3.0067869783e-07,-3.2776918727e-07,0.0
542,73.448573,35.024396,331.00949,2583.567,3.8231855044e-06,0.11145418159118882,0.13521962243869948,0.286404,0.15122781047,0.13517618953,0.38457,-76.516488846,76.901058846,-0.13517618953,0.32829459673,0.387111405,0.28459399827,0.39378519968,0.38268726869,0.10730903282,0.11621849881,-5.1530599265e-07,-2.6218803202e-07,0.0,0.0,1.0,1.0,0.0,3.8231855044e-06,0.15122781047,-76.516488846,-5.1530599265e-07,-2.6218803202e-07,0.0
543,73.449483,45.035829,341.020923,2137.227,2.017027673e-06,0.09219922926697534,0.07133886652310685,0.382996,0.28653265537,0.09646334463,-18.286516,-68.511765759,50.225249759,-0.096463344625,0.46159200203,0.48175830951,0.056649688461,0.40173025417,0.43429896149,0.076854525621,0.087116258722,-4.2284354517e-07,-3.9398343181e-07,0.0,0.0,1.0,1.0,0.0,2.017027673e-06,0.28653265537,-68.511765759,-4.2284354517e-07,-3.9398343181e-07,0.0
544,73.441222,55.006151,350.991245,1847.139,1.037981359e-06,0.07968493386475632,0.036711649827312044,0.46599,0.45275487458,0.013235125419999993,-35.684578,-79.630369236,43.945791236000005,-0.01323512542,0.63973743811,0.29575234088,0.064510221009,0.7508755407,0.10717983665,0.12108335284,0.020861269819,-4.3949903706e-07,-1.6641710139e-07,0.0,0.0,1.0,1.0,0.0,1.037981359e-06,0.45275487458,-79.630369236,-4.3949903706e-07,-1.6641710139e-07,0.0
545,73.453627,65.012438,0.997532,1619.911,1.4113252404e-06,0.06988239699437417,0.049916193165480335,0.531173,0.61131389061,0.08014089060999996,-54.096317,-83.288218341,29.191901341000005,0.080140890611,0.32374127824,0.65975858888,0.016500132875,0.52931939082,0.33284281246,0.091093932102,0.046743864615,-8.3919246697e-07,-2.0028859353e-07,0.0,0.0,1.0,1.0,0.0,1.4113252404e-06,0.61131389061,-83.288218341,-8.3919246697e-07,-2.0028859353e-07,0.0
546,73.453944,74.998598,10.983692,1528.302,1.873962684e-05,0.06593041660393442,0.6627889918055629,0.56893,0.33954189485,0.22938810515000002,-71.061615,77.625422762,31.31296223800001,-0.22938810515,0.016369516392,0.028493188615,0.95513729499,0.69342194389,0.11065432516,0.16553879348,0.030384937461,-5.7784529824e-06,2.6637999167e-06,0.0,0.0,1.0,1.0,0.0,1.873962684e-05,0.33954189485,77.625422762,-5.7784529824e-06,2.6637999167e-06,0.0
547,73.446615,85.011389,20.996483,1471.448,5.7438224378e-07,0.06347775482268957,0.020314931109159873,0.559972,0.69246427567,0.13249227567,-88.657139,-88.473902303,0.18323669699999812,0.13249227567,0.35483645989,0.50865153961,0.13651200051,0.80492238736,0.10306783347,0.082543629059,0.0094661501095,-3.9717496881e-07,-2.1177888331e-08,0.0,0.0,1.0,1.0,0.0,5.7438224378e-07,0.69246427567,-88.473902303,-3.9717496881e-07,-2.1177888331e-08,0.0
548,73.442816,95.005978,30.991072,1469.225,6.0498708019e-07,0.06338185537604188,0.02139737254952305,0.493865,0.72206578603,0.22820078603000005,74.043551,83.831695033,9.788144033000009,0.22820078603,0.22425631368,0.6756535654,0.10009012091,0.66698911747,0.24209149597,0.072069060634,0.018850325927,-4.2675350021e-07,9.3332993508e-08,0.0,0.0,1.0,1.0,0.0,6.0498708019e-07,0.72206578603,83.831695033,-4.2675350021e-07,9.3332993508e-08,0.0
549,73.472653,104.99067,40.975764,1501.132,9.8789613457e-07,0.06475831225601832,0.03494021992170379,0.408276,0.75239728629,0.34412128629000005,57.107737,83.702857669,26.595120668999996,0.34412128629,0.09175738047,0.88412857065,0.02411404888,0.48564350109,0.43907104441,0.045314322739,0.02997113176,-7.254057023e-07,1.620714113e-07,0.0,0.0,1.0,1.0,0.0,9.8789613457e-07,0.75239728629,83.702857669,-7.254057023e-07,1.620714113e-07,0.0
550,73.463102,115.016373,51.001467,1542.875,8.3398843214e-07,0.06655909075418034,0.029496764094346966,0.332972,0.73162193216,0.39864993216000005,41.27295,85.699618099,44.426668099000004,0.39864993216,0.073266470717,0.77743692904,0.14929660024,0.58183865742,0.34762220348,0.049900132117,0.020639006976,-6.0330255767e-07,9.1249159963e-08,0.0,0.0,1.0,1.0,0.0,8.3398843214e-07,0.73162193216,85.699618099,-6.0330255767e-07,9.1249159963e-08,0.0
551,73.43532,125.007707,60.992801,1582.943,4.9921086251e-07,0.06828761033505273,0.017656246150811204,0.24542,0.59078555299,0.34536555299000005,25.422701,86.250658503,60.82795750299999,0.34536555299,0.08314090181,0.84816715895,0.06869193924,0.75376870719,0.17959382518,0.05729180933,0.0093456583006,-2.924043126e-07,3.8488920348e-08,0.0,0.0,1.0,1.0,0.0,4.9921086251e-07,0.59078555299,86.250658503,-2.924043126e-07,3.8488920348e-08,0.0
552,73.464597,135.008829,70.993923,1641.279,3.965055076e-07,0.07080420508072939,0.014023730988421164,0.164627,0.4685401434,0.3039131434,9.386514,86.252008993,76.865494993,0.3039131434,0.068555612405,0.81914954469,0.11229484291,0.81818921252,0.12012755236,0.055734346616,0.0059488885087,-1.8419108451e-07,2.4236075769e-08,0.0,0.0,1.0,1.0,0.0,3.965055076e-07,0.4685401434,86.252008993,-1.8419108451e-07,2.4236075769e-08,0.0
553,73.447392,144.984051,80.969145,1715.609,4.2246331241e-07,0.07401077542230484,0.01494181475958688,0.091849,0.29886761178,0.20701861177999997,-6.982075,80.431384789,87.413459789,0.20701861178,0.040300553105,0.72177463935,0.23792480754,0.83233822962,0.11441813364,0.048342466755,0.004901169989,-1.1928294657e-07,4.1392246674e-08,0.0,0.0,1.0,1.0,0.0,4.2246331241e-07,0.29886761178,80.431384789,-1.1928294657e-07,4.1392246674e-08,0.0
554,73.416928,155.013988,90.999082,1778.616,4.618877882e-07,0.07672887548300233,0.016336191968077597,0.01997,0.40694294404,0.38697294404,-5.47948,89.588560356,84.931959644,0.38697294404,0.023161806615,0.65752352653,0.31931466686,0.83858535372,0.11371978626,0.043203017333,0.0044918426858,-1.8794259163e-07,2.6994082568e-09,0.0,0.0,1.0,1.0,0.0,4.618877882e-07,0.40694294404,89.588560356,-1.8794259163e-07,2.6994082568e-09,0.0
555,73.439974,164.973324,100.958418,1780.268,3.8167466923e-07,0.07680014218829337,0.01349918925155467,0.036161,0.20906712795,0.17290612795,41.206004,83.396540661,42.190536661,0.17290612795,0.019014802978,0.81782497055,0.16316022648,0.85114080045,0.10359658288,0.041246360943,0.0040162557345,-7.7685138028e-08,1.8230781736e-08,0.0,0.0,1.0,1.0,0.0,3.8167466923e-07,0.20906712795,83.396540661,-7.7685138028e-08,1.8230781736e-08,0.0
556,73.434657,174.9892,110.974294,1706.776,5.4757856835e-07,0.07362972287518879,0.019366930320957768,0.101268,0.30272721421,0.20145921421,31.585558,88.991147678,57.405589678000005,0.20145921421,0.01072826647,0.53561852638,0.45365320715,0.85584262474,0.10129891599,0.039314438619,0.0035440206535,-1.6566415826e-07,5.8363738043e-09,0.0,0.0,1.0,1.0,0.0,5.4757856835e-07,0.30272721421,88.991147678,-1.6566415826e-07,5.8363738043e-09,0.0
557,73.460065,185.004838,120.989932,1679.108,2.823977517e-07,0.07243613498052029,0.009987932136294378,0.164476,0.13778799217,0.02668800783,16.57703,89.619864453,73.04283445300001,-0.026688007835,0.020543194448,0.84277574654,0.13668105902,0.85169506474,0.10060948331,0.043979929771,0.0037155221814,-3.8907593668e-08,5.1630425963e-10,0.0,0.0,1.0,1.0,0.0,2.823977517e-07,0.13778799217,89.619864453,-3.8907593668e-08,5.1630425963e-10,0.0
558,73.446218,195.04632,131.031414,1616.379,3.5105188494e-07,0.06973002774311027,0.012416113024949918,0.25325,0.24907165818,0.004178341819999987,1.225552,-83.367487189,84.593039189,-0.0041783418215,0.020625947989,0.80073215612,0.17864189589,0.85432105211,0.097629644402,0.044079193809,0.0039701096768,-8.5104176803e-08,-2.0062930758e-08,0.0,0.0,1.0,1.0,0.0,3.5105188494e-07,0.24907165818,-83.367487189,-8.5104176803e-08,-2.0062930758e-08,0.0
559,73.457317,204.993475,140.978569,1545.429,3.8023541365e-07,0.06666926942567751,0.013448285209389723,0.330252,0.24308084738,0.08717115262,-13.365408,-85.255002861,71.88959486099999,-0.087171152619,0.027706123345,0.79987806163,0.17241581503,0.83871230179,0.11373804572,0.043074858207,0.0044747942765,-9.1163015502e-08,-1.5239091473e-08,0.0,0.0,1.0,1.0,0.0,3.8023541365e-07,0.24308084738,-85.255002861,-9.1163015502e-08,-1.5239091473e-08,0.0
560,73.431821,214.961519,150.946613,1512.72,4.8147265265e-07,0.06525821454470628,0.01702887558842359,0.411088,0.41665606324,0.005568063239999976,-29.917894,-78.377498815,48.45960481499999,0.0055680632419,0.035442100226,0.55430271859,0.41025518119,0.79920793163,0.14728895195,0.04771322272,0.005789893702,-1.8432423306e-07,-7.9172895523e-08,0.0,0.0,1.0,1.0,0.0,4.8147265265e-07,0.41665606324,-78.377498815,-1.8432423306e-07,-7.9172895523e-08,0.0
561,73.437594,224.95953,160.944624,1508.416,7.0631004353e-07,0.06507254148201098,0.024980994853865082,0.493824,0.13596586702,0.35785813298,-46.051467,-76.861221552,30.809754552,-0.35785813298,0.038656333155,0.39145667213,0.56988699471,0.75466957275,0.1919190836,0.046176947471,0.0072343961788,-8.6109889824e-08,-4.2516197693e-08,0.0,0.0,1.0,1.0,0.0,7.0631004353e-07,0.13596586702,-76.861221552,-8.6109889824e-08,-4.2516197693e-08,0.0
562,73.434266,234.96924,170.954334,1511.716,1.6559214277e-06,0.0652149023339846,0.058567147731662696,0.537945,0.19197207294,0.34597292706000005,-62.731388,-77.838129818,15.106741817999996,-0.34597292706,0.025042808357,0.22313402992,0.75182316172,0.74526217029,0.20344708756,0.043429557327,0.0078611848228,-2.8967236904e-07,-1.3093661107e-07,0.0,0.0,1.0,1.0,0.0,1.6559214277e-06,0.19197207294,-77.838129818,-2.8967236904e-07,-1.3093661107e-07,0.0
563,73.461458,244.971721,180.956815,1574.384,6.0907751251e-07,0.06791837805261572,0.0215420442410444,0.525185,0.37510617803,0.15007882197,-79.034675,-77.739376045,1.2952989549999927,-0.15007882197,0.10026475468,0.85312382258,0.04661142274,0.75797672732,0.19256399451,0.041485527866,0.0079737503068,-2.0786255315e-07,-9.4821533252e-08,0.0,0.0,1.0,1.0,0.0,6.0907751251e-07,0.37510617803,-77.739376045,-2.0786255315e-07,-9.4821533252e-08,0.0
564,73.43586,255.010161,190.995255,1721.01,5.372393808e-07,0.07424377268336833,0.019001250697192478,0.490432,0.60478237245,0.11435037245000002,83.705062,-81.757921344,14.537016655999992,0.11435037245,0.16921484406,0.76367954301,0.067105612926,0.70670091198,0.22331019306,0.056170649892,0.013818245074,-3.1155841186e-07,-9.2194106788e-08,0.0,0.0,1.0,1.0,0.0,5.372393808e-07,0.60478237245,-81.757921344,-3.1155841186e-07,-9.2194106788e-08,0.0
565,73.441057,265.00743,200.992524,1907.776,8.7426510185e-07,0.0823007929499455,0.030921281964329087,0.423907,0.69208558547,0.26817858547,65.997239,-85.463460914,28.539300086000026,0.26817858547,0.15525825478,0.78009938548,0.064642359744,0.58902269778,0.32567198228,0.060831860034,0.024473459912,-5.9749569302e-07,-9.5415375129e-08,0.0,0.0,1.0,1.0,0.0,8.7426510185e-07,0.69208558547,-85.463460914,-5.9749569302e-07,-9.5415375129e-08,0.0
566,73.440211,274.985041,210.970135,2262.118,9.6298514832e-07,0.09758698355904719,0.03405916035725839,0.32979,0.73119382745,0.4014038274499999,48.094615,88.469787863,40.375172862999996,0.40140382745,0.21167146551,0.77063403716,0.017694497327,0.566541365,0.32311974103,0.075581669526,0.034757224449,-7.0312455789e-07,3.7592791584e-08,0.0,0.0,1.0,1.0,0.0,9.6298514832e-07,0.73119382745,88.469787863,-7.0312455789e-07,3.7592791584e-08,0.0
567,73.465215,285.062331,221.047425,2703.766,1.5780710001e-06,0.11663952463554544,0.05581370942356905,0.241072,0.62243852269,0.38136652269,30.250357,84.407906547,54.157549546999995,0.38136652269,0.19485252909,0.62609485292,0.17905261799,0.42644305642,0.45302355627,0.072511329223,0.048022058083,-9.6359796051e-07,1.9052117862e-07,0.0,0.0,1.0,1.0,0.0,1.5780710001e-06,0.62243852269,84.407906547,-9.6359796051e-07,1.9052117862e-07,0.0
568,73.44135,294.986126,230.97122,3315.263,1.1605477191e-06,0.14301929248382156,0.041046615242234706,0.158891,0.47587972844,0.31698872844,12.127607,77.730726542,65.603119542,0.31698872844,0.39361517772,0.54078750414,0.065597318143,0.58162234629,0.22574944919,0.1447032239,0.047924980619,-5.024002455e-07,2.2936530605e-07,0.0,0.0,1.0,1.0,0.0,1.1605477191e-06,0.47587972844,77.730726542,-5.024002455e-07,2.2936530605e-07,0.0
569,73.432831,305.020625,241.005719,4074.649,3.8189945053e-06,0.17577894034346928,0.13507139386980296,0.100247,0.50076070335,0.40051370335,-6.992191,-62.250085322,55.257894322,0.40051370335,0.17401452823,0.24813279398,0.5778526778,0.50891259519,0.2706702736,0.138358698,0.082058433212,-1.0832013264e-06,-1.576057654e-06,0.0,0.0,1.0,1.0,0.0,3.8189945053e-06,0.50076070335,-62.250085322,-1.0832013264e-06,-1.576057654e-06,0.0
570,73.438805,315.011766,250.99686,5163.19,2.5143195329e-06,0.22273822039444308,0.08892724078852708,0.055813,0.27427758326,0.21846458326,-31.478227,68.939796928,79.58197607199999,0.21846458326,0.37079421151,0.59384245503,0.035363333461,0.3724426449,0.41077214111,0.097662141644,0.11912307234,-5.1151778423e-07,4.6252280922e-07,0.0,0.0,1.0,1.0,0.0,2.5143195329e-06,0.27427758326,68.939796928,-5.1151778423e-07,4.6252280922e-07,0.0
571,73.440336,325.003746,260.98884,7186.554,2.7167352006e-06,0.31002543945285116,0.09608634152548354,0.036796,0.22142649561,0.18463049561,-56.460273,65.266085212,58.273641788000006,0.18463049561,0.46233902926,0.52097647987,0.016684490868,0.35068863579,0.46293438562,0.076791477561,0.10958550103,-3.9093689505e-07,4.5720821819e-07,0.0,0.0,1.0,1.0,0.0,2.7167352006e-06,0.22142649561,65.266085212,-3.9093689505e-07,4.5720821819e-07,0.0
572,73.32303,334.714399,270.699493,23180.53,3.280325743e-06,1.0,0.11601958835999981,0.04413,0.1303420467,0.08621204669999999,77.168802,72.228598104,4.940203896,0.086212046697,0.48839163316,0.31284863527,0.19875973156,0.48642907086,0.3462230289,0.096113775086,0.07123412515,-3.4790120483e-07,2.4854786898e-07,0.0,0.0,1.0,1.0,0.0,3.280325743e-06,0.1303420467,72.228598104,-3.4790120483e-07,2.4854786898e-07,0.0
573,73.436088,345.03433,281.019424,18521.53,3.0204154569e-06,0.79901236080452,0.10682699995069324,0.062401,0.090943880259,0.02854288025900001,86.769312,55.338457304,31.430854695999997,0.028542880259,0.6643978417,0.24777884978,0.087823308526,0.64138183522,0.19405656362,0.12469066783,0.039870933329,-9.6991865116e-08,2.5699463255e-07,0.0,0.0,1.0,1.0,0.0,3.0204154569e-06,0.090943880259,55.338457304,-9.6991865116e-08,2.5699463255e-07,0.0
574,73.435431,354.993447,290.978541,6564.091,4.1708176516e-06,0.2831726021795015,0.14751478510811208,0.067294,0.071807515102,0.0045135151019999875,68.099973,-84.821617144,27.078409856000007,0.0045135151023,0.551026914,0.15011140309,0.29886168291,0.72209587977,0.1132853015,0.14023068809,0.024388130638,-2.9461648425e-07,-5.3842474668e-08,0.0,0.0,1.0,1.0,0.0,4.1708176516e-06,0.071807515102,-84.821617144,-2.9461648425e-07,-5.3842474668e-08,0.0
575,78.190615,4.998346,300.98344,5345.136,4.8465018124e-06,0.23058730753783457,0.171412594148776,0.102467,0.087674533017,0.014792466983000005,55.941396,89.440648063,33.499252063,-0.014792466983,0.63858128821,0.19302314957,0.16839556222,0.69059120541,0.10028416712,0.17654474381,0.032579883656,-4.2483379099e-07,8.2959620283e-09,0.0,0.0,1.0,1.0,0.0,4.8465018124e-06,0.087674533017,89.440648063,-4.2483379099e-07,8.2959620283e-09,0.0
576,78.201365,14.928208,310.913302,4251.927,3.8472616234e-06,0.18342665159079624,0.13607115415674517,0.148255,0.078096574113,0.070158425887,39.478524,-73.781450876,66.740025124,-0.070158425887,0.6645153058,0.2863184056,0.049166288597,0.63006656237,0.14378026476,0.17382930872,0.052323864149,-2.5358074549e-07,-1.6115764562e-07,0.0,0.0,1.0,1.0,0.0,3.8472616234e-06,0.078096574113,-73.781450876,-2.5358074549e-07,-1.6115764562e-07,0.0
577,78.201394,24.958287,320.943381,3393.433,3.6237803461e-06,0.14639151908951176,0.12816699834117043,0.210673,0.13128095491,0.07939204509,21.36862,-69.129582415,89.50179758499999,-0.079392045089,0.5393118368,0.42088297008,0.039805193123,0.46805492859,0.27514412311,0.15098668822,0.10581426008,-3.5497503683e-07,-3.1672533532e-07,0.0,0.0,1.0,1.0,0.0,3.6237803461e-06,0.13128095491,-69.129582415,-3.5497503683e-07,-3.1672533532e-07,0.0
578,78.180626,35.000046,330.98514,2756.344,3.0482174789e-06,0.11890772126435419,0.10781031057309068,0.291892,0.18893965682,0.10295234317999999,1.932574,-68.944020481,70.876594481,-0.10295234318,0.47480267268,0.51276603333,0.012431293983,0.34182214503,0.45481096628,0.08479868304,0.11856820565,-4.2724492439e-07,-3.8620742736e-07,0.0,0.0,1.0,1.0,0.0,3.0482174789e-06,0.18893965682,-68.944020481,-4.2724492439e-07,-3.8620742736e-07,0.0
579,78.187706,45.010603,340.995697,2266.296,1.4856744711e-06,0.09776722102557621,0.05254580004495073,0.376607,0.303101327,0.07350567300000005,-16.598637,-74.851769478,58.253132478,-0.073505673003,0.69201223645,0.26109108426,0.046896679291,0.65232804052,0.16353787401,0.14441512425,0.039718961223,-3.8880959944e-07,-2.2716977074e-07,0.0,0.0,1.0,1.0,0.0,1.4856744711e-06,0.303101327,-74.851769478,-3.8880959944e-07,-2.2716977074e-07,0.0
580,78.162755,55.016785,351.001879,1939.774,1.2530919366e-06,0.08368117553826422,0.04431974811398082,0.459167,0.44559764311,0.013569356889999995,-34.874697,-83.270435023,48.39573802300001,-0.013569356885,0.5535331622,0.41034470646,0.03612213134,0.71280525669,0.12360400627,0.13484848146,0.028742255574,-5.4303971573e-07,-1.2996268522e-07,0.0,0.0,1.0,1.0,0.0,1.2530919366e-06,0.44559764311,-83.270435023,-5.4303971573e-07,-1.2996268522e-07,0.0
581,78.165341,65.009032,0.994126,1715.442,1.791511643e-06,0.07400357110040194,0.06336274493670215,0.519703,0.56408716053,0.04438416052999994,-52.986481,-84.640173417,31.653692417000002,0.044384160526,0.2482950626,0.73951021216,0.012194725244,0.49497196362,0.3487182274,0.09874717516,0.05756263382,-9.9293333442e-07,-1.8796947262e-07,0.0,0.0,1.0,1.0,0.0,1.791511643e-06,0.56408716053,-84.640173417,-9.9293333442e-07,-1.8796947262e-07,0.0
582,78.179016,75.018231,11.003325,1605.475,7.3217982173e-07,0.06925963297646776,0.025895965272316142,0.55397,0.54576783954,0.008202160459999996,-71.333627,-82.140235682,10.80660868199999,-0.0082021604561,0.3717711478,0.60559205933,0.022636792872,0.68184389037,0.095273342984,0.19327705267,0.029605713978,-3.8465493595e-07,-1.0826310387e-07,0.0,0.0,1.0,1.0,0.0,7.3217982173e-07,0.54576783954,-82.140235682,-3.8465493595e-07,-1.0826310387e-07,0.0
583,78.190282,85.012282,20.997376,1558.287,5.4262731031e-07,0.06722395907254926,0.01919181267573892,0.545058,0.66663296754,0.12157496753999997,-89.412528,-87.766386578,1.6461414219999995,0.12157496754,0.29546044317,0.50314670754,0.20139284929,0.79486084557,0.088969600192,0.1058224755,0.010347078736,-3.6063432631e-07,-2.8174985982e-08,0.0,0.0,1.0,1.0,0.0,5.4262731031e-07,0.66663296754,-87.766386578,-3.6063432631e-07,-2.8174985982e-08,0.0
584,78.181121,95.005108,30.990202,1544.212,5.9302586441e-07,0.06661676846905572,0.020974324523258564,0.47816,0.62054404632,0.14238404632000007,72.908125,84.543120957,11.634995957000001,0.14238404632,0.15416404747,0.75155996957,0.094275982953,0.75065855767,0.1591534859,0.077295264936,0.012892691496,-3.6134277986e-07,6.9673640465e-08,0.0,0.0,1.0,1.0,0.0,5.9302586441e-07,0.62054404632,84.543120957,-3.6134277986e-07,6.9673640465e-08,0.0
585,78.174825,104.884565,40.869659,1569.922,7.630412562e-07,0.06772588892488654,0.02698748215323845,0.39962,0.66050944434,0.26088944434000005,55.44127,82.127263556,26.685993556,0.26088944434,0.066796042277,0.916094908,0.017109049719,0.61553051354,0.30329437431,0.060349769945,0.020825342205,-4.8508435499e-07,1.3676656152e-07,0.0,0.0,1.0,1.0,0.0,7.630412562e-07,0.66050944434,82.127263556,-4.8508435499e-07,1.3676656152e-07,0.0
586,78.180787,114.950987,50.936081,1611.475,1.1935252187e-06,0.06951847088914706,0.04221297377748035,0.311313,0.6646317339,0.35331873389999996,37.454668,83.354313011,45.899645011000004,0.3533187339,0.022855914766,0.84964861902,0.12749546622,0.49458919664,0.4354569344,0.043799571355,0.026154297605,-7.7200621469e-07,1.8237181805e-07,0.0,0.0,1.0,1.0,0.0,1.1935252187e-06,0.6646317339,83.354313011,-7.7200621469e-07,1.8237181805e-07,0.0
587,78.174279,125.005356,60.99045,1637.778,2.8273895722e-05,0.07065317315868101,1.0,0.222851,0.10087597608,0.12197502392,19.672425,45.340526792,25.668101791999998,-0.12197502392,0.0004634598797,0.022033172717,0.9775033674,0.65745794153,0.2755880925,0.052870372458,0.014083593515,-3.3901727243e-08,2.8519553376e-06,0.0,0.0,1.0,1.0,0.0,2.8273895722e-05,0.10087597608,45.340526792,-3.3901727243e-08,2.8519553376e-06,0.0
588,78.192224,134.999779,70.984873,1744.97,5.953665944e-07,0.07527739874800102,0.021057112194721134,0.149287,0.49176634441,0.34247934441,2.210342,86.822553237,84.612211237,0.34247934441,0.0080822450281,0.73788531911,0.25403243586,0.78819846133,0.14883454901,0.055509014277,0.0074579753915,-2.9098222002e-07,3.240694615e-08,0.0,0.0,1.0,1.0,0.0,5.953665944e-07,0.49176634441,86.822553237,-2.9098222002e-07,3.240694615e-08,0.0
589,78.183159,144.99399,80.979084,1783.953,4.0418549881e-07,0.07695911180633057,0.014295359323105307,0.082632,0.44267727502,0.36004527502,-18.868253,86.972171128,74.159575872,0.36004527502,0.0035354267102,0.89894019887,0.09752437442,0.83437113658,0.10978021205,0.050781160343,0.00506749103,-1.7792532039e-07,1.8875470555e-08,0.0,0.0,1.0,1.0,0.0,4.0418549881e-07,0.44267727502,86.972171128,-1.7792532039e-07,1.8875470555e-08,0.0
590,78.165821,154.98246,90.967554,1846.165,4.4692729052e-07,0.07964291584359806,0.015807064400122427,0.032654,0.48714734958,0.45449334958,-51.313871,88.400925319,40.28520368100001,0.45449334958,0.0006529531513,0.77944475465,0.2199022922,0.8497773106,0.10160577242,0.044417093654,0.0041998233354,-2.1738036151e-07,1.214640577e-08,0.0,0.0,1.0,1.0,0.0,4.4692729052e-07,0.48714734958,88.400925319,-2.1738036151e-07,1.214640577e-08,0.0
591,78.187364,165.007465,100.992559,1885.657,4.1540555516e-07,0.08134658698485324,0.014692193790499542,0.049343,0.2906008595,0.24125785949999998,71.696081,-88.587996772,19.71592222800001,0.2412578595,0.00011539519565,0.90153881065,0.09834579415,0.85549898848,0.099880970353,0.040655984988,0.0039640561777,-1.2057061022e-07,-5.94752659e-09,0.0,0.0,1.0,1.0,0.0,4.1540555516e-07,0.2906008595,-88.587996772,-1.2057061022e-07,-5.94752659e-09,0.0
592,78.166769,175.016204,111.001298,1799.143,4.2480273139e-07,0.07761440312193035,0.015024556062837133,0.096246,0.25856166439,0.16231566439,44.844181,-89.920776033,45.235042967,0.16231566439,3.6443408902e-05,0.90832330431,0.091640252278,0.85090609722,0.10693141477,0.038253149478,0.0039093385394,-1.0983728127e-07,-3.0374898037e-10,0.0,0.0,1.0,1.0,0.0,4.2480273139e-07,0.25856166439,-89.920776033,-1.0983728127e-07,-3.0374898037e-10,0.0
593,78.200108,185.018741,121.003835,1751.784,3.8959858074e-07,0.0755713523375005,0.013779444635811265,0.166718,0.24475234138,0.07803434137999998,22.980198,-83.209073258,73.810728742,0.078034341378,3.5823138424e-05,0.9325190616,0.067445115264,0.83548931699,0.12428845538,0.036407037182,0.0038151904509,-9.2688598193e-08,-2.2392660075e-08,0.0,0.0,1.0,1.0,0.0,3.8959858074e-07,0.24475234138,-83.209073258,-9.2688598193e-08,-2.2392660075e-08,0.0
594,78.234428,195.049256,131.03435,1709.988,5.3124955698e-07,0.07376828743777646,0.018789400732161333,0.237831,0.30270670856,0.06487570856,5.138033,-86.970663535,87.891303465,0.064875708564,8.0773995485e-05,0.67701609326,0.32290313274,0.84756568013,0.10673120018,0.041648689632,0.0040544300554,-1.5991455805e-07,-1.6973282464e-08,0.0,0.0,1.0,1.0,0.0,5.3124955698e-07,0.30270670856,-86.970663535,-1.5991455805e-07,-1.6973282464e-08,0.0
595,78.162231,205.026402,141.011496,1651.683,4.8256095918e-07,0.0712530300213153,0.017067367154661957,0.314329,0.26527829573,0.04905070427000002,-11.740556,-88.875310299,77.13475429900001,-0.049050704267,0.00060770030371,0.73061334718,0.26877895251,0.85004554965,0.10122600131,0.044500209109,0.0042282399239,-1.2791430992e-07,-5.0243792845e-09,0.0,0.0,1.0,1.0,0.0,4.8256095918e-07,0.26527829573,-88.875310299,-1.2791430992e-07,-5.0243792845e-09,0.0
596,78.165218,214.984738,150.969832,1629.812,2.6640833299e-07,0.07030952268994713,0.009422413367065893,0.397012,0.21864325608,0.17836874392,-27.831067,-87.481334415,59.650267415,-0.17836874392,0.0054348879522,0.92689489936,0.067670212686,0.82522090447,0.11803538992,0.051885935302,0.0048577703086,-5.8023412643e-08,-5.1144876352e-09,0.0,0.0,1.0,1.0,0.0,2.6640833299e-07,0.21864325608,-87.481334415,-5.8023412643e-08,-5.1144876352e-09,0.0
597,78.179261,224.97263,160.957724,1616.829,3.1497823323e-07,0.06974944058656123,0.011140248812084093,0.465279,0.11324865389,0.35203034611,-44.890598,-66.884537356,21.993939356,-0.35203034611,0.015349695286,0.72826912126,0.25638118345,0.79122419418,0.14923083736,0.053561899798,0.0059830686607,-2.4675443043e-08,-2.5759130987e-08,0.0,0.0,1.0,1.0,0.0,3.1497823323e-07,0.11324865389,-66.884537356,-2.4675443043e-08,-2.5759130987e-08,0.0
598,78.177007,234.984142,170.969236,1641.527,3.5291765832e-07,0.07081490371445347,0.012482102282261504,0.514121,0.26813545355,0.24598554645000004,-61.99179,-71.969029527,9.977239527000002,-0.24598554645,0.037058492088,0.83665908836,0.12628241955,0.77943391531,0.16183745288,0.051925137114,0.0068034946906,-7.649688875e-08,-5.5704694764e-08,0.0,0.0,1.0,1.0,0.0,3.5291765832e-07,0.26813545355,-71.969029527,-7.649688875e-08,-5.5704694764e-08,0.0
599,78.217805,245.001316,180.98641,1691.509,4.7654734513e-07,0.0729711098063763,0.01685467576932446,0.517029,0.37001838376,0.14701061623999995,-79.413174,-77.950934277,1.4622397229999962,-0.14701061624,0.056542736799,0.92167377732,0.021783485883,0.77539914106,0.16506920888,0.051662150671,0.0078694993882,-1.6096356552e-07,-7.1996182728e-08,0.0,0.0,1.0,1.0,0.0,4.7654734513e-07,0.37001838376,-77.950934277,-1.6096356552e-07,-7.1996182728e-08,0.0
600,78.184285,254.969986,190.95508,1850.462,5.9734887685e-07,0.07982828692872855,0.02112722218131409,0.475144,0.5585790194,0.08343501939999998,82.867771,-81.300135957,15.832093042999986,0.083435019396,0.084424900563,0.8650150619,0.050560037539,0.72180589218,0.20364817672,0.061447296174,0.013098634926,-3.1839855169e-07,-9.9778398371e-08,0.0,0.0,1.0,1.0,0.0,5.9734887685e-07,0.5585790194,-81.300135957,-3.1839855169e-07,-9.9778398371e-08,0.0
601,78.192629,264.999446,200.98454,2073.829,1.0555204374e-06,0.0894642616023016,0.03733197744584934,0.404773,0.64565226353,0.24087926353000005,65.169472,-86.466261959,28.364266041000008,0.24087926353,0.086525275062,0.82409914149,0.089375583448,0.61667785067,0.29027938162,0.068562924791,0.024479842921,-6.7632108835e-07,-8.3850402761e-08,0.0,0.0,1.0,1.0,0.0,1.0555204374e-06,0.64565226353,-86.466261959,-6.7632108835e-07,-8.3850402761e-08,0.0
602,78.166951,275.012219,210.997313,2464.847,8.3316895305e-06,0.10633264209230765,0.2946778050121012,0.327887,0.88572260513,0.55783560513,46.633741,-81.966942914,51.399316086,0.55783560513,0.019298756582,0.13376269535,0.84693854807,0.5029963582,0.37756522188,0.079925848512,0.039512571417,-7.0913420221e-06,-2.0422681202e-06,0.0,0.0,1.0,1.0,0.0,8.3316895305e-06,0.88572260513,-81.966942914,-7.0913420221e-06,-2.0422681202e-06,0.0
603,78.199882,285.069183,221.054277,2921.483,1.448436442e-06,0.1260317602746788,0.05122875376784273,0.23664,0.60166100448,0.3650210044800001,26.98976,85.406754757,58.416994757,0.36502100448,0.1885362517,0.61294932774,0.19851442057,0.51885587875,0.31808765764,0.11814984515,0.04490661845,-8.6029022319e-07,1.3912845476e-07,0.0,0.0,1.0,1.0,0.0,1.448436442e-06,0.60166100448,85.406754757,-8.6029022319e-07,1.3912845476e-07,0.0
604,78.189521,295.064213,231.049307,3642.0,1.7010378278e-06,0.1571146129963379,0.060162838702005166,0.158356,0.55446504062,0.39610904062,9.044098,82.282036154,73.23793815399999,0.39610904062,0.26227799405,0.49302703257,0.24469497338,0.52936285587,0.25468919674,0.16393924011,0.052008707288,-9.0914478047e-07,2.5103363777e-07,0.0,0.0,1.0,1.0,0.0,1.7010378278e-06,0.55446504062,82.282036154,-9.0914478047e-07,2.5103363777e-07,0.0
605,78.160249,305.013298,240.998392,4445.424,1.6149058794e-06,0.19177404485574748,0.05711649697227386,0.102484,0.33171471469,0.22923071469,-11.921309,75.790952788,87.712261788,0.22923071469,0.43012548144,0.54284614956,0.027028368999,0.53895595893,0.21633637539,0.16855099936,0.076156666318,-4.7113673572e-07,2.5493500289e-07,0.0,0.0,1.0,1.0,0.0,1.6149058794e-06,0.33171471469,75.790952788,-4.7113673572e-07,2.5493500289e-07,0.0
606,78.178794,314.99088,250.975974,5708.923,2.1362706484e-06,0.2462809521611456,0.07555628942699118,0.062438,0.25857477834,0.19613677833999998,-36.655372,72.698612907,70.646015093,0.19613677834,0.48125035827,0.48841268592,0.030336955815,0.44707284466,0.3486121069,0.11093928943,0.093375759005,-4.5467357889e-07,3.1369078499e-07,0.0,0.0,1.0,1.0,0.0,2.1362706484e-06,0.25857477834,72.698612907,-4.5467357889e-07,3.1369078499e-07,0.0
607,78.197084,324.998015,260.983109,7888.024,3.3408367923e-06,0.3402866112207098,0.11815976210524413,0.043754,0.19530834852,0.15155434852,-61.06876,65.177730026,53.753509973999996,0.15155434852,0.43328769546,0.47590838754,0.090803916996,0.33441742309,0.46790477801,0.080686085912,0.11699171298,-4.2250750255e-07,4.9722725031e-07,0.0,0.0,1.0,1.0,0.0,3.3408367923e-06,0.19530834852,65.177730026,-4.2250750255e-07,4.9722725031e-07,0.0
608,78.270185,334.861859,270.846953,22869.57,4.3230525047e-06,0.9865852937788739,0.15289907507638645,0.025321,0.045147297504,0.019826297503999998,-72.101699,72.917970188,34.980330812000005,0.019826297504,0.45060193908,0.23490479205,0.31449326887,0.46949013258,0.33463528816,0.11259380698,0.083280772283,-1.6149352099e-07,1.0960285876e-07,0.0,0.0,1.0,1.0,0.0,4.3230525047e-06,0.045147297504,72.917970188,-1.6149352099e-07,1.0960285876e-07,0.0
609,78.189566,344.989503,280.974597,18484.61,3.7828906279e-06,0.7974196448485,0.1337944606252658,0.050912,0.06899878954,0.018086789539999995,-82.604333,59.969546127,37.426120873,0.01808678954,0.67417566817,0.20055688,0.12526745183,0.63639822385,0.16723412542,0.15339283375,0.042974816978,-1.3026706786e-07,2.2618411887e-07,0.0,0.0,1.0,1.0,0.0,3.7828906279e-06,0.06899878954,59.969546127,-1.3026706786e-07,2.2618411887e-07,0.0
610,78.167135,354.98308,290.968174,7238.614,4.3272885495e-06,0.31227128974186524,0.15304889683571,0.072257,0.11017762171,0.037920621710000005,72.075043,64.281941307,7.793101692999997,0.037920621709,0.713919788,0.18210302911,0.1039771829,0.69353878621,0.10560776606,0.17055192767,0.030301520055,-2.9721236284e-07,3.7279322464e-07,0.0,0.0,1.0,1.0,0.0,4.3272885495e-06,0.11017762171,64.281941307,-2.9721236284e-07,3.7279322464e-07,0.0
611,82.922949,4.997768,300.982862,4190.327,4.6320139167e-06,0.18076924902062208,0.16382651907058624,0.09538,0.15097296275,0.05559296274999999,65.74673,-61.151573558,53.10169644199999,0.055592962755,0.67775969069,0.12170602187,0.20053428744,0.69628925835,0.070100026515,0.20565777071,0.027952944434,-3.7370980176e-07,-5.9107856676e-07,0.0,0.0,1.0,1.0,0.0,4.6320139167e-06,0.15097296275,-61.151573558,-3.7370980176e-07,-5.9107856676e-07,0.0
612,82.918822,15.023849,311.008943,3280.591,3.0706102972e-06,0.14152355446575207,0.10860230678472614,0.145693,0.048192427374,0.09750057262599998,44.910172,-75.658545534,59.431282466,-0.097500572626,0.76089835042,0.18691300143,0.052188648157,0.6820920147,0.079342883185,0.20461327216,0.033951829962,-1.2982142509e-07,-7.1024829808e-08,0.0,0.0,1.0,1.0,0.0,3.0706102972e-06,0.048192427374,-75.658545534,-1.2982142509e-07,-7.1024829808e-08,0.0
613,82.899129,25.07619,321.061284,3306.989,2.5283679578e-06,0.1426623550022368,0.0894241098807148,0.201607,0.099200043649,0.10240695635100001,22.749492,-77.168576443,80.08193155699999,-0.10240695635,0.66438585625,0.26359103348,0.072023110275,0.64794568348,0.10416213952,0.19850403944,0.049388137561,-2.2607340478e-07,-1.0862128925e-07,0.0,0.0,1.0,1.0,0.0,2.5283679578e-06,0.099200043649,-77.168576443,-2.2607340478e-07,-1.0862128925e-07,0.0
614,82.944673,34.992822,330.977916,2675.596,2.2445719595e-06,0.1154242806355161,0.07938672412070516,0.284735,0.20173286681,0.08300213319000002,4.647428,-83.327222899,87.97465089900001,-0.083002133193,0.52304175673,0.44307054487,0.033887698405,0.57857757886,0.16179754984,0.18108963392,0.078535237381,-4.4057626442e-07,-1.0451774883e-07,0.0,0.0,1.0,1.0,0.0,2.2445719595e-06,0.20173286681,-83.327222899,-4.4057626442e-07,-1.0451774883e-07,0.0
615,82.920668,44.996697,340.981791,1658.42,2.5760657766e-06,0.07154366185760205,0.09111110127620496,0.323765,0.30357109145,0.020193908550000028,-12.649308,-83.979163461,71.329855461,-0.020193908554,0.30619405358,0.63218673742,0.061619209,0.48026845588,0.24820181339,0.1615812929,0.10994843783,-7.648116459e-07,-1.6314722863e-07,0.0,0.0,1.0,1.0,0.0,2.5760657766e-06,0.30357109145,-83.979163461,-7.648116459e-07,-1.6314722863e-07,0.0
616,82.911263,55.001194,350.986288,1847.287,1.2304648126e-06,0.07969131853326909,0.04351946490495725,0.417014,0.29599251288,0.12102148712,-33.034938,-76.949177911,43.91423991100001,-0.12102148712,0.40200420273,0.48461884828,0.11337694899,0.56875832139,0.21046136152,0.16285627273,0.057924044364,-3.2706456313e-07,-1.6023891439e-07,0.0,0.0,1.0,1.0,0.0,1.2304648126e-06,0.29599251288,-76.949177911,-3.2706456313e-07,-1.6023891439e-07,0.0
617,82.915801,65.008472,0.993566,1056.855,7.5408261189e-07,0.045592357034114406,0.026670630015206788,0.372085,0.51973830788,0.14765330787999997,-50.315643,-89.014269242,38.698626241999996,0.14765330788,0.37870155934,0.46687145389,0.15442698676,0.68283402325,0.096213212607,0.19175566347,0.029197100667,-3.916936345e-07,-1.3482909703e-08,0.0,0.0,1.0,1.0,0.0,7.5408261189e-07,0.51973830788,-89.014269242,-3.916936345e-07,-1.3482909703e-08,0.0
618,82.915217,75.007514,10.992608,1179.044,9.3470557107e-07,0.05086354798617634,0.033058959411196485,0.454715,0.57776448597,0.12304948596999998,-74.588414,88.257654683,17.153931317,0.12304948597,0.16184620712,0.78683137165,0.051322421224,0.64069097783,0.17670415992,0.14622978668,0.036375075561,-5.3904119087e-07,3.2824603974e-08,0.0,0.0,1.0,1.0,0.0,9.3470557107e-07,0.57776448597,88.257654683,-5.3904119087e-07,3.2824603974e-08,0.0
619,82.940614,85.003106,20.9882,1458.484,9.992859849e-07,0.06291849237269381,0.03534305971576646,0.500276,0.64551121723,0.14523521723,89.950646,-87.418202374,2.6311516259999905,0.14523521723,0.072052464763,0.90271850763,0.025229027609,0.50975260775,0.31703819055,0.13066880506,0.042540396643,-6.4243255895e-07,-5.805439537e-08,0.0,0.0,1.0,1.0,0.0,9.992859849e-07,0.64551121723,-87.418202374,-6.4243255895e-07,-5.805439537e-08,0.0
620,82.910241,94.995951,30.981045,1445.23,9.1854249096e-07,0.06234671942358523,0.03248729853117763,0.443618,0.27516979661,0.16844820339,71.317142,-80.138119306,28.54473869399999,-0.16844820339,0.033746030375,0.20914534944,0.75710862019,0.74099419899,0.074395194526,0.17102990271,0.013580703773,-2.3792617397e-07,-8.5301241501e-08,0.0,0.0,1.0,1.0,0.0,9.1854249096e-07,0.27516979661,-80.138119306,-2.3792617397e-07,-8.5301241501e-08,0.0
621,82.920126,105.049507,41.034601,1458.478,9.1057334606e-07,0.06291823353478114,0.03220544331821526,0.369406,0.4850586463,0.1156526463,52.897947,71.561466953,18.66351995299999,0.1156526463,0.012737827566,0.20957651037,0.77768566207,0.7757422028,0.094903564877,0.11953224925,0.0098219830761,-3.5331202084e-07,2.6505309077e-07,0.0,0.0,1.0,1.0,0.0,9.1057334606e-07,0.4850586463,71.561466953,-3.5331202084e-07,2.6505309077e-07,0.0
622,82.915673,115.009342,50.994436,1367.028,2.911834981e-07,0.0589731123490274,0.010298669166889134,0.248652,0.39503897069,0.14638697068999998,35.535896,77.492887292,41.956991292000005,0.14638697069,0.011900066957,0.91806331856,0.07003661448,0.76470705789,0.13582216914,0.089020165273,0.010450607697,-1.0423945086e-07,4.8639166023e-08,0.0,0.0,1.0,1.0,0.0,2.911834981e-07,0.39503897069,77.492887292,-1.0423945086e-07,4.8639166023e-08,0.0
623,82.916482,125.002713,60.987807,1039.514,3.9802058258e-07,0.0448442723268191,0.014077316634873879,0.123707,0.31320511302,0.18949811301999997,9.964611,75.071730546,65.10711954599999,0.18949811302,0.0011395216814,0.92388768419,0.074972794131,0.72465118638,0.19526567378,0.067932927964,0.01215021188,-1.0811625965e-07,6.2060526714e-08,0.0,0.0,1.0,1.0,0.0,3.9802058258e-07,0.31320511302,75.071730546,-1.0811625965e-07,6.2060526714e-08,0.0
624,82.921878,135.000704,70.985798,1595.457,6.833619827e-07,0.06882745994159754,0.02416936065051248,0.141205,0.39601992815,0.25481492814999995,-5.827934,85.143332484,89.028733516,0.25481492815,4.7830397486e-06,0.70742571172,0.29256950524,0.6408905994,0.29165527483,0.051677132676,0.015776993095,-2.6674534556e-07,4.565951576e-08,0.0,0.0,1.0,1.0,0.0,6.833619827e-07,0.39601992815,85.143332484,-2.6674534556e-07,4.565951576e-08,0.0
625,82.919817,144.986184,80.971278,1679.91,8.3869869982e-07,0.0724707329815151,0.02966335831702902,0.073794,0.31011978335,0.23632578335,-28.545191,40.284725864,68.829916864,0.23632578335,0.0,0.67808250843,0.32191749157,0.57521177928,0.36443333998,0.041636462746,0.018718417988,4.2617409705e-08,2.5658183204e-07,0.0,0.0,1.0,1.0,0.0,8.3869869982e-07,0.31011978335,40.284725864,4.2617409705e-08,2.5658183204e-07,0.0
626,82.930579,154.95269,90.937784,1734.281,7.7030829658e-07,0.07481627900656283,0.027244505113620435,0.065762,0.38332532426,0.31756332426,-61.790941,76.04286701,42.166191990000016,0.31756332426,0.0,0.63632411955,0.36367588045,0.65323536113,0.28778517574,0.044197649024,0.0147818141,-2.609227358e-07,1.3823466774e-07,0.0,0.0,1.0,1.0,0.0,7.7030829658e-07,0.38332532426,76.04286701,-2.609227358e-07,1.3823466774e-07,0.0
627,82.912444,164.989977,100.975071,1824.896,4.894562809e-07,0.07872537858280204,0.017311243053045308,0.069539,0.14508322477,0.07554422476999999,78.647365,81.108437315,2.46107231500001,0.075544224767,0.0,0.81582592599,0.18417407401,0.76037451573,0.18080204608,0.049418788623,0.0094046495659,-6.7618903512e-08,2.1688089052e-08,0.0,0.0,1.0,1.0,0.0,4.894562809e-07,0.14508322477,81.108437315,-6.7618903512e-08,2.1688089052e-08,0.0
628,82.915365,174.994412,110.979506,1700.575,4.1548620037e-07,0.07336221389243473,0.014695046075546956,0.105244,0.15066186988,0.04541786987999999,50.259501,85.976616781,35.717115781000004,0.045417869876,0.0,0.87150097168,0.12849902832,0.81714618138,0.12440112593,0.051886277183,0.0065664154979,-6.1981597538e-08,8.7625417817e-09,0.0,0.0,1.0,1.0,0.0,4.1548620037e-07,0.15066186988,85.976616781,-6.1981597538e-08,8.7625417817e-09,0.0
629,82.93126,184.968999,120.954093,1569.74,4.1265340054e-07,0.06771803750820193,0.014594854723854455,0.164875,0.18653810076,0.021663100759999998,28.687102,-82.497995267,68.81490273300001,0.021663100764,0.0,0.94510975247,0.05489024753,0.80759570282,0.13473584677,0.050627224623,0.0070412257815,-7.4351307928e-08,-1.9927949562e-08,0.0,0.0,1.0,1.0,0.0,4.1265340054e-07,0.18653810076,-82.497995267,-7.4351307928e-08,-1.9927949562e-08,0.0
630,82.915445,194.885215,130.870309,1624.98,6.2301610928e-07,0.07010107189093606,0.022035028897529296,0.231341,0.21499745262,0.01634354737999999,10.692475,-79.66930182,89.63822318,-0.016343547375,0.0,0.7719746321,0.2280253679,0.73292652428,0.21067436737,0.045895643711,0.01050346464,-1.2533167801e-07,-4.726241841e-08,0.0,0.0,1.0,1.0,0.0,6.2301610928e-07,0.21499745262,-79.66930182,-1.2533167801e-07,-4.726241841e-08,0.0
631,82.896738,204.988957,140.974051,1622.915,4.4684842278e-07,0.07001198850932226,0.015804274981190723,0.295724,0.31264127226,0.016917272260000005,-8.290725,-83.154965613,74.864240613,0.016917272264,0.0,0.96535245606,0.034647543941,0.67561727552,0.26748108565,0.047178313635,0.0097233252032,-1.3573431177e-07,-3.3063534273e-08,0.0,0.0,1.0,1.0,0.0,4.4684842278e-07,0.31264127226,-83.154965613,-1.3573431177e-07,-3.3063534273e-08,0.0
632,82.904065,215.020262,151.005356,1605.318,3.0283207957e-07,0.06925286005108598,0.010710659844952512,0.377146,0.31754008837,0.05960591163000001,-25.229844,-85.300944704,60.071100704,-0.059605911631,0.0,0.78854023629,0.21145976371,0.8031931692,0.11643415721,0.073197371077,0.0071753025171,-9.4870604436e-08,-1.5702512507e-08,0.0,0.0,1.0,1.0,0.0,3.0283207957e-07,0.31754008837,-85.300944704,-9.4870604436e-08,-1.5702512507e-08,0.0
633,82.923804,224.988177,160.973271,1597.026,1.4651952392e-06,0.06889514605576319,0.05182148415649448,0.442417,0.63247058101,0.19005358100999997,-43.232692,-89.519036349,46.286344349000004,0.19005358101,2.1952831421e-06,0.10220396193,0.89779384278,0.77892320059,0.12774514267,0.085477563751,0.0078540929907,-9.2656228673e-07,-1.5557329312e-08,0.0,0.0,1.0,1.0,0.0,1.4651952392e-06,0.63247058101,-89.519036349,-9.2656228673e-07,-1.5557329312e-08,0.0
634,82.931675,234.986766,170.97186,1639.075,2.1215799399e-07,0.07070912528747186,0.00750367038472591,0.47929,0.25925242305,0.22003757694999998,-61.447247,-72.226793569,10.779546568999997,-0.22003757695,0.002089820058,0.96721192036,0.030698259578,0.76435754981,0.14307865229,0.083213557588,0.0093502403178,-4.4752479644e-08,-3.1976361789e-08,0.0,0.0,1.0,1.0,0.0,2.1215799399e-07,0.25925242305,-72.226793569,-4.4752479644e-08,-3.1976361789e-08,0.0
635,82.923363,245.017641,181.002735,1698.791,4.1223056506e-07,0.07328525275306474,0.014579899746154973,0.493897,0.35893812642,0.13495887357999997,-79.50415,-80.005198516,0.5010485159999973,-0.13495887358,0.0083930735411,0.85575555038,0.13585137607,0.74821213149,0.15847073614,0.081365519729,0.011951612637,-1.3905105023e-07,-5.0581870006e-08,0.0,0.0,1.0,1.0,0.0,4.1223056506e-07,0.35893812642,-80.005198516,-1.3905105023e-07,-5.0581870006e-08,0.0
636,82.924533,255.025728,191.010822,1867.475,6.3110166756e-07,0.08056222183013072,0.02232100145537914,0.456709,0.57292983588,0.11622083588000004,82.892176,-82.919389854,14.188434145999992,0.11622083588,0.018481860123,0.94844421026,0.033073929621,0.67631688773,0.21629892836,0.086341076299,0.021043107615,-3.5058907002e-07,-8.8460232303e-08,0.0,0.0,1.0,1.0,0.0,6.3110166756e-07,0.57292983588,-82.919389854,-3.5058907002e-07,-8.8460232303e-08,0.0
637,82.92494,265.032263,201.017357,2126.997,1.0805208753e-06,0.09175791062585713,0.03821620076427047,0.385882,0.69852104516,0.31263904516,64.043862,-88.669646048,27.286491952000006,0.31263904516,0.028594503483,0.93585895554,0.035546540977,0.53690247626,0.32430387571,0.096761722849,0.042031925177,-7.539528909e-07,-3.5037339433e-08,0.0,0.0,1.0,1.0,0.0,1.0805208753e-06,0.69852104516,-88.669646048,-7.539528909e-07,-3.5037339433e-08,0.0
638,82.904147,275.01834,211.003434,2541.31,7.8593499547e-07,0.10963122931184059,0.027797195094642076,0.310358,0.60388537216,0.29352737216,45.223602,87.161877843,41.938275843,0.29352737216,0.092777701728,0.72938478824,0.17783751003,0.56801819389,0.2351135983,0.16407028251,0.032797925304,-4.7228745209e-07,4.6942794602e-08,0.0,0.0,1.0,1.0,0.0,7.8593499547e-07,0.60388537216,87.161877843,-4.7228745209e-07,4.6942794602e-08,0.0
639,82.896949,284.956342,220.941436,3046.243,1.0506685173e-06,0.1314138632723238,0.037160373216007576,0.228241,0.41737844536,0.18913744536000002,26.137251,83.709803686,57.572552686,0.18913744536,0.14423823087,0.32476107309,0.53100069603,0.65827733431,0.11902243589,0.19310749969,0.029592730109,-4.2799796842e-07,9.5515107702e-08,0.0,0.0,1.0,1.0,0.0,1.0506685173e-06,0.41737844536,83.709803686,-4.2799796842e-07,9.5515107702e-08,0.0
640,82.899802,295.071574,231.056668,3767.03,6.4571602899e-07,0.16250836370005348,0.022837886768025617,0.157573,0.45038893478,0.29281593478,4.032882,83.301152453,79.268270453,0.29281593478,0.44600090316,0.52265239096,0.031346705879,0.67032699385,0.11213444576,0.18678202952,0.030756530872,-2.829086551e-07,6.7386321833e-08,0.0,0.0,1.0,1.0,0.0,6.4571602899e-07,0.45038893478,83.301152453,-2.829086551e-07,6.7386321833e-08,0.0
641,82.902326,304.983171,240.968265,4563.329,9.4907543173e-07,0.19686042553815639,0.033567197144025736,0.104108,0.3791865102,0.27507851019999996,-15.270899,81.906788027,82.822312973,0.2750785102,0.52161701208,0.40152815002,0.076854837902,0.64599709033,0.12635144959,0.18908298756,0.03856847253,-3.4561100777e-07,1.003204823e-07,0.0,0.0,1.0,1.0,0.0,9.4907543173e-07,0.3791865102,81.906788027,-3.4561100777e-07,1.003204823e-07,0.0
642,82.928151,315.010888,250.995982,4511.304,1.945986432e-06,0.19461608513696627,0.06882625765949268,0.069543,0.40858556236,0.33904256235999997,-29.55084,76.423909617,74.02525038299999,0.33904256236,0.40499144775,0.2480172165,0.34699133575,0.59633483005,0.17022331695,0.18004839038,0.053393462623,-7.0747978361e-07,3.6284911967e-07,0.0,0.0,1.0,1.0,0.0,1.945986432e-06,0.40858556236,76.423909617,-7.0747978361e-07,3.6284911967e-07,0.0
643,82.926566,325.000183,260.985277,7375.743,2.5772829468e-06,0.3181869870964987,0.09115415053308724,0.041356,0.26735701338,0.22600101338,-60.950002,84.494299487,34.55569851299998,0.22600101338,0.45659595129,0.2140580032,0.32934604551,0.58490536442,0.17761557289,0.17930739798,0.058171664713,-6.7636862064e-07,1.3161241971e-07,0.0,0.0,1.0,1.0,0.0,2.5772829468e-06,0.26735701338,84.494299487,-6.7636862064e-07,1.3161241971e-07,0.0
644,82.917558,334.980982,270.966076,12641.81,2.5406614967e-06,0.5453632854813932,0.0898589116151795,0.038088,0.10197555791,0.06388755791,-78.938588,79.120518622,21.940893378,0.06388755791,0.66082110314,0.22529964581,0.11387925104,0.63438696427,0.12669810915,0.19211661238,0.046798314198,-2.4062594887e-07,9.6043654325e-08,0.0,0.0,1.0,1.0,0.0,2.5406614967e-06,0.10197555791,79.120518622,-2.4062594887e-07,9.6043654325e-08,0.0
645,82.918281,344.974735,280.959829,10979.73,3.1030319838e-06,0.4736617324970568,0.10974900715169299,0.044902,0.03513539878,0.009766601219999997,-86.544733,68.674167203,24.781099797000024,-0.0097666012198,0.75282923251,0.18582304981,0.061347717679,0.67864991806,0.085824900468,0.20140509533,0.034120086141,-8.0187338783e-08,7.3869597373e-08,0.0,0.0,1.0,1.0,0.0,3.1030319838e-06,0.03513539878,68.674167203,-8.0187338783e-08,7.3869597373e-08,0.0
646,82.886224,354.994579,290.979673,6862.828,4.2712049552e-06,0.2960600124328478,0.15106531470569734,0.066421,0.04545922314,0.020961776859999996,77.949747,74.725242591,3.224504409000005,-0.02096177686,0.73713283481,0.13456092335,0.12830624183,0.69773424609,0.070282215269,0.20422369158,0.027759847061,-1.6721356783e-07,9.8691063012e-08,0.0,0.0,1.0,1.0,0.0,4.2712049552e-06,0.04545922314,74.725242591,-1.6721356783e-07,9.8691063012e-08,0.0
647,87.656658,5.006841,300.991935,692.6146,7.9782053086e-07,0.029879152892535246,0.028217566433168015,0.074412,0.021052809132,0.053359190868000006,65.24372,81.848516343,16.604796343000004,-0.053359190868,0.34906577705,0.56111360845,0.089820614494,0.49410344852,0.049885862407,0.39629932869,0.059711360375,-1.612099427e-08,4.7150149282e-09,0.0,0.0,1.0,1.0,0.0,7.9782053086e-07,0.021052809132,81.848516343,-1.612099427e-08,4.7150149282e-09,0.0
648,87.649503,14.993147,310.978241,346.2151,8.2253792636e-07,0.014935598970342785,0.029091779019329862,0.104165,0.052033160603,0.052131839396999995,39.498757,-76.562754558,63.93848844200001,-0.052131839397,0.22071403573,0.59856537766,0.18072058661,0.47052162643,0.066483617163,0.38233184123,0.080662915171,-3.8176881017e-08,-1.934687022e-08,0.0,0.0,1.0,1.0,0.0,8.2253792636e-07,0.052033160603,-76.562754558,-3.8176881017e-08,-1.934687022e-08,0.0
649,87.636192,24.942927,320.928021,554.3704,9.1434979763e-07,0.023915346197865194,0.03233901004022384,0.127166,0.18054074679,0.05337474679000001,27.560755,-89.772276874,62.666968126,0.053374746794,0.13043272246,0.69108335116,0.17848392638,0.4160110415,0.10632859007,0.34565177239,0.13200859603,-1.6507217993e-07,-1.3121924485e-09,0.0,0.0,1.0,1.0,0.0,9.1434979763e-07,0.18054074679,-89.772276874,-1.6507217993e-07,-1.3121924485e-09,0.0
650,87.670267,34.985091,330.970185,553.3013,1.2401778238e-06,0.02386922559579095,0.04386299772744136,0.17032,0.14718354195,0.023136458050000003,9.258312,86.686827347,77.428515347,-0.02313645805,0.058899221169,0.79349460256,0.14760617627,0.33006979292,0.17236072757,0.27910768752,0.21846179199,-1.8131440472e-07,2.106328361e-08,0.0,0.0,1.0,1.0,0.0,1.2401778238e-06,0.14718354195,86.686827347,-1.8131440472e-07,2.106328361e-08,0.0
651,87.673758,44.989308,340.974402,338.7018,6.3364861037e-07,0.014611477822120546,0.022411082526450576,0.164175,0.18095575604,0.01678075604000001,-19.457204,-77.819371641,58.362167641,0.016780756036,0.070251739759,0.60135180929,0.32839645095,0.3688975081,0.19671301619,0.27101198524,0.16337749047,-1.0445314676e-07,-4.7296910059e-08,0.0,0.0,1.0,1.0,0.0,6.3364861037e-07,0.18095575604,-77.819371641,-1.0445314676e-07,-4.7296910059e-08,0.0
652,87.649108,55.018582,351.003676,519.5158,4.6410914689e-07,0.022411730879319844,0.01641475767801164,0.203168,0.12595522051,0.07721277949,-31.95738,-83.078747168,51.121367168000006,-0.07721277949,0.055398895421,0.42167019985,0.52293090473,0.48053235492,0.070926029819,0.38891001825,0.05963159701,-5.6759207278e-08,-1.3986054604e-08,0.0,0.0,1.0,1.0,0.0,4.6410914689e-07,0.12595522051,-83.078747168,-5.6759207278e-08,-1.3986054604e-08,0.0
653,87.681276,65.00604,0.991134,622.8451,3.9726091113e-07,0.02686932093442212,0.01405044833708183,0.154438,0.25643302628,0.10199502627999998,-50.528205,88.406824476,41.06497052399999,0.10199502628,0.029645771332,0.61025499364,0.36009923503,0.47835538784,0.077589083368,0.37856264029,0.065492888499,-1.017133288e-07,5.6623524566e-09,0.0,0.0,1.0,1.0,0.0,3.9726091113e-07,0.25643302628,88.406824476,-1.017133288e-07,5.6623524566e-09,0.0
654,87.649426,74.997148,10.982242,704.7979,4.9118573426e-07,0.03040473621612621,0.017372410901190634,0.261188,0.4592743667,0.19808636670000002,-73.431245,87.314301943,19.254453056999978,0.1980863667,0.010333709537,0.86649407344,0.12317221703,0.47763535075,0.13503775911,0.31000191564,0.077324974498,-2.245984156e-07,2.1117677822e-08,0.0,0.0,1.0,1.0,0.0,4.9118573426e-07,0.4592743667,87.314301943,-2.245984156e-07,2.1117677822e-08,0.0
655,87.669881,84.990099,20.975193,755.1496,4.5479321186e-07,0.032576891037435295,0.016085268769882463,0.316749,0.48495548399,0.16820648399,88.888375,-89.676649292,1.4349757080000245,0.16820648399,0.0034287708443,0.64306250049,0.35350872866,0.41018512601,0.21760211328,0.28060730683,0.091605453881,-2.2054041323e-07,-2.4893605762e-09,0.0,0.0,1.0,1.0,0.0,4.5479321186e-07,0.48495548399,-89.676649292,-2.2054041323e-07,-2.4893605762e-09,0.0
656,87.651463,95.014911,31.000005,808.6026,9.5473121286e-08,0.03488283486184311,0.0033767232582566286,0.267516,0.4187847046,0.15126870460000003,69.397941,-87.237879803,23.364179197,0.1512687046,0.0038646573901,0.65898538688,0.33714995573,0.58524294039,0.05155386886,0.34229955861,0.020903632141,-3.9796985698e-08,-3.8490077711e-09,0.0,0.0,1.0,1.0,0.0,9.5473121286e-08,0.4187847046,-87.237879803,-3.9796985698e-08,-3.8490077711e-09,0.0
657,87.672528,105.066719,41.051813,756.7339,1.2915162177e-07,0.03264523718827827,0.004567875012338917,0.242256,0.30359910435,0.06134310434999998,48.574751,85.801010636,37.226259636,0.061343104349,0.00042305495643,0.54708347712,0.45249346793,0.62442352712,0.067780128397,0.28748165993,0.02031468456,-3.8789883519e-08,5.7265933934e-09,0.0,0.0,1.0,1.0,0.0,1.2915162177e-07,0.30359910435,85.801010636,-3.8789883519e-08,5.7265933934e-09,0.0
658,87.67573,115.010974,50.996068,1494.068,1.0239746437e-07,0.06445357375349053,0.003621625593332164,0.099732,0.35930165792,0.25956965792000003,28.043603,72.793902514,44.75029951399999,0.25956965792,9.0532370141e-06,0.83899351238,0.16099743439,0.65517239694,0.095245779661,0.22874186309,0.020839960311,-3.0352803384e-08,2.0792488812e-08,0.0,0.0,1.0,1.0,0.0,1.0239746437e-07,0.35930165792,72.793902514,-3.0352803384e-08,2.0792488812e-08,0.0
659,87.651753,124.990015,60.975109,1613.807,1.4394830031e-07,0.06961907255787508,0.005091208573638241,0.071243,0.23050855494,0.15926555494,-3.956723,77.990030877,81.94675387699999,0.15926555494,0.0,0.7364377571,0.2635622429,0.66149607811,0.13629404602,0.17917818525,0.023031690623,-3.0307941013e-08,1.3506604169e-08,0.0,0.0,1.0,1.0,0.0,1.4394830031e-07,0.23050855494,77.990030877,-3.0307941013e-08,1.3506604169e-08,0.0
660,87.661503,134.999818,70.984912,1159.021,3.038111601e-07,0.04999976273191338,0.010745288271810512,0.073969,0.36445071584,0.29048171584,-19.363969,81.076660725,79.559370275,0.29048171584,0.0,0.40406941956,0.59593058044,0.63828964588,0.19190463592,0.14219325685,0.02761246135,-1.0539614969e-07,3.3933743392e-08,0.0,0.0,1.0,1.0,0.0,3.038111601e-07,0.36445071584,81.076660725,-1.0539614969e-07,3.3933743392e-08,0.0
661,87.653515,145.021326,81.00642,1500.909,2.2300160297e-07,0.06474869211359706,0.00788719054362508,0.084535,0.16317149948,0.07863649948000001,-40.564908,89.915147816,49.519944183999996,0.078636499475,0.0,0.59845782319,0.40154217681,0.61442794518,0.23541886917,0.118716579,0.031436606663,-3.6387346331e-08,1.0777599604e-10,0.0,0.0,1.0,1.0,0.0,2.2300160297e-07,0.16317149948,89.915147816,-3.6387346331e-08,1.0777599604e-10,0.0
662,87.680679,155.021272,91.006366,1698.66,2.2951388484e-07,0.07327960145863792,0.008117518968615796,0.078218,0.20291394764,0.12469594764000001,-69.389517,-8.6849255378,60.7045914622,0.12469594764,0.0,0.5192758751,0.4807241249,0.65965712106,0.19637656851,0.11778030642,0.026186004,4.444779084e-08,-1.3903412301e-08,0.0,0.0,1.0,1.0,0.0,2.2951388484e-07,0.20291394764,-8.6849255378,4.444779084e-08,-1.3903412301e-08,0.0
663,87.651758,165.004544,100.989638,1733.799,1.3895084773e-07,0.07479548569424427,0.004914457105459363,0.074211,0.15311788599,0.07890688599000001,88.913677,78.426746868,10.486930132000012,0.078906885986,0.0,0.74409077018,0.25590922982,0.73022668969,0.13106004737,0.12133448909,0.017378773847,-1.9563211605e-08,8.3631915551e-09,0.0,0.0,1.0,1.0,0.0,1.3895084773e-07,0.15311788599,78.426746868,-1.9563211605e-08,8.3631915551e-09,0.0
664,87.659189,175.007695,110.992789,1103.407,1.3058940183e-07,0.0476005941192889,0.0046187268678503325,0.08545,0.13327924225,0.047829242250000015,63.995613,-84.868273185,31.136113814999987,0.047829242246,0.0,0.7199121401,0.2800878599,0.76820741586,0.094650991389,0.12445074787,0.012690844871,-1.7126359455e-08,-3.1011034064e-09,0.0,0.0,1.0,1.0,0.0,1.3058940183e-07,0.13327924225,-84.868273185,-1.7126359455e-08,-3.1011034064e-09,0.0
665,87.654226,185.00998,120.995074,799.4209,4.5562081672e-07,0.03448673951803518,0.016114539757797867,0.089224,0.024724750279,0.06449924972099999,42.109636,-42.201134989,84.310770989,-0.064499249721,0.0,0.21810739948,0.78189260052,0.76308700826,0.10107278017,0.12235788148,0.013482330087,1.0988380105e-09,-1.121139059e-08,0.0,0.0,1.0,1.0,0.0,4.5562081672e-07,0.024724750279,-42.201134989,1.0988380105e-09,-1.121139059e-08,0.0
666,87.617446,195.017972,131.003066,857.0186,1.670515526e-07,0.03697148425855664,0.005908331637158041,0.144325,0.18449332364,0.04016832364,14.408998,-83.692406427,81.89859557300001,0.040168323636,0.0,0.79483212792,0.20516787208,0.70621027934,0.16096068163,0.11193237577,0.020896663257,-3.0075870128e-08,-6.731124365e-09,0.0,0.0,1.0,1.0,0.0,1.670515526e-07,0.18449332364,-83.692406427,-3.0075870128e-08,-6.731124365e-09,0.0
667,87.664408,204.985575,140.970669,918.2842,5.3178364713e-07,0.03961446092906418,0.01880829059987717,0.227815,0.11952992932,0.10828507067999998,-4.750021,66.533655435,71.283676435,-0.10828507068,0.0,0.37150124742,0.62849875258,0.58919605021,0.27530991678,0.099165825141,0.036328207871,-4.3405169656e-08,4.6436851677e-08,0.0,0.0,1.0,1.0,0.0,5.3178364713e-07,0.11952992932,66.533655435,-4.3405169656e-08,4.6436851677e-08,0.0
668,87.648319,214.995056,150.98015,1046.681,1.5064711407e-07,0.045153454213514535,0.005328134316941016,0.288037,0.40236636446,0.11432936446000003,-24.445047,-85.762036292,61.316989292,0.11432936446,0.0,0.76849682059,0.23150317941,0.63418937258,0.19627593074,0.14281561215,0.026719084529,-5.9953283534e-08,-8.9343281353e-09,0.0,0.0,1.0,1.0,0.0,1.5064711407e-07,0.40236636446,-85.762036292,-5.9953283534e-08,-8.9343281353e-09,0.0
669,87.659357,225.001421,160.986515,1162.696,9.5493114543e-08,0.05015830095342945,0.003377430386032602,0.365774,0.084086676378,0.281687323622,-41.678643,-74.904212611,33.225569611000004,-0.28168732362,0.0,0.49674600625,0.50325399375,0.69642800311,0.084726057495,0.20506578397,0.013780155422,-6.9404600494e-09,-4.0380780345e-09,0.0,0.0,1.0,1.0,0.0,9.5493114543e-08,0.084086676378,-74.904212611,-6.9404600494e-09,-4.0380780345e-09,0.0
670,87.661557,235.038652,171.023746,1197.705,1.5881428634e-06,0.05166857703426108,0.05616993423952757,0.40625,0.62229788602,0.21604788602000002,-60.886417,-72.238294729,11.351877729000002,0.21604788602,0.0,0.043454576299,0.9565454237,0.67497580574,0.099391803825,0.20787152493,0.017760865512,-8.0435413443e-07,-5.7423623853e-07,0.0,0.0,1.0,1.0,0.0,1.5881428634e-06,0.62229788602,-72.238294729,-8.0435413443e-07,-5.7423623853e-07,0.0
671,87.632763,245.049653,181.034747,1148.698,1.4342543324e-07,0.04955443210314864,0.005072715647331197,0.430801,0.3855997133,0.04520128670000001,-79.147525,-80.441696557,1.2941715569999985,-0.045201286698,8.062997025e-06,0.88334085188,0.11665108512,0.65055043831,0.12146742371,0.20274418281,0.025237955171,-5.2254968773e-08,-1.8111868996e-08,0.0,0.0,1.0,1.0,0.0,1.4342543324e-07,0.3855997133,-80.441696557,-5.2254968773e-08,-1.8111868996e-08,0.0
672,87.637618,255.012694,190.997788,1163.403,3.2993773205e-07,0.0501888006874735,0.011669341052045916,0.410814,0.55084887242,0.14003487242,83.627549,-84.93558858,11.436862420000011,0.14003487242,0.00018381038062,0.84251050294,0.15730568668,0.57844730137,0.17514560778,0.20069659114,0.045710499705,-1.7891328924e-07,-3.1962177768e-08,0.0,0.0,1.0,1.0,0.0,3.2993773205e-07,0.55084887242,-84.93558858,-1.7891328924e-07,-3.1962177768e-08,0.0
673,87.663955,264.991525,200.976619,1359.204,3.6340834035e-07,0.05863558771089358,0.012853140010247364,0.348784,0.59787607898,0.24909207897999996,64.38799,-89.224834386,26.387175614,0.24909207898,0.00098929247814,0.96138949808,0.037621209441,0.43017336964,0.25211592528,0.22670292159,0.091007783497,-2.1719361951e-07,-5.8783431423e-09,0.0,0.0,1.0,1.0,0.0,3.6340834035e-07,0.59787607898,-89.224834386,-2.1719361951e-07,-5.8783431423e-09,0.0
674,87.663301,274.997148,210.982242,1893.884,2.3231063052e-07,0.08170149690278868,0.008216435145838018,0.29316,0.15954704664,0.13361295335999998,44.549643,86.135173433,41.585530433,-0.13361295336,0.0067893364477,0.33188405953,0.66132660402,0.54751459005,0.072652762697,0.35345195266,0.026380694602,-3.6727696921e-08,4.9851365166e-09,0.0,0.0,1.0,1.0,0.0,2.3231063052e-07,0.15954704664,86.135173433,-3.6727696921e-08,4.9851365166e-09,0.0
675,87.598993,285.056412,221.041506,2496.175,1.6684588807e-07,0.10768412111371053,0.005901057629641632,0.213495,0.35296654615,0.13947154615000001,23.923824,-89.141040843,66.935135157,0.13947154615,0.033497552146,0.67769723254,0.28880521532,0.52399453223,0.054776559287,0.38483917119,0.03638973729,-5.8864547318e-08,-1.7654842875e-09,0.0,0.0,1.0,1.0,0.0,1.6684588807e-07,0.35296654615,-89.141040843,-5.8864547318e-08,-1.7654842875e-09,0.0
676,87.62883,294.979892,230.964986,2673.3,3.0808914308e-07,0.11532523199426417,0.010896593313820384,0.150496,0.077135106109,0.07336089389099999,5.588634,14.2253978,8.6367638,-0.073360893891,0.04189817047,0.5609804675,0.39712136203,0.49314268929,0.061000229068,0.39386393633,0.05199314531,2.0894369743e-08,1.1321494522e-08,0.0,0.0,1.0,1.0,0.0,3.0808914308e-07,0.077135106109,14.2253978,2.0894369743e-08,1.1321494522e-08,0.0
677,87.667061,305.004888,240.989982,2259.152,3.2113852676e-06,0.09745903135087938,0.11358128003213974,0.11277,0.76673880205,0.65396880205,-10.984612,85.266257525,83.749130475,0.65396880205,0.0077736086581,0.077132925192,0.91509346615,0.46738616034,0.072017166489,0.38728029859,0.073316374585,-2.4287550525e-06,4.050174387e-07,0.0,0.0,1.0,1.0,0.0,3.2113852676e-06,0.76673880205,85.266257525,-2.4287550525e-06,4.050174387e-07,0.0
678,87.664248,314.996511,250.981605,663.6915,5.513247207e-07,0.02863142042049945,0.019499425410662904,0.060935,0.24530346224,0.18436846223999998,-38.253903,-89.061916761,50.808013761000005,0.18436846224,0.081999721055,0.60905083151,0.30894944743,0.4442455574,0.085951211136,0.37077975942,0.099023472045,-1.351693625e-07,-4.4277416061e-09,0.0,0.0,1.0,1.0,0.0,5.513247207e-07,0.24530346224,-89.061916761,-1.351693625e-07,-4.4277416061e-09,0.0
679,87.644135,324.999295,260.984389,2707.89,1.0812038105e-06,0.11681743256086034,0.038240355030336765,0.031412,0.19213383043,0.16072183043000002,-51.859995,77.211574766,50.92843023400002,0.16072183043,0.070510372373,0.38212336149,0.54736626613,0.43580054232,0.092091439897,0.36089317173,0.11121484605,-1.8737917883e-07,8.9683990951e-08,0.0,0.0,1.0,1.0,0.0,1.0812038105e-06,0.19213383043,77.211574766,-1.8737917883e-07,8.9683990951e-08,0.0
680,87.633138,335.017207,271.002301,7032.11,9.8299030421e-07,0.3033627790218774,0.03476670897690028,0.025559,0.078095434116,0.05253643411600001,-73.610315,75.749781136,30.63990386400002,0.052536434116,0.1217479648,0.45648310462,0.42176893057,0.45296141313,0.079566671922,0.36996105875,0.097510856198,-6.7463921369e-08,3.6630587985e-08,0.0,0.0,1.0,1.0,0.0,9.8299030421e-07,0.078095434116,75.749781136,-6.7463921369e-08,3.6630587985e-08,0.0
681,87.651442,345.043038,281.028132,3693.777,7.4143504254e-07,0.15934825476380393,0.02622330682089512,0.045217,0.063117291187,0.017900291187000004,-67.205868,-82.089580467,14.88371246700001,0.017900291187,0.24447925724,0.60270140267,0.15281934008,0.47913933337,0.059981893179,0.38791348261,0.072965290841,-4.502463551e-08,-1.2758376634e-08,0.0,0.0,1.0,1.0,0.0,7.4143504254e-07,0.063117291187,-82.089580467,-4.502463551e-08,-1.2758376634e-08,0.0
682,87.619413,355.014106,290.9992,1571.326,7.9029832252e-07,0.0677864569964535,0.027951518612451647,0.065631,0.033289896594,0.032341103405999994,-86.585891,88.397339199,5.0167698010000095,-0.032341103406,0.37320851317,0.56561921862,0.061172268217,0.49962022964,0.04949726548,0.39280967049,0.058072834389,-2.6267791062e-08,1.4710448971e-09,0.0,0.0,1.0,1.0,0.0,7.9029832252e-07,0.033289896594,88.397339199,-2.6267791062e-08,1.4710448971e-09,0.0
