index,zenith_deg,relative_azimuth_deg,absolute_azimuth_deg,reference_intensity,model_intensity,normalized_reference,normalized_model,reference_dop,model_dop,dop_abs_error,reference_aop_deg,model_aop_deg,aop_abs_error_deg,signed_dolp_bias,first_frac,second_frac,higher_frac,second_rr_frac,second_ar_frac,second_ra_frac,second_aa_frac,model_q,model_u,model_v,model_calibration_applied,model_calibration_intensity_gain,model_calibration_dolp_scale,model_calibration_aop_offset_deg,raw_model_intensity,raw_model_dop,raw_model_aop_deg,raw_model_q,raw_model_u,raw_model_v
0,3.085892,5.062779,301.047873,821.3333,821.3333,0.03543203283100085,0.03543203283100085,0.436059,0.436059,0.0,-9.96943,-9.969429999999997,1.7763568394002505e-15,0.0,0.39086616307,0.60777340262,0.0013604343037,0.62555490803,0.30540040602,0.052180583047,0.016864102904,336.6812244987809,-122.13523720865989,0.0,1.0,1990202673.433441,0.5216795043679601,86.52842231885684,4.1268827088e-07,0.835875276580602,83.50214768114316,-3.3612054107e-07,7.7573000344e-08,0.0
1,3.229108,14.703974,310.689068,789.3333,789.3333,0.03405156396337789,0.03405156396337789,0.430532,0.43053199999999997,5.551115123125783e-17,-22.988263,-22.988262999999996,3.552713678800501e-15,-5.551115123125783e-17,0.43145704945,0.56798179135,0.00056115919379,0.62743338085,0.2991265504,0.056568300357,0.016871768398,236.16814101424578,-244.3588408712515,0.0,1.0,2109715802.9214993,0.5201433213227327,62.57283405479768,3.7414200477e-07,0.8277180199202603,-85.56109705479768,-3.0597397747e-07,-4.7792824969e-08,0.0
2,3.597456,25.660826,321.64592,774.2222,774.2222,0.03339967636632985,0.03339967636632985,0.411761,0.411761,0.0,-28.238309,-28.238308999999994,7.105427357601002e-15,0.0,0.51410675036,0.48480412742,0.0010891222214,0.63859970642,0.27752623394,0.067605929344,0.016268130296,176.06295132152252,-265.7663918799872,0.0,1.0,2461395743.631205,0.5063470392572537,43.72426768995564,3.1454600586e-07,0.8131991856889312,-71.96257668995564,-2.0674070856e-07,-1.5061893877e-07,0.0
3,2.954261,34.6243,330.609394,749.6,749.6,0.032337483224067785,0.032337483224067785,0.499907,0.49990699999999993,5.551115123125783e-17,-37.136937,-37.136936999999996,7.105427357601002e-15,-5.551115123125783e-17,0.36675034034,0.62979549104,0.0034541686163,0.61094844428,0.3200367827,0.051479772466,0.017535000547,101.56666866539528,-360.70347927516343,0.0,1.0,1717086424.2914689,0.5991943178087396,29.741937835878858,4.3655344856e-07,0.8342986325841099,-66.87887483587886,-2.5189566463e-07,-2.6306240489e-07,0.0
4,3.207406,44.916314,340.901408,793.4545,793.4545,0.03422935109766688,0.03422935109766688,0.471051,0.47105100000000005,5.551115123125783e-17,-50.944548,-50.944548,0.0,5.551115123125783e-17,0.36555270232,0.63259017578,0.0018571219053,0.60648097398,0.32385196268,0.051894058203,0.017773005138,-77.0007653836867,-365.73976760469895,0.0,1.0,1813985799.3084948,0.5643296361934088,5.399402100888402,4.3740943303e-07,0.8347089534007035,-56.3439501008884,-1.4082685438e-07,-3.3685723271e-07,0.0
5,3.134536,54.912808,350.897902,778.6667,778.6667,0.03359141055014704,0.03359141055014704,0.513907,0.5139070000000001,1.1102230246251565e-16,-55.804022,-55.804022,0.0,1.1102230246251565e-16,0.33977158929,0.65981045727,0.00041795343684,0.59760316243,0.33500699254,0.049359828682,0.018030016343,-147.3617896857381,-372.0407820508046,0.0,1.0,1662868148.8566248,0.6100094782548899,-9.05882607354934,4.682672529e-07,0.8424574015967439,-46.74519592645066,-2.4017325266e-08,-3.9376343313e-07,0.0
6,3.199281,65.149525,1.134619,788.0,788.0,0.03399404586521534,0.03399404586521534,0.457628,0.457628,0.0,-67.669514,-67.669514,0.0,0.0,0.3357808198,0.65701839332,0.007200786878,0.59035756602,0.34252517031,0.048861153723,0.018256109951,-256.49473216720855,-253.47711455928015,0.0,1.0,1671395288.9923594,0.5432008661540215,-31.47963534059543,4.7146237948e-07,0.8424655196890687,-36.18987865940458,1.2023229028e-07,-3.7855610789e-07,0.0
7,2.876036,74.803392,10.788486,762.4,762.4,0.03288967077111697,0.03288967077111697,0.419278,0.41927800000000004,5.551115123125783e-17,-78.673141,-78.673141,0.0,5.551115123125783e-17,0.34338128659,0.65614883136,0.00046988204565,0.60551901532,0.32629733492,0.050338528257,0.017845121506,-294.9958117720141,-123.11952939680471,0.0,1.0,1664179507.5003579,0.493784292106642,-52.471679883421174,4.5812365587e-07,0.849111660096002,-26.201461116578823,2.3732961338e-07,-3.0821130082e-07,0.0
8,3.486702,84.718292,20.703386,798.4,798.4,0.034442698247192795,0.034442698247192795,0.412604,0.412604,0.0,-84.509487,-84.509487,0.0,0.0,0.33508369638,0.65975593444,0.005160369185,0.59378937905,0.33717958178,0.050061182975,0.018969856187,-323.39140251034996,-62.749787638011405,0.0,1.0,1708606276.658022,0.4846131661733663,-68.5025085820991,4.6728143921e-07,0.8514089768918791,-16.0069784179009,3.3734254402e-07,-2.1090929432e-07,0.0
9,2.917642,94.438169,30.423263,751.2,751.2,0.03240650666744894,0.03240650666744894,0.498108,0.4981079999999999,1.1102230246251565e-16,84.053738,84.053738,0.0,-1.1102230246251565e-16,0.31848167461,0.67963733553,0.0018809898579,0.58040790801,0.345585196,0.051564524736,0.022442371251,-366.1473133677087,77.10944558663883,0.0,1.0,1536159575.8719654,0.5821382327653947,-89.37315897272079,4.8901169631e-07,0.8556524412316698,-6.573103027279216,4.0745835744e-07,-9.516498319e-08,0.0
10,3.312805,103.729008,39.714102,756.4444,756.4444,0.03263274825899149,0.03263274825899149,0.452738,0.45273800000000003,5.551115123125783e-17,75.820144,75.82014399999998,1.4210854715202004e-14,5.551115123125783e-17,0.28703460045,0.71181206918,0.001153330374,0.56105246055,0.36337476638,0.050441877539,0.025130895533,-301.36869739522825,162.6756881946852,0.0,1.0,1401674203.0289495,0.5243763918823438,73.38782566339141,5.3967205672e-07,0.863383643902837,2.432318336608589,4.6426561552e-07,3.9512964922e-08,0.0
11,3.194998,114.944475,50.929569,767.3333,767.3333,0.0331024916168871,0.0331024916168871,0.481059,0.481059,0.0,57.043868,57.043868,0.0,0.0,0.2510317669,0.74877301967,0.00019521342518,0.54899849096,0.37439199779,0.049425077474,0.02718443378,-150.6559522876459,336.98909925151867,0.0,1.0,1249351635.1352286,0.5521833886050154,43.92422795895815,6.1418521289e-07,0.8711942624990995,13.119640041041853,4.7993812325e-07,2.365676676e-07,0.0
12,3.135353,125.278465,61.263559,757.3333,757.3333,0.03267109509575493,0.03267109509575493,0.509903,0.509903,0.0,52.157737,52.157737,0.0,0.0,0.22416378288,0.77566062547,0.00017559165011,0.55838588349,0.36479927344,0.049828817519,0.026986025545,-95.48380754202428,374.17566056052743,0.0,1.0,1105471927.6787703,0.5814563551302692,29.07124917741666,6.8507691696e-07,0.8769411418433317,23.086487822583337,4.1602480504e-07,4.3341725664e-07,0.0
13,3.230062,134.591503,70.576597,719.2,719.2,0.03102603779982598,0.03102603779982598,0.503888,0.5038880000000001,1.1102230246251565e-16,42.224552,42.224552,0.0,1.1102230246251565e-16,0.2088754153,0.79101939027,0.00010519442918,0.56159361815,0.36175381873,0.049672858875,0.026979704243,35.05456305705706,360.6968524024355,0.0,1.0,982148163.242984,0.5719347603983377,9.935925182230186,7.3227240748e-07,0.8810235622836687,32.28862681776982,2.7695852112e-07,5.8267617585e-07,0.0
14,2.954861,144.75884,80.743934,743.2727,743.2727,0.03206452570325183,0.03206452570325183,0.481287,0.4812870000000001,5.551115123125783e-17,30.892489,30.892489,0.0,5.551115123125783e-17,0.20513647619,0.79443190416,0.00043161965585,0.5686240215,0.35478161988,0.050056569042,0.026537789577,169.12704986397114,315.2221385784753,0.0,1.0,998315002.2658306,0.5462412539429737,-11.36716527816014,7.4452722669e-07,0.8810887067314862,42.25965427816014,6.2654234924e-08,6.5299561402e-07,0.0
15,3.295857,154.683082,90.668176,754.4,754.4,0.03254455355421123,0.03254455355421123,0.49175,0.49174999999999996,5.551115123125783e-17,19.408901,19.408901000000004,3.552713678800501e-15,-5.551115123125783e-17,0.19930036212,0.79896804638,0.0017315914928,0.57377708826,0.34979267699,0.050192241611,0.02623799314,289.04359817548334,232.54491893010623,0.0,1.0,989168109.4124215,0.5571990920579168,-32.90455002356246,7.6266106117e-07,0.8825391265154577,52.31345102356246,-1.6996820303e-07,6.5126423922e-07,0.0
16,3.205123,165.350741,101.335835,694.4,694.4,0.029956174427418183,0.029956174427418183,0.498574,0.4985740000000001,5.551115123125783e-17,10.151381,10.151380999999999,1.7763568394002505e-15,5.551115123125783e-17,0.20129433722,0.79778278837,0.00092287441134,0.58083431304,0.34286313988,0.050563663499,0.025738883583,324.70053644802755,120.12817019983751,0.0,1.0,920202051.7249398,0.5644044466792222,-52.73247020137829,7.5461687865e-07,0.883362990730233,62.88385120137829,-3.8962832124e-07,5.4087536603e-07,0.0
17,3.066242,175.067292,111.052386,696.8,696.8,0.030059709592489905,0.030059709592489905,0.48681,0.48681,0.0,1.248742,1.2487420000000153,1.532107773982716e-14,0.0,0.20385508647,0.79518465301,0.00096026051623,0.5869077293,0.3369157025,0.050873427316,0.02530314089,338.88700540326136,14.78121648570129,0.0,1.0,935191918.3245449,0.5516029465859037,-71.1647707342766,7.4508770483e-07,0.8825369824673096,72.41351273427661,-5.3750661949e-07,3.7878964014e-07,0.0
18,3.248676,185.3406,121.325694,756.0,756.0,0.032613576997592375,0.032613576997592375,0.47575,0.47574999999999995,5.551115123125783e-17,-14.598466,-14.598466000000007,7.105427357601002e-15,-5.551115123125783e-17,0.20812979054,0.79109827249,0.00077193697398,0.59388547004,0.33003429719,0.051284705534,0.024795527237,313.97065999542923,-175.4502081817932,0.0,1.0,1036875403.59385,0.5391536846820756,82.72870406213487,7.2911364025e-07,0.8824014627304958,82.67282993786513,-6.2244187304e-07,1.6276450638e-07,0.0
19,3.202815,203.855079,139.840173,750.1538,750.1538,0.03236137396340809,0.03236137396340809,0.49568,0.49568000000000006,5.551115123125783e-17,-24.13302,-24.13302000000001,1.0658141036401503e-14,5.551115123125783e-17,0.2127091362,0.78613293726,0.0011579265474,0.6046965709,0.31942116363,0.05187131655,0.024010948921,247.5212608475493,-277.48047052309727,0.0,1.0,1049283575.6930648,0.5626938171090384,55.08518929880741,7.1491998672e-07,0.8809053608348917,-79.21820929880741,-5.8569894797e-07,-2.31464083e-07,0.0
20,3.043794,214.533226,150.51832,733.8182,733.8182,0.03165666186234741,0.03165666186234741,0.480448,0.48044799999999993,5.551115123125783e-17,-37.316008,-37.316008,0.0,-5.551115123125783e-17,0.21556516064,0.78421475416,0.000220085204,0.60918490546,0.31494688735,0.052189238453,0.02367896873,93.43491242219831,-339.9551719588046,0.0,1.0,1036444268.1435988,0.5459396779055468,31.557715045228775,7.0801510757e-07,0.8800386186312739,-68.87372304522877,-4.6119690828e-07,-4.189592967e-07,0.0
21,3.268784,224.762651,160.747745,791.1111,791.1111,0.03412825763690477,0.03412825763690477,0.527343,0.5273429999999999,1.1102230246251565e-16,-49.567244,-49.567244,0.0,-1.1102230246251565e-16,0.21882567952,0.78113084476,4.3475727188e-05,0.61493812868,0.30919032505,0.052618570101,0.023252976175,-66.22941829848688,-411.8963150564034,0.0,1.0,1132235617.4434147,0.6001818742118428,9.293485029721843,6.9871596319e-07,0.8786386638092085,-58.860729029721846,-2.8557884956e-07,-5.4345293052e-07,0.0
22,3.17396,234.512551,170.497645,768.0,768.0,0.033131252822950985,0.033131252822950985,0.48669,0.48669000000000007,5.551115123125783e-17,-57.849208,-57.849208,0.0,5.551115123125783e-17,0.22130066653,0.77793602473,0.00076330874442,0.61601537277,0.30795928682,0.052869849796,0.023155490618,-162.0828793118232,-336.80717586404745,0.0,1.0,1107073997.0130818,0.5555430743615564,-8.449700017547947,6.9372056617e-07,0.876061681732449,-49.39950798245205,-9.2965604108e-08,-6.0058949552e-07,0.0
23,3.016761,244.324624,180.309718,799.2,799.2,0.03447720996888337,0.03447720996888337,0.483747,0.483747,0.0,-68.883499,-68.883499,0.0,0.0,0.22645298324,0.77329712193,0.00024989483327,0.61555199003,0.30824186248,0.053056338513,0.023149808981,-286.25328148436677,-259.85922482667957,0.0,1.0,1173631908.832591,0.5538109306472672,-29.06384374317433,6.8096308049e-07,0.8734876349129118,-39.81965525682567,1.0697368318e-07,-5.8511446282e-07,0.0
24,3.065903,254.499484,190.484578,812.0,812.0,0.03502939751593255,0.03502939751593255,0.480972,0.48097200000000007,5.551115123125783e-17,-82.790032,-82.790032,0.0,5.551115123125783e-17,0.2356010943,0.76312372182,0.0012751838833,0.61659104555,0.30694609324,0.053455557163,0.02300730405,-378.2456230453658,-97.25726840686393,0.0,1.0,1235613187.7785897,0.5535082243587307,-53.03121041304405,6.5716359135e-07,0.868951858045528,-29.758821586955943,2.8967497065e-07,-4.9211697531e-07,0.0
25,3.155899,265.005066,200.99016,796.8,796.8,0.03437367480381165,0.03437367480381165,0.498914,0.498914,0.0,87.821941,87.821941,0.0,0.0,0.24928639176,0.75042270612,0.00029090212801,0.61752189301,0.30585596424,0.053789700398,0.022832442352,-396.38628409748304,30.194896352842985,0.0,1.0,1275903579.2134025,0.5759932432829964,-72.88048814536512,6.2449860082e-07,0.866180299540205,-19.29757085463489,4.2277522107e-07,-3.3743833552e-07,0.0
26,3.146537,274.744719,210.729813,796.8,796.7999999999998,0.03437367480381165,0.03437367480381164,0.413474,0.41347399999999995,5.551115123125783e-17,79.829898,79.829898,0.0,-5.551115123125783e-17,0.27248814505,0.72199391724,0.0055179377084,0.61532984751,0.30803682676,0.053876317718,0.022757008014,-308.9129353526131,114.51685085312798,0.0,1.0,1387911291.4046955,0.48248676058501566,89.0843790793569,5.7410009194e-07,0.8569644470630912,-9.254481079356907,4.6653504161e-07,-1.5618159043e-07,0.0
27,3.282025,283.827712,219.812806,780.8,780.8,0.03368344037000017,0.03368344037000017,0.503978,0.5039779999999999,1.1102230246251565e-16,69.011322,69.011322,0.0,-1.1102230246251565e-16,0.30144029158,0.69697250119,0.0015872072339,0.61557832698,0.30814734007,0.053889813522,0.022384519426,-292.5360036496492,263.19133008851503,0.0,1.0,1495860100.767348,0.588900675761518,68.78903851632624,5.2197394636e-07,0.8557945690048615,0.2222834836737607,4.4668902177e-07,3.4659999522e-09,0.0
28,3.325688,295.411445,231.396539,808.7273,808.7273,0.034888214376461626,0.034888214376461626,0.500982,0.500982,0.0,57.774013,57.774013,0.0,0.0,0.34403797866,0.65544927141,0.00051274993212,0.63052224451,0.29462500662,0.054568602449,0.020284146428,-174.73140149948907,365.5431528646223,0.0,1.0,1756339504.7127185,0.5888940624891928,45.160004437442325,4.6046182861e-07,0.850716677091975,12.614008562557672,3.5435956652e-07,1.6696065133e-07,0.0
29,3.222611,305.155665,241.140759,820.8,820.8,0.03540902645452886,0.03540902645452886,0.49031,0.49031,0.0,50.51181,50.51181,0.0,0.0,0.37287275041,0.62676162303,0.00036562656211,0.64353096198,0.28385540133,0.054490203504,0.018123433187,-76.95325497054172,395.02068307527327,0.0,1.0,1923314089.00576,0.5798048723766358,27.49922258146664,4.2676336886e-07,0.845646567249782,23.012587418533357,2.5058184897e-07,2.5971337066e-07,0.0
30,2.952813,314.932965,250.918059,827.2,827.2,0.03568512022805346,0.03568512022805346,0.487495,0.487495,0.0,42.83024,42.83024,0.0,0.0,0.3790664658,0.61412465587,0.0068088783338,0.6498927789,0.28036836704,0.053281233046,0.016457621021,30.51296849951025,402.09980179519414,0.0,1.0,1965297701.4301817,0.5824800966218794,9.777847078215864,4.2090315345e-07,0.8369298845183726,33.05239292178414,1.4269087761e-07,3.2207289465e-07,0.0
31,3.174858,325.258385,261.243479,788.0,788.0,0.03399404586521534,0.03399404586521534,0.396132,0.396132,0.0,31.153325,31.153325000000002,3.552713678800501e-15,0.0,0.38431825579,0.61534480869,0.00033693552066,0.65352506195,0.27920559132,0.052038378132,0.015230968603,145.06930314084872,276.3942444753378,0.0,1.0,1886871452.9446452,0.4715927081620442,-12.119145102116466,4.1762251412e-07,0.8399875425212997,43.272470102116465,2.1141044705e-08,3.5016009068e-07,0.0
32,3.168849,335.338616,271.32371,837.6,837.6,0.03613377261003092,0.03613377261003092,0.44911,0.44911000000000006,5.551115123125783e-17,25.746041,25.746040999999995,7.105427357601002e-15,5.551115123125783e-17,0.37376117315,0.62519749327,0.0010413335774,0.63860085353,0.29506480453,0.050468546116,0.015865795825,234.21483663359982,294.36489572554586,0.0,1.0,1945154818.5824587,0.5350161842688841,-27.306052088756477,4.3060839785e-07,0.8394325502764417,53.05209308875648,-1.0026538775e-07,3.4728235092e-07,0.0
33,3.158686,345.232989,281.218083,806.5455,806.5455,0.03479409228348101,0.03479409228348101,0.44928,0.44927999999999996,5.551115123125783e-17,9.863893,9.863893,0.0,-5.551115123125783e-17,0.37010069667,0.62849531004,0.0014039932892,0.63043323844,0.30318266508,0.049982617503,0.016401478978,341.09647179186226,122.31687473278173,0.0,1.0,1850952394.9407656,0.5347139726754475,-52.9754534715255,4.3574621487e-07,0.8402249108098342,62.839346471525495,-2.1353834052e-07,2.9740336962e-07,0.0
34,3.061937,355.197493,291.182587,806.4,806.4,0.03478781546409854,0.03478781546409854,0.443115,0.443115,0.0,-1.115791,-1.115791000000001,1.1102230246251565e-15,0.0,0.36921880692,0.6089879997,0.021793193377,0.62730645406,0.30545855146,0.050577641926,0.016657352552,357.056940232701,-13.913852007315546,0.0,1.0,1846385759.433527,0.5340333091121527,-74.39001104011759,4.3674513621e-07,0.8297516136899638,73.27422004011758,-3.0236086132e-07,1.9976087771e-07,0.0
35,7.256915,4.892257,300.877351,841.5484,841.5484,0.03630410521243475,0.03630410521243475,0.384203,0.384203,0.0,-9.964976,-9.96497599999998,1.9539925233402755e-14,0.0,0.74787750337,0.2417467158,0.010375780833,0.75852811242,0.10216962339,0.12895214959,0.010350114602,303.96148037093565,-110.2122752714789,0.0,1.0,3685217583.467496,0.47598133996348,75.34212444969125,2.2835785973e-07,0.8071808025698618,-85.30710044969125,-1.8185843574e-07,-3.0060161327e-08,0.0
36,7.340773,14.818199,310.803293,839.1429,839.1429,0.0362003327792764,0.0362003327792764,0.422709,0.42270900000000006,5.551115123125783e-17,-17.014888,-17.014887999999996,3.552713678800501e-15,5.551115123125783e-17,0.76940228766,0.22994156862,0.00065614372756,0.76794213528,0.083987230874,0.13790307514,0.010167558709,293.9674951074836,-198.50593412973228,0.0,1.0,3787917401.142779,0.5171005809250098,57.912942135461506,2.2153146733e-07,0.8174599209380922,-74.9278301354615,-1.5660261879e-07,-9.0941349909e-08,0.0
37,7.404818,25.051557,321.036651,817.931,817.931,0.03528525879261605,0.03528525879261605,0.415487,0.41548700000000005,5.551115123125783e-17,-31.623529,-31.623529000000016,1.4210854715202004e-14,5.551115123125783e-17,0.75376713295,0.24514872822,0.001084138834,0.76048137065,0.08885775328,0.14028332325,0.010377552817,152.9769002357561,-303.46183931615536,0.0,1.0,3633102900.262519,0.5254317702287732,32.60263752189168,2.2513290222e-07,0.7907534784565783,-64.22616652189168,-1.1070698719e-07,-1.3941567447e-07,0.0
38,7.252809,34.939569,330.924663,802.6667,802.6667,0.03462676220086426,0.03462676220086426,0.41843,0.4184299999999999,1.1102230246251565e-16,-37.79504,-37.79504,0.0,-1.1102230246251565e-16,0.73619300831,0.25748951194,0.0063174797503,0.75042235642,0.098362693227,0.14062382625,0.010591124107,83.58126406871764,-325.29370709852105,0.0,1.0,3521783788.6893787,0.5429090824238392,16.500847933932626,2.2791481481e-07,0.7707183643565192,-54.295887933932626,-5.6003899587e-08,-1.664912701e-07,0.0
39,7.449645,45.008987,340.994081,818.5806,818.5806,0.035313282310628795,0.035313282310628795,0.454538,0.45453799999999994,5.551115123125783e-17,-48.056032,-48.056032,0.0,-5.551115123125783e-17,0.72400456862,0.2740025879,0.0019928434832,0.73558650433,0.1172891761,0.13618036399,0.010943955582,-39.616207978505884,-369.960940477801,0.0,1.0,3562739795.0801916,0.5921702588690858,-3.446855898961907,2.2976154507e-07,0.7675799201197085,-44.609176101038095,2.4058910305e-09,-1.7634393718e-07,0.0
40,7.389299,55.12179,351.106884,809.5484,809.5484,0.03492363634481179,0.03492363634481179,0.467499,0.467499,0.0,-56.83129,-56.83129,0.0,0.0,0.71327053513,0.2850135314,0.0017159334633,0.71837110308,0.14201756428,0.12828233494,0.0113289977,-151.89602712095873,-346.6437513784769,0.0,1.0,3516754690.7826557,0.597844582542338,-21.371449945866324,2.3019757452e-07,0.7819741345015748,-35.45984005413368,5.884358974e-08,-1.7011910444e-07,0.0
41,7.378459,64.990252,0.975346,764.9032,764.9032,0.032997657948286775,0.032997657948286775,0.525544,0.5255440000000001,1.1102230246251565e-16,-69.663662,-69.663662,0.0,1.1102230246251565e-16,0.62054931591,0.37660471474,0.0028459693531,0.64507159628,0.24884523313,0.091139376587,0.014943794001,-304.88761659855544,-261.9918555245397,0.0,1.0,2929137099.128615,0.6558919338265962,-40.95673972504285,2.611360186e-07,0.801266142935892,-28.70692227495715,1.1268950598e-07,-1.7630151119e-07,0.0
42,7.324242,75.169393,11.154487,748.129,748.129,0.03227402479580924,0.03227402479580924,0.487612,0.48761200000000016,1.6653345369377348e-16,-77.460619,-77.460619,0.0,1.6653345369377348e-16,0.54311308215,0.45646798841,0.00041892944662,0.59895044885,0.31145651983,0.071728733119,0.0178642982,-330.40582720502255,-154.62407830238377,0.0,1.0,2543050889.327906,0.5895162062354605,-56.843057340974056,2.9418561899e-07,0.8271392624026376,-20.617561659025938,1.8298869351e-07,-1.6039274259e-07,0.0
43,7.507604,85.099604,21.084698,762.4,762.4,0.03288967077111697,0.03288967077111697,0.474459,0.4744590000000001,5.551115123125783e-17,89.494054,89.49405400000002,1.4210854715202004e-14,5.551115123125783e-17,0.2997178165,0.70011191395,0.00017026955128,0.53186586295,0.40461413762,0.042052465983,0.02146753345,-361.67113065789266,6.388082703071685,0.0,1.0,1448578575.9661524,0.5406818474402758,-75.06854721257741,5.2630904022e-07,0.8775197507484458,-15.437398787422575,3.9639862794e-07,-2.3700293075e-07,0.0
44,7.378463,95.073542,31.058636,733.1613,733.1613,0.03162832342487424,0.03162832342487424,0.505513,0.505513,0.0,82.704926,82.70492600000001,1.4210854715202004e-14,0.0,0.31050114249,0.68910900195,0.0003898555595,0.54629484745,0.38699413407,0.044532557728,0.022178460755,-358.6709167776084,93.36092090290217,0.0,1.0,1462228575.7251737,0.5731226172729004,87.28089082189807,5.0139992623e-07,0.8820328927261526,-4.575964821898066,4.3662139386e-07,-7.0341357054e-08,0.0
45,7.294968,104.30166,40.286754,718.7692,718.7692,0.0310074532376956,0.0310074532376956,0.496194,0.49619399999999986,1.6653345369377348e-16,73.589794,73.589794,0.0,-1.6653345369377348e-16,0.24351574855,0.75482130417,0.0016629472815,0.5110123515,0.41518056265,0.044408370237,0.029398715611,-299.7183609842696,193.3064611289163,0.0,1.0,1135791882.0440288,0.558374276989257,69.45208779704328,6.3283530316e-07,0.8886405059263621,4.137706202956722,5.5650756056e-07,8.0941789267e-08,0.0
46,7.317628,114.609021,50.594115,734.0606,734.0606,0.03166711891401965,0.03166711891401965,0.527794,0.527794,0.0,62.015392,62.015392,0.0,0.0,0.18779957203,0.81132709737,0.00087333060402,0.51835511193,0.40667501447,0.044723354054,0.030246519545,-216.82220310411822,321.0798833698125,0.0,1.0,904106030.647535,0.5876040146198137,47.79079252871179,8.1191870767e-07,0.8982137406625592,14.224599471288204,6.4120898643e-07,3.4741230092e-07,0.0
47,7.373759,124.945144,60.930238,716.3871,716.3871,0.030904690272396708,0.030904690272396708,0.541597,0.541597,0.0,51.034829,51.034829,0.0,0.0,0.17816960646,0.82085574135,0.00097465218925,0.53283603483,0.39213125933,0.045662600248,0.029370105591,-81.12964171708558,379.4161701095522,0.0,1.0,844667204.4958547,0.6013643877555016,26.113473484998032,8.4812941261e-07,0.9006136895159788,24.92135551500197,4.9258939464e-07,5.8378299817e-07,0.0
48,7.483038,134.960077,70.945171,707.2,707.2,0.03050836197446737,0.03050836197446737,0.503755,0.5037550000000001,1.1102230246251565e-16,41.536326,41.53632600000001,7.105427357601002e-15,1.1102230246251565e-16,0.19552613651,0.80382362752,0.00065023597177,0.54728681514,0.37717213568,0.047281156173,0.028259893007,42.968222722543274,353.6548299779225,0.0,1.0,922037354.610795,0.5612110333271451,6.0646012069602335,7.6699712486e-07,0.8976213404313945,35.47172479303977,2.2478726615e-07,6.5074245232e-07,0.0
49,7.37195,144.912575,80.897669,704.5161,704.5161,0.030392579462160705,0.030392579462160705,0.5311,0.5310999999999999,1.1102230246251565e-16,29.137855,29.137855,0.0,-1.1102230246251565e-16,0.21972468126,0.77988508127,0.00039023746613,0.56148828526,0.36210225463,0.049276589427,0.027132870681,196.74988223351775,318.2633355645387,0.0,1.0,1038133122.1394733,0.5953244006703798,-16.569224344651847,6.786375321e-07,0.8921186489281165,45.707079344651845,-1.4941421288e-08,6.0524079886e-07,0.0
50,7.44741,155.135172,91.120266,711.5,711.5,0.030693862478554202,0.030693862478554202,0.529457,0.529457,0.0,21.036114,21.036113999999994,7.105427357601002e-15,0.0,0.24882114304,0.74807907902,0.0030997779436,0.57665527976,0.34581055846,0.051601861164,0.025932300621,279.63110552640165,252.4199991100152,0.0,1.0,1192562956.7565675,0.5995689319891935,-35.24224423992568,5.966142047e-07,0.8830627668505392,56.27835823992568,-2.0209764446e-07,4.8654407436e-07,0.0
51,7.352167,165.181101,101.166195,721.8667,721.8666999999999,0.031141078310116296,0.03114107831011629,0.557626,0.557626,0.0,8.530561,8.530560999999992,8.881784197001252e-15,0.0,0.27216701841,0.72368108538,0.0041518962081,0.5907482869,0.33082958424,0.053579851278,0.024842277578,384.81715503820254,118.09944434692852,0.0,1.0,1326891781.9929867,0.6369389512927508,-57.84464730810698,5.4402831474e-07,0.8754779384558365,66.37520830810698,-3.2330501192e-07,3.4974428948e-07,0.0
52,7.341512,175.263881,111.248975,715.871,715.871,0.030882425897941074,0.030882425897941074,0.525996,0.525996,0.0,-0.004896,-0.004895999999996232,3.767819389821625e-15,0.0,0.29191535013,0.70596651336,0.0021181365083,0.60439269178,0.3167812543,0.055011939522,0.023814114399,376.5452770169868,-0.06435258268199621,0.0,1.0,1413694600.0037003,0.6034361667272735,-76.38675408275206,5.063830618e-07,0.8716680056694828,76.38185808275206,-3.9245868242e-07,2.0201064504e-07,0.0
53,7.336594,185.009951,120.995045,701.4286,701.4286,0.030259385786261143,0.030259385786261143,0.505415,0.505415,0.0,-12.354083,-12.35408300000001,1.0658141036401503e-14,0.0,0.30628898888,0.69326686077,0.00044415034315,0.61670702421,0.30465187544,0.055712893039,0.022928207319,322.056421283473,-148.18501813054894,0.0,1.0,1453290401.2893212,0.5812816780199428,81.71622278080972,4.8264861543e-07,0.8694837960859658,85.92969421919028,-4.1542651092e-07,5.9424399153e-08,0.0
54,7.568418,195.123971,131.109065,737.0323,737.0323,0.031795317018204504,0.031795317018204504,0.473909,0.4739089999999999,1.1102230246251565e-16,-20.644578,-20.644577999999996,3.552713678800501e-15,-1.1102230246251565e-16,0.32384159776,0.67578715718,0.00037124506223,0.63057166396,0.29086707582,0.056642509133,0.021918751084,262.44985075529587,-230.47983311773356,0.0,1.0,1614179864.5019555,0.5476367191641862,63.42149261829171,4.5659862089e-07,0.8653711181443222,-84.0660706182917,-3.8668121858e-07,-8.1259990669e-08,0.0
55,7.15006,204.922047,140.907141,748.0,748.0,0.03226845978068664,0.03226845978068664,0.534315,0.5343149999999999,1.1102230246251565e-16,-30.456136,-30.456136000000008,7.105427357601002e-15,-1.1102230246251565e-16,0.31070725146,0.68825820159,0.0010345469519,0.63515527081,0.28712735277,0.056090287392,0.02162708903,194.29770157020343,-349.2600888177756,0.0,1.0,1563378891.1042404,0.6162183692509989,44.63319294225413,4.7845087602e-07,0.8670871020113359,-75.08932894225413,-3.599231241e-07,-2.0630799567e-07,0.0
56,7.401573,215.068297,151.053391,757.6774,757.6774,0.03268593945004709,0.03268593945004709,0.488603,0.488603,0.0,-40.724543,-40.72454299999999,7.105427357601002e-15,0.0,0.31280537678,0.68350664939,0.0036879738311,0.64164031106,0.28059651619,0.05661079622,0.021152376526,55.04488800955197,-366.0883161118638,0.0,1.0,1589742033.9908876,0.5673087456426645,24.681120167538765,4.7660399222e-07,0.8612647059521279,-65.40566316753876,-2.6827894626e-07,-3.1067996592e-07,0.0
57,7.363018,225.150533,161.135627,766.4,766.4,0.03306222937956984,0.03306222937956984,0.510827,0.5108269999999999,1.1102230246251565e-16,-53.051629,-53.05162899999999,7.105427357601002e-15,-1.1102230246251565e-16,0.30101163513,0.69591760263,0.0030707622333,0.64445916489,0.27831520293,0.056229581239,0.020996050943,-108.58946860052858,-376.13676334046187,0.0,1.0,1537546496.7815588,0.5900652662297872,3.0997673096772473,4.9845647049e-07,0.8657127088057923,-56.151396309677246,-1.6376241964e-07,-3.9923861002e-07,0.0
58,7.381269,235.089071,171.074165,750.1333,750.1333,0.03236048960053976,0.03236048960053976,0.512809,0.512809,0.0,-63.30851,-63.308510000000005,7.105427357601002e-15,0.0,0.28851258798,0.71134794144,0.00013947058131,0.64697982958,0.27611553049,0.056058225901,0.020846414025,-229.44459541015195,-308.755754474012,0.0,1.0,1432135439.5956266,0.5908580034156348,-16.16784821973819,5.2378656324e-07,0.8679056508256658,-47.14066178026181,-3.3937360455e-08,-4.533287738e-07,0.0
59,7.369499,245.082665,181.067759,747.2,747.2,0.03223394805899606,0.03223394805899606,0.455729,0.45572899999999994,5.551115123125783e-17,-71.31404,-71.31404,0.0,-5.551115123125783e-17,0.27054050687,0.72921044672,0.00024904640858,0.64867619836,0.27468514229,0.055890295039,0.020748364309,-270.6159592543567,-206.69145052105742,0.0,1.0,1326447755.9087064,0.5246157128483181,-33.113304445506635,5.6330903096e-07,0.8686910987200352,-38.20073555449337,1.1505259205e-07,-4.7562384805e-07,0.0
60,7.2952,255.062744,191.047838,801.0667,801.0667,0.034557738757483115,0.034557738757483115,0.474792,0.4747920000000001,1.1102230246251565e-16,-80.110142,-80.11014200000001,1.4210854715202004e-14,1.1102230246251565e-16,0.25251471747,0.74721635269,0.0002689298306,0.64969174518,0.273807759,0.055800986175,0.02069950965,-357.9002369926043,-128.70890442363097,0.0,1.0,1313725023.6935458,0.5463769076874175,-50.797160760582194,6.0976740608e-07,0.8689825527392689,-29.3129812394178,2.7586617522e-07,-4.5240218808e-07,0.0
61,7.354802,264.893914,200.879008,779.8621,779.8621,0.03364297969028319,0.03364297969028319,0.428064,0.42806400000000006,5.551115123125783e-17,89.97342,89.97342,0.0,5.551115123125783e-17,0.24396674131,0.75565289421,0.00038036448423,0.65094601744,0.27239130288,0.056051638338,0.020611041342,-333.8307462861773,0.3097339405398271,0.0,1.0,1222150277.3202944,0.49376286427276844,-69.64891511917254,6.3810655242e-07,0.8669424757782623,-20.377664880827457,4.1905262506e-07,-3.6114677065e-07,0.0
62,7.353478,274.845058,210.830152,796.129,796.129,0.03434472809724368,0.03434472809724368,0.475817,0.475817,0.0,77.790651,77.790651,0.0,0.0,0.2513770503,0.74600128119,0.0026216685089,0.65061245622,0.2721967675,0.056608203883,0.020582572405,-344.92654981519286,156.60136869997086,0.0,1.0,1269245294.9597373,0.5529272692054915,88.67766165686425,6.2724597299e-07,0.8605417502444901,-10.88701065686425,5.0126088277e-07,-2.0022645907e-07,0.0
63,7.456517,284.680657,220.665751,816.8571,816.8571,0.03523893112021166,0.03523893112021166,0.393252,0.39325199999999993,5.551115123125783e-17,71.602917,71.602917,0.0,-5.551115123125783e-17,0.28774868725,0.7058474351,0.0064038776509,0.65217980176,0.26999748051,0.057634860378,0.020187857349,-257.2390812632424,192.39857112150312,0.0,1.0,1470721009.3546927,0.46282377321206253,72.27602743045925,5.5541268181e-07,0.8496797761073841,-0.673110430459244,4.7179266391e-07,-1.1087274414e-08,0.0
64,7.449711,294.529051,230.514145,832.4848,832.4848,0.035913104661541385,0.035913104661541385,0.403203,0.40320300000000003,5.551115123125783e-17,58.223667,58.223667,0.0,5.551115123125783e-17,0.36133743151,0.62361045804,0.015052110447,0.66180328731,0.26128924897,0.058496911628,0.018410552088,-149.49473858722916,300.53153965491714,0.0,1.0,1856789957.1690817,0.485204332861191,47.379938757963295,4.4834624228e-07,0.8309962889703826,10.843728242036702,3.4620084819e-07,1.3768226288e-07,0.0
65,7.365545,305.010958,240.996052,830.9333,830.9333,0.035846173491287735,0.035846173491287735,0.421395,0.42139499999999996,5.551115123125783e-17,48.965312,48.965312000000004,7.105427357601002e-15,-5.551115123125783e-17,0.41751729588,0.57992938815,0.0025533159719,0.68929592477,0.24006718002,0.056669653969,0.01396724124,-48.31173329506714,346.8022431244603,0.0,1.0,2113783791.3154452,0.504764417119969,26.530618284094096,3.9310231416e-07,0.8348349957081972,22.4346937159059,2.3258356413e-07,2.3152557013e-07,0.0
66,7.300477,315.147762,251.132856,837.4194,837.4194,0.036125981588859275,0.036125981588859275,0.399227,0.39922700000000005,5.551115123125783e-17,39.662661,39.66266099999999,7.105427357601002e-15,5.551115123125783e-17,0.41306833156,0.58639621243,0.00053545601543,0.67249452932,0.25844588198,0.054705340951,0.014354247752,61.92695287405372,328.5349382259619,0.0,1.0,2082659430.1841493,0.48001735127940454,7.543171310913998,4.0209137791e-07,0.83169285221863,32.119489689086,1.4534360684e-07,3.0118042451e-07,0.0
67,7.408634,325.071127,261.056221,829.2414,829.2414,0.035773185513877384,0.035773185513877384,0.404555,0.40455499999999994,5.551115123125783e-17,31.755053,31.755052999999997,3.552713678800501e-15,-5.551115123125783e-17,0.58509593427,0.40823973204,0.0066643336964,0.69569343397,0.21586685458,0.074890893888,0.013548817558,149.63469839030438,300.2533880701962,0.0,1.0,2885414867.2854905,0.49148193768206405,-15.86432216856753,2.8739070052e-07,0.8231329963171578,47.61937516856753,-2.159944045e-08,2.3557262433e-07,0.0
68,7.384448,334.879866,270.86496,855.7333,855.7333,0.036916036863695524,0.036916036863695524,0.385494,0.385494,0.0,18.69809,18.69809,0.0,0.0,0.66728347708,0.32936115455,0.0033553683719,0.71682942299,0.18139798772,0.089749771432,0.012022817862,262.07489474082786,200.34370154576538,0.0,1.0,3366116523.773151,0.4610403110644826,-41.36892201695173,2.5421974966e-07,0.8361394670889929,60.06701201695173,-1.0671189647e-07,1.8383598857e-07,0.0
69,7.471421,344.834186,280.81928,887.7333,887.7333,0.03829650573131848,0.03829650573131848,0.431876,0.4318759999999999,5.551115123125783e-17,8.02434,8.024339999999997,3.552713678800501e-15,-5.551115123125783e-17,0.75670863797,0.23974476457,0.0035465974581,0.75141531958,0.11532540861,0.12233342288,0.010925848936,368.4488821075879,105.98988270209634,0.0,1.0,3933371800.550117,0.5088480373154577,-65.10997464702493,2.2569269955e-07,0.8487327617071276,73.13431464702492,-1.5930491611e-07,1.0636923599e-07,0.0
70,7.342331,354.694203,290.679297,876.2667,876.2667,0.03780184059639707,0.03780184059639707,0.418512,0.4185120000000001,1.1102230246251565e-16,2.91256,2.9125600000000094,9.325873406851315e-15,1.1102230246251565e-16,0.74531640474,0.23423776522,0.020445830039,0.75472432376,0.1102037945,0.12447098938,0.010600892359,364.83445783598813,37.22014354718572,0.0,1.0,3820130819.862266,0.5043611859894973,-80.50517922504255,2.2938133308e-07,0.8297862952695868,83.41773922504255,-1.8533543926e-07,4.3348976367e-08,0.0
71,12.033837,5.00922,300.994314,925.92,925.92,0.03994386668467028,0.03994386668467028,0.353319,0.353319,0.0,-5.852459,-5.852458999999992,7.993605777301127e-15,0.0,0.78577818905,0.21155283128,0.0026689796778,0.77863905194,0.063313122525,0.14671080641,0.011337019128,320.3422766228119,-66.36837271102543,0.0,1.0,3927639348.055948,0.4334898821451972,79.09275921763832,2.3574465931e-07,0.8150570856499392,-84.94521821763831,-1.8916208598e-07,-3.3727476426e-08,0.0
72,11.886921,14.748477,310.733571,910.72,910.72,0.03928814397254938,0.03928814397254938,0.391423,0.391423,0.0,-16.356892,-16.356891999999995,3.552713678800501e-15,0.0,0.75057364237,0.24391648447,0.0055098731603,0.77866463417,0.075499750728,0.13518897991,0.010646635193,299.93269288343055,-192.65527836351706,0.0,1.0,3722775888.1860304,0.5106814646653789,57.64464857741571,2.4463465633e-07,0.7664719146532519,-74.00154057741571,-1.5901910466e-07,-9.9354274794e-08,0.0
73,11.969414,24.83874,320.823834,880.0,880.0,0.037962893859631336,0.037962893859631336,0.366596,0.366596,0.0,-27.058999,-27.058999000000004,3.552713678800501e-15,0.0,0.73732949598,0.25928622016,0.0033842838543,0.77634363853,0.07844543597,0.13451332756,0.010697597947,189.08425196021832,-261.38247105862905,0.0,1.0,3568349551.504752,0.49254514041725184,36.26228725320826,2.4661261104e-07,0.7442891420864369,-63.32128625320826,-1.0954718618e-07,-1.4727666537e-07,0.0
74,11.940608,35.008722,330.993816,853.28,853.28,0.03681020235516617,0.03681020235516617,0.43875,0.43875000000000003,5.551115123125783e-17,-36.00753,-36.00753,0.0,5.551115123125783e-17,0.713094048,0.28633989201,0.00056605999061,0.77207229846,0.082158147026,0.13522297473,0.010546579785,115.59514030560277,-356.0837010666004,0.0,1.0,3405040909.9637365,0.621317089228708,16.212159391608736,2.5059317129e-07,0.7061611657014882,-52.21968939160874,-4.412574579e-08,-1.7136938167e-07,0.0
75,12.087003,44.927017,340.912111,820.64,820.64,0.03540212411019075,0.03540212411019075,0.46768,0.46767999999999993,5.551115123125783e-17,-46.635382,-46.635382,0.0,-5.551115123125783e-17,0.71787035244,0.27927498633,0.0028546612331,0.7718427543,0.078208974949,0.13958269728,0.010365573468,-21.897379915361462,-383.17173286906,0.0,1.0,3356431533.943237,0.6567550497202117,-3.9329631363731963,2.4449776249e-07,0.7121072006971843,-42.702418863626804,1.3948670387e-08,-1.7354897057e-07,0.0
76,11.994303,54.909709,350.894803,813.3333,813.3333,0.035086915614095104,0.035086915614095104,0.43706,0.43706,0.0,-58.417624,-58.417623999999996,7.105427357601002e-15,0.0,0.74401833828,0.25158785876,0.0043938029586,0.76965934422,0.072956786202,0.14701806187,0.010365807715,-160.47106351461966,-317.1936865997878,0.0,1.0,3529037779.0467143,0.5795770909277334,-24.625593480474024,2.3046885608e-07,0.7541015799992971,-33.79203051952598,6.6273558443e-08,-1.6066483066e-07,0.0
77,12.108702,65.099398,1.084492,785.8824,785.8824,0.033902693337900386,0.033902693337900386,0.486303,0.48630299999999993,5.551115123125783e-17,-66.94444,-66.94444,0.0,-5.551115123125783e-17,0.76434777363,0.23342147292,0.0022307534501,0.75938145597,0.079791642613,0.15041202951,0.010414871912,-264.94875833876006,-275.4294663082268,0.0,1.0,3588687709.3102546,0.6118060275077319,-42.29273325207114,2.1898879581e-07,0.7948646762782247,-24.651706747928863,1.1350059732e-07,-1.3197252104e-07,0.0
78,11.945427,75.021699,11.006793,767.04,767.04,0.0330898387569223,0.0330898387569223,0.494875,0.4948749999999999,1.1102230246251565e-16,-76.618432,-76.618432,0.0,-1.1102230246251565e-16,0.72388393417,0.27289989741,0.0032161684168,0.68233461934,0.18490376647,0.11980311195,0.012958502242,-338.92573308500585,-170.9300899185328,0.0,1.0,3403098857.294054,0.6000870677102422,-60.044986645474694,2.2539456894e-07,0.8246719961626554,-16.573445354525305,1.5562917201e-07,-1.0163497032e-07,0.0
79,12.010762,85.001512,20.986606,743.6735,743.6735,0.0320818160758188,0.0320818160758188,0.509733,0.5097329999999999,1.1102230246251565e-16,-87.238377,-87.238377,0.0,-1.1102230246251565e-16,0.46750753502,0.53166232874,0.00083013624573,0.50619255993,0.417268912,0.053470342006,0.023068186066,-377.31496648123294,-36.485808308533706,0.0,1.0,2179516814.064342,0.58700949645442,-75.89449562746347,3.4121026055e-07,0.8683556281096376,-11.343881372536531,2.7336493205e-07,-1.1428243247e-07,0.0
80,12.044441,94.898256,30.88335,725.44,725.44,0.031295229229012456,0.031295229229012456,0.51094,0.5109400000000001,1.1102230246251565e-16,84.259264,84.259264,0.0,1.1102230246251565e-16,0.27257372561,0.72675914026,0.0006671341277,0.47406206672,0.46334581785,0.036681740809,0.025910374625,-363.2391560367937,73.77952516260494,0.0,1.0,1264472587.1754746,0.5642774344940259,87.42755937147389,5.7370955081e-07,0.9054765772410298,-3.168295371473891,5.1630688392e-07,-5.7334581608e-08,0.0
81,12.113027,104.895774,40.880868,721.2308,721.2308,0.0311136458053375,0.0311136458053375,0.516951,0.5169509999999999,1.1102230246251565e-16,72.313814,72.313814,0.0,-1.1102230246251565e-16,0.16628328555,0.83319598714,0.00052072731371,0.44666967495,0.48023228944,0.037613018294,0.035485017318,-304.0171588780701,215.83319005416405,0.0,1.0,781266291.1306236,0.5670830216222628,65.3398836926952,9.2315617375e-07,0.911596680361106,6.973930307304797,8.1673351579e-07,2.0284528195e-07,0.0
82,11.924596,114.893586,50.87868,731.8462,731.8462,0.031571590468380144,0.031571590468380144,0.5061,0.5061,0.0,61.373341,61.373341,0.0,0.0,0.16119084914,0.83854812047,0.00026103039223,0.48147345688,0.44490206484,0.040350383876,0.033274094402,-200.35206736142584,311.52182411507266,0.0,1.0,780075910.6414768,0.5550872245557817,43.638730579155535,9.3817305472e-07,0.9117486002402873,17.73461042084447,6.9664321557e-07,4.9634635163e-07,0.0
83,11.973026,124.972469,60.957563,695.2,695.2,0.02999068614910876,0.02999068614910876,0.53483,0.5348300000000001,1.1102230246251565e-16,49.985557,49.985557,0.0,1.1102230246251565e-16,0.20924282099,0.79044866819,0.00030851082148,0.51983647569,0.40527462308,0.044578227142,0.03031067409,-64.38017910608228,366.1976328524677,0.0,1.0,975493358.7181197,0.5918203294321067,21.20529600945917,7.1266502615e-07,0.9037033258272947,28.78026099054083,3.4546727922e-07,5.4354115575e-07,0.0
84,12.078166,134.944986,70.93008,701.8039,701.8039,0.030275576097699236,0.030275576097699236,0.529558,0.529558,0.0,40.045913,40.045913,0.0,0.0,0.27811147372,0.72138204646,0.0005064798214,0.55921814211,0.36354710084,0.04997763804,0.027257119014,63.948970033045455,366.1026928050266,0.0,1.0,1322187534.5411625,0.5953629526022735,0.5384443510378034,5.3078998377e-07,0.88947086426079,39.507468648962195,8.9964341275e-08,4.6347148047e-07,0.0
85,12.007323,145.005619,80.990713,708.0816,708.0816,0.030546393891770378,0.030546393891770378,0.560131,0.560131,0.0,29.218221,29.218220999999996,3.552713678800501e-15,0.0,0.3346096826,0.66332526866,0.0020650487417,0.58712735003,0.33321847943,0.054595270027,0.025058900504,207.6075796196007,337.9427340317549,0.0,1.0,1616768167.856653,0.6412968394381406,-20.649865430420085,4.379611215e-07,0.873434836339982,49.868086430420085,-6.4690366238e-08,3.7702087517e-07,0.0
86,12.070096,155.014491,90.999585,685.1765,685.1765,0.029558275846151925,0.029558275846151925,0.565112,0.5651120000000001,1.1102230246251565e-16,22.128696,22.128695999999998,3.552713678800501e-15,1.1102230246251565e-16,0.38504214501,0.60375024958,0.011207605418,0.61458211271,0.3029265808,0.059613551238,0.02287775525,277.3182997014655,270.2212668040131,0.0,1.0,1809201492.014906,0.6604962374191549,-38.022511345285636,3.7871762931e-07,0.8555870086529751,60.151207345285634,-1.6349179935e-07,2.7975561617e-07,0.0
87,12.039014,164.959744,100.944838,711.68,711.68,0.03070162761593458,0.03070162761593458,0.556103,0.556103,0.0,9.887489,9.887489,0.0,0.0,0.42859406512,0.56683350873,0.0045724261523,0.63807252065,0.27686315434,0.064060615391,0.021003709618,372.42843097587695,133.8987874447581,0.0,1.0,2097115108.9192278,0.6638191928454635,-60.161599607801406,3.3936143847e-07,0.8377326326107902,70.04908860780141,-2.1809476406e-07,1.8236731705e-07,0.0
88,11.93527,174.948521,110.933615,723.451,723.451,0.031209424460959263,0.031209424460959263,0.53948,0.53948,0.0,-2.238786,-2.238786000000014,1.3766765505351941e-14,0.0,0.45279489333,0.54640771404,0.00079739262907,0.65552158247,0.25831511857,0.066497689823,0.019665609141,389.0961766271653,-30.46928578005513,0.0,1.0,2255690271.5564685,0.6498885911588187,-82.07880111220375,3.2072266708e-07,0.8301115104021924,79.84001511220374,-2.4966719375e-07,9.2453637785e-08,0.0
89,11.993738,185.0526,121.037694,714.5098,714.5098,0.030823704203484566,0.030823704203484566,0.516263,0.5162629999999999,1.1102230246251565e-16,-10.990662,-10.990662000000006,5.329070518200751e-15,-1.1102230246251565e-16,0.47192700078,0.5273546123,0.0007183869166,0.66815701135,0.24621769195,0.066833934852,0.018791361848,342.0599428462648,-138.07150725371486,0.0,1.0,2322643569.314397,0.6265537639452056,79.28104338067739,3.0762782953e-07,0.8239723862630073,89.72829461932261,-2.5346543648e-07,2.40401609e-09,0.0
90,11.971274,195.142688,131.127782,718.6154,718.6154,0.03100081835920059,0.03100081835920059,0.526942,0.5269419999999999,1.1102230246251565e-16,-21.401554,-21.401554000000008,7.105427357601002e-15,-1.1102230246251565e-16,0.47581054015,0.51855475791,0.0056347019455,0.67698751383,0.2387243954,0.066054483065,0.018233607705,277.8265303738818,-257.29818303166195,0.0,1.0,2351279094.6263413,0.6432230052954732,59.19579771065506,3.0562743557e-07,0.8192213208511442,-80.59735171065506,-2.3701127931e-07,-8.070967085e-08,0.0
91,11.938681,205.289387,141.274481,713.0,713.0,0.03075857195672403,0.03075857195672403,0.539079,0.5390790000000001,1.1102230246251565e-16,-30.179108,-30.17910799999999,1.0658141036401503e-14,1.1102230246251565e-16,0.47346284413,0.52558192188,0.00095523398694,0.68174703547,0.23465798871,0.065664757862,0.017930217954,190.09681160131214,-334.0634211665865,0.0,1.0,2313095096.392828,0.6544707217320537,40.88488170241679,3.0824500087e-07,0.8236869612338501,-71.06398970241679,-2.0042252724e-07,-1.5586755355e-07,0.0
92,12.056895,214.928691,150.913785,722.4,722.4,0.03116408468658827,0.03116408468658827,0.493965,0.49396500000000004,5.551115123125783e-17,-41.304682,-41.304682,0.0,5.551115123125783e-17,0.46547538628,0.53248959284,0.0020350208783,0.68575861805,0.23146910241,0.06503917771,0.017733101826,45.90162714927365,-353.8757575025858,0.0,1.0,2295217943.7819223,0.5967581194512033,20.78912399229133,3.1474135254e-07,0.827747430490372,-62.09380599229133,-1.4639093658e-07,-2.1550793619e-07,0.0
93,11.954323,225.007403,160.992497,738.6667,738.6666999999999,0.03186582446561834,0.03186582446561834,0.50265,0.50265,0.0,-51.895967,-51.895967,0.0,0.0,0.44401180493,0.554655089,0.0013331060763,0.68535028933,0.23261057068,0.064226581541,0.017812558452,-88.51452053788547,-360.5857044594852,0.0,1.0,2220752094.957623,0.603440391978282,1.1528218293599508,3.3262006222e-07,0.8329737397129533,-53.04878882935995,-7.6822590993e-08,-2.6620034957e-07,0.0
94,12.02062,235.044264,171.029358,762.24,762.24,0.032882768426778855,0.032882768426778855,0.474405,0.474405,0.0,-61.748098,-61.748098,0.0,0.0,0.41615274334,0.58348560432,0.00036165234381,0.68497285194,0.23381513298,0.063330256419,0.017881758663,-199.56617061990636,-301.5550920357816,0.0,1.0,2127505390.6511452,0.5663570712677304,-17.501395225183437,3.5827876317e-07,0.8376429359981233,-44.24670277481656,7.8904846474e-09,-3.0000592883e-07,0.0
95,11.933567,244.991921,180.977015,756.4082,756.4082,0.032631186603584994,0.032631186603584994,0.487284,0.48728400000000005,5.551115123125783e-17,-72.001649,-72.001649,0.0,5.551115123125783e-17,0.37822270171,0.6204100394,0.0013672588869,0.68321378218,0.23670574857,0.06201676551,0.018063703738,-298.20449510606454,-216.63202314409753,0.0,1.0,1892232410.3810296,0.5792156036783948,-36.14558462696567,3.9974381363e-07,0.8412825844218121,-35.85606437303433,1.0552728903e-07,-3.1931176863e-07,0.0
96,12.009306,255.00876,190.993854,768.6275,768.6275,0.033158322954652035,0.033158322954652035,0.483897,0.4838970000000001,5.551115123125783e-17,-81.979465,-81.979465,0.0,5.551115123125783e-17,0.3402189344,0.65934317243,0.00043789316261,0.68337277499,0.23748772454,0.061041795801,0.018097704668,-357.4547719494587,-102.77585716002841,0.0,1.0,1703699129.1706161,0.5727903739959962,-54.40477086339692,4.5115213528e-07,0.8448064457231651,-27.57469413660308,2.1779599284e-07,-3.1277744925e-07,0.0
97,11.936833,265.199973,201.185067,802.6667,802.6667,0.03462676220086426,0.03462676220086426,0.433193,0.4331929999999999,1.1102230246251565e-16,88.071652,88.07165200000001,1.4210854715202004e-14,-1.1102230246251565e-16,0.29971621142,0.70019830909,8.5479494062e-05,0.68377068471,0.23787604703,0.060236735021,0.01811653324,-346.92217250280476,23.387373059553767,0.0,1.0,1538282822.240945,0.5113487834395681,-72.58497404409687,5.2179396948e-07,0.8471575840782171,-19.343373955903132,3.4504671467e-07,-2.7630353898e-07,0.0
98,12.003083,275.133354,211.118448,842.6122,842.6121999999999,0.03634999717435279,0.036349997174352784,0.433643,0.4336430000000001,1.1102230246251565e-16,77.701399,77.701399,0.0,1.1102230246251565e-16,0.27059868861,0.72880848196,0.00059282943008,0.6859919238,0.23588243292,0.060150122993,0.01797552029,-332.2358301232365,152.08981418010902,0.0,1.0,1428886316.7662296,0.5124744382612946,88.86631504547816,5.8969855762e-07,0.8461748872221782,-11.16491604547816,4.6157000115e-07,-1.8958446257e-07,0.0
99,11.995859,284.420666,220.40576,883.8182,883.8182,0.03812760967933003,0.03812760967933003,0.391671,0.391671,0.0,68.989969,68.989969,0.0,0.0,0.27901891769,0.72049329299,0.00048778931584,0.68296056088,0.23800125956,0.060899251238,0.018138928317,-257.1703199796268,231.72029938386268,0.0,1.0,1513059434.8487906,0.4674365884765074,71.5127827069758,5.8412655818e-07,0.8379125846279035,-2.522813706975793,4.875503752e-07,-4.3046389976e-08,0.0
100,12.009188,294.661801,230.646895,888.7692,888.7692,0.03834119409694256,0.03834119409694256,0.385187,0.385187,0.0,58.093458,58.093458,0.0,0.0,0.36950911487,0.62981359355,0.00067729157862,0.68228562927,0.23745963801,0.062792505084,0.017462227632,-151.07599875063048,307.2040390656815,0.0,1.0,1964299662.9984374,0.4718491802745467,48.39136798557118,4.52461107e-07,0.8163349987720184,9.702090014428823,3.4837961582e-07,1.2271239806e-07,0.0
101,12.002696,304.898739,240.883833,902.4314,902.4314000000002,0.03893057665204377,0.038930576652043775,0.377703,0.3777029999999999,1.1102230246251565e-16,46.981793,46.98179300000001,7.105427357601002e-15,-1.1102230246251565e-16,0.44890707095,0.5494410685,0.0016518605464,0.71577724125,0.2100943938,0.061796224063,0.012332140891,-23.5604641144524,340.03579344282286,0.0,1.0,2363523142.702705,0.4698439538071687,25.055739675485523,3.8181618944e-07,0.8038903064293027,21.92605332451448,2.2134258538e-07,2.1264665642e-07,0.0
102,11.924862,314.958485,250.943579,928.16,928.16,0.04004049950540389,0.04004049950540389,0.395793,0.39579299999999995,5.551115123125783e-17,38.617986,38.617986,0.0,-5.551115123125783e-17,0.55492493106,0.44051537017,0.0045596987713,0.71377130656,0.19919910489,0.074333407632,0.012696180924,81.16296210615852,358.28114392875796,0.0,1.0,2941360528.105308,0.4993423263254198,3.0985711376613736,3.1555465273e-07,0.7926285819040763,35.51941486233863,8.1270047346e-08,2.3654600334e-07,0.0
103,12.045527,325.008086,260.99318,942.902,942.902,0.04067646425685694,0.04067646425685694,0.346717,0.346717,0.0,29.292497,29.292496999999997,3.552713678800501e-15,0.0,0.71498476212,0.27032270307,0.014692534811,0.75045934017,0.12528409187,0.11311771162,0.011138856329,170.40162507125834,278.9983376952203,0.0,1.0,3765986251.2645707,0.4290021674536735,-22.419437936154313,2.5037319233e-07,0.8081940519273503,51.711934936154314,-4.6976218765e-08,1.9682176678e-07,0.0
104,11.969554,335.1349,271.119994,948.32,948.32,0.040910194892006355,0.040910194892006355,0.355384,0.3553839999999999,5.551115123125783e-17,21.250132,21.250131999999997,3.552713678800501e-15,-5.551115123125783e-17,0.78113713409,0.21557491438,0.0032879515261,0.77146306612,0.076117492586,0.14150072392,0.010918717374,248.47450367172453,227.6870398802836,0.0,1.0,4075259187.9497485,0.4264069196970121,-42.782953252139016,2.3270176356e-07,0.8334386324042813,64.03308525213902,-1.1957943298e-07,1.5269088596e-07,0.0
105,12.028453,345.127278,281.112372,970.7755,970.7755,0.041878917350034704,0.041878917350034704,0.335696,0.33569600000000005,5.551115123125783e-17,11.701461,11.701460999999997,3.552713678800501e-15,5.551115123125783e-17,0.7927840398,0.20397278656,0.0032431736428,0.7786666073,0.060965761622,0.14932723928,0.0110403918,299.07628038552133,129.43997256506407,0.0,1.0,4181612386.254544,0.40417242236362416,-62.90110183999635,2.3215339212e-07,0.8305762130845791,74.60256283999635,-1.656344115e-07,9.8717843657e-08,0.0
106,11.95482,355.055306,291.0404,934.4,934.4,0.040309690934590366,0.040309690934590366,0.369518,0.369518,0.0,5.680416,5.6804159999999975,2.6645352591003757e-15,0.0,0.79416371117,0.20373312688,0.0021031619515,0.77887989776,0.059559605634,0.15023766768,0.011322828933,338.51227238843205,68.01526124951815,0.0,1.0,4012315172.264138,0.446379946588287,-79.08071466199809,2.3288300143e-07,0.8278104848218469,84.76113066199808,-1.8956845694e-07,3.5058258518e-08,0.0
107,16.681388,4.82598,300.811074,1023.768,1023.768,0.04416499536464438,0.04416499536464438,0.342252,0.342252,0.0,-7.102853,-7.102852999999985,1.4210854715202004e-14,0.0,0.77359380969,0.2249775192,0.0014286711114,0.77484699971,0.065397814834,0.14714868929,0.012606496163,339.67214262311836,-85.98625992442305,0.0,1.0,3878790714.179819,0.45096136650403634,78.11850793191326,2.6393999456e-07,0.7589386262801664,-85.22136093191325,-1.9753391743e-07,-3.3258878196e-08,0.0
108,16.690346,14.746792,310.731886,989.2571,989.2571,0.04267620714453035,0.04267620714453035,0.342238,0.34223799999999993,5.551115123125783e-17,-13.57759,-13.577589999999997,3.552713678800501e-15,-5.551115123125783e-17,0.75529878869,0.22896110635,0.015740104959,0.77552874628,0.067801724516,0.14415358917,0.012515940028,301.2429935976045,-154.52009903470707,0.0,1.0,3693360412.2947645,0.4596956857664909,61.292973417926845,2.6784743149e-07,0.7444881703193638,-74.87056341792685,-1.7224122574e-07,-1.0048386351e-07,0.0
109,16.718102,24.745217,320.730311,948.7568,948.7568,0.040929038292049406,0.040929038292049406,0.36952,0.36951999999999996,5.551115123125783e-17,-23.741784,-23.741783999999985,1.4210854715202004e-14,-5.551115123125783e-17,0.71167259403,0.28443597569,0.0038914302848,0.7820388205,0.081170114779,0.12564323824,0.011147826477,236.92565114184964,-258.4101517322058,0.0,1.0,3400179994.2649574,0.5365302404043854,38.74114497352106,2.7903134587e-07,0.6887216640789735,-62.482928973521055,-1.1013318809e-07,-1.5748614447e-07,0.0
110,16.69055,34.933928,330.919022,908.9577,908.9577000000002,0.039212118963630256,0.03921211896363026,0.383691,0.383691,0.0,-33.731348,-33.731348,0.0,0.0,0.67312761847,0.32625273565,0.0006196458766,0.78199222314,0.083842930466,0.12329386004,0.010870986354,133.67400486022834,-322.1242353362332,0.0,1.0,3165877594.983233,0.5999167095368846,16.66864047772443,2.8711081611e-07,0.6395737839944423,-50.39998847772443,-3.440848675e-08,-1.8037599844e-07,0.0
111,16.742035,45.009938,340.995032,882.8889,882.8889000000001,0.03808752000062121,0.03808752000062122,0.405897,0.40589699999999995,5.551115123125783e-17,-44.034242,-44.03424199999999,7.105427357601002e-15,-5.551115123125783e-17,0.67972583432,0.31818864672,0.002085518964,0.78356765712,0.077752132819,0.12801493275,0.010665277315,12.078564241798967,-358.1583444256074,0.0,1.0,3204028124.6366057,0.6293757525506761,-3.0046802314357848,2.7555591451e-07,0.6449199835789955,-41.029561768564214,2.4551053668e-08,-1.7600746755e-07,0.0
112,16.674523,55.123807,351.108901,829.6,829.6,0.03578865539312518,0.03578865539312518,0.436134,0.436134,0.0,-53.997003,-53.997003,0.0,0.0,0.72131089886,0.2703884409,0.0083006602449,0.77847151527,0.071915090771,0.13856073683,0.01105265713,-111.77153016480757,-344.1198882551976,0.0,1.0,3314825306.047039,0.6141402191959604,-20.83162529396303,2.5026959897e-07,0.7101537830741517,-33.16537770603697,7.1350772433e-08,-1.6277894678e-07,0.0
113,16.748421,64.962075,0.947169,800.2319,800.2319,0.034521725775899,0.034521725775899,0.459881,0.459881,0.0,-64.644779,-64.64477899999999,1.4210854715202004e-14,0.0,0.75551324319,0.23644839346,0.0080383633523,0.77057580503,0.068685764586,0.1493925524,0.011345877982,-233.03950643452617,-284.8245304131001,0.0,1.0,3470738430.2130694,0.6024214984645581,-40.0444140452369,2.3056531516e-07,0.7633874308472341,-24.6003649547631,1.1500729672e-07,-1.332406672e-07,0.0
114,16.688781,74.907872,10.892966,775.5556,775.5556,0.03345719877845761,0.03345719877845761,0.501873,0.5018729999999999,1.1102230246251565e-16,-76.12566,-76.12566,0.0,-1.1102230246251565e-16,0.77393130548,0.2214378045,0.0046308900186,0.74152188513,0.09663953299,0.15052478326,0.011313798622,-344.46828114370913,-181.2233973422073,0.0,1.0,3577587129.8373613,0.6168846754639666,-60.47820089448058,2.1678175034e-07,0.8135604918740039,-15.647459105519419,1.5070481519e-07,-9.1611656956e-08,0.0
115,16.687992,84.920613,20.905707,753.9155,753.9155000000001,0.03252365239276237,0.03252365239276238,0.536486,0.5364859999999999,1.1102230246251565e-16,-85.435895,-85.435895,0.0,-1.1102230246251565e-16,0.51148805672,0.48837260091,0.00013934236695,0.46977873567,0.45148132707,0.055340791627,0.023399145634,-399.3428906619565,-64.16604740668278,0.0,1.0,2378283887.396734,0.6123709008072795,-75.78375378713497,3.16999793e-07,0.876080165293221,-9.65214121286503,2.6210292563e-07,-9.1809132432e-08,0.0
116,16.687067,95.007426,30.99252,740.7778,740.7778,0.03195689658519456,0.03195689658519456,0.549319,0.5493189999999999,1.1102230246251565e-16,83.596534,83.596534,0.0,-1.1102230246251565e-16,0.20826822581,0.79119394446,0.00053782972403,0.38858477721,0.54409055018,0.03151607681,0.035808595804,-396.8001028546936,90.20125826890066,0.0,1.0,980358282.7988989,0.5992055655902964,84.1999911363359,7.5561946382e-07,0.9167454902706861,-0.6034571363358969,6.925570572e-07,-1.4590614779e-08,0.0
117,16.751756,105.365641,41.350735,720.2162,720.2162,0.031069876314303427,0.031069876314303427,0.541036,0.541036,0.0,71.986883,71.986883,0.0,0.0,0.14112410451,0.85819628796,0.00067960753182,0.43400289855,0.49325041933,0.03587575294,0.036870929182,-315.1389990495515,229.1824178831303,0.0,1.0,662647266.4678558,0.5895877969249261,60.641608788457944,1.0868771916e-06,0.9176512859015153,11.34527421154206,9.2017921719e-07,3.8474096192e-07,0.0
118,16.777929,115.14533,51.130424,703.5224,703.5224,0.030349711589855798,0.030349711589855798,0.553006,0.5530060000000002,2.220446049250313e-16,62.733062,62.733062,0.0,2.220446049250313e-16,0.21623588711,0.78328930427,0.0004748086221,0.49703223248,0.42834714564,0.042591287205,0.032029334674,-225.73640187597846,316.8668803575541,0.0,1.0,1011717726.1996628,0.6112179956574973,40.32898486496916,6.9537419557e-07,0.904760664654715,22.40407713503084,4.4636135871e-07,4.43382184e-07,0.0
119,16.669374,124.956588,60.941682,704.2254,704.2254,0.03038003876529139,0.03038003876529139,0.547688,0.547688,0.0,50.046858,50.046858,0.0,0.0,0.32143065464,0.67730817781,0.0012611675479,0.56481362104,0.35700587098,0.051353587704,0.026826920274,-67.59656324125167,379.72615850206233,0.0,1.0,1529157455.123528,0.6225843937290718,17.348166558661106,4.6053164613e-07,0.8797008172972863,32.698691441338894,1.686646901e-07,3.6835118064e-07,0.0
120,16.723874,135.087373,71.072467,715.0423,715.0423,0.030846676068234852,0.030846676068234852,0.543397,0.543397,0.0,40.036011,40.036011,0.0,0.0,0.41865666888,0.57946140489,0.0018819262302,0.61303617938,0.30441517152,0.059498209468,0.023050439623,66.9902682142918,382.73337569458636,0.0,1.0,2047061650.2992456,0.640587230747389,-2.967951141575014,3.4930179064e-07,0.8482794753276697,43.003962141575016,2.0628348741e-08,2.9558661012e-07,0.0
121,16.680578,145.000584,80.985678,690.9714,690.9714,0.029808265816182806,0.029808265816182806,0.545044,0.5450439999999999,1.1102230246251565e-16,30.0194,30.019399999999997,3.552713678800501e-15,-1.1102230246251565e-16,0.48916859948,0.50957616677,0.001255233759,0.65389671902,0.25949841439,0.066786978574,0.019817888017,188.08399744260257,326.2811107295868,0.0,1.0,2329003854.0246477,0.666864971132165,-22.812998608197308,2.9668108913e-07,0.8173228818341673,52.83239860819731,-6.5472906761e-08,2.3347785005e-07,0.0
122,16.685572,154.994874,90.979968,681.1268,681.1268,0.029383573196989025,0.029383573196989025,0.560978,0.5609780000000001,1.1102230246251565e-16,20.575163,20.575163000000003,3.552713678800501e-15,1.1102230246251565e-16,0.5370663445,0.45832433396,0.0046093215479,0.68099709773,0.22878853059,0.072609306104,0.01760506557,287.7136873883682,251.43401944736613,0.0,1.0,2533561075.0885844,0.7102938706552706,-42.1163976904874,2.6884167376e-07,0.7897829661439686,62.69156069048741,-1.2294579645e-07,1.7310951847e-07,0.0
123,16.737298,165.0759,101.060994,697.1429,697.1429,0.03007450217919953,0.03007450217919953,0.558037,0.5580369999999999,1.1102230246251565e-16,10.610131,10.610130999999996,5.329070518200751e-15,-1.1102230246251565e-16,0.57288360191,0.42618186666,0.00093453143316,0.70009245711,0.20666626882,0.077235871802,0.016005402268,362.65358341385314,140.8116177966456,0.0,1.0,2775577531.502182,0.7264444086178532,-62.035542723862584,2.5117039322e-07,0.7681757797017554,72.64567372386259,-1.5861035898e-07,1.0986246017e-07,0.0
124,16.679514,174.901879,110.886973,707.1304,707.1304,0.03050535945468029,0.03050535945468029,0.554545,0.554545,0.0,-0.367865,-0.3678649999999981,1.887379141862766e-15,0.0,0.59108937729,0.40695755836,0.0019530643498,0.71350695559,0.1919322318,0.079621485447,0.014939327167,392.1032986878672,-5.035240279222922,0.0,1.0,2909628055.5956097,0.7349230268575828,-82.61824125826375,2.4303120072e-07,0.754562014978832,82.25037625826376,-1.7671323183e-07,4.9004417023e-08,0.0
125,16.68856,184.82563,120.810724,708.0563,708.0563,0.030545302458571913,0.030545302458571913,0.544116,0.544116,0.0,-12.537944,-12.537943999999996,3.552713678800501e-15,0.0,0.60292740387,0.39626379211,0.00080880401111,0.72608693551,0.18131727692,0.078433556635,0.014162230937,348.95249316901914,-163.28225299344612,0.0,1.0,2971919041.5285745,0.7242404369927771,75.56001885708173,2.3824885204e-07,0.751291935947822,-88.09796285708173,-1.7860007233e-07,-1.1875360002e-08,0.0
126,16.665952,194.99392,130.979014,709.3333,709.3333,0.030600391794320492,0.030600391794320492,0.551584,0.551584,0.0,-21.266507,-21.266507000000015,1.4210854715202004e-14,0.0,0.60452825146,0.39284726407,0.0026244844764,0.73420716095,0.17518555009,0.07690753213,0.013699756834,288.3124892337162,-264.495500010185,0.0,1.0,2980080989.760653,0.7323059605425241,57.05495140729681,2.3802483974e-07,0.7532152265855689,-78.32145840729682,-1.6459194651e-07,-7.1078970099e-08,0.0
127,16.695656,204.925435,140.910529,720.6761,720.6761,0.031089716240310296,0.031089716240310296,0.56573,0.5657299999999998,1.1102230246251565e-16,-31.912005,-31.912005000000008,7.105427357601002e-15,-1.1102230246251565e-16,0.60034779558,0.3957157035,0.0039365009177,0.73769819524,0.1722365821,0.07652908961,0.013536133051,179.85219422863705,-365.8948960095094,0.0,1.0,2995416765.4297514,0.7454592021434364,36.92700815458155,2.4059293128e-07,0.7589013568728418,-68.83901315458155,-1.3499936934e-07,-1.2293464913e-07,0.0
128,16.726825,215.007886,150.99298,728.2254,728.2254,0.03141539041600861,0.03141539041600861,0.550646,0.550646,0.0,-42.444821,-42.44482099999999,7.105427357601002e-15,0.0,0.58668456867,0.41163882278,0.0016766085481,0.73641641165,0.17383656612,0.076064263393,0.013682758835,35.718320232233225,-399.4004423195398,0.0,1.0,2944355378.7387967,0.7162286049142121,17.01087185459317,2.4732931536e-07,0.7688131920756709,-59.45569285459317,-9.1929243431e-08,-1.6645135049e-07,0.0
129,16.638964,224.976076,160.96117,742.7246,742.7246,0.032040880859928574,0.032040880859928574,0.541065,0.541065,0.0,-51.983941,-51.983940999999994,7.105427357601002e-15,0.0,0.55993529058,0.43538229488,0.0046824145433,0.73162369575,0.17932934373,0.074957188237,0.014089772291,-97.00069226937615,-389.9796948130588,0.0,1.0,2842921448.7455707,0.6919407997163023,-1.5982803666062466,2.6125399994e-07,0.7819527338492516,-50.385660633393755,-3.8179358662e-08,-2.0068890778e-07,0.0
130,16.688541,234.948398,170.933492,754.2857,754.2856999999999,0.03253962269197469,0.03253962269197468,0.516806,0.516806,0.0,-63.240654,-63.240654,0.0,0.0,0.53013442704,0.46412011886,0.0057454540986,0.72697615415,0.18499854049,0.073520350754,0.014504954601,-231.7712056360974,-313.4346083844047,0.0,1.0,2701912069.3882065,0.6525976589266175,-21.673083770581428,2.7916737504e-07,0.791921320787504,-41.56757022941857,2.6425069558e-08,-2.194936479e-07,0.0
131,16.564558,245.073557,181.058651,782.1714,782.1714,0.03374260208890823,0.03374260208890823,0.460566,0.46056600000000003,5.551115123125783e-17,-75.96648,-75.96648,0.0,5.551115123125783e-17,0.48876551067,0.51072455533,0.00050993399805,0.7202528966,0.19372337875,0.070907783259,0.0151159414,-317.8763086668004,-169.49521794184886,0.0,1.0,2540825297.558027,0.5722657228640956,-42.84949492728161,3.0784147212e-07,0.8048114391596671,-33.11698507271839,9.9845680666e-08,-2.2674446444e-07,0.0
132,16.71268,255.039947,191.025041,809.8551,809.8551,0.03493686727611491,0.03493686727611491,0.478113,0.47811299999999984,1.6653345369377348e-16,-83.514727,-83.514727,0.0,-1.6653345369377348e-16,0.4397901883,0.55775361296,0.0024561987407,0.71580472439,0.20015413129,0.068497361931,0.015543782389,-377.3230091874482,-86.90759602776072,0.0,1.0,2319403094.7777853,0.5895741126739019,-58.39917835039807,3.4916530974e-07,0.8109463928658754,-25.115548649601926,1.8113174678e-07,-2.176411619e-07,0.0
133,16.632339,264.947867,200.932961,839.3143,839.3143,0.03620772691564861,0.03620772691564861,0.434258,0.434258,0.0,85.618226,85.618226,0.0,0.0,0.3780947751,0.61798391604,0.0039213088629,0.71088182444,0.20748162668,0.065619468493,0.016017080383,-360.22384423032827,55.53095103659936,0.0,1.0,2016481656.5257041,0.5316832240011135,-76.55636022021389,4.16227094e-07,0.81676077106975,-17.825413779786107,2.7624441271e-07,-1.9814247534e-07,0.0
134,16.691813,274.954761,210.939855,878.5143,878.5143,0.037898801278486736,0.037898801278486736,0.401286,0.401286,0.0,75.525528,75.525528,0.0,0.0,0.32190497361,0.67753551638,0.00055951001224,0.70866064568,0.21128154065,0.063798854747,0.01625895893,-308.4866634617303,170.6377735015167,0.0,1.0,1745731816.9056718,0.48774915039980904,86.15721527816986,5.0323554368e-07,0.8227302900908489,-10.631687278169862,3.8584149961e-07,-1.5014925001e-07,0.0
135,16.667818,285.269564,221.254658,921.3867,921.3867,0.039748301699745435,0.039748301699745435,0.408309,0.40830900000000003,5.551115123125783e-17,65.053776,65.05377600000001,1.4210854715202004e-14,5.551115123125783e-17,0.28870765055,0.71077035563,0.00052199382231,0.70787746995,0.21215840352,0.063619209353,0.016344917176,-242.3639895408609,287.73950616565224,0.0,1.0,1584614594.6583533,0.4979952263531446,67.67796244929204,5.8145791608e-07,0.8199054496768505,-2.624186449292043,4.7474179178e-07,-4.3609046896e-08,0.0
136,16.655979,295.256566,231.24166,955.7647,955.7647,0.04123135666009362,0.04123135666009362,0.360707,0.36070700000000006,5.551115123125783e-17,55.515744,55.515744000000005,7.105427357601002e-15,5.551115123125783e-17,0.35859591202,0.63995452888,0.0014495590974,0.70837432246,0.2088305821,0.066862072048,0.015933023391,-123.7245770411602,321.7848554574954,0.0,1.0,1967952786.4056282,0.45484068613363066,46.899389612522455,4.8566444612e-07,0.7930403127877296,8.616354387477546,3.6786180069e-07,1.1410241637e-07,0.0
137,16.702403,305.14277,241.127864,983.2,983.2,0.04241490595771538,0.04241490595771538,0.335544,0.33554400000000006,5.551115123125783e-17,48.834623,48.834623,0.0,5.551115123125783e-17,0.47316841799,0.52086858288,0.0059629991286,0.73997712965,0.18063134462,0.068140237951,0.011251287775,-44.02747182973877,326.95583574420596,0.0,1.0,2573883849.188637,0.4377422086697513,26.944748994228863,3.8199081917e-07,0.7665333462351734,21.889874005771137,2.1140929646e-07,2.0259083065e-07,0.0
138,16.646985,315.042291,251.027385,1008.116,1008.1159999999999,0.0434897735297683,0.0434897735297683,0.326591,0.32659100000000013,1.1102230246251565e-16,36.862683,36.862683,0.0,1.1102230246251565e-16,0.66198263024,0.33650394016,0.0015134295909,0.75148952008,0.13732219029,0.10006665745,0.011121632183,92.26724772372933,316.0487216173532,0.0,1.0,3567284996.8375254,0.42373014622431715,-2.2189998500600865,2.8260035318e-07,0.7707523359150072,39.08168285006008,4.4678599724e-08,2.1318336168e-07,0.0
139,16.685176,325.021144,261.006238,1044.0,1044.0,0.045037796806198994,0.045037796806198994,0.298546,0.29854600000000003,5.551115123125783e-17,31.01284,31.01284,0.0,5.551115123125783e-17,0.75967262277,0.23844252316,0.0018848540637,0.77085337845,0.080618369546,0.13744182076,0.011086431251,146.2024879107869,275.26444850985166,0.0,1.0,4104785083.173797,0.3797549208006951,-22.06109481591758,2.5433731093e-07,0.786154394972763,53.07393481591758,-5.5609101855e-08,1.9205985622e-07,0.0
140,16.630886,334.987281,270.972375,1042.235,1042.235,0.04496165532021917,0.04496165532021917,0.314734,0.31473399999999996,5.551115123125783e-17,19.886249,19.886248999999996,3.552713678800501e-15,-5.551115123125783e-17,0.77903902091,0.21889009943,0.002070879665,0.77555523409,0.063100477342,0.14958823231,0.011756056254,252.1183365915919,209.8521375479866,0.0,1.0,4096629328.1472692,0.40300994624361813,-44.202319862618175,2.5441281515e-07,0.7809583930460723,64.08856886261817,-1.2280666864e-07,1.561876388e-07,0.0
141,16.661423,344.936044,280.921138,1041.127,1041.127,0.044913856585677724,0.044913856585677724,0.294612,0.29461199999999993,5.551115123125783e-17,12.808728,12.808727999999986,1.4210854715202004e-14,-5.551115123125783e-17,0.77816551418,0.22065965221,0.0011748336169,0.77492923337,0.0633154559,0.14950768027,0.012247630467,276.5773540754925,132.61728644181932,0.0,1.0,4009424054.2954097,0.38301857273126777,-61.5221352194217,2.5966996404e-07,0.7691846322207061,74.3308632194217,-1.7059525102e-07,1.0387968677e-07,0.0
142,16.684682,354.942574,290.927668,1029.714,1029.714,0.04442150373610957,0.04442150373610957,0.298125,0.29812500000000003,5.551115123125783e-17,3.365373,3.365372999999988,1.199040866595169e-14,5.551115123125783e-17,0.77519387272,0.22226942228,0.0025367050073,0.77481999883,0.064397281833,0.14830642497,0.012476294363,304.867725001724,35.97959258353446,0.0,1.0,3909552512.3093996,0.3920276539204645,-81.25062944165639,2.6338410771e-07,0.760469311332012,84.61600244165639,-1.9676868061e-07,3.7421732616e-08,0.0
143,21.392434,4.994675,300.979769,1118.4,1118.4,0.048247386923422377,0.048247386923422377,0.273615,0.27361500000000005,5.551115123125783e-17,-4.565379,-4.565378999999992,7.993605777301127e-15,5.551115123125783e-17,0.74783545687,0.25055985117,0.0016046919593,0.77003642858,0.070842982601,0.14534924908,0.013771339745,302.1334771996278,-48.5603116610086,0.0,1.0,3651838003.658339,0.4062157399379603,80.33087993527187,3.0625673945e-07,0.6735706500240196,-84.89625893527186,-2.0302056124e-07,-3.6556535561e-08,0.0
144,21.438142,14.823849,310.808943,1083.494,1083.494,0.0467415542267584,0.0467415542267584,0.285627,0.285627,0.0,-12.277363,-12.277363000000006,7.105427357601002e-15,0.0,0.74499064864,0.2515181695,0.0034911818572,0.76974058656,0.070875629386,0.14564267653,0.013741107532,281.4876827503149,-128.60617090428812,0.0,1.0,3568232403.2353377,0.42051959307986947,62.34060349999081,3.0365006467e-07,0.6792239997857858,-74.61796649999081,-1.7722359283e-07,-1.0549587852e-07,0.0
145,21.432293,24.79537,320.780464,1031.66,1031.66,0.0445054534991219,0.0445054534991219,0.339622,0.3396219999999999,5.551115123125783e-17,-20.731539,-20.731539000000005,3.552713678800501e-15,-5.551115123125783e-17,0.72670401147,0.26674490648,0.0065510820471,0.77185617225,0.074739844263,0.14010529117,0.013298692311,262.5644907932897,-231.99597224558127,0.0,1.0,3403720598.962912,0.5025220940983892,43.02640798122036,3.0309773379e-07,0.6758349612654148,-63.757946981220364,-1.2474623049e-07,-1.6247910888e-07,0.0
146,21.422197,34.970109,330.955203,976.0889,976.0889,0.04210813557757308,0.04210813557757308,0.395744,0.39574400000000004,5.551115123125783e-17,-31.910689,-31.91068900000001,7.105427357601002e-15,5.551115123125783e-17,0.63538734593,0.35769578799,0.0069168660798,0.78626421317,0.086816956278,0.11565620606,0.011262624487,170.416134233841,-346.6577616789004,0.0,1.0,2926011616.293057,0.6731044284840849,16.592698895673852,3.3359023408e-07,0.5879384880757134,-48.50338789567385,-2.3925321188e-08,-1.9466578253e-07,0.0
147,21.46362,44.978509,340.963603,921.7391,921.7391,0.03976350411315013,0.03976350411315013,0.418229,0.4182290000000001,5.551115123125783e-17,-43.053435,-43.05343499999999,7.105427357601002e-15,5.551115123125783e-17,0.62086705402,0.37478487178,0.0043480742001,0.79074230071,0.080249004375,0.11800584866,0.011002846254,26.173644070675984,-384.60845721789684,0.0,1.0,2826222520.148788,0.7428313904133368,-4.986587029113508,3.2613819097e-07,0.5630200950006745,-38.06684797088649,4.4006404394e-08,-1.7827115786e-07,0.0
148,21.408444,55.035491,351.020585,866.9565,866.9565,0.03740020180729259,0.03740020180729259,0.444195,0.444195,0.0,-53.613552,-53.613552,0.0,0.0,0.69224235811,0.30559160095,0.0021660409442,0.78207239413,0.073858210642,0.13204409417,0.012025301052,-114.05051477900349,-367.8216298298933,0.0,1.0,3124164391.052314,0.684988858189394,-21.086389995123476,2.7750028215e-07,0.6484704016560567,-32.52716200487652,7.5895794399e-08,-1.6316277092e-07,0.0
149,21.381165,65.075577,1.060671,839.5556,839.5556,0.03621813651370353,0.03621813651370353,0.479364,0.4793639999999999,1.1102230246251565e-16,-63.701905,-63.701905,0.0,-1.1102230246251565e-16,0.74235507428,0.25567641799,0.0019685077223,0.76983857733,0.071858212183,0.14567547614,0.012627734338,-244.4613247382213,-319.69807804479905,0.0,1.0,3421822342.689937,0.6591525699408936,-39.24267067767324,2.4535335734e-07,0.727242859787355,-24.459234322326758,1.1725308865e-07,-1.3449723148e-07,0.0
150,21.4212,74.971702,10.956796,790.4889,790.4889,0.03410141614535992,0.03410141614535992,0.513139,0.5131390000000001,1.1102230246251565e-16,-74.466536,-74.46653600000002,1.4210854715202004e-14,1.1102230246251565e-16,0.77728434147,0.22007124885,0.0026444096877,0.75342127393,0.076129242033,0.1582228745,0.012226609537,-347.44908421955023,-209.3212492775692,0.0,1.0,3547336452.26223,0.6450462066359102,-58.90420498956103,2.2284012544e-07,0.7955073523742713,-15.562331010438976,1.5175185927e-07,-9.1631685711e-08,0.0
151,21.405409,84.992367,20.977461,752.2609,752.2609,0.032452273524375845,0.032452273524375845,0.536819,0.5368189999999999,1.1102230246251565e-16,-85.592879,-85.59287900000001,1.4210854715202004e-14,-1.1102230246251565e-16,0.3960250472,0.6014320808,0.0025428719978,0.36404332334,0.56633089391,0.039357471802,0.030268310957,-399.0588665988193,-61.87915162963299,0.0,1.0,1801503879.6347597,0.5993691932492804,-76.94751344479403,4.17573844e-07,0.895639959554502,-8.645365555205968,3.5709453602e-07,-1.1115919343e-07,0.0
152,21.440216,95.035224,31.020318,746.5495,746.5495,0.032205885715296416,0.032205885715296416,0.551788,0.5517879999999998,1.1102230246251565e-16,82.800116,82.800116,0.0,-1.1102230246251565e-16,0.12563012157,0.87372000474,0.0006498736869,0.35935975316,0.5687575035,0.029727136817,0.042155606528,-398.9957102196417,102.44296425463749,0.0,1.0,589960236.6723828,0.5990099492594081,79.19919400282046,1.2654234194e-06,0.9211666695723644,3.6009219971795345,1.1564695507e-06,1.4613389323e-07,0.0
153,21.348001,104.988564,40.973658,729.5455,729.5455,0.031472339070763265,0.031472339070763265,0.563913,0.563913,0.0,70.879822,70.87982200000002,1.4210854715202004e-14,0.0,0.19616694502,0.80319669603,0.00063635894212,0.47694974684,0.44896437526,0.040503456861,0.033582421046,-323.122401418992,254.64098511749177,0.0,1.0,930948296.9442906,0.6215330080922182,55.40889252110848,7.8365845063e-07,0.9072937280208471,15.470929478891527,6.0982443348e-07,3.6557776351e-07,0.0
154,21.394317,115.216142,51.201236,717.1818,717.1818,0.03093897335393108,0.03093897335393108,0.533973,0.533973,0.0,61.909528,61.909527999999995,7.105427357601002e-15,0.0,0.35137558609,0.64416443217,0.0044599817429,0.58084478213,0.33962143787,0.053908130296,0.025625649712,-213.14241485702723,318.1593820635902,0.0,1.0,1678974002.2752073,0.6186958169998896,35.926619566296736,4.2715479753e-07,0.8630622437198332,25.982908433703262,2.2714376436e-07,2.9037350853e-07,0.0
155,21.389247,125.05014,61.035234,712.0879,712.0879,0.030719224280031564,0.030719224280031564,0.537466,0.5374659999999999,1.1102230246251565e-16,51.218565,51.218565000000005,7.105427357601002e-15,-1.1102230246251565e-16,0.4765685838,0.52211391125,0.0013175049525,0.64724864521,0.26714873632,0.065166486678,0.020436131794,-82.42637329626952,373.7416416522553,0.0,1.0,2301932935.230158,0.6583181445511629,15.921718183445222,3.0934346049e-07,0.8164228867889414,35.296846816554776,8.391520072e-08,2.3820643996e-07,0.0
156,21.456861,134.977146,70.96224,706.2857,706.2857,0.030468919390540253,0.030468919390540253,0.548644,0.5486440000000001,1.1102230246251565e-16,40.527286,40.527286,0.0,1.1102230246251565e-16,0.55877326426,0.43329012557,0.0079366101729,0.6940597805,0.21505814589,0.074195189529,0.016686884077,60.253701570955144,382.7862137410575,0.0,1.0,2715094661.5884314,0.7148971549464932,-4.16687682471386,2.6013299278e-07,0.7674446543867748,44.69416282471386,2.1312377025e-09,1.9962629837e-07,0.0
157,21.385196,144.953195,80.938289,702.9565,702.9565,0.03032529886072493,0.03032529886072493,0.556338,0.5563379999999999,1.1102230246251565e-16,29.376825,29.376824999999993,7.105427357601002e-15,-1.1102230246251565e-16,0.61548601072,0.3834004264,0.0011135628826,0.72349284298,0.1818621487,0.080364400309,0.014280608008,202.86127959291184,334.353066485572,0.0,1.0,2998067672.2170024,0.764763093740059,-24.88960339069224,2.3446985754e-07,0.7274644978999181,54.26642839069224,-5.421492886e-08,1.6172307727e-07,0.0
158,21.380731,155.06762,91.052714,707.7802,707.7802,0.030533391600623457,0.030533391600623457,0.533091,0.5330909999999999,1.1102230246251565e-16,18.575913,18.575913000000007,7.105427357601002e-15,-1.1102230246251565e-16,0.64759255464,0.34890127322,0.0035061721399,0.74531133434,0.15721069153,0.084998863101,0.012479111025,300.73140030078474,227.8692777001692,0.0,1.0,3193929332.0298147,0.7676516914682119,-45.56251347939882,2.216017095e-07,0.6944438551036203,64.13842647939882,-9.532896381e-08,1.2080771485e-07,0.0
159,21.409619,165.012388,100.997482,710.4719,710.4719,0.030649510602216604,0.030649510602216604,0.547366,0.547366,0.0,10.221549,10.221548999999992,7.105427357601002e-15,0.0,0.667730399,0.32761993115,0.004649669849,0.75742497204,0.14306763998,0.08806730321,0.011440084778,364.3958019248275,135.8296804651985,0.0,1.0,3315908253.82256,0.8157113652414942,-63.69854916457692,2.1426162777e-07,0.6710290224262725,73.92009816457691,-1.2171579429e-07,7.6529325356e-08,0.0
160,21.405445,174.903508,110.888602,718.3111,718.3111,0.030987690963062538,0.030987690963062538,0.557369,0.5573689999999999,1.1102230246251565e-16,-0.346756,-0.34675600000000256,2.55351295663786e-15,-1.1102230246251565e-16,0.67869631947,0.32028702347,0.0010166570539,0.76573995502,0.13484467076,0.088584142569,0.010831231648,400.3350114730892,-4.845918780761008,0.0,1.0,3413039674.4018297,0.8409487429846253,-83.9698485151678,2.1046081163e-07,0.6627859363007457,83.6230925151678,-1.3604890479e-07,3.0794246795e-08,0.0
161,21.368321,184.993835,120.978929,717.7634,717.7634,0.03096406337560013,0.03096406337560013,0.546504,0.546504,0.0,-11.398099,-11.398098999999991,8.881784197001252e-15,0.0,0.6680032303,0.30535519389,0.026641575804,0.77458582245,0.12927865891,0.085717858044,0.010417660597,361.6206505253576,-151.9830886195021,0.0,1.0,3356849548.1373224,0.8421014849418377,75.16253240656944,2.1382054504e-07,0.6489764117180555,-86.56063140656944,-1.3776564344e-07,-1.6619602655e-08,0.0
162,21.448675,194.918175,130.903269,707.2184,707.2184,0.03050915574406625,0.03050915574406625,0.553796,0.553796,0.0,-20.215826,-20.215826,0.0,0.0,0.68674729732,0.3129518064,0.0003008962822,0.77877069385,0.12624752246,0.084778070294,0.010203713393,298.1197990902816,-254.00394860770075,0.0,1.0,3395112376.5622854,0.8274058281026935,56.71698743093729,2.0830485756e-07,0.6693160492595244,-76.93281343093729,-1.2516778681e-07,-6.1412206307e-08,0.0
163,21.445552,204.82823,140.813324,716.0851,716.0851,0.030891662097458517,0.030891662097458517,0.557668,0.557668,0.0,-32.02616,-32.02615999999999,7.105427357601002e-15,0.0,0.67952847372,0.31912486649,0.0013466597887,0.77782814149,0.12670123277,0.085163294923,0.01030733082,174.73032030330202,-359.0820939355043,0.0,1.0,3391171853.5746646,0.8212934206816478,35.3788480184266,2.1116154855e-07,0.6790118926523886,-67.4050080184266,-1.0104908427e-07,-1.0172144251e-07,0.0
164,21.407074,215.014276,150.99937,733.978,733.978,0.0316635555787551,0.0316635555787551,0.545702,0.5457020000000002,2.220446049250313e-16,-42.670268,-42.67026799999999,7.105427357601002e-15,2.220446049250313e-16,0.66519890722,0.33464105281,0.00016003996455,0.77272390579,0.1311769242,0.085422343074,0.010676826932,32.53667092837701,-399.2095432960643,0.0,1.0,3382651239.903625,0.786242565857027,15.028826679091061,2.1698305499e-07,0.6940631602731521,-57.69909467909106,-6.4593308251e-08,-1.3604428663e-07,0.0
165,21.366307,225.039568,161.024662,746.5495,746.5495,0.032205885715296416,0.032205885715296416,0.552629,0.552629,0.0,-53.724979,-53.72497899999999,7.105427357601002e-15,0.0,0.64024117376,0.3586820278,0.0010767984398,0.76536298883,0.13893604737,0.084424764107,0.011276199695,-123.71695601773494,-393.57834608305785,0.0,1.0,3288159481.827008,0.7743674382409975,-5.317036603047271,2.2704175516e-07,0.7136521665416562,-48.40794239695273,-1.9229462148e-08,-1.6088372487e-07,0.0
166,21.412388,235.050572,171.035666,758.8444,758.8444,0.03273628342406321,0.03273628342406321,0.53207,0.53207,0.0,-64.677739,-64.677739,0.0,0.0,0.60994971465,0.38736613596,0.0026841493973,0.757445154,0.14770159297,0.08289914979,0.011954103235,-256.03522148459604,-312.1966726353724,0.0,1.0,3139109204.8873386,0.7245695054855671,-25.298345382261395,2.4173877061e-07,0.7343256871449975,-39.37939361773861,3.4604754247e-08,-1.7410939735e-07,0.0
167,21.378044,245.005108,180.990202,791.1579,791.1579,0.034130276572623665,0.034130276572623665,0.489883,0.4898830000000001,1.1102230246251565e-16,-74.148511,-74.148511,0.0,1.1102230246251565e-16,0.57010818415,0.4290311962,0.00086061965569,0.74835743727,0.15869601912,0.080180874582,0.012765669025,-329.74236443808104,-203.6767119065604,0.0,1.0,3004413413.220983,0.646691291244617,-43.233320405559176,2.633319025e-07,0.7575221850555233,-30.915190594440823,9.4171079626e-08,-1.758521586e-07,0.0
168,21.387872,255.098177,191.083271,817.1685,817.1685,0.035252364807879716,0.035252364807879716,0.454243,0.4542429999999999,1.1102230246251565e-16,-84.98168,-84.98168,0.0,-1.1102230246251565e-16,0.51283695839,0.47341547359,0.013747568028,0.73986318897,0.16986072837,0.076705548931,0.013570533729,-365.5125198691698,-64.69075464732734,0.0,1.0,2725137479.1070447,0.5895736631634918,-62.24972493719473,2.9986322021e-07,0.7704601280231137,-22.73195506280527,1.6203669155e-07,-1.6468211282e-07,0.0
169,21.371938,265.024514,201.009608,874.3371,874.3370999999999,0.0377185983236794,0.037718598323679395,0.438043,0.4380429999999999,1.1102230246251565e-16,84.626294,84.62629399999999,1.4210854715202004e-14,-1.1102230246251565e-16,0.45482012461,0.5432794357,0.0019004396855,0.73294943545,0.18018673671,0.072607646775,0.014256181056,-376.27902336709167,71.42119603934323,0.0,1.0,2501891155.3767014,0.5568621167072166,-79.64342092009267,3.4947047881e-07,0.7866274017528677,-15.730285079907338,2.3449217807e-07,-1.4347511257e-07,0.0
170,21.383829,275.01372,210.998814,924.7473,924.7473,0.03989327681463711,0.03989327681463711,0.390969,0.39096900000000007,5.551115123125783e-17,72.542786,72.542786,0.0,5.551115123125783e-17,0.38398204687,0.61432124864,0.0016967044896,0.72943867315,0.18691146544,0.068982475104,0.014667386301,-296.4717830382572,206.93258863361794,0.0,1.0,2147373381.5185087,0.49296440186083135,81.70029250334149,4.3064113021e-07,0.793097835308551,-9.157506503341478,3.2423918693e-07,-1.0732611844e-07,0.0
171,21.401727,285.23081,221.215904,974.6237,974.6237,0.04204492735929679,0.04204492735929679,0.347703,0.347703,0.0,64.562982,64.562982,0.0,0.0,0.31924309434,0.67915953757,0.0015973680949,0.73010050051,0.18821474951,0.06696993511,0.014714814862,-213.84230769156318,262.889406667326,0.0,1.0,1794854315.047615,0.4372433355573723,67.15417413020636,5.430099211e-07,0.7952162371023185,-2.5911921302063545,4.3004515924e-07,-3.9003865523e-08,0.0
172,21.434643,295.072562,231.057656,1026.759,1026.759,0.04429402606411502,0.04429402606411502,0.318184,0.31818399999999997,5.551115123125783e-17,54.743419,54.743419,0.0,-5.551115123125783e-17,0.33479630751,0.66516796608,3.5726415168e-05,0.73014127789,0.1859245028,0.069304523502,0.014629695808,-108.98338127833739,307.9844029422755,0.0,1.0,1885430630.1011307,0.41038354176428704,48.443710385104005,5.4457532598e-07,0.7753332373712885,6.299708614895997,4.120596855e-07,9.210185168e-08,0.0
173,21.423298,304.951047,240.936141,1068.484,1068.484,0.04609402804853901,0.04609402804853901,0.291966,0.29196599999999995,5.551115123125783e-17,44.226667,44.226667,0.0,-5.551115123125783e-17,0.48515428359,0.51429171355,0.00055400285854,0.75346817466,0.16021467827,0.075114035895,0.011203111177,8.420181697919643,311.8473437062845,0.0,1.0,2698056317.19793,0.39829666807465497,23.166788653997692,3.9601990262e-07,0.7330365112300542,21.059878346002307,2.1532627364e-07,1.9469712848e-07,0.0
174,21.336339,314.997611,250.982705,1121.511,1121.511,0.04838159438114659,0.04838159438114659,0.254988,0.254988,0.0,34.076916,34.07691599999999,7.105427357601002e-15,0.0,0.66869128435,0.33002563793,0.0012830777238,0.76418856127,0.11443510732,0.11033197052,0.011044360886,106.41466361303439,265.4351456932928,0.0,1.0,3713032940.348502,0.3514367281740443,-4.93637345539485,3.0204714529e-07,0.7255587693546948,39.01328945539485,4.5465015347e-08,2.1438505096e-07,0.0
175,21.390824,325.028039,261.013133,1150.505,1150.505,0.049632385454517224,0.049632385454517224,0.251411,0.25141099999999994,5.551115123125783e-17,26.741181,26.741181,0.0,-5.551115123125783e-17,0.75148183117,0.24785736347,0.00066080536035,0.76919613246,0.07364330525,0.14483153333,0.01232902896,172.12383023154405,232.46230969694892,0.0,1.0,4081932524.512541,0.34533335989363206,-26.19882321682906,2.8185301768e-07,0.7280240752802984,52.94000421682906,-5.6146415406e-08,1.9736486318e-07,0.0
176,21.372545,335.022992,271.008086,1172.696,1172.696,0.05058969747456162,0.05058969747456162,0.250232,0.250232,0.0,22.119521,22.119521000000002,3.552713678800501e-15,0.0,0.74706240632,0.23889069704,0.014046896639,0.7697610074,0.068037994361,0.14905540466,0.013145593576,210.2351448836296,204.72366056896448,0.0,1.0,3986003821.2786856,0.3585783456252662,-41.607375623178875,2.9420343095e-07,0.6978447054957022,63.726896623178874,-1.2485237966e-07,1.6298277229e-07,0.0
177,21.416271,345.031853,281.016947,1174.066,1174.066,0.05064879879795674,0.05064879879795674,0.254184,0.25418399999999997,5.551115123125783e-17,12.419629,12.41962899999999,1.0658141036401503e-14,-5.551115123125783e-17,0.74707526556,0.24366783817,0.009256896268,0.77002904974,0.069549334356,0.14693221672,0.013489399186,270.8211042111064,125.36216931117545,0.0,1.0,3880186978.723751,0.3721014397027191,-61.8081198767366,3.0257974846e-07,0.6831040487321786,74.2277488767366,-1.7615120263e-07,1.0813388274e-07,0.0
178,21.353147,355.02705,291.012144,1147.556,1147.556,0.049505166620435345,0.049505166620435345,0.235406,0.235406,0.0,3.615853,3.615852999999999,8.881784197001252e-16,0.0,0.73684636092,0.24394548437,0.019208154708,0.77035912764,0.070324949476,0.14565973194,0.013656190939,267.99264376938487,34.00602158970485,0.0,1.0,3696033865.7267966,0.3544526298283028,-81.04802802596079,3.1048308584e-07,0.6641395215886279,84.66388102596079,-2.0263730256e-07,3.8187033882e-08,0.0
179,26.113854,4.999927,300.985021,1237.333,1237.333,0.05337811516820367,0.05337811516820367,0.233618,0.23361800000000002,2.7755575615628914e-17,1.277158,1.2771580000000111,1.1102230246251565e-14,2.7755575615628914e-17,0.71011820204,0.28581797088,0.004063827081,0.76173823084,0.080176625562,0.14244580106,0.015639342541,288.7760538381754,12.882525781510434,0.0,1.0,3362818028.041366,0.4052340308856283,85.80052111586312,3.6794527378e-07,0.576501434219219,-84.52336311586312,-2.0825665709e-07,-4.03047653e-08,0.0
180,26.107117,14.71781,310.702904,1188.952,1188.952,0.05129097565931409,0.05129097565931409,0.289446,0.2894459999999999,5.551115123125783e-17,-9.543739,-9.54373899999999,1.0658141036401503e-14,-5.551115123125783e-17,0.71341162722,0.28515420008,0.0014341727032,0.76112114231,0.079202309509,0.14421784489,0.015458703293,325.2168650304866,-112.53684368223979,0.0,1.0,3307324226.644482,0.4901480351569135,64.58236779673679,3.5949060888e-07,0.5905277166057357,-74.12610679673679,-1.805248824e-07,-1.1170254185e-07,0.0
181,26.101811,24.939149,320.924243,1135.15,1135.15,0.04896997609631877,0.04896997609631877,0.296252,0.296252,0.0,-18.561306,-18.561305999999995,3.552713678800501e-15,0.0,0.70990502606,0.28291970371,0.0071752702329,0.76071158293,0.077474923264,0.14677827048,0.015035223324,268.13978691960887,-202.95892854969537,0.0,1.0,3257171972.9355087,0.48458415041021863,44.861059519937925,3.4850784958e-07,0.6113530534360474,-63.42236551993792,-1.2776192239e-07,-1.70505205e-07,0.0
182,26.126499,35.043097,331.028191,1048.216,1048.216,0.04521967357950832,0.04521967357950832,0.350948,0.35094800000000004,5.551115123125783e-17,-27.688517,-27.688517,0.0,5.551115123125783e-17,0.64136688185,0.35500372174,0.0036293964114,0.77388013157,0.08933241171,0.12394225754,0.012845199188,209.01364387021948,-302.72285181257655,0.0,1.0,2859044117.6313634,0.6028641903448009,21.45503587841269,3.6663162822e-07,0.5821344269913917,-49.14355287841269,-3.0762254931e-08,-2.1120032187e-07,0.0
183,26.155163,45.01463,340.999724,975.4862,975.4861999999999,0.04208213530924444,0.042082135309244435,0.391814,0.391814,0.0,-40.214877,-40.214876999999994,7.105427357601002e-15,0.0,0.54669120194,0.45266138237,0.00064741568645,0.79184181368,0.086792027153,0.11001167185,0.011354487319,63.54482866503718,-376.88975718142683,0.0,1.0,2409927543.997188,0.7789733654413787,-7.5202927106437585,4.0477822764e-07,0.5029876724706652,-32.69458428935624,8.4789121772e-08,-1.8510304473e-07,0.0
184,26.143855,54.941341,350.926435,923.3455,923.3455000000001,0.0398328036503048,0.03983280365030481,0.454541,0.45454100000000003,5.551115123125783e-17,-51.661064,-51.66106400000001,7.105427357601002e-15,5.551115123125783e-17,0.6423915036,0.35607572616,0.0015327702417,0.77955761045,0.078672834103,0.12846006523,0.013309490217,-96.70923918804085,-408.4042838109599,0.0,1.0,2871735927.45869,0.7959934437645756,-20.218462352324334,3.2152869321e-07,0.5710361103607731,-31.44260164767567,8.3682299957e-08,-1.6342546624e-07,0.0
185,26.049322,64.93763,0.922724,857.1636,857.1636,0.03697773950811306,0.03697773950811306,0.504614,0.504614,0.0,-61.972693,-61.972693,0.0,0.0,0.71241748437,0.28409378486,0.0034887307655,0.7638284119,0.078466682797,0.14328462797,0.014420277334,-241.5295677215032,-358.81960716024395,0.0,1.0,3176275371.829534,0.7506281183150806,-37.37851204404078,2.6986438506e-07,0.6722556585446021,-24.594180955959217,1.1857006051e-07,-1.3730834148e-07,0.0
186,26.135288,75.004543,10.989637,810.3571,810.3571,0.034958523381475745,0.034958523381475745,0.529477,0.529477,0.0,-73.565046,-73.565046,0.0,0.0,0.74567553897,0.22059182783,0.033732633193,0.75209271724,0.07268673285,0.16164428259,0.013576267313,-360.37422493793474,-232.86814972142773,0.0,1.0,3356458898.9208255,0.7018855517493912,-57.92023542578954,2.4143215347e-07,0.7543637259383994,-15.64481057421045,1.556377235e-07,-9.4590608112e-08,0.0
187,26.165957,85.001142,20.986236,785.6429,785.6429,0.033892361391219275,0.033892361391219275,0.547666,0.5476659999999999,1.1102230246251565e-16,-86.096763,-86.096763,0.0,-1.1102230246251565e-16,0.1862228376,0.81230505121,0.001472111186,0.32553523438,0.6182778896,0.02423792188,0.031948954139,-426.2823778259368,-58.44249352049344,0.0,1.0,863251084.6452945,0.5905126832213894,-81.0168529991476,9.1009778496e-07,0.9274415530117823,-5.0799100008523865,8.3082722383e-07,-1.4888798891e-07,0.0
188,26.132623,94.905787,30.890881,758.9189,758.9189,0.03273949732814565,0.03273949732814565,0.55307,0.55307,0.0,82.774501,82.77450100000001,1.4210854715202004e-14,0.0,0.16322076681,0.83667087662,0.00010835656895,0.46492572711,0.46147356222,0.039021710993,0.034578999676,-406.45544910373917,104.74573896813982,0.0,1.0,768915942.8848373,0.6078107754337744,73.86434582074386,9.8699852308e-07,0.9099378003051892,8.910155179256144,8.5501694891e-07,2.7485028018e-07,0.0
189,26.053196,104.892793,40.877887,747.2696,747.2696,0.03223695057878314,0.03223695057878314,0.55831,0.55831,0.0,70.182734,70.182734,0.0,0.0,0.35448860663,0.63670414546,0.0088072479126,0.60094024762,0.31814941395,0.056759846911,0.024150491525,-321.30401992346856,266.1321428467593,0.0,1.0,1713098725.9094956,0.658774439703526,51.468231600760575,4.362093023e-07,0.8474979694890121,18.714502399239425,2.9357065335e-07,2.2468728997e-07,0.0
190,26.088026,114.948559,50.933653,735.7193,735.7192999999999,0.03173867465497985,0.03173867465497984,0.543164,0.5431640000000001,1.1102230246251565e-16,61.045957,61.045957,0.0,1.1102230246251565e-16,0.51598711449,0.48160728677,0.0024055987375,0.6857963904,0.22436534657,0.072360562564,0.017477700473,-212.30772409918706,338.55364102806453,0.0,1.0,2528935869.449606,0.6946459941189265,33.859683239062605,2.909205049e-07,0.7819292194852964,27.186273760937393,1.3250950029e-07,1.8490007701e-07,0.0
191,26.151169,124.992745,60.977839,740.5,740.5,0.03194491238983751,0.03194491238983751,0.508625,0.508625,0.0,48.698931,48.698931,0.0,0.0,0.61020875132,0.38735613202,0.0024351166592,0.73372221491,0.17003836149,0.082654888411,0.013584535185,-48.495225725684485,373.50167551428075,0.0,1.0,3075613412.519959,0.709036185696872,12.8261679417176,2.4076497943e-07,0.7173470272185064,35.8727630582824,5.4099968099e-08,1.6402025177e-07,0.0
192,26.155376,134.974239,70.959333,729.7297,729.7297,0.03148028539468252,0.03148028539468252,0.528604,0.5286039999999997,2.220446049250313e-16,40.210984,40.21098400000001,7.105427357601002e-15,-2.220446049250313e-16,0.65241292219,0.32802303767,0.019564040137,0.7607292953,0.13965647529,0.088257331583,0.011356897829,64.18321830124471,380.3608138464847,0.0,1.0,3285309489.981048,0.81052882162985,-4.832185252176508,2.221190126e-07,0.6521717499657296,45.04316925217651,-2.1828778856e-10,1.4485958068e-07,0.0
193,26.121621,144.997622,80.982716,733.8571,733.8571,0.03165833999481461,0.03165833999481461,0.513022,0.5130220000000001,1.1102230246251565e-16,30.516798,30.516798,0.0,1.1102230246251565e-16,0.69085754742,0.3009711327,0.008171319884,0.77833749165,0.1205672644,0.0911784361,0.0099168078488,182.33036205404008,329.38802601456706,0.0,1.0,3527718760.3240323,0.8292993456502024,-24.18535130802752,2.0802596518e-07,0.6186210114488528,54.70214930802752,-4.27546679e-08,1.2137939306e-07,0.0
194,26.066654,155.003112,90.988206,733.578,733.578,0.03164629971790982,0.03164629971790982,0.501133,0.501133,0.0,19.912933,19.912932999999992,7.105427357601002e-15,0.0,0.71379683711,0.28401637331,0.0021867895852,0.79120054644,0.10703120996,0.0928872705,0.0088809730989,282.3302374811929,235.44470090820408,0.0,1.0,3665754424.2160387,0.8472202884450888,-44.72608260311412,2.0011651494e-07,0.5915025960010165,64.63901560311412,-7.4937810866e-08,9.162777077e-08,0.0
195,26.119693,164.967292,100.952386,729.9286,729.9286,0.03148886587148784,0.03148886587148784,0.511011,0.5110109999999999,1.1102230246251565e-16,9.93529,9.935289999999997,3.552713678800501e-15,-1.1102230246251565e-16,0.72439972649,0.27349783121,0.0021024422996,0.79901638404,0.098747549919,0.093995487505,0.008240578538,350.79406873947585,126.7819901455992,0.0,1.0,3718398881.300681,0.895275714452323,-64.67429922308202,1.9630185553e-07,0.5707861743045342,74.60958922308201,-9.6262550172e-08,5.7340333574e-08,0.0
196,26.157841,175.010098,110.995192,733.7857,733.7857,0.031655259823653734,0.031655259823653734,0.502759,0.502759,0.0,0.936246,0.9362459999999975,2.55351295663786e-15,0.0,0.72464329251,0.26521712044,0.010139587051,0.80538536919,0.094104721743,0.092631685358,0.0078782237046,368.72036978209377,12.05449787882385,0.0,1.0,3745158445.9783688,0.8952469308876357,-83.60773190528441,1.9592914708e-07,0.5615869573565757,84.54397790528441,-1.0804177199e-07,2.0829120639e-08,0.0
197,26.113562,185.033848,121.018942,735.0631,735.0631,0.031710366415263154,0.031710366415263154,0.541601,0.5416009999999999,1.1102230246251565e-16,-10.696919,-10.696919000000005,5.329070518200751e-15,-1.1102230246251565e-16,0.73376815815,0.26209808623,0.0041337556203,0.81123444123,0.091540304258,0.089549888826,0.0076753656839,370.679098449931,-145.2215640039973,0.0,1.0,3799009347.7058864,0.9485010407513723,74.99521602667942,1.9348809985e-07,0.5710072806783226,-85.69213502667941,-1.0923634389e-07,-1.6551120657e-08,0.0
198,26.077802,195.02462,131.009714,726.0917,726.0917,0.031323343340294636,0.031323343340294636,0.534338,0.5343379999999999,1.1102230246251565e-16,-20.694458,-20.694457999999997,3.552713678800501e-15,-1.1102230246251565e-16,0.73373923613,0.26528188474,0.00097887913073,0.810750025,0.091580645415,0.089939119428,0.0077302101597,291.07651223246086,-256.51840605758923,0.0,1.0,3745924567.91892,0.9219104495700515,55.2992288659992,1.9383510982e-07,0.5795985936043978,-75.9936868659992,-9.9184496613e-08,-5.2765372272e-08,0.0
199,26.084484,205.206171,141.191265,754.4906,754.4906,0.03254846200669269,0.03254846200669269,0.557549,0.557549,0.0,-31.820942,-31.820942000000002,3.552713678800501e-15,0.0,0.72300800233,0.2718613462,0.0051306514726,0.80643464985,0.093856496342,0.091752854112,0.0079559996915,186.7671785993206,-376.9316472175862,0.0,1.0,3818512428.642137,0.9519314860032748,34.148940522081546,1.9758757215e-07,0.5857028664330596,-65.96988252208155,-7.7346427174e-08,-8.6083734313e-08,0.0
200,26.148741,215.001535,150.986629,757.7982,757.7982,0.03269115072002236,0.03269115072002236,0.548341,0.5483409999999999,1.1102230246251565e-16,-42.49014,-42.49014,0.0,-1.1102230246251565e-16,0.71117919193,0.28475205859,0.0040687494806,0.80043803987,0.098721820748,0.092465430657,0.0083747087216,36.358455575875844,-413.9381094513513,0.0,1.0,3750274398.8835526,0.9068859487528571,13.838793447001542,2.0206473431e-07,0.604641631898779,-56.32893344700154,-4.7065849011e-08,-1.1274734706e-07,0.0
201,26.093929,224.965733,160.950827,749.982,749.982,0.03235396257117503,0.03235396257117503,0.535307,0.5353069999999998,2.220446049250313e-16,-53.98809,-53.98809000000001,7.105427357601002e-15,-2.220446049250313e-16,0.6928783536,0.30549685283,0.0016247935741,0.79242940815,0.10608438753,0.09249303972,0.0089931645925,-123.90249451609921,-381.87278790039363,0.0,1.0,3586845572.6404967,0.842398658146648,-7.21359917997745,2.090923584e-07,0.6354556655844193,-46.77449082002255,-8.2248273356e-09,-1.3261411358e-07,0.0
202,26.148679,235.003143,170.988237,780.1802,780.1802,0.0336567024136204,0.0336567024136204,0.536135,0.536135,0.0,-65.14314,-65.14314,0.0,0.0,0.66260279826,0.33259125816,0.0048059435782,0.78259897577,0.11591968274,0.09168518948,0.009796152007,-270.4640676152697,-319.0751410556515,0.0,1.0,3518624154.8468194,0.803097308487497,-27.591804544673522,2.2172876831e-07,0.667584107596778,-37.55133545532648,3.8054796805e-08,-1.4304727582e-07,0.0
203,26.184697,245.014133,180.999227,818.4,818.4,0.03530549128945715,0.03530549128945715,0.505696,0.5056960000000001,1.1102230246251565e-16,-75.806052,-75.80605200000001,1.4210854715202004e-14,1.1102230246251565e-16,0.62767640468,0.36983711102,0.0024864842971,0.77149587291,0.12777759567,0.089980617771,0.010745913653,-364.0943472250912,-196.7656869749482,0.0,1.0,3422821005.3967195,0.7178798845155789,-46.9249875602457,2.3910102185e-07,0.7044298230214943,-28.881064439754297,8.9846478273e-08,-1.424648671e-07,0.0
204,26.123008,255.018555,191.003649,857.5135,857.5135,0.03699283407238747,0.03699283407238747,0.470288,0.47028800000000004,5.551115123125783e-17,-87.322411,-87.322411,0.0,5.551115123125783e-17,0.57762231409,0.42119557788,0.0011821080291,0.76028532753,0.14169343206,0.086226030959,0.01179520946,-401.51811202596525,-37.63774879917231,0.0,1.0,3203601294.8880944,0.6401759080711327,-66.36553042463873,2.6767172974e-07,0.7346230841722714,-20.956880575361268,1.4632826393e-07,-1.3135629414e-07,0.0
205,26.100336,264.984074,200.969168,898.2545,898.2545,0.038750386639132064,0.038750386639132064,0.407994,0.407994,0.0,81.53461,81.53461,0.0,0.0,0.51522920302,0.4807532515,0.0040175454805,0.75155397619,0.15425778705,0.081494159735,0.012694077019,-350.59809938135754,106.7256121229345,0.0,1.0,2874965599.352577,0.5426867987091675,-84.66622536284066,3.1244008631e-07,0.7518038046446915,-13.799164637159334,2.081667627e-07,-1.0881922466e-07,0.0
206,26.105162,274.995145,210.980239,981.8909,981.8909,0.042358431839133966,0.042358431839133966,0.385024,0.3850239999999999,5.551115123125783e-17,70.20678,70.20678,0.0,-5.551115123125783e-17,0.43693180463,0.55380200868,0.009266186685,0.74676488118,0.16373420384,0.076200351475,0.013300563508,-291.3507584472211,240.9101886457819,0.0,1.0,2532264188.644628,0.5085501211925824,77.76099224834519,3.8775215651e-07,0.7571013828432371,-7.554212248345194,2.8342032608e-07,-7.6517381444e-08,0.0
207,26.149795,285.051072,221.036166,1063.207,1063.207,0.04586638010433757,0.04586638010433757,0.323208,0.323208,0.0,61.680072,61.68007200000001,7.105427357601002e-15,0.0,0.36405392404,0.63569101322,0.00025506273905,0.74790339349,0.16647630766,0.072217681682,0.013402617171,-188.96594653483695,287.01613953900323,0.0,1.0,2148704271.213882,0.42252409840159616,63.54170161759951,4.9481309003e-07,0.7649457184162801,-1.8616296175995033,3.7770625862e-07,-2.457914328e-08,0.0
208,26.159838,295.088269,231.073363,1125.382,1125.382,0.048548587974476864,0.048548587974476864,0.302545,0.302545,0.0,52.458589,52.458589,0.0,0.0,0.33080893148,0.66821815786,0.00097291066001,0.74745715667,0.16684048308,0.072200464904,0.013501895351,-87.64688198152452,329.0042056252723,0.0,1.0,1933147890.413823,0.40234365759864105,47.36182335495925,5.8214997703e-07,0.751956677547045,5.0967656450407555,4.3084191444e-07,7.7470480099e-08,0.0
209,26.127697,305.022322,241.007416,1205.185,1205.185,0.051991261632067944,0.051991261632067944,0.246744,0.24674400000000005,5.551115123125783e-17,43.044634,43.044634,0.0,5.551115123125783e-17,0.47864653007,0.51406758172,0.0072858882091,0.7604368438,0.1443984025,0.083442177359,0.011722576342,20.281425480692256,296.67974293399845,0.0,1.0,2794445902.068013,0.3591275821509493,22.859044074255667,4.3127870148e-07,0.6870650216342559,20.185589925744335,2.2575294695e-07,1.9193509647e-07,0.0
210,26.063422,314.985369,250.970463,1276.18,1276.18,0.05505396123384582,0.05505396123384582,0.224318,0.22431799999999996,2.7755575615628914e-17,33.906736,33.906735999999995,7.105427357601002e-15,-2.7755575615628914e-17,0.63386441309,0.3587517695,0.0073838174031,0.76548973141,0.10907865268,0.11371680698,0.011714808932,108.10221273359929,265.0745322693795,0.0,1.0,3661812608.420747,0.34111179793007657,-3.6026762794827434,3.4851046093e-07,0.6576084479082785,37.509412279482746,5.9244298962e-08,2.2139366421e-07,0.0
211,26.138121,324.964205,260.949299,1343.78,1343.78,0.05797020171669932,0.05797020171669932,0.207047,0.207047,0.0,27.843256,27.843255999999993,7.105427357601002e-15,0.0,0.71955672152,0.27881811124,0.0016251672403,0.76202314181,0.076262291033,0.14773044843,0.013984118722,156.84148572696486,229.80479254629742,0.0,1.0,4110624079.3227057,0.3182789264343981,-24.486603009553146,3.2690413282e-07,0.6505206056822471,52.32985900955315,-5.3818995797e-08,2.0573499282e-07,0.0
212,26.158318,334.954521,270.939615,1390.357,1390.357,0.059979517293176646,0.059979517293176646,0.210658,0.210658,0.0,20.154938,20.154937999999994,7.105427357601002e-15,0.0,0.71222585012,0.27904624719,0.0087279026917,0.76071058974,0.076846771113,0.14744833144,0.014994307705,223.34513701765988,189.47664580108565,0.0,1.0,3998081802.847338,0.3444546840663045,-42.984299040588525,3.4775601615e-07,0.6115695612356666,63.139237040588526,-1.2584317895e-07,1.7144969577e-07,0.0
213,26.159288,344.981416,280.96651,1355.273,1355.273,0.05846600573843652,0.05846600573843652,0.193216,0.19321600000000003,2.7755575615628914e-17,14.272294,14.272293999999984,1.5987211554602254e-14,2.7755575615628914e-17,0.71387871681,0.28605478945,6.6493745201e-05,0.76113813329,0.079159454736,0.14425329968,0.015449112296,230.03011931863924,125.12804618404584,0.0,1.0,3769822023.299359,0.3273697624324023,-59.56862596800016,3.5950583121e-07,0.5902072279503721,73.84091996800016,-1.7931419563e-07,1.1343729238e-07,0.0
214,26.076364,354.97306,290.958154,1296.36,1296.36,0.055924519413490546,0.055924519413490546,0.209643,0.20964299999999997,2.7755575615628914e-17,8.752834,8.752833999999982,1.7763568394002505e-14,-2.7755575615628914e-17,0.704866191,0.28345220827,0.011681600729,0.76165436881,0.080235655492,0.14245948552,0.015650490174,259.1862398139476,81.74929741779488,0.0,1.0,3501433069.9684563,0.36598105906338896,-75.89968723093736,3.7023697843e-07,0.5728247263301384,84.65252123093735,-2.0839686677e-07,3.9358001772e-08,0.0
215,30.841073,5.030139,301.015233,1406.962,1406.962,0.06069585121651662,0.06069585121651662,0.207217,0.20721700000000004,2.7755575615628914e-17,2.208807,2.2088070000000055,5.329070518200751e-15,2.7755575615628914e-17,0.63761926529,0.34204365624,0.020337078469,0.74001441631,0.1023735443,0.13749943046,0.020112608925,290.6802952442425,22.45652255842865,0.0,1.0,2965773533.6233606,0.4382756668410544,85.79851724173338,4.7439967484e-07,0.4728006039978249,-83.58971024173339,-2.1870467843e-07,-4.9771099765e-08,0.0
216,30.823153,14.907602,310.892696,1339.062,1339.062,0.05776666883802915,0.05776666883802915,0.232177,0.232177,0.0,-7.828141,-7.828141000000001,1.7763568394002505e-15,0.0,0.65791500652,0.33622396665,0.0058610268291,0.74172462639,0.099493913879,0.13925690213,0.019524557606,299.364390024429,-83.90111826368687,0.0,1.0,2980766410.0411787,0.46860961637785536,65.10201578041779,4.4923412834e-07,0.49545931599659715,-72.93015678041779,-1.8422090083e-07,-1.2491310888e-07,0.0
217,30.816987,24.801132,320.786226,1231.294,1231.294,0.05311759480909195,0.05311759480909195,0.286903,0.2869030000000001,5.551115123125783e-17,-17.084846,-17.08484599999999,7.105427357601002e-15,5.551115123125783e-17,0.66930652134,0.32785733034,0.0028361483168,0.74664251442,0.091070702991,0.14442881152,0.017857971071,292.2810839400051,-198.4080844547713,0.0,1.0,2920248458.1381154,0.5433339603978667,45.43787047156827,4.2164015071e-07,0.5280417218719584,-62.522716471568266,-1.2784769565e-07,-1.8227763279e-07,0.0
218,30.874708,34.994048,330.979142,1116.0,1116.0,0.048143851758350655,0.048143851758350655,0.332359,0.332359,0.0,-25.3684,-25.368399999999998,3.552713678800501e-15,0.0,0.66484043669,0.33027691959,0.0048826437197,0.7493761491,0.083660043302,0.15070694744,0.016256860161,234.7445735691373,-287.177949464987,0.0,1.0,2802302652.782834,0.5914975855726389,26.42242781058367,3.9824392233e-07,0.5618940940870243,-51.79082781058367,-5.254832561e-08,-2.1751343114e-07,0.0
219,30.848519,45.047453,341.032547,1040.602,1040.602,0.044891208268318286,0.044891208268318286,0.38844,0.38844000000000006,5.551115123125783e-17,-38.412038,-38.41203800000001,7.105427357601002e-15,5.551115123125783e-17,0.50938245513,0.48661541115,0.0040021337236,0.77760451402,0.098666671224,0.11116716983,0.012561644932,92.13666190316624,-393.57048221586365,0.0,1.0,2167747769.067604,0.7597863034428654,-7.031171193258494,4.8003832127e-07,0.511249015992837,-31.38086680674151,1.1232632919e-07,-2.1820481189e-07,0.0
220,30.844538,55.033762,351.018856,961.4046,961.4046,0.04147465998404696,0.04147465998404696,0.458756,0.45875599999999994,5.551115123125783e-17,-49.662356,-49.662356,0.0,-5.551115123125783e-17,0.566973266,0.43263096249,0.00039577150719,0.77316645889,0.084634148975,0.12770113391,0.014498258228,-71.46310651644144,-435.22205873961303,0.0,1.0,2435970514.422827,0.9550845201278082,-20.932472919934327,3.9467004806e-07,0.48033026431902576,-28.729883080065676,1.0196919149e-07,-1.5981181192e-07,0.0
221,30.809294,65.035851,1.020945,901.9852,901.9852,0.03891132773927085,0.03891132773927085,0.491906,0.491906,0.0,-60.909574,-60.909574,0.0,0.0,0.66989991459,0.32213665251,0.007963432898,0.75048232074,0.090119580953,0.14227916759,0.017118930712,-233.93204382684573,-377.01237275134827,0.0,1.0,2952506064.3952436,0.8011061212605669,-36.24142009498141,3.0549817014e-07,0.6140335056059361,-24.668153905018595,1.2223445926e-07,-1.422929602e-07,0.0
222,30.847478,75.030246,11.01534,846.9538,846.9538,0.03653729228796753,0.03653729228796753,0.530011,0.530011,0.0,-72.899104,-72.899104,0.0,0.0,0.74256725192,0.25025685704,0.0071758910439,0.71885792071,0.10956128521,0.15714027918,0.014440514899,-371.26430248940005,-252.32793452037987,0.0,1.0,3345398511.829791,0.6875811259546274,-57.20435801863139,2.5316977843e-07,0.7708341314112435,-15.694745981368603,1.6659070974e-07,-1.0164547183e-07,0.0
223,30.84911,84.98083,20.965924,811.0769,811.0769,0.034989575303066844,0.034989575303066844,0.553487,0.5534869999999998,1.1102230246251565e-16,-85.568219,-85.568219,0.0,-1.1102230246251565e-16,0.14683137881,0.85293236982,0.00023625136571,0.44234734092,0.48365073805,0.037786236035,0.036215684993,-443.55953646772184,-69.17059361141503,0.0,1.0,683357667.9764574,0.6083817848140651,-87.21381152830637,1.1868995374e-06,0.9097691841138172,1.6455925283063606,1.0780236599e-06,6.1992049499e-08,0.0
224,30.876056,95.042859,31.027953,787.1278,787.1278,0.033956419460642186,0.033956419460642186,0.54275,0.54275,0.0,82.602627,82.60262699999998,1.4210854715202004e-14,0.0,0.35820290161,0.62319740178,0.018599696608,0.64478957186,0.27075152819,0.063568567044,0.020890332909,-413.0501188456242,109.09202921672018,0.0,1.0,1724109994.0431037,0.6637395452269,70.28435872550543,4.5654152155e-07,0.8177153281027731,12.318268274494564,3.3933776453e-07,1.5562278326e-07,0.0
225,30.863978,104.987018,40.972112,774.7597,774.7597,0.0334228639293407,0.0334228639293407,0.55499,0.5549899999999999,1.1102230246251565e-16,70.8026,70.8026,0.0,-1.1102230246251565e-16,0.54725614926,0.45002376259,0.0027200881501,0.72944714772,0.17248373903,0.084005275878,0.014063837375,-336.999796482726,267.0529522526296,0.0,1.0,2720740265.43936,0.7452627362751755,51.593455999019085,2.8476062557e-07,0.7446903930469421,19.209144000980917,1.6614680921e-07,1.3177270634e-07,0.0
226,30.859057,114.927427,50.912521,761.3431,761.3431,0.03284407647279851,0.03284407647279851,0.521011,0.5210109999999999,1.1102230246251565e-16,60.616256,60.616256,0.0,-1.1102230246251565e-16,0.6317263581,0.35585074307,0.012422898832,0.76648821605,0.12880185798,0.093767210697,0.010942715266,-205.67730240625838,339.17908622540443,0.0,1.0,3199889053.345717,0.7707800561788065,33.75114893173806,2.3792796791e-07,0.6759528815301044,26.865107068261945,9.5143987668e-08,1.2966610164e-07,0.0
227,30.875488,125.070863,61.055957,758.4,758.4,0.0327171121626641,0.0327171121626641,0.522521,0.522521,0.0,49.180612,49.18061200000001,7.105427357601002e-15,0.0,0.68445057415,0.30502811027,0.010521315573,0.78907836033,0.10423101249,0.097627383169,0.0090632440067,-57.62444570388539,392.06785551089155,0.0,1.0,3540904280.877933,0.8564079767293135,13.860893298467907,2.1418257593e-07,0.6101309354865505,35.319718701532096,4.3321771008e-08,1.2328963367e-07,0.0
228,30.886576,135.017152,71.002246,771.6692,771.6692,0.03328954083448481,0.03328954083448481,0.490754,0.4907540000000001,5.551115123125783e-17,39.825006,39.825005999999995,7.105427357601002e-15,5.551115123125783e-17,0.72032192079,0.27834198286,0.0013360963464,0.80222318413,0.091292613992,0.098488372544,0.0079958293325,68.03740193790806,372.5377967332605,0.0,1.0,3858896596.241814,0.8747237194669382,-4.644773040780251,1.9997146354e-07,0.5610388618466507,44.46977904078025,2.0763493638e-09,1.1217254701e-07,0.0
229,30.835787,144.97502,80.960114,764.9846,764.9846,0.03300116951596879,0.03300116951596879,0.471681,0.471681,0.0,27.86971,27.869710000000005,3.552713678800501e-15,0.0,0.73114506223,0.25459147997,0.014263457796,0.81268363689,0.081442551508,0.098710436546,0.0071633750538,203.13124252920244,298.21980124590715,0.0,1.0,3913863394.3823233,0.9237543920731645,-26.364614217476177,1.9545510993e-07,0.5106129984848194,54.23432421747618,-3.1615820767e-08,9.4661835304e-08,0.0
230,30.845138,154.91186,90.896954,770.9412,770.9412,0.03325813516774638,0.03325813516774638,0.464619,0.464619,0.0,19.029875,19.029875000000008,7.105427357601002e-15,0.0,0.74814582657,0.24771478692,0.0041393865162,0.82112151167,0.074257124161,0.098084246652,0.0065371175178,282.03054253535197,220.82043415008738,0.0,1.0,4073454668.8055663,0.9596303344482439,-45.519219059628455,1.8925979609e-07,0.48416456141639247,64.54909405962846,-5.7788395667e-08,7.1113199574e-08,0.0
231,30.891096,165.009479,100.994573,794.7669,794.7669,0.034285967577100264,0.034285967577100264,0.445327,0.4453269999999999,5.551115123125783e-17,9.692936,9.692936000000016,1.5987211554602254e-14,-5.551115123125783e-17,0.75249325115,0.24164453556,0.0058622132915,0.82737361681,0.069489195326,0.097021795869,0.0061153919929,333.8648671285737,117.4798536085462,0.0,1.0,4235617824.2923474,0.9516968687034932,-65.37446171330599,1.8763895445e-07,0.4679294580496768,75.067397713306,-7.614165611e-08,4.3721885606e-08,0.0
232,30.85329,175.063483,111.048577,764.2424,764.2424,0.03296915126617036,0.03296915126617036,0.483464,0.483464,0.0,-0.014366,-0.014365999999999293,7.077671781985373e-16,0.0,0.76021570577,0.23812855458,0.0016557396535,0.83272551164,0.067077956867,0.094297263429,0.0058992680679,369.4836412165407,-0.18528423837708077,0.0,1.0,4114213517.8695984,1.018788751008457,-85.16684094831761,1.8575662072e-07,0.4745478388149053,85.15247494831762,-8.6891440753e-08,1.4844900025e-08,0.0
233,30.861277,185.00274,120.987834,768.0,768.0,0.033131252822950985,0.033131252822950985,0.512745,0.5127450000000001,1.1102230246251565e-16,-9.985696,-9.985696,0.0,1.1102230246251565e-16,0.75992203429,0.23459201776,0.0054859479549,0.83564335128,0.06592453835,0.092630221285,0.0058018890883,370.1070299496101,-134.49870385272888,0.0,1.0,4132996402.009542,1.0694814353250797,75.34562647725906,1.8582159898e-07,0.4794332870716414,-85.33132247725906,-8.7908642976e-08,-1.4454449253e-08,0.0
234,30.748214,194.998844,130.983938,759.5821,759.5821,0.03276810754542713,0.03276810754542713,0.521249,0.5212490000000001,1.1102230246251565e-16,-20.191397,-20.191396999999995,3.552713678800501e-15,1.1102230246251565e-16,0.75935623209,0.24011602316,0.00052774474608,0.83142532279,0.067561696231,0.095025707691,0.0059872732901,301.5939829459172,-256.5204687922132,0.0,1.0,4082660600.103267,1.0839443325804448,55.3528686896,1.8605075817e-07,0.4808817061288667,-75.5442656896,-7.8317759341e-08,-4.3254181841e-08,0.0
235,30.830396,204.969064,140.954158,765.4545,765.4545,0.03302144083849679,0.03302144083849679,0.541984,0.541984,0.0,-30.280501,-30.280501000000008,7.105427357601002e-15,0.0,0.75050001171,0.2450721119,0.0044278763875,0.82565544079,0.070782033392,0.097268367124,0.0062941586971,203.9043012816819,-361.2966240142959,0.0,1.0,4057150719.401399,1.1185744084754479,34.96025470596528,1.8866799706e-07,0.4845310208184477,-65.24075570596528,-5.9347182273e-08,-6.9532043596e-08,0.0
236,30.841506,214.920567,150.905661,770.6047,770.6047,0.03324361867481029,0.03324361867481029,0.552472,0.552472,0.0,-41.197032,-41.197032,0.0,0.0,0.74118436355,0.25256644661,0.006249189843,0.81848101062,0.075943033981,0.098799823786,0.0067761316173,56.35022738016514,-421.99180993868373,0.0,1.0,3996861828.2524147,1.080075375135049,13.56621487939833,1.9280243679e-07,0.511512448777865,-54.76324687939833,-3.2963298438e-08,-9.2948869465e-08,0.0
237,30.814329,224.9675,160.952594,778.0763,778.0763,0.0335659408995394,0.0335659408995394,0.559402,0.559402,0.0,-53.295755,-53.295755,0.0,0.0,0.72554887503,0.27314682523,0.0013042997358,0.80822637146,0.084966063523,0.099246074789,0.0075614902302,-124.2861778483518,-417.13545000937705,0.0,1.0,3919616647.4820814,1.0108935119445641,-8.405351842526933,1.9850826496e-07,0.5533738157285519,-44.89040315747307,4.2024402296e-10,-1.0984847218e-07,0.0
238,30.883608,234.973947,170.959041,809.6,809.6,0.034925862350860835,0.034925862350860835,0.545751,0.545751,0.0,-64.496952,-64.496952,0.0,0.0,0.69930070749,0.29893212262,0.0017671698847,0.79745381991,0.094631031362,0.099495637651,0.0084195110744,-278.0223926602918,-343.403761282218,0.0,1.0,3862802464.769382,0.9058984785772785,-28.867931120530436,2.0958876551e-07,0.6024416785168982,-35.62902087946956,4.0569774714e-08,-1.1956983544e-07,0.0
239,30.874387,245.013084,180.998178,851.1628,851.1628,0.03671886708371206,0.03671886708371206,0.523054,0.5230540000000001,1.1102230246251565e-16,-76.315285,-76.31528499999999,1.4210854715202004e-14,1.1102230246251565e-16,0.66208137932,0.33581217387,0.0021064468113,0.78607867794,0.10591118838,0.098617888393,0.009392245283,-395.3683142781841,-204.67191581831798,0.0,1.0,3750024063.6877074,0.8013600833291943,-49.17677284038315,2.2697529017e-07,0.6527078287041811,-27.138512159616848,8.6499020746e-08,-1.2027431948e-07,0.0
240,30.869814,255.031792,191.016886,899.6308,899.6308,0.03880975974233549,0.03880975974233549,0.467458,0.46745800000000004,5.551115123125783e-17,-88.127653,-88.127653,0.0,5.551115123125783e-17,0.616069869,0.38281416589,0.0011159651163,0.77488838617,0.1177738435,0.096934827431,0.010402942895,-419.6417522348952,-27.46574503665185,0.0,1.0,3557062466.6129904,0.6748234301462187,-68.83731124824052,2.5291397282e-07,0.692711573305498,-19.290341751759474,1.3695644318e-07,-1.0925531505e-07,0.0
241,30.835055,265.04356,201.028654,966.0923,966.0923,0.041676885731258086,0.041676885731258086,0.393171,0.3931709999999999,1.1102230246251565e-16,80.486602,80.486602,0.0,-1.1102230246251565e-16,0.55382366261,0.44488263605,0.0012937013442,0.76448742419,0.13184593286,0.092177569919,0.011489073034,-359.0874059146958,123.83158805740432,0.0,1.0,3269695713.4003763,0.5470306812687044,-87.18283069377502,2.9546856487e-07,0.7187366512754562,-12.330567306224983,1.9299466003e-07,-8.8609066087e-08,0.0
242,30.858894,274.99863,210.983724,1047.385,1047.385,0.045183824528602236,0.045183824528602236,0.36929,0.36929000000000006,5.551115123125783e-17,69.470588,69.47058800000002,1.4210854715202004e-14,5.551115123125783e-17,0.47758969002,0.51228689092,0.010123419059,0.75929148965,0.14225949646,0.086216850817,0.012232163079,-291.6525395027238,254.05585439297252,0.0,1.0,2870648644.7790675,0.511752964343151,75.66125861956388,3.6486004719e-07,0.721617705671708,-6.190670619563871,2.5716592487e-07,-5.6453805671e-08,0.0
243,30.823224,284.864059,220.849153,1135.873,1135.873,0.049001166064796625,0.049001166064796625,0.32357,0.32357,0.0,56.879083,56.879083,0.0,0.0,0.40139689999,0.59741119056,0.0011919094459,0.75844325753,0.14876868895,0.080177878266,0.012610175257,-148.07121836586944,336.3873794231711,0.0,1.0,2428217605.4054418,0.44419096100507166,57.884881546333105,4.677805636e-07,0.7284479613629634,-1.0057985463331038,3.4054380588e-07,-1.1961064895e-08,0.0
244,30.849743,294.969015,230.954109,1242.938,1242.938,0.05361991291829825,0.05361991291829825,0.265718,0.265718,0.0,48.516368,48.51636800000001,7.105427357601002e-15,0.0,0.33627041399,0.65588194768,0.0078476383256,0.76097849106,0.14911599413,0.077275008339,0.012630506469,-40.43719738746852,327.786159206894,0.0,1.0,2040366691.093952,0.3715522330849711,43.99921706753607,6.0917383401e-07,0.7151565145868263,4.51715093246393,4.3025012639e-07,6.8408994508e-08,0.0
245,30.865432,304.939,240.924094,1353.152,1353.152,0.058374506536304396,0.058374506536304396,0.214626,0.21462600000000007,5.551115123125783e-17,39.476721,39.476721000000005,7.105427357601002e-15,5.551115123125783e-17,0.44615732497,0.55307851013,0.00076416489657,0.76104319095,0.13566975169,0.090771270214,0.012515787146,55.6466935628068,285.0406144941778,0.0,1.0,2697621250.5925484,0.33268753312661375,21.491260471607305,5.0160933441e-07,0.6451278711376237,17.985460528392693,2.6189615008e-07,1.9007568455e-07,0.0
246,30.809795,314.986818,250.971912,1462.462,1462.462,0.06309010190880018,0.06309010190880018,0.184006,0.18400600000000003,2.7755575615628914e-17,33.510342,33.510342,0.0,2.7755575615628914e-17,0.55973938815,0.43932689866,0.00093371318487,0.76482217373,0.10976823634,0.11286920446,0.012540385475,105.0570123162382,247.74743924863174,0.0,1.0,3348424055.2645283,0.316889690657009,-0.6450532950973695,4.3676128706e-07,0.580662626223338,34.15539529509737,9.3727448864e-08,2.3565585569e-07,0.0
247,30.842753,325.014559,260.999653,1532.308,1532.308,0.06610323405029997,0.06610323405029997,0.165173,0.165173,0.0,27.835333,27.835333,0.0,0.0,0.64862662718,0.34686435571,0.004509017105,0.74949624028,0.08600176171,0.14822805708,0.016273940928,142.7331638470682,209.0090506042758,0.0,1.0,3756868459.7293687,0.30061254719778785,-23.861127987175003,4.0786841925e-07,0.5494547767206952,51.696460987175,-5.1908990624e-08,2.1801059681e-07,0.0
248,30.900367,335.001776,270.98687,1579.163,1579.163,0.06812454245006477,0.06812454245006477,0.145009,0.145009,0.0,20.862036,20.862035999999993,7.105427357601002e-15,0.0,0.64291860167,0.35421748977,0.0028639085552,0.74527254977,0.090909940364,0.14591153246,0.017905977403,170.91078777904383,152.40481229866518,0.0,1.0,3592836775.325263,0.2855213957455995,-42.21624582089062,4.3953096084e-07,0.5078743735520385,63.07828182089062,-1.3170224328e-07,1.8023483155e-07,0.0
249,30.852299,344.956608,280.941702,1560.0,1560.0,0.06729785729661919,0.06729785729661919,0.160332,0.16033200000000003,2.7755575615628914e-17,17.557261,17.557260999999993,7.105427357601002e-15,2.7755575615628914e-17,0.63924271596,0.35760428977,0.0031529942712,0.74336025398,0.09623982264,0.14145736921,0.018942554175,204.5974470774914,143.870978847367,0.0,1.0,3372444119.192636,0.33254094792622396,-56.68317557325885,4.6257252748e-07,0.48214212715713595,74.24043657325885,-1.9012175991e-07,1.1659408357e-07,0.0
250,30.830393,354.995797,290.980891,1506.748,1506.748,0.06500058454228613,0.06500058454228613,0.176552,0.17655200000000001,2.7755575615628914e-17,11.173267,11.173266999999997,1.7763568394002505e-15,2.7755575615628914e-17,0.63832551949,0.35473447758,0.0069400029358,0.74055326489,0.1012340262,0.13830482074,0.019907888174,246.0416451398598,101.1425509508853,0.0,1.0,3179810143.776468,0.3763185254446437,-74.25604594256096,4.7384841606e-07,0.46915574988340747,85.42931294256095,-2.1948524188e-07,3.5318418421e-08,0.0
251,35.569952,5.007858,300.992952,1640.901,1640.901,0.0707878982922306,0.0707878982922306,0.17664,0.17664000000000002,2.7755575615628914e-17,6.985661,6.985660999999987,1.3322676295501878e-14,2.7755575615628914e-17,0.43720471291,0.55952242211,0.0032728649792,0.63114085827,0.21003841366,0.11727811805,0.041542610021,281.27406795264443,69.97998359770519,0.0,1.0,2017810226.265237,0.48712430511845684,86.91221035648789,8.1320878378e-07,0.36261791527122716,-79.9265493564879,-2.7684089112e-07,-1.015664217e-07,0.0
252,35.589486,14.920963,310.906057,1504.378,1504.378,0.0648983435667778,0.0648983435667778,0.213681,0.21368099999999998,2.7755575615628914e-17,-1.752456,-1.7524560000000058,5.773159728050814e-15,-2.7755575615628914e-17,0.45609180372,0.53815588184,0.0057523144375,0.63196221489,0.20986966722,0.11670032948,0.041467788409,320.85572972581815,-19.65198731123101,0.0,1.0,1985218586.3876116,0.5595399154604938,68.77364475319406,7.5778960076e-07,0.38188696480061385,-70.52610075319406,-2.2506408004e-07,-1.8191403177e-07,0.0
253,35.591775,24.898412,320.883506,1354.548,1354.548,0.058434729490654445,0.058434729490654445,0.267985,0.2679849999999999,5.551115123125783e-17,-11.639244,-11.639243999999996,3.552713678800501e-15,-5.551115123125783e-17,0.49705773612,0.50074298324,0.0021992806388,0.65510150283,0.18542585208,0.12284916835,0.036623476739,333.44858608309363,-143.45725731931583,0.0,1.0,2059404062.5627472,0.6495068279676915,49.814059940799005,6.5773784981e-07,0.4125976640438495,-61.453303940799,-1.4743355753e-07,-2.2783996085e-07,0.0
254,35.605589,35.045332,331.030426,1239.627,1239.627,0.05347707753015138,0.05347707753015138,0.326617,0.326617,0.0,-22.585339,-22.585338999999998,3.552713678800501e-15,0.0,0.53904053005,0.45840869569,0.0025507742626,0.69507604778,0.14097298059,0.13611721472,0.027833756907,285.4415797215866,-287.147265705184,0.0,1.0,2213309933.1729684,0.7272787186686569,28.791799142012177,5.6007836111e-07,0.44909467528198693,-51.37713814201218,-5.5529940537e-08,-2.4532196393e-07,0.0
255,35.592381,44.984358,340.969452,1117.158,1117.158,0.04819380747549776,0.04819380747549776,0.392886,0.392886,0.0,-35.712131,-35.712131,0.0,0.0,0.55495958941,0.44417073938,0.0008696712099,0.7257622902,0.10366295946,0.15007499362,0.020499756712,139.82009617574934,-416.04971548957326,0.0,1.0,2264834357.9209323,0.8390656245544768,5.509057971064564,4.9326256293e-07,0.4682422786758936,-41.221188971064564,3.0377442123e-08,-2.2896000236e-07,0.0
256,35.56417,54.988883,350.973977,1019.421,1019.421,0.043977467296908226,0.043977467296908226,0.442022,0.442022,0.0,-48.549252,-48.549252,0.0,0.0,0.38027376687,0.61942508843,0.00030114470431,0.75857660506,0.12057717286,0.10523286217,0.015613359912,-55.683954779881645,-447.15268462725015,0.0,1.0,1578159820.8795161,0.9074558859030404,-32.304144430159894,6.4595548975e-07,0.487100262245948,-16.245107569840112,2.6539784371e-07,-1.6901336114e-07,0.0
257,35.615431,64.981972,0.967066,932.7792,932.7792,0.04023977018644526,0.04023977018644526,0.502087,0.502087,0.0,-59.88879,-59.88879,0.0,0.0,0.6292526762,0.36955703157,0.0011902922298,0.74402497819,0.094691329953,0.14328113178,0.018002560083,-232.59190551246755,-406.49711552831207,0.0,1.0,2668932501.639846,0.8180693520924858,-35.76332470233469,3.4949523805e-07,0.6137462535611983,-24.125465297665308,1.428299457e-07,-1.6003266606e-07,0.0
258,35.570525,74.993865,10.978959,879.5789,879.5789,0.03794472775212646,0.03794472775212646,0.532598,0.532598,0.0,-72.389549,-72.38954900000002,1.4210854715202004e-14,0.0,0.26435764846,0.73461455436,0.0010277971774,0.57181643865,0.34293483498,0.058928570896,0.026320155475,-382.70276593281164,-270.17624564071446,0.0,1.0,1176811802.1780841,0.6590413156081358,-69.53308834888024,7.4742528786e-07,0.808140532902009,-2.8564606511197623,6.0102456817e-07,-6.0127123255e-08,0.0
259,35.5734,84.973341,20.958435,839.0649,839.0649,0.03619696788641157,0.03619696788641157,0.573881,0.5738810000000001,1.1102230246251565e-16,-85.781694,-85.781694,0.0,1.1102230246251565e-16,0.55274328711,0.44247557083,0.004781142053,0.7640223015,0.11799379101,0.10596167857,0.012022228908,-476.31273509124634,-70.64677537646256,0.0,1.0,2577708887.037616,0.8768244306542241,-87.95790946268579,3.2550801381e-07,0.6544993272733183,2.1762154626857857,2.1243037699e-07,1.6168226206e-08,0.0
260,35.57837,94.975369,30.960463,818.596,818.596,0.035313946661271335,0.035313946661271335,0.549327,0.549327,0.0,82.664019,82.664019,0.0,0.0,0.67375065834,0.3231255211,0.0031238205664,0.79552074076,0.074513751095,0.12092021031,0.0090452978416,-435.0137377403741,113.89621935482329,0.0,1.0,3313214755.5387254,0.8879973006629255,76.74415455883491,2.4707000916e-07,0.6186133669436894,5.919864441165094,1.495891764e-07,3.135907489e-08,0.0
261,35.645007,104.948711,40.933805,807.7895,807.7895,0.03484775801070985,0.03484775801070985,0.551548,0.5515480000000001,1.1102230246251565e-16,70.339465,70.339465,0.0,1.1102230246251565e-16,0.72304838715,0.26753554651,0.0094160663404,0.80975977842,0.060441302243,0.12232099107,0.0074779282724,-344.6688553819699,282.31991430943975,0.0,1.0,3720925995.013289,0.9337582851389762,57.40562541650032,2.1709367536e-07,0.5906753479760667,12.933839583499681,1.1538356542e-07,5.5946835951e-08,0.0
262,35.551347,114.863444,50.848538,799.5817,799.5817,0.034493676374094985,0.034493676374094985,0.53087,0.53087,0.0,59.315536,59.31553600000001,7.105427357601002e-15,0.0,0.72940589465,0.23061422899,0.039979876353,0.81900733417,0.055793153515,0.11871844166,0.0064810706564,-203.39429578956467,372.5706425627412,0.0,1.0,3875327494.593208,1.0040213260665711,38.31224093635821,2.0632622691e-07,0.5287437489796913,21.003295063641794,8.1064023959e-08,7.3007259877e-08,0.0
263,35.609777,124.961339,60.946433,800.5229,800.5229,0.03453427941466395,0.03453427941466395,0.48223,0.48223,0.0,48.389318,48.389317999999996,7.105427357601002e-15,0.0,0.7248556322,0.27469959931,0.00044476849193,0.81727731304,0.081154792789,0.095262342041,0.006305552131,-45.56528028157525,383.3376065141422,0.0,1.0,3972071186.7152643,1.0185023084922997,22.17121071561638,2.0153790362e-07,0.47346971723004777,26.218107284383624,5.817353248e-08,7.5638721483e-08,0.0
264,35.580601,134.977907,70.963001,817.2185,817.2185,0.035254521790485376,0.035254521790485376,0.459557,0.45955700000000005,5.551115123125783e-17,37.054589,37.054589,0.0,5.551115123125783e-17,0.60839310896,0.38774912336,0.0038577676809,0.81457270589,0.10108445814,0.077575634304,0.0067672016589,102.82984932474999,361.2065830568388,0.0,1.0,3478188959.0127907,1.1274515500301148,11.886133334265,2.3495517628e-07,0.4076068723199015,25.168455665735,6.112689291e-08,7.3724285799e-08,0.0
265,35.561546,145.028104,81.013198,810.9804,810.9804000000001,0.03498541232663792,0.034985412326637925,0.43775,0.43775000000000003,5.551115123125783e-17,28.360273,28.360273,0.0,5.551115123125783e-17,0.57844981493,0.41029347332,0.011256711757,0.80773047869,0.098346795661,0.086607766643,0.0073149590103,194.8003484937288,296.7870617837174,0.0,1.0,3328140095.660278,1.2676611987691189,-3.1376032912941767,2.4367375672e-07,0.3453209741096825,31.497876291294176,3.8206887645e-08,7.4971499058e-08,0.0
266,35.627306,155.009928,90.995022,829.5099,829.5099,0.03578476851046978,0.03578476851046978,0.414946,0.414946,0.0,18.255328,18.255328000000002,3.552713678800501e-15,0.0,0.640821553,0.35838485449,0.00079359250176,0.7921119537,0.11587938489,0.08566777562,0.0063408857871,276.65090776933613,204.79053849208398,0.0,1.0,3797891060.82412,1.4172432689901737,-32.774762261802834,2.1841329483e-07,0.2927838918548266,51.03009026180283,-1.3361207311e-08,6.2536480148e-08,0.0
267,35.603078,164.96141,100.946504,822.0267,822.0267,0.035461945865776154,0.035461945865776154,0.414845,0.4148450000000001,5.551115123125783e-17,10.349945,10.349944999999998,1.7763568394002505e-15,5.551115123125783e-17,0.66552867222,0.3300122911,0.0044590366776,0.73942455181,0.17619356873,0.078069769956,0.0063121095042,318.9994300483968,120.53914000900475,0.0,1.0,3930922338.621581,1.4040358597796267,-58.9385865150631,2.0911802096e-07,0.2954661001786043,69.2885315150631,-4.6330966003e-08,4.0879216193e-08,0.0
268,35.594916,174.947041,110.932135,822.7895,822.7895,0.03549485279240811,0.03549485279240811,0.425726,0.42572600000000005,5.551115123125783e-17,1.051889,1.0518890000000065,6.439293542825908e-15,5.551115123125783e-17,0.68251886065,0.31366888316,0.0038122561868,0.68519594497,0.23070555867,0.077109867871,0.0069886284961,350.04678338785243,12.858745519173752,0.0,1.0,4052762287.749507,1.4651572380384552,-81.39200799438403,2.0301943257e-07,0.29056676576908547,82.44389699438403,-5.6950631164e-08,1.5379476126e-08,0.0
269,35.583298,185.021116,121.00621,811.9216,811.9216,0.03502601536720688,0.03502601536720688,0.478122,0.478122,0.0,-9.154694,-9.154694,0.0,0.0,0.71289291922,0.26836309807,0.018743982701,0.72221004598,0.17927487811,0.092018390544,0.006496685365,368.54469509474916,-121.9514995462859,0.0,1.0,4177515149.8808517,1.762215756196263,75.46526640162358,1.9435515393e-07,0.27131865001140654,-84.61996040162359,-5.1805018165e-08,-9.8449321065e-09,0.0
270,35.591727,194.993286,130.97838,810.4,810.4,0.034960374072551405,0.034960374072551405,0.500006,0.5000059999999998,1.1102230246251565e-16,-20.207277,-20.207277,0.0,-1.1102230246251565e-16,0.75542797573,0.23925723201,0.0053147922629,0.7442276168,0.15436064226,0.095374407975,0.0060373329661,308.5123053470388,-262.69971062423787,0.0,1.0,4398612460.955814,1.5953632564078999,51.507846682871715,1.842399182e-07,0.31341200694681115,-71.71512368287172,-4.6375260033e-08,-3.4403337007e-08,0.0
271,35.570193,204.8891,140.874194,801.4641,801.4641,0.03457488245523291,0.03457488245523291,0.522074,0.522074,0.0,-29.345299,-29.345299,0.0,0.0,0.79162452909,0.20779805238,0.00057741853152,0.80075412679,0.082978129513,0.11001731472,0.0062504289769,217.43770628012138,-357.4900370642979,0.0,1.0,4533873228.354484,1.3948850114048426,30.98634156922434,1.7677249884e-07,0.374277446335307,-60.33164056922434,-3.3742054399e-08,-5.6911146913e-08,0.0
272,35.57465,215.013301,150.998395,810.0,810.0,0.03494311821170612,0.03494311821170612,0.537014,0.537014,0.0,-40.652838,-40.652837999999996,7.105427357601002e-15,0.0,0.78100063861,0.21585659583,0.0031427655572,0.80187589577,0.077725286152,0.11328753491,0.0071112831669,65.7530383942429,-429.9829113931399,0.0,1.0,4487692805.400454,1.234417913721156,8.81167965362657,1.8049363785e-07,0.43503419225436374,-49.46451765362657,-1.2187310115e-08,-7.7569335624e-08,0.0
273,35.542703,225.049582,161.034676,814.8267,814.8267,0.03515134037056098,0.03515134037056098,0.56857,0.56857,0.0,-53.399034,-53.39903399999999,7.105427357601002e-15,0.0,0.74687533374,0.23903202341,0.014092642846,0.78802319187,0.091976278065,0.11169647914,0.0083040509294,-133.8894347207665,-443.5172518067007,0.0,1.0,4258702461.275697,1.1495681890832912,-13.721733340242373,1.9133215044e-07,0.494594409796081,-39.67730065975763,1.7481346743e-08,-9.3003130929e-08,0.0
274,35.573458,235.045094,171.030188,844.2703,844.2703,0.03642152703152172,0.03642152703152172,0.566253,0.566253,0.0,-64.268148,-64.268148,0.0,0.0,0.7163862691,0.27766300411,0.0059507267885,0.77033654668,0.11153151054,0.10823986901,0.0098920737751,-297.84289320457435,-373.95333956019607,0.0,1.0,4140052895.84536,0.9899204392421671,-33.32165746290574,2.0392741862e-07,0.5720186972131767,-30.946490537094256,5.4956280745e-08,-1.0289362876e-07,0.0
275,35.577939,245.018376,181.00347,889.7718,889.7718,0.038384445912151274,0.038384445912151274,0.531061,0.531061,0.0,-77.523046,-77.523046,0.0,0.0,0.66188481395,0.33233839174,0.0057767943103,0.74543404039,0.14034536185,0.10207156643,0.012149031322,-428.41187579366067,-199.3523174910815,0.0,1.0,3914738480.032885,0.8283211367024002,-54.35379747008933,2.2728767312e-07,0.6411293597000169,-23.169248529910664,1.0060512954e-07,-1.0541897154e-07,0.0
276,35.554021,254.999627,190.984721,940.3784,940.3784,0.04056759703078403,0.04056759703078403,0.473226,0.473226,0.0,89.899828,89.899828,0.0,0.0,0.58570060094,0.41215951003,0.0021398890323,0.71376403625,0.17818758978,0.093065624053,0.014982749924,-445.00878822159183,1.5560518555097407,0.0,1.0,3510001729.545676,0.6657262953135229,-73.65406576547001,2.6791394206e-07,0.7108416827325933,-16.446106234529996,1.5991495765e-07,-1.0342279643e-07,0.0
277,35.58586,265.027386,201.01248,1024.895,1024.895,0.04421361375257598,0.04421361375257598,0.422732,0.4227320000000001,1.1102230246251565e-16,79.629747,79.629747,0.0,1.1102230246251565e-16,0.48101817059,0.5163658338,0.002615995609,0.68510133188,0.21467077176,0.082619044253,0.017608852109,-405.17828859141895,153.43155061754445,0.0,1.0,2960489403.655242,0.5566785304531536,-89.49581498722435,3.461910719e-07,0.7593826182875834,-10.874438012775652,2.4417803139e-07,-9.7411604103e-08,0.0
278,35.61705,275.07586,211.060954,1120.644,1120.644,0.04834419230276443,0.04834419230276443,0.340453,0.340453,0.0,66.477671,66.47767099999999,1.4210854715202004e-14,0.0,0.3606483741,0.63723974132,0.0021118845775,0.67054508175,0.23750205561,0.072814200936,0.019138661705,-259.98295969277603,279.2336228484755,0.0,1.0,2244464558.0095468,0.43665742104424343,72.53064427650988,4.9929235728e-07,0.7796798670816688,-6.05297327650988,3.8063100374e-07,-8.1641537742e-08,0.0
279,35.534928,284.955375,220.940469,1244.811,1244.811,0.0537007134867063,0.0537007134867063,0.292865,0.2928649999999999,1.1102230246251565e-16,56.72981,56.72981000000001,7.105427357601002e-15,-1.1102230246251565e-16,0.26994670752,0.72879953921,0.0012537532706,0.67245670487,0.24048556411,0.067714953663,0.019342777357,-145.13293181061545,334.42723122943784,0.0,1.0,1702344208.4746711,0.3744367260995259,57.517539243591884,7.3123343317e-07,0.7821481697341729,-0.7877292435918819,5.7171669106e-07,-1.5724421492e-08,0.0
280,35.572876,294.914943,230.900037,1367.587,1367.5869999999998,0.058997227414558685,0.05899722741455868,0.237634,0.237634,0.0,45.859408,45.859408,0.0,0.0,0.37340719912,0.61932148938,0.0072713114966,0.69834288105,0.19874998373,0.085825219481,0.017081915733,-9.747767360283712,324.8389465629755,0.0,1.0,2327477758.7172,0.3555854055885095,35.54130090281291,5.875832733e-07,0.668289519944457,10.318107097187095,3.6748047609e-07,1.3839197714e-07,0.0
281,35.601892,305.039149,241.024243,1516.299,1516.299,0.06541261135961948,0.06541261135961948,0.185568,0.185568,0.0,36.232106,36.232106,0.0,0.0,0.51798348284,0.47844766962,0.0035688475339,0.73116368927,0.11940275607,0.13265017496,0.016783379709,84.77916938824333,268.3007047633706,0.0,1.0,3192715510.7143044,0.3626635873264308,8.713512770026504,4.7492455714e-07,0.5116808151819544,27.518593229973497,1.3925546045e-07,1.9915238417e-07,0.0
282,35.517483,314.998523,250.983617,1667.007,1667.007,0.07191410205029826,0.07191410205029826,0.150269,0.150269,0.0,28.434948,28.434947999999995,3.552713678800501e-15,0.0,0.51891440928,0.47121765436,0.0098679363624,0.72291609596,0.10691598514,0.14919887458,0.020969044321,136.90849269105163,209.77619394422007,0.0,1.0,3166973760.8573337,0.348837866206741,-13.662046035667657,5.263722171e-07,0.43077032213854366,42.096994035667656,2.2937733636e-08,2.2558234757e-07,0.0
283,35.583107,325.013702,260.998796,1779.04,1779.04,0.07674716669549833,0.07674716669549833,0.107758,0.107758,0.0,24.501882,24.501881999999995,3.552713678800501e-15,0.0,0.48420724135,0.51437075575,0.0014220028938,0.70894019443,0.12339833109,0.1431419067,0.024519567775,125.76081090967799,144.69046011530682,0.0,1.0,2853889330.1727133,0.2788747272671829,-29.693095406111258,6.2337385728e-07,0.38640288797758204,54.194977406111256,-7.5991402772e-08,2.2857237329e-07,0.0
284,35.596746,335.019472,271.004566,1846.98,1846.98,0.07967807466007033,0.07967807466007033,0.108459,0.108459,0.0,22.933417,22.933417000000002,3.552713678800501e-15,0.0,0.45152893161,0.54246761366,0.0060034547291,0.69149880989,0.14377834857,0.1361648188,0.028558022736,139.48961618870993,143.7754914181949,0.0,1.0,2552033877.963794,0.3021779817736872,-43.58789367618568,7.2372863697e-07,0.35892423188274897,66.52131067618568,-1.7729972141e-07,1.8984733884e-07,0.0
285,35.563271,345.01395,280.999044,1822.94,1822.94,0.07864099742326859,0.07864099742326859,0.118098,0.11809799999999998,1.3877787807814457e-17,20.140354,20.140353999999988,1.0658141036401503e-14,-1.3877787807814457e-17,0.43633865763,0.56022076845,0.0034405739216,0.67030897929,0.16726667005,0.12923860903,0.033185741636,164.23836020419196,139.18921250653457,0.0,1.0,2304248965.3328433,0.33518223402156233,-58.38901501870342,7.9112111036e-07,0.3523396767872928,78.52936901870342,-2.5669613281e-07,1.0865060559e-07,0.0
286,35.576727,355.000496,290.98559,1771.413,1771.413,0.07641814056883083,0.07641814056883083,0.128902,0.128902,0.0,14.291139,14.291138999999998,1.7763568394002505e-15,0.0,0.43338270678,0.56521501466,0.0014022785559,0.64821795508,0.19113194868,0.12277613921,0.037873957029,200.51127126536645,109.24185190002314,0.0,1.0,2158677989.0657783,0.36139275004471416,-75.36985777082779,8.2060085338e-07,0.35668120067171044,89.6609967708278,-2.9267240494e-07,3.4634844868e-09,0.0
287,40.307642,5.004451,300.989545,1884.744,1884.7439999999997,0.08130720048247388,0.08130720048247386,0.131734,0.131734,0.0,11.56184,11.561840000000002,1.7763568394002505e-15,0.0,0.24684168623,0.7517474591,0.0014108546723,0.49942601418,0.33773030914,0.095509234638,0.06733444205,228.33747826018705,97.50574728746615,0.0,1.0,1097609030.5270154,0.4217148894398992,87.70246606756237,1.717136018e-06,0.31237692407532147,-76.14062606756237,-4.7483792221e-07,-2.4949371573e-07,0.0
288,40.324163,14.954901,310.939995,1695.377,1695.377,0.07313797398075023,0.07313797398075023,0.190827,0.190827,0.0,2.4309,2.430899999999988,1.199040866595169e-14,0.0,0.23621920882,0.76351857256,0.00026221861443,0.45828510727,0.37950228635,0.086696254835,0.075516351543,322.35967610230415,27.419483424053105,0.0,1.0,977431430.4517218,0.5906158937895215,69.55457703733713,1.7345226961e-06,0.32309831483811247,-67.12367703733713,-3.9103814007e-07,-4.0144896803e-07,0.0
289,40.345349,24.907833,320.892927,1514.069,1514.069,0.065316409935407,0.065316409935407,0.248721,0.248721,0.0,-7.60868,-7.6086800000000006,8.881784197001252e-16,0.0,0.2715069641,0.72818342968,0.00030960621964,0.47831036458,0.35974849241,0.090500521659,0.071440621351,363.3767083628503,-98.84550278018727,0.0,1.0,1072345448.4935012,0.7195862453157411,51.60099649677529,1.411922811e-06,0.3456444611317797,-59.20967649677529,-2.3226068486e-07,-4.2921057163e-07,0.0
290,40.315097,34.986012,330.971106,1346.279,1346.279,0.05807800770733025,0.05807800770733025,0.303493,0.30349300000000007,5.551115123125783e-17,-19.616674,-19.616674,0.0,5.551115123125783e-17,0.36065580073,0.63495986817,0.0043843311042,0.55797545504,0.2798049763,0.10678502097,0.055434547701,316.4813077842313,-258.42273041198126,0.0,1.0,1394420585.1845481,0.7956993929292338,31.06935602914015,9.6547556333e-07,0.3814166539485992,-50.68603002914015,-7.2610970969e-08,-3.6101880052e-07,0.0
291,40.327375,44.984633,340.969727,1193.163,1193.163,0.05147263673436285,0.05147263673436285,0.38407,0.38407,0.0,-33.190286,-33.190286,0.0,0.0,0.48245731276,0.50497117982,0.012571507421,0.64758807821,0.18761512033,0.12777808009,0.03701872136,183.60557298000202,-419.8684223382101,0.0,1.0,1858474574.5167048,0.8553135908382791,6.70613253353207,6.4201201155e-07,0.4490399826613058,-39.89641853353207,5.1087064737e-08,-2.8372644465e-07,0.0
292,40.305912,55.009012,350.994106,1083.098,1083.098,0.04672447092452157,0.04672447092452157,0.451885,0.451885,0.0,-45.702214,-45.702214000000005,7.105427357601002e-15,0.0,0.56506717745,0.42924381786,0.0056890046909,0.72566179585,0.10537983036,0.1491111396,0.01984723419,-11.9957950104356,-489.28871254824577,0.0,1.0,2250920979.6785784,0.9594924458168216,-16.291476145240306,4.8117993025e-07,0.470962540632936,-29.41073785475969,1.1732143706e-07,-1.9388468876e-07,0.0
293,40.352999,64.995002,0.980096,988.5581,988.5581000000001,0.042646052527703204,0.04264605252770321,0.504512,0.5045120000000001,1.1102230246251565e-16,-59.380833,-59.38083300000001,7.105427357601002e-15,1.1102230246251565e-16,0.59246510725,0.40608248715,0.0014524056031,0.72101144315,0.11362376598,0.14329736914,0.022067421731,-239.9770868488629,-437.2093445778739,0.0,1.0,2461332197.3026137,0.8609927508381731,-35.94090218412838,4.016353831e-07,0.5859654445509088,-23.43993081587162,1.6086508284e-07,-1.7178311326e-07,0.0
294,40.310762,75.040653,11.025747,940.4598,940.4598,0.04057110859846604,0.04057110859846604,0.525438,0.5254380000000001,1.1102230246251565e-16,-72.178834,-72.17883399999998,1.4210854715202004e-14,1.1102230246251565e-16,0.45896877139,0.54017027629,0.00086095232575,0.75732900779,0.1087664353,0.11980421771,0.014100339201,-401.5837968300657,-287.9547780905118,0.0,1.0,2066981603.679702,1.008208147610103,-68.00847962223528,4.5499185785e-07,0.521160239823016,-4.170354377764706,2.3461560257e-07,-3.4396975036e-08,0.0
295,40.318658,85.032755,21.017849,889.4798,889.4798,0.03837184913373422,0.03837184913373422,0.564295,0.564295,0.0,-85.30202,-85.30202,0.0,0.0,0.64786517301,0.34945331484,0.0026815121437,0.7825016978,0.07158904702,0.13413438902,0.011774866164,-495.194961341127,-81.94312087535147,0.0,1.0,3091927484.41816,0.979585816629091,-80.41980686762687,2.8767809222e-07,0.5760546859915019,-4.882213132373123,1.6331761618e-07,-2.8105436049e-08,0.0
296,40.304815,95.021669,31.006763,870.3256,870.3256,0.03754554360922723,0.03754554360922723,0.560324,0.5603240000000002,1.1102230246251565e-16,81.1498,81.1498,0.0,1.1102230246251565e-16,0.71718981596,0.27978573813,0.0030244459093,0.80073130699,0.057688545305,0.13245283731,0.0091273103954,-464.57797976557816,148.26931973785972,0.0,1.0,3674030259.0288506,0.9206234838002396,79.45253267130585,2.3688580078e-07,0.6086353540396774,1.6972673286941489,1.4392411174e-07,8.5368907393e-09,0.0
297,40.279297,105.006629,40.991723,850.1395,850.1395,0.03667472227770461,0.03667472227770461,0.528528,0.528528,0.0,68.944469,68.944469,0.0,0.0,0.73744839806,0.24547526345,0.017076338494,0.8163641798,0.053015826799,0.12352317743,0.0070968159748,-333.3282961241006,301.3021451292223,0.0,1.0,3966001771.6300907,0.9316088101037003,60.012664883765474,2.1435681297e-07,0.5673282543787536,8.931804116234526,1.1574775665e-07,3.7304335851e-08,0.0
298,40.297013,115.173834,51.158928,850.381,850.381,0.03668514050368995,0.03668514050368995,0.497243,0.49724300000000005,5.551115123125783e-17,57.697625,57.697624999999995,7.105427357601002e-15,5.551115123125783e-17,0.68258441695,0.30902584787,0.0083897351811,0.81451178352,0.09526432845,0.08424645484,0.0059774331869,-181.34183796252188,381.9867499897358,0.0,1.0,3874472124.774894,1.0573717710258725,42.333890323080084,2.1948306056e-07,0.4702631691382965,15.363734676919917,8.8724205847e-08,5.273812814e-08,0.0
299,40.316634,124.976985,60.962079,870.6127,870.6127,0.037557929003348936,0.037557929003348936,0.461354,0.46135399999999993,5.551115123125783e-17,47.119783,47.119783,0.0,-5.551115123125783e-17,0.44222851128,0.55584990889,0.0019215798333,0.79848579546,0.14352943071,0.051295049535,0.0066897242965,-29.69351962499299,400.5615732102154,0.0,1.0,2665902566.8122945,1.0887482303945681,35.23783538850678,3.2657333799e-07,0.423747187017519,11.881947611493215,1.2665143172e-07,5.576462954e-08,0.0
300,40.3,135.031231,71.016325,876.6437,876.6437,0.03781810424524375,0.03781810424524375,0.414525,0.4145249999999999,5.551115123125783e-17,36.868496,36.868496,0.0,-5.551115123125783e-17,0.31971277882,0.64624118461,0.034046036574,0.78280124793,0.16263356483,0.047732011703,0.00683317553,101.76647252443864,348.8501218757409,0.0,1.0,1993040911.660465,1.5795084641799129,15.422092821032766,4.3985233563e-07,0.2624392394220078,21.446403178967234,8.4570597451e-08,7.8568064152e-08,0.0
301,40.325406,145.045698,81.030792,889.2414,889.2414,0.03836156464067043,0.03836156464067043,0.37445,0.37445000000000006,5.551115123125783e-17,27.385666,27.385666,0.0,5.551115123125783e-17,0.30364254485,0.69537233196,0.00098512319311,0.75653828294,0.19877503915,0.038713289281,0.00597338863,192.07449829431857,271.9939304196591,0.0,1.0,1955575596.595112,2.083332953637837,-20.69318638298777,4.5472105581e-07,0.17973603275758185,48.07885238298777,-8.7667795748e-09,8.1258211978e-08,0.0
302,40.314479,155.051114,91.036208,888.0,888.0,0.03830801107653708,0.03830801107653708,0.372473,0.37247300000000005,5.551115123125783e-17,19.052325,19.052325000000007,7.105427357601002e-15,5.551115123125783e-17,0.2835306741,0.7082866329,0.0081826930077,0.69132404193,0.2727588672,0.029186614153,0.0067304767192,260.2669347909373,204.1094560935837,0.0,1.0,1847454087.9513555,1.595996953909222,-54.849208637428504,4.8066147126e-07,0.23337951810476057,73.9015336374285,-9.4926223619e-08,5.9771136549e-08,0.0
303,40.333645,165.04592,101.031014,887.3988,887.3987999999999,0.038282075517686615,0.03828207551768661,0.364348,0.36434800000000006,5.551115123125783e-17,10.338085,10.338085,0.0,5.551115123125783e-17,0.24691979899,0.75033968904,0.0027405119726,0.5964425166,0.372291605,0.02260160395,0.0086642744524,302.49712117065104,114.16038336445797,0.0,1.0,1622208271.1821632,1.2749028774564202,-75.00093436800032,5.4703136198e-07,0.28578490678985424,85.33901936800031,-1.5426872252e-07,2.5323192243e-08,0.0
304,40.309279,175.037259,111.022353,884.8941,884.8941,0.03817402363103863,0.03817402363103863,0.397545,0.397545,0.0,1.725777,1.7257770000000023,2.4424906541753444e-15,0.0,0.19656864518,0.80268775499,0.00074359983682,0.47639742665,0.4957067547,0.016892593457,0.011003225192,351.14710794983006,21.17907212003559,0.0,1.0,1293030730.4575305,1.2663324250790138,87.03858742096754,6.8435658887e-07,0.3139341551450796,-85.31281042096755,-2.1197370138e-07,-3.4994640241e-08,0.0
305,40.30255,184.956326,120.94142,871.5294,871.5294,0.03759747512244112,0.03759747512244112,0.423549,0.42354899999999995,5.551115123125783e-17,-7.463239,-7.463239000000006,6.217248937900877e-15,-5.551115123125783e-17,0.14376215,0.85396781352,0.0022700364814,0.34571364507,0.62867374876,0.011901358064,0.013711248105,356.6797243993229,-95.08165989047265,0.0,1.0,931311238.1115183,1.2565809308196358,69.71792475388561,9.3580895874e-07,0.33706464073406694,-77.18116375388561,-2.8437365507e-07,-1.3647899904e-07,0.0
306,40.338176,195.060137,131.045231,857.0971,857.0971,0.03697487072124753,0.03697487072124753,0.458141,0.458141,0.0,-17.411328,-17.411327999999997,3.552713678800501e-15,0.0,0.18071578891,0.81704749523,0.0022367158625,0.30731969805,0.6659092313,0.011839330461,0.014931740191,322.35310555529077,-224.23033435681495,0.0,1.0,1146661889.9127767,1.3302105418015298,52.49093434199318,7.4747151496e-07,0.34441239608545793,-69.90226234199318,-1.966435915e-07,-1.6615010165e-07,0.0
307,40.344587,205.054938,141.040032,853.0651,853.0651,0.03680093164392704,0.03680093164392704,0.491914,0.4919140000000001,5.551115123125783e-17,-29.419278,-29.41927800000001,1.0658141036401503e-14,5.551115123125783e-17,0.39521210647,0.60145158871,0.0033363048214,0.39480591263,0.57015961831,0.023171018838,0.011863450222,217.1405001289603,-359.0866967434798,0.0,1.0,2473594811.1153097,1.4432272953686847,31.571213934319225,3.4486856787e-07,0.34084305471393983,-60.99049193431922,-6.225683139e-08,-9.9705377293e-08,0.0
308,40.307999,214.990546,150.97564,846.2222,846.2222,0.036505731318481505,0.036505731318481505,0.530219,0.5302190000000001,1.1102230246251565e-16,-40.197326,-40.197326,0.0,1.1102230246251565e-16,0.66512619339,0.31363337053,0.021240436083,0.63558484804,0.28920936289,0.067452791305,0.0077529977622,74.86760972742965,-442.392761089955,0.0,1.0,4075217884.6175056,1.4684028777184912,8.124379898679315,2.0765078677e-07,0.36108550864720435,-48.32170589867931,-8.6743834547e-09,-7.4476230963e-08,0.0
309,40.283646,225.00526,160.990354,860.1882,860.1882,0.0371082196998947,0.0371082196998947,0.558688,0.5586879999999999,1.1102230246251565e-16,-52.455069,-52.455069,0.0,-1.1102230246251565e-16,0.7549078417,0.24021726713,0.0048748911773,0.79225202151,0.089273842575,0.11165593748,0.0068181984309,-123.65423422266696,-464.3960757417277,0.0,1.0,4616442906.318808,1.2805224406490774,-14.898122852451415,1.8633138489e-07,0.4362969224629984,-37.55694614754859,2.0884769312e-08,-7.8567392088e-08,0.0
310,40.293331,235.000951,170.986045,888.8421,888.8421,0.03834433897758162,0.03834433897758162,0.551486,0.551486,0.0,-64.313458,-64.313458,0.0,0.0,0.71767063895,0.27349764487,0.0088317161767,0.78749737783,0.090581923324,0.11355165044,0.0083690484056,-305.9957111978854,-382.94510500651876,0.0,1.0,4416641531.400163,1.082399823789857,-35.09442962204264,2.0124841323e-07,0.5095030393381406,-29.219028377957354,5.366975426e-08,-8.7368918126e-08,0.0
311,40.272535,245.045451,181.030545,928.8095,928.8095,0.040068518709451426,0.040068518709451426,0.529605,0.5296049999999999,1.1102230246251565e-16,-77.715584,-77.715584,0.0,-1.1102230246251565e-16,0.66367738916,0.33282727092,0.0034953399193,0.76627961442,0.1140634829,0.1093311502,0.010325752473,-447.3665268208721,-204.52608884287943,0.0,1.0,4109408077.6881194,0.9134940791296885,-55.80570571781103,2.2602026434e-07,0.57975745229194,-21.909878282188977,9.4545967114e-08,-9.0728924897e-08,0.0
312,40.269565,255.019086,191.00418,997.7412,997.7412,0.043042208267024096,0.043042208267024096,0.483865,0.48386500000000005,5.551115123125783e-17,89.855305,89.85530500000002,1.4210854715202004e-14,5.551115123125783e-17,0.58624391696,0.40013264179,0.013623441254,0.7364554346,0.14612001927,0.10435402503,0.013070521097,-482.76588783319625,2.43837869893505,0.0,1.0,3698752881.7945,0.7591140713437446,-74.80473286800049,2.6975070568e-07,0.6374074967988501,-15.33996213199951,1.4787471351e-07,-8.7731514076e-08,0.0
313,40.316147,265.004453,200.989547,1084.81,1084.81,0.0467983260089394,0.0467983260089394,0.418477,0.4184770000000001,1.1102230246251565e-16,77.339887,77.33988699999999,1.4210854715202004e-14,1.1102230246251565e-16,0.48733532398,0.49688860556,0.015776070458,0.70091678384,0.18722270287,0.095544413394,0.016316099898,-410.35606600549715,194.15168122438087,0.0,1.0,3111077363.472619,0.6044965061858061,87.61201026844591,3.48692711e-07,0.692273645451594,-10.272123268445917,2.2603867413e-07,-8.4711413988e-08,0.0
314,40.341593,274.956903,210.941997,1226.156,1226.156,0.05289594327653423,0.05289594327653423,0.348327,0.348327,0.0,64.793578,64.793578,0.0,0.0,0.37291003066,0.62530140052,0.0017885688191,0.68314834106,0.21499716414,0.083591383198,0.018263111595,-272.1720732366686,329.1497243398633,0.0,1.0,2452589125.6973906,0.48190376500581733,71.08924916019531,4.9994350344e-07,0.7228144399241104,-6.295671160195308,3.5267541832e-07,-7.8776344089e-08,0.0
315,40.327932,284.887782,220.872876,1361.095,1361.095,0.05871716479303968,0.05871716479303968,0.279839,0.27983900000000006,5.551115123125783e-17,53.138902,53.13890200000001,7.105427357601002e-15,5.551115123125783e-17,0.2722045242,0.72578373768,0.0020117381238,0.6844581252,0.22119393565,0.075685545448,0.018662393705,-106.76080050459458,365.61918916168213,0.0,1.0,1775133510.267713,0.38549199817877294,54.51138027075835,7.6675641135e-07,0.7259268709132165,-1.372478270758352,5.5597043246e-07,-2.6656122924e-08,0.0
316,40.328189,294.851905,230.836999,1528.185,1528.1849999999997,0.06592536926463717,0.06592536926463717,0.2051,0.20510000000000003,2.7755575615628914e-17,43.279954,43.279954,0.0,2.7755575615628914e-17,0.33683429091,0.65910950313,0.004056205957,0.70015848015,0.19175941886,0.090168158379,0.017913942613,18.80736937072671,312.8659678333772,0.0,1.0,2169050652.837562,0.33096367818754685,34.75878160702637,7.0454094652e-07,0.6197054647301091,8.521172392973627,4.1743573122e-07,1.2796033189e-07,0.0
317,40.315837,304.980495,240.965589,1727.435,1727.4350000000002,0.07452094494819575,0.07452094494819576,0.163622,0.163622,0.0,30.421617,30.421617000000005,3.552713678800501e-15,0.0,0.47119734498,0.52781464445,0.00098801056891,0.72409665418,0.12690966625,0.13027829089,0.018715388685,137.70554714228632,246.8322355717433,0.0,1.0,2993600276.066782,0.37124208252621077,4.486984224067491,5.7704263786e-07,0.44074205943085076,25.93463277593251,1.5703619403e-07,2.0005458417e-07,0.0
318,40.244158,315.018263,251.003357,1912.094,1912.094,0.08248706996777037,0.08248706996777037,0.111555,0.11155500000000002,1.3877787807814457e-17,22.415289,22.415289,0.0,1.3877787807814457e-17,0.47744314697,0.52163301251,0.00092384051519,0.70781854281,0.12363011765,0.14436820037,0.024183139168,151.27379008695584,150.38180043523946,0.0,1.0,2954517646.806711,0.3150074726076262,-19.558365747761258,6.4717636805e-07,0.3541344561655942,41.97365474776126,2.4166213313e-08,2.2790981088e-07,0.0
319,40.329683,325.051647,261.036741,2097.076,2097.076,0.09046712909497756,0.09046712909497756,0.090073,0.090073,0.0,22.546147,22.546147000000005,3.552713678800501e-15,0.0,0.43109905348,0.55770248246,0.011198464059,0.68705705151,0.14707043853,0.13689850563,0.02897400433,133.35002313846917,133.78032620784933,0.0,1.0,2593642483.978998,0.29199569431131034,-32.28700986970584,8.0854474468e-07,0.30847372668437,54.833156869705846,-8.3938478277e-08,2.3486608866e-07,0.0
320,40.274537,335.045669,271.030763,2199.473,2199.473,0.09488450005241468,0.09488450005241468,0.075275,0.075275,0.0,22.011925,22.011925000000005,3.552713678800501e-15,0.0,0.37773930909,0.61845670834,0.0038039825707,0.65738234934,0.17800737089,0.12931947379,0.035290805976,119.04984642285521,115.06090817275121,0.0,1.0,2173307504.935183,0.2616718319175422,-46.69575901772164,1.0120394813e-06,0.28766948069412607,68.70768401772165,-2.1435490757e-07,1.9700335727e-07,0.0
321,40.336486,345.008454,280.993548,2166.83,2166.83,0.09347629238848293,0.09347629238848293,0.085765,0.085765,0.0,21.543667,21.543667,0.0,0.0,0.32412269999,0.6678047356,0.0080725644137,0.6137274339,0.22250830796,0.11948074328,0.044283514855,135.72009185514742,126.94835144883588,0.0,1.0,1713320365.5395784,0.299555926004538,-60.38921734990714,1.2646963426e-06,0.28630713851643425,81.93288434990714,-3.4782999857e-07,1.006211326e-07,0.0
322,40.292728,354.996198,290.981292,2070.024,2070.024,0.08930011522601079,0.08930011522601079,0.114108,0.114108,0.0,20.086626,20.086626000000003,3.552713678800501e-15,0.0,0.27947000918,0.71897448291,0.0015555079061,0.55757681631,0.27894564997,0.10782635452,0.055651179203,180.4845882159125,152.37693037683084,0.0,1.0,1365682460.1645608,0.3787744676163356,-73.65071399696551,1.5157432715e-06,0.30125578610958836,-86.2626600030345,-4.5274622321e-07,-5.9401638619e-08,0.0
323,45.042862,5.002487,300.987581,2184.838,2184.838,0.09425315124373776,0.09425315124373776,0.124647,0.12464700000000001,1.3877787807814457e-17,17.894198,17.894197999999996,3.552713678800501e-15,1.3877787807814457e-17,0.32666749135,0.67129258679,0.0020399218611,0.42063386751,0.45382627203,0.061945080158,0.063594780297,220.91210922641727,159.25883463728965,0.0,1.0,1392748035.4894207,0.42159419271321746,-81.53456544846509,1.5687245247e-06,0.29565634952848857,-80.57123655153491,-4.3890882152e-07,-1.4990866908e-07,0.0
324,45.011898,14.884178,310.869272,1920.984,1920.984,0.08287058147505687,0.08287058147505687,0.173377,0.17337699999999998,2.7755575615628914e-17,7.672448,7.672448000000004,3.552713678800501e-15,-2.7755575615628914e-17,0.28050259976,0.7184684111,0.0010289891377,0.36259881606,0.50295184984,0.055299434361,0.07914989974,321.1811706159507,88.13579081447163,0.0,1.0,1095632857.3612616,0.5773609844049736,79.34112958044625,1.7533099588e-06,0.30029219965163007,-71.66868158044625,-4.22344228e-07,-3.143774617e-07,0.0
325,45.041623,25.020234,321.005328,1673.466,1673.466,0.07219274106329751,0.07219274106329751,0.23232,0.23231999999999994,5.551115123125783e-17,-6.774286,-6.774285999999995,5.329070518200751e-15,-5.551115123125783e-17,0.25421283836,0.74457861942,0.0012085422146,0.39175097096,0.45759205169,0.065934494078,0.084722483269,377.9605334232541,-91.07924556461752,0.0,1.0,936502762.6311052,0.7659026426569762,56.57352803738286,1.7869311942e-06,0.30332836977042377,-63.347814037382854,-3.2389575968e-07,-4.3460870378e-07,0.0
326,45.030436,34.986347,330.971441,1461.822,1461.822,0.06306249253144773,0.06306249253144773,0.296763,0.296763,0.0,-17.059736,-17.059736000000004,3.552713678800501e-15,0.0,0.24755870025,0.74937539748,0.003065902273,0.49194730831,0.34854928344,0.090936083235,0.068567325013,359.14205394398317,-243.3354959085033,0.0,1.0,890076036.8799751,0.9504688118151312,38.472680873294564,1.642356315e-06,0.31222802506614095,-55.532416873294565,-1.8430897764e-07,-4.785221469e-07,0.0
327,45.080317,44.999131,340.984225,1305.856,1305.856,0.056334173549957664,0.056334173549957664,0.366401,0.366401,0.0,-30.55535,-30.555350000000004,3.552713678800501e-15,0.0,0.25327333582,0.74502995943,0.0016967047529,0.58106975746,0.25561457891,0.11237924694,0.050936416693,231.15641500435947,-418.92401285675487,0.0,1.0,932677855.9617423,1.1120906912682593,16.579095910493326,1.4001147252e-06,0.329470431572578,-47.134445910493326,-3.4337660547e-08,-4.6001662608e-07,0.0
328,45.045754,54.989272,350.974366,1158.542,1158.542,0.049979098838551145,0.049979098838551145,0.458453,0.45845300000000005,5.551115123125783e-17,-44.761427,-44.761427000000005,7.105427357601002e-15,5.551115123125783e-17,0.35650907706,0.64241586955,0.0010750533863,0.63504185216,0.20200079956,0.12292249566,0.040034852615,4.423135427412202,-531.118637995147,0.0,1.0,1360063764.5834842,1.1755744759170663,-10.876199107988036,8.5182917902e-07,0.38998209759731345,-33.88522789201196,1.2567658399e-07,-3.0750771345e-07,0.0
329,45.051599,65.004559,0.989653,1047.005,1047.005,0.04516743146079922,0.04516743146079922,0.508464,0.5084640000000001,1.1102230246251565e-16,-58.237852,-58.237852,0.0,1.1102230246251565e-16,0.67121045074,0.32232194005,0.0064676092149,0.72830550155,0.11820313866,0.13261598477,0.020875375025,-237.3377591999988,-476.5318347703113,0.0,1.0,2714528504.689178,0.8347258412906943,-37.38124500539293,3.8570418332e-07,0.6091389230430292,-20.85660699460707,1.7538467228e-07,-1.5633461545e-07,0.0
330,45.049787,75.002438,10.987532,977.9067,977.9067,0.04218655483718448,0.04218655483718448,0.538558,0.538558,0.0,-71.411362,-71.411362,0.0,0.0,0.61445727773,0.37512292558,0.010419796692,0.73958100878,0.10358996825,0.13692586199,0.019903160977,-419.62628394245854,-318.25145098263926,0.0,1.0,2700595522.3685503,0.9240997418751715,-55.988192910627944,3.6210779878e-07,0.5827920684266883,-15.423169089372056,1.811819072e-07,-1.0820479201e-07,0.0
331,45.063315,85.034347,21.019441,937.8969,937.8968999999998,0.04046054598406507,0.04046054598406507,0.556504,0.5565039999999999,1.1102230246251565e-16,-86.236877,-86.236877,0.0,-1.1102230246251565e-16,0.66345750758,0.323430413,0.013112079414,0.79518935675,0.074171659006,0.11894496367,0.011694020578,-517.4468165205182,-68.36432022526996,0.0,1.0,3205195808.3308554,0.9264693840195646,-77.02139429528258,2.9261766085e-07,0.6006717648731802,-9.215482704717429,1.6675123936e-07,-5.5570865463e-08,0.0
332,45.022307,95.036829,31.021923,913.8144,913.8144,0.039421635312048516,0.039421635312048516,0.556634,0.5566339999999999,1.1102230246251565e-16,80.840491,80.84049099999999,1.4210854715202004e-14,-1.1102230246251565e-16,0.64655046995,0.33892774071,0.014521789338,0.81347981506,0.08436980996,0.094623537643,0.0075268373336,-482.8818794265744,159.87574457747797,0.0,1.0,3414724366.5824876,1.0253621806669908,84.42634032790694,2.6761000359e-07,0.5428657409988669,-3.5858493279069448,1.4413973212e-07,-1.8136752961e-08,0.0
333,44.989613,105.073995,41.059089,902.9495,902.9495,0.03895292730580362,0.03895292730580362,0.524328,0.524328,0.0,68.965804,68.965804,0.0,0.0,0.48361391711,0.51420509474,0.0021809881532,0.75412453041,0.18106057951,0.055524953402,0.0092899366754,-351.45735650060624,317.2140838735789,0.0,1.0,2752782612.6467633,1.0716953376835412,69.55759279760177,3.280133694e-07,0.48925098539042805,-0.5917887976017668,1.6044662481e-07,-3.3148697587e-09,0.0
334,45.034422,114.974524,50.959618,908.0417,908.0417,0.03917260304229455,0.03917260304229455,0.476924,0.47692399999999996,5.551115123125783e-17,56.565783,56.565783,0.0,-5.551115123125783e-17,0.32176801797,0.67122179079,0.0070101912422,0.76521671924,0.1798208145,0.045706368765,0.0092560975012,-170.1276451292474,398.250557667592,0.0,1.0,1967053114.1574907,0.9719882402728977,54.43373631130778,4.6162540984e-07,0.4906684877855083,2.132046688692223,2.2587805906e-07,1.6841507721e-08,0.0
335,45.038273,124.982024,60.967118,921.8367,921.8366999999998,0.03976771454319638,0.03976771454319637,0.427913,0.42791300000000004,5.551115123125783e-17,43.691089,43.691089,0.0,5.551115123125783e-17,0.2498718605,0.74965613903,0.00047200046784,0.78679295739,0.15288209239,0.051097624895,0.00922732533,18.016724752960936,394.05424759956026,0.0,1.0,1627674864.2303572,1.086124268660496,36.61180698778735,5.6635186809e-07,0.3939816210236605,7.079282012212652,2.1635402811e-07,5.4579531633e-08,0.0
336,45.060771,135.009812,70.994906,945.3679,945.3679,0.04078284232500292,0.04078284232500292,0.380911,0.38091100000000006,5.551115123125783e-17,33.346072,33.346072,0.0,5.551115123125783e-17,0.23198798334,0.76566895003,0.0023430666331,0.80130427086,0.1465773071,0.045394124493,0.0067242975451,142.48169028174172,330.7139569097781,0.0,1.0,1607433358.254182,2.043032842333514,12.339005845757384,5.8812260872e-07,0.18644389463897731,21.007066154242615,8.1469119638e-08,7.3391519081e-08,0.0
337,45.07007,144.987016,80.97211,954.7629,954.7629,0.0411881393566066,0.0411881393566066,0.324156,0.32415599999999994,5.551115123125783e-17,25.964252,25.964252000000005,7.105427357601002e-15,-5.551115123125783e-17,0.21112818532,0.78880994091,6.1873771192e-05,0.77439067881,0.18327624943,0.035832985831,0.006500085928,190.8465556431526,243.6451644467295,0.0,1.0,1516897791.279087,2.3594442216532445,-42.78718730904839,6.2941808307e-07,0.13738659173424594,68.7514393090484,-6.3757964409e-08,5.8417517683e-08,0.0
338,45.013336,155.04056,91.025654,977.8333,977.8333,0.042183388386719374,0.042183388386719374,0.321264,0.321264,0.0,16.989564,16.989563999999987,1.4210854715202004e-14,0.0,0.17701435763,0.82195984967,0.0010257926972,0.71969644287,0.24320358465,0.029176055955,0.0079239165222,260.5000248057336,175.5714488192275,0.0,1.0,1328567030.2411876,1.3402854494490668,-68.10597898474398,7.3600599574e-07,0.23969819274846094,85.09554298474399,-1.7384030472e-07,3.0055288189e-08,0.0
339,45.047189,164.97858,100.963674,980.5654,980.5654000000001,0.042301250230257895,0.0423012502302579,0.303483,0.30348300000000006,5.551115123125783e-17,10.453269,10.453269000000004,3.552713678800501e-15,5.551115123125783e-17,0.14343131353,0.8533491934,0.0032194930762,0.64036945829,0.32490511224,0.024391041056,0.010334388416,277.99305676052137,106.19157467711169,0.0,1.0,1094499698.0131946,1.0547400227877626,-81.52990777110077,8.9590285112e-07,0.2877325155424273,-88.01682322889923,-2.5716295633e-07,-1.7830836712e-08,0.0
340,45.042454,174.994567,110.979661,971.8763,971.8763000000001,0.04192640547908094,0.04192640547908094,0.325567,0.32556699999999994,5.551115123125783e-17,2.98817,2.9881699999999976,2.6645352591003757e-15,-5.551115123125783e-17,0.11291188681,0.88529806223,0.0017900509519,0.54052395964,0.42615454137,0.019881015351,0.013440483645,314.6911504962843,32.94399276065161,0.0,1.0,858908300.4127306,1.0047301243942737,84.42626315687811,1.1315250994e-06,0.32403427755913666,-81.43809315687811,-3.5039945865e-07,-1.0795638817e-07,0.0
341,45.034671,185.008968,120.994062,943.4974,943.4974,0.04070214960572515,0.04070214960572515,0.383692,0.3836919999999999,5.551115123125783e-17,-5.929611,-5.929610999999991,9.769962616701378e-15,-5.551115123125783e-17,0.08994445068,0.9099740818,8.1467516141e-05,0.44028575464,0.52723617054,0.015917960181,0.016560114635,354.28542879677946,-74.39634320536474,0.0,1.0,664085506.1325225,1.1147691307238057,69.54659303539928,1.4207468636e-06,0.3441896527497793,-75.47620403539928,-4.2749753728e-07,-2.3743016901e-07,0.0
342,45.007156,194.825019,130.810113,922.0984,922.0984000000001,0.03977900419015441,0.03977900419015441,0.426154,0.426154,0.0,-16.331383,-16.331383,0.0,0.0,0.083683577708,0.91541576381,0.00090065848625,0.36923396789,0.59899956433,0.013119210249,0.018647257527,330.8145333014557,-212.07569601578376,0.0,1.0,600337324.5484424,1.1969923309951511,53.21431035235848,1.5359671343e-06,0.3560206602541101,-69.54569335235848,-4.1327408449e-07,-3.5809800109e-07,0.0
343,45.056891,204.982516,140.96761,909.9167,909.9167,0.03925348989000683,0.03925348989000683,0.478321,0.478321,0.0,-27.144193,-27.144193000000012,1.0658141036401503e-14,0.0,0.11891305272,0.88040915157,0.00067779570654,0.37669711867,0.59220303172,0.013526964987,0.017572884629,254.0476026129892,-353.39346464363456,0.0,1.0,830831993.9787165,1.3367055329097128,35.58777158319278,1.0951873623e-06,0.3578357298774703,-62.731964583192784,-2.2737494018e-07,-3.1919277523e-07,0.0
344,45.027035,215.002337,150.987431,895.873,895.873,0.03864764955762444,0.03864764955762444,0.5163,0.5163,0.0,-39.499325,-39.499325,0.0,0.0,0.18755384299,0.81156690785,0.00087924916122,0.48354967823,0.48913951819,0.016417874002,0.010892929577,88.26734384590526,-454.0390018565297,0.0,1.0,1264362663.8818312,1.4454869662612257,15.445234359817903,7.0855698732e-07,0.35718066786545843,-54.9445593598179,-8.6099033775e-08,-2.379871622e-07,0.0
345,45.017984,225.005743,160.990837,915.0316,915.0316,0.03947414489660073,0.03947414489660073,0.555188,0.555188,0.0,-51.972638,-51.97263800000001,7.105427357601002e-15,0.0,0.45116651248,0.51914662011,0.029686867409,0.63946741185,0.31197324476,0.040957618416,0.0076017249703,-122.42899136762162,-493.0415187878887,0.0,1.0,3024527612.265675,1.5182367405454211,-10.074829473137989,3.0253702968e-07,0.365679465641538,-41.897808526862015,1.1956552722e-08,-1.0998357694e-07,0.0
346,45.055241,235.005374,170.990468,927.3298,927.3298,0.0400046849662195,0.0400046849662195,0.564004,0.564004,0.0,-64.565626,-64.565626,0.0,0.0,0.64815244765,0.34550628056,0.0063412717815,0.80221600699,0.095827217468,0.095681045681,0.0062757298564,-330.075962237471,-405.706040065915,0.0,1.0,4249161230.9691114,1.2173397895127434,-35.52533158075002,2.1823831801e-07,0.4633086052545363,-29.040294419249978,5.346037235e-08,-8.5822855875e-08,0.0
347,45.015971,244.976283,180.961377,979.25,979.25,0.04224450433186817,0.04224450433186817,0.537578,0.537578,0.0,-78.070937,-78.070937,0.0,0.0,0.62186426279,0.37529942383,0.0028363133822,0.79129543657,0.090915179039,0.10949959358,0.008289790808,-481.4402862563015,-212.92415493202103,0.0,1.0,4100254979.132355,1.0045098649289765,-56.68418988536227,2.3882661078e-07,0.5351644804782572,-21.386747114637725,9.3819292049e-08,-8.6797032493e-08,0.0
348,45.035585,255.000237,190.985331,1059.728,1059.728,0.045716297254635684,0.045716297254635684,0.48616,0.48616,0.0,88.583927,88.58392700000002,1.4210854715202004e-14,0.0,0.54990030674,0.43321918739,0.016880505867,0.75905025665,0.11733531085,0.11239812918,0.011216303314,-514.5680884076666,25.455976893802724,0.0,1.0,3671404927.0454507,0.8511809016876667,-76.07412510855536,2.886437266e-07,0.5711594316038732,-15.341947891444628,1.4178026182e-07,-8.4129068504e-08,0.0
349,45.042028,264.976835,200.961929,1173.348,1173.348,0.05061782452773944,0.05061782452773944,0.41991,0.4199099999999999,1.1102230246251565e-16,75.214536,75.214536,0.0,-1.1102230246251565e-16,0.4760811235,0.52197587316,0.0019430033387,0.72220957265,0.15818744623,0.10479691068,0.01480607045,-428.52406652098676,243.14803091100885,0.0,1.0,3228278759.892263,0.6835732598627567,84.86242383220059,3.6345931912e-07,0.6142867555765811,-9.647887832200597,2.1072622307e-07,-7.3777832373e-08,0.0
350,45.041326,274.975054,210.960148,1310.66,1310.66,0.05654141643870956,0.05654141643870956,0.343467,0.3434670000000001,5.551115123125783e-17,63.017,63.017,0.0,5.551115123125783e-17,0.38859667151,0.60879184064,0.0026114878434,0.69355683287,0.20437917229,0.084258096523,0.017805898324,-264.8184512184366,364.0368507039369,0.0,1.0,2624028006.7693315,0.5028546899274864,68.34880424871874,4.9948399812e-07,0.6830342977402265,-5.331804248718731,3.3527296652e-07,-6.3129959096e-08,0.0
351,45.065891,285.14124,221.126334,1492.083,1492.083,0.0643679415440458,0.0643679415440458,0.271439,0.27143899999999993,5.551115123125783e-17,49.914017,49.91401700000001,7.105427357601002e-15,-5.551115123125783e-17,0.29164317877,0.69244190768,0.015914913553,0.6897210142,0.22393572394,0.06788684087,0.018456420989,-69.13173253813663,399.0658000516044,0.0,1.0,1951906168.2177153,0.37256020703670145,50.34056302373097,7.6442352829e-07,0.7285775422957614,-0.4265460237309729,5.5688008238e-07,-8.2921479198e-09,0.0
352,45.046263,295.155036,231.14013,1721.792,1721.792,0.07427750789132086,0.07427750789132086,0.192072,0.19207199999999996,2.7755575615628914e-17,37.906638,37.906637999999994,7.105427357601002e-15,-2.7755575615628914e-17,0.36202877776,0.63704677395,0.00092444828593,0.70635180321,0.20450155355,0.07176102805,0.017385615193,81.05083391583997,320.6221536764887,0.0,1.0,2400822188.5223083,0.2888274641757885,29.544285077842705,7.1716764708e-07,0.6650060116274109,8.362352922157296,4.5674632987e-07,1.3724516906e-07,0.0
353,45.053408,305.011912,240.997006,1936.0,1936.0,0.08351836649118895,0.08351836649118895,0.138568,0.13856799999999997,2.7755575615628914e-17,27.840843,27.840843,0.0,-2.7755575615628914e-17,0.52688380858,0.46358963913,0.009526552285,0.73816674068,0.1479694659,0.097271085554,0.016592707864,151.24663708372475,221.56711338625132,0.0,1.0,3357675454.6350226,0.28303615962690304,3.9990761789863036,5.7658937743e-07,0.4895770214754881,23.841766821013696,1.9004127263e-07,2.0873208934e-07,0.0
354,44.984159,314.990512,250.975606,2228.698,2228.698,0.09614525638542346,0.09614525638542346,0.084842,0.084842,0.0,17.14131,17.141310000000004,3.552713678800501e-15,0.0,0.58400346312,0.4114731839,0.0045233529803,0.719273259,0.14095453622,0.11731476968,0.022457435102,156.23692507938742,106.50817257599893,0.0,1.0,3681304348.59847,0.22500602223929209,-22.211841627482176,6.054098735e-07,0.3770654632068968,39.35315162748218,4.4705793104e-08,2.2385880458e-07,0.0
355,45.057288,324.983538,260.968632,2444.255,2444.255,0.10544431037599228,0.10544431037599228,0.060415,0.06041500000000001,6.938893903907228e-18,18.257388,18.25738799999999,7.105427357601002e-15,6.938893903907228e-18,0.56345729717,0.43263572342,0.0039069794127,0.69576031059,0.16626146321,0.11156661295,0.026411613241,118.68261768781221,87.86789210875486,0.0,1.0,3385416637.8619447,0.1873131059543274,-31.78914247572918,7.2199532922e-07,0.32253482580514686,50.04653047572918,-4.0809644816e-08,2.2926485848e-07,0.0
356,45.003875,334.968698,270.953792,2593.634,2593.634,0.11188846846901258,0.11188846846901258,0.04138,0.04137999999999999,6.938893903907228e-18,29.022881,29.022881000000012,1.0658141036401503e-14,-6.938893903907228e-18,0.50328894587,0.49106733781,0.0056437163221,0.66041537278,0.20560835718,0.10268193132,0.031294338721,56.80064706435028,91.06179701076519,0.0,1.0,2878276114.69612,0.14927607238804885,-34.15849541544752,9.0110673773e-07,0.2772045066434432,63.181376415447524,-1.4809987293e-07,2.0115142484e-07,0.0
357,45.068991,345.000105,280.985199,2557.757,2557.757,0.11034074717014668,0.11034074717014668,0.04368,0.04367999999999999,6.938893903907228e-18,31.24389,31.243889999999997,3.552713678800501e-15,-6.938893903907228e-18,0.43815562017,0.54939865686,0.012445722967,0.60226579481,0.2673069346,0.091314115585,0.039113155005,51.608994522863014,99.08835188930337,0.0,1.0,2274996372.694872,0.16603326384946743,-45.701518918886954,1.1242905838e-06,0.2630798129680934,76.94540891888695,-2.6559608384e-07,1.3016696246e-07,0.0
358,45.028397,355.009911,290.995005,2422.232,2422.232,0.10449424581750288,0.10449424581750288,0.07602,0.07601999999999999,1.3877787807814457e-17,26.448162,26.448162,0.0,-1.3877787807814457e-17,0.38027635177,0.61608503153,0.0036386166981,0.51248707071,0.3603137508,0.076229887584,0.050969290914,111.08298109451336,146.85844401952002,0.0,1.0,1798245879.0560396,0.274241093615765,-62.81051967601273,1.3469971088e-06,0.2772013449833688,89.25868167601273,-3.7326440393e-07,9.6610788312e-09,0.0
359,49.762945,4.991463,300.976557,2499.905,2499.905,0.10784503201609283,0.10784503201609283,0.107207,0.10720699999999998,1.3877787807814457e-17,24.039699,24.03969899999999,7.105427357601002e-15,-1.3877787807814457e-17,0.60015045883,0.39270920054,0.0071403406313,0.73175052676,0.1171899608,0.13059899253,0.020460519904,179.05572661932976,199.4165686142903,0.0,1.0,2383711200.163483,0.5596426215162866,-65.3515751872916,1.048744915e-06,0.19156332251738636,89.3912741872916,-2.0085570864e-07,4.2685328623e-09,0.0
360,49.751993,15.018847,311.003941,2173.859,2173.859,0.09377952100318673,0.09377952100318673,0.154684,0.154684,0.0,12.761817,12.76181700000001,8.881784197001252e-15,0.0,0.62613936707,0.36649230967,0.0073683232531,0.72961457939,0.12021577895,0.12941467689,0.020754964764,303.44467607555555,144.88936097372923,0.0,1.0,2271805273.898113,0.7169546304569997,86.89075488449996,9.5688614908e-07,0.21575144845832384,-74.12893788449996,-1.755697848e-07,-1.0861250721e-07,0.0
361,49.755108,24.937932,320.923026,1864.601,1864.6010000000003,0.08043823846995735,0.08043823846995735,0.224043,0.22404300000000002,2.7755575615628914e-17,-0.519749,-0.5197489999999929,7.105427357601002e-15,2.7755575615628914e-17,0.65422128877,0.34393970182,0.0018390094099,0.71972879351,0.1309005417,0.12611681088,0.023253853913,417.6820510937884,-7.578696098634944,0.0,1.0,2227994056.3549814,0.8412475505820514,58.81795307144975,8.3689675683e-07,0.2663223207544399,-59.33770207144975,-1.0695033685e-07,-1.9554802638e-07,0.0
362,49.784188,34.993542,330.978636,1612.651,1612.6510000000003,0.0695692031200322,0.06956920312003222,0.28683,0.28683,0.0,-14.749673,-14.749673000000003,3.552713678800501e-15,0.0,0.65189961562,0.34637345399,0.0017269303873,0.69462786399,0.15383062099,0.1225859292,0.028955585815,402.5914465296961,-227.76921488585086,0.0,1.0,2186073053.7509465,0.8830062015744523,32.3898692193552,7.3769309641e-07,0.32483350568610403,-47.1395422193552,-1.7879730101e-08,-2.3895945823e-07,0.0
363,49.803047,44.993356,340.97845,1416.948,1416.948,0.06112664378251922,0.06112664378251922,0.369778,0.36977800000000005,5.551115123125783e-17,-27.649767,-27.649766999999997,3.552713678800501e-15,5.551115123125783e-17,0.62980177636,0.36878203799,0.001416185644,0.64718776816,0.1975573431,0.11648512599,0.038769762746,298.28103795935266,-430.76503959659783,0.0,1.0,2173837312.8742437,0.9253861640336596,8.18393695577743,6.5181878681e-07,0.39959317998464244,-35.83370395577743,8.192386517e-08,-2.4724302176e-07,0.0
364,49.763623,54.998327,350.983421,1242.453,1242.453,0.05359899018702333,0.05359899018702333,0.443933,0.443933,0.0,-42.542622,-42.542622,0.0,0.0,0.47934755374,0.51603306219,0.0046193840759,0.602269038,0.23836519839,0.11203114694,0.047334616671,47.25459102459481,-549.5379259388087,0.0,1.0,1736531255.200717,1.0249693358525835,-15.27445771928759,7.1547977975e-07,0.4331183231259601,-27.268164280712412,1.7979253285e-07,-2.5239819199e-07,0.0
365,49.76267,65.022941,1.008035,1120.377,1120.377,0.0483326740156502,0.0483326740156502,0.505843,0.505843,0.0,-57.423045,-57.423044999999995,7.105427357601002e-15,0.0,0.34474403342,0.64619130605,0.0090646605347,0.69530712323,0.14986567652,0.12651226961,0.028314930644,-238.13189187130862,-514.2777525804461,0.0,1.0,1355219619.7160175,1.390795499156177,-34.33311102087998,8.267125001e-07,0.36370767687047084,-23.089933979120016,2.0819101588e-07,-2.1694694123e-07,0.0
366,49.759073,75.012055,10.997149,1045.869,1045.869,0.0451184248159986,0.0451184248159986,0.544476,0.544476,0.0,-71.506961,-71.506961,0.0,0.0,0.42328961197,0.57575953791,0.000950850122,0.72874012532,0.11447949411,0.13557201541,0.021208365162,-454.86670452736644,-342.5933922017315,0.0,1.0,1861848082.1716554,1.265446216255421,-55.538257072512984,5.6173702356e-07,0.43026403888673964,-15.968703927487022,2.0510898472e-07,-1.2785497132e-07,0.0
367,49.800454,84.975102,20.960196,993.5399,993.5399,0.042860965646600836,0.042860965646600836,0.55174,0.55174,0.0,-85.012502,-85.01250199999998,1.4210854715202004e-14,0.0,0.43409016535,0.56182269803,0.0040871366234,0.74375785733,0.12584982842,0.11505524258,0.015337071665,-539.8891733169557,-94.95411238106252,0.0,1.0,2132324818.5976496,1.1242011503717173,-81.94236324588537,4.6594209819e-07,0.4907840556981881,-3.07013875411462,2.2736503241e-07,-2.4459982006e-08,0.0
368,49.753481,94.971812,30.956906,978.0093,978.0092999999999,0.0421909809654913,0.0421909809654913,0.548303,0.5483030000000001,1.1102230246251565e-16,80.379265,80.379265,0.0,1.1102230246251565e-16,0.42305008051,0.55063491116,0.026315008332,0.72159027564,0.16693991552,0.096020506425,0.015449302415,-506.2897407774213,176.7197301678136,0.0,1.0,2343083707.1237173,1.0217113159281725,76.23433182902312,4.1740262929e-07,0.536651587833198,4.14493317097688,2.2165927841e-07,3.2296554393e-08,0.0
369,49.784046,105.01999,41.005084,986.6667,986.6667,0.042564458189696265,0.042564458189696265,0.505481,0.505481,0.0,67.018719,67.01871900000002,1.4210854715202004e-14,0.0,0.44435462456,0.54201367952,0.013631695919,0.73601258987,0.1601632606,0.090126532015,0.013697617523,-346.68914660927726,358.5379899073234,0.0,1.0,2770985524.2480526,1.0312338527839933,57.724406082390814,3.5607068004e-07,0.4901710689921272,9.294312917609194,1.6543032491e-07,5.5636897586e-08,0.0
370,49.790506,114.989102,50.974196,991.5207,991.5207,0.04277385806105383,0.04277385806105383,0.440323,0.440323,0.0,55.182819,55.182818999999995,7.105427357601002e-15,0.0,0.48156614973,0.51443450359,0.0039993466863,0.78236955346,0.12544480248,0.082377940339,0.0098077037132,-151.93740896166875,409.29854757173445,0.0,1.0,3277647516.720822,1.0625165683830533,41.226499907314604,3.0250986262e-07,0.41441518476280076,13.956319092685394,1.1078005374e-07,5.8686308777e-08,0.0
371,49.754244,124.995144,60.980238,1012.209,1012.209,0.0436663441258677,0.0436663441258677,0.391062,0.391062,0.0,42.34233,42.342330000000004,7.105427357601002e-15,0.0,0.48902898287,0.50297553408,0.0079954830474,0.82227212449,0.10171401957,0.06954264189,0.0064712140492,36.66917210242374,394.13435211380795,0.0,1.0,3621208131.6904387,1.325722850644456,22.430180213493642,2.7952245858e-07,0.294980206315293,19.912149786506355,6.3325346765e-08,5.2806205824e-08,0.0
372,49.800672,134.96773,70.952824,1030.065,1030.065,0.04443664575400132,0.04443664575400132,0.334389,0.3343890000000001,1.1102230246251565e-16,32.809128,32.809128,0.0,1.1102230246251565e-16,0.46666029646,0.52867870966,0.004660993876,0.83462160985,0.10262935917,0.057837501869,0.0049115291098,142.19072982214595,313.72339235568927,0.0,1.0,3698641412.0447674,1.9979722391964991,4.934795727007053,2.7849820657e-07,0.16736418726942737,27.874332272992948,2.6233587998e-08,3.8527254207e-08,0.0
373,49.781105,145.004237,80.989331,1040.113,1040.113,0.04487011297843493,0.04487011297843493,0.286581,0.286581,0.0,23.488303,23.488302999999995,3.552713678800501e-15,0.0,0.40909489707,0.59053487065,0.0003702322886,0.80787847091,0.14104525521,0.046223292975,0.0048529808996,203.37676123580152,217.91642103707557,0.0,1.0,3409087705.745814,3.0002803383113594,-31.66851353070034,3.0510010002e-07,0.09551807420812405,55.15681653070034,-1.0117101155e-08,2.7330091168e-08,0.0
374,49.727933,154.99395,90.979044,1066.604,1066.604,0.046012925502566165,0.046012925502566165,0.256735,0.25673500000000005,5.551115123125783e-17,17.813073,17.813073000000006,7.105427357601002e-15,5.551115123125783e-17,0.32749641456,0.66516806542,0.0073355200179,0.75617370946,0.20129904002,0.036506576539,0.0060206739842,222.5823384748806,159.50698628784772,0.0,1.0,2881055560.8016405,1.9131685308641717,-60.087704207838755,3.7021292283e-07,0.13419361434093507,77.90077720783876,-4.5314871571e-08,2.0363833113e-08,0.0
375,49.786986,165.018174,101.003268,1074.841,1074.841,0.04636826681702273,0.04636826681702273,0.261673,0.26167300000000004,5.551115123125783e-17,10.678039,10.678038999999984,1.5987211554602254e-14,5.551115123125783e-17,0.22907670564,0.76858718001,0.0023361143495,0.70279713361,0.26179261078,0.027963926548,0.0074463290668,261.94443662143357,102.42332975853375,0.0,1.0,2076617962.4888878,1.610496464673482,-72.76631673390975,5.1759207491e-07,0.16247971090892926,83.44435573390975,-8.1905879092e-08,1.9077107043e-08,0.0
376,49.782198,175.010194,110.995288,1055.132,1055.132,0.045518027413523336,0.045518027413523336,0.295247,0.2952469999999999,5.551115123125783e-17,4.235488,4.235488000000005,4.440892098500626e-15,-5.551115123125783e-17,0.16432695499,0.83547584889,0.00019719612118,0.68782158271,0.27957478253,0.02444188092,0.0081617538355,308.1260151604733,45.890181648100565,0.0,1.0,1478444324.796149,1.5884758810622326,-87.5885726436547,7.1367719589e-07,0.18586810383457936,-88.1759393563453,-1.3238103088e-07,-8.4403380316e-09,0.0
377,49.77085,185.043041,121.028135,1032.822,1032.822,0.04455558177487745,0.04455558177487745,0.33575,0.33575000000000005,5.551115123125783e-17,-3.8792,-3.8792000000000115,1.1546319456101628e-14,5.551115123125783e-17,0.12844864167,0.86855462636,0.0029967319692,0.62961383855,0.33634270121,0.02346248682,0.010580973424,343.5956944628319,-46.81262953321986,0.0,1.0,1130801155.4061155,1.4627896940262508,70.934878214037,9.1335421357e-07,0.22952718450993867,-74.814078214037,-1.8086914938e-07,-1.0599585623e-07,0.0
378,49.698418,195.121611,131.106705,996.2963,996.2963,0.04297987578368571,0.04297987578368571,0.388602,0.388602,0.0,-13.61527,-13.615269999999994,7.105427357601002e-15,0.0,0.094502916151,0.90431088319,0.001186200656,0.54212361568,0.42411266446,0.020352850283,0.013410869573,344.25449665985894,-177.15480441146883,0.0,1.0,792537957.2904984,1.4043138547840828,50.93816238144955,1.2570960051e-06,0.2767201923388762,-64.55343238144955,-2.194216563e-07,-2.6993220207e-07,0.0
379,49.778349,205.012495,140.997589,983.4231,983.4231,0.04242453041410184,0.04242453041410184,0.454587,0.4545870000000001,5.551115123125783e-17,-25.376834,-25.376833999999995,3.552713678800501e-15,5.551115123125783e-17,0.079983975042,0.91922895993,0.00078706502376,0.45784102219,0.50939804856,0.016700008131,0.016060921126,282.82961214746115,-346.21138928869067,0.0,1.0,649335214.6051412,1.3958550574658863,31.50826357095706,1.5145075731e-06,0.3256692000853461,-56.88509757095706,-1.988052473e-07,-4.513876351e-07,0.0
380,49.744597,214.978245,150.963339,965.8009,965.8009,0.04166431483663229,0.04166431483663229,0.504361,0.504361,0.0,-38.450361,-38.450361,0.0,0.0,0.11240305993,0.88627449134,0.0013224487252,0.44097051864,0.52595493708,0.016879619775,0.0161949245,110.39866291013597,-474.4370722917126,0.0,1.0,869622334.6767149,1.4850060077548397,10.81604814812674,1.1105980855e-06,0.3396356629981157,-49.26640914812674,-5.5967192565e-08,-3.7302351874e-07,0.0
381,49.750358,224.989489,160.974583,970.3619,970.3619,0.04186107478992068,0.04186107478992068,0.554545,0.5545449999999998,1.1102230246251565e-16,-51.018619,-51.018619,0.0,-1.1102230246251565e-16,0.19216179779,0.80698536234,0.00085283986754,0.528917533,0.44016797448,0.020872074016,0.010042418502,-112.22128766643927,-526.2775353486826,0.0,1.0,1434782277.3504837,1.6190969491821596,-11.831433579006259,6.7631299558e-07,0.3425026526546866,-39.18718542099374,4.6678981774e-08,-2.2688696893e-07,0.0
382,49.788979,234.995978,170.981072,1003.324,1003.324,0.043283048316841766,0.043283048316841766,0.565505,0.5655050000000001,1.1102230246251565e-16,-64.49172,-64.49172,0.0,1.1102230246251565e-16,0.53613385687,0.45948737176,0.0043787713631,0.77768928878,0.14468368475,0.071655618435,0.0059714080311,-356.93932709710504,-441.04394156404834,0.0,1.0,3935670975.191385,1.4713668239486222,-46.258316481198335,2.5493086346e-07,0.3843399149658594,-18.23340351880167,7.8795731113e-08,-5.8235161247e-08,0.0
383,49.789783,244.958122,180.943216,1042.009,1042.009,0.04495190575884158,0.04495190575884158,0.553719,0.553719,0.0,-78.007317,-78.007317,0.0,0.0,0.55651059996,0.43844745477,0.0050419452669,0.80101500697,0.094355719179,0.096626791194,0.0080024826546,-527.1575464461641,-234.54434769392404,0.0,1.0,3981145132.15249,1.2617472327631385,-67.54418773151451,2.6173599942e-07,0.43885097238326726,-10.463129268485483,1.0728682945e-07,-4.1025205362e-08,0.0
384,49.788284,255.020962,191.006056,1128.5,1128.5,0.04868309740976587,0.04868309740976587,0.479546,0.47954599999999986,1.1102230246251565e-16,87.086257,87.08625700000002,1.4210854715202004e-14,-1.1102230246251565e-16,0.47977529401,0.51468172331,0.005542982686,0.75504870054,0.13492986663,0.097872523577,0.01214890925,-538.3709690358054,54.94667425475922,0.0,1.0,3421275118.584645,1.0097286767756608,-84.55068969786089,3.2984777923e-07,0.4749256023225182,-8.363053302139107,1.5002538905e-07,-4.5084295298e-08,0.0
385,49.762984,265.004525,200.989619,1266.86,1266.86,0.05465189967615063,0.05465189967615063,0.420674,0.4206739999999999,1.1102230246251565e-16,73.396641,73.39664099999999,1.4210854715202004e-14,-1.1102230246251565e-16,0.38437710901,0.60600717162,0.0096157193678,0.67785418585,0.22338259681,0.080001079001,0.018762138341,-445.9068238399298,291.8679264838061,0.0,1.0,2757505145.1351476,0.704288858067385,78.84087472200989,4.5942253353e-07,0.5973032161183938,-5.444233722009886,2.694742041e-07,-5.1836303181e-08,0.0
386,49.792916,274.998561,210.983655,1429.486,1429.486,0.06166752874071474,0.06166752874071474,0.326312,0.32631199999999994,5.551115123125783e-17,60.611528,60.61152800000001,7.105427357601002e-15,-5.551115123125783e-17,0.27276972622,0.72659477582,0.00063549795394,0.60311875198,0.31659524697,0.055568509106,0.024717491936,-241.7986044111379,398.8946064777997,0.0,1.0,1928999035.8049555,0.4349135726276512,62.98855671235144,7.4105065553e-07,0.7502915993825977,-2.3770287123514393,5.5409122508e-07,-4.6080939682e-08,0.0
387,49.750041,284.99331,220.978404,1661.615,1661.615,0.07168149304610379,0.07168149304610379,0.256151,0.256151,0.0,45.709435,45.709435,0.0,0.0,0.27128392251,0.72533798801,0.0033780894842,0.59792100797,0.32346744353,0.053328438664,0.025283109832,-10.53906405110512,425.4938427515003,0.0,1.0,1896145050.9617305,0.33415811907434734,42.03500629265324,8.7631217831e-07,0.7665562659664379,3.674428707346758,6.6622471695e-07,8.5922845578e-08,0.0
388,49.773065,295.099866,231.08496,1914.435,1914.435,0.08258805989336741,0.08258805989336741,0.175022,0.17502199999999998,2.7755575615628914e-17,34.141445,34.141445,0.0,-2.7755575615628914e-17,0.56859639613,0.42995745518,0.0014461486903,0.68370228786,0.22150707259,0.076099156154,0.018691483397,123.98335966664818,311.28580710453036,0.0,1.0,3809549412.0963316,0.2651666689059969,17.74847017937552,5.0253581012e-07,0.660045248982806,16.392974820624477,2.7885694871e-07,1.7961427177e-07,0.0
389,49.773915,305.00193,240.987024,2206.124,2206.124,0.09517142187861968,0.09517142187861968,0.114772,0.114772,0.0,22.916412,22.916412,0.0,0.0,0.72166042726,0.27305556708,0.0052840056651,0.70061449679,0.15125706798,0.11987263416,0.02825580106,176.4190641521735,181.62376980210354,0.0,1.0,4642310908.66981,0.2116654258577137,-4.761654990687308,4.752210792e-07,0.5422330998788264,27.67806699068731,1.4648466334e-07,2.1199418496e-07,0.0
390,49.731638,315.000219,250.985313,2579.254,2579.254,0.11126812027162451,0.11126812027162451,0.068916,0.06891600000000002,1.3877787807814457e-17,13.104062,13.104061999999999,1.7763568394002505e-15,1.3877787807814457e-17,0.66058720087,0.32996809281,0.0094447063206,0.67322280998,0.17422906417,0.11912377022,0.03342435562,159.47822277264348,78.5011036535348,0.0,1.0,4162213415.0550146,0.16769091676444414,-23.473070041618982,6.1968326532e-07,0.4109703812807374,36.57713204161898,7.380274155e-08,2.437431268e-07,0.0
391,49.763388,325.012945,260.998039,2926.769,2926.769,0.12625979647574925,0.12625979647574925,0.032149,0.03214899999999999,6.938893903907228e-18,14.247176,14.247175999999994,5.329070518200751e-15,-6.938893903907228e-18,0.62130397493,0.36883886953,0.0098571555384,0.67267556948,0.17361686163,0.11994175417,0.033765814724,82.69469732082769,44.88900293948195,0.0,1.0,3782804172.0029306,0.10223759266104966,-31.447576606450493,7.7370354555e-07,0.3144538047426862,45.69475260645049,-5.8996523093e-09,2.432224826e-07,0.0
392,49.781146,335.021765,271.006859,3110.038,3110.038,0.1341659573788865,0.1341659573788865,0.025557,0.025557,0.0,25.532721,25.532721,0.0,0.0,0.60738831373,0.38511141865,0.0075002676133,0.69235627507,0.15475117847,0.12275754426,0.0301350022,49.94983935114015,61.82717181828559,0.0,1.0,3449263438.069095,0.1006149005989275,-28.66441320653696,9.0165278931e-07,0.25400810265544727,54.19713420653696,-7.2270448238e-08,2.1732556541e-07,0.0
393,49.782187,345.014058,280.999152,3089.416,3089.416,0.13327633147300774,0.13327633147300774,0.039151,0.03915099999999999,6.938893903907228e-18,42.273515,42.27351500000001,7.105427357601002e-15,-6.938893903907228e-18,0.59984460518,0.39687197349,0.0032834213264,0.71396783123,0.13301987798,0.1275217269,0.025490563887,11.494071805564651,120.4063540769366,0.0,1.0,3088327665.3010964,0.18362360136330108,-20.682473623934477,1.0003524026e-06,0.21321333265073789,62.95598862393448,-1.2510257663e-07,1.7274639382e-07,0.0
394,49.760907,354.977059,290.962153,2866.718,2866.718,0.12366921722669844,0.12366921722669844,0.070357,0.07035700000000002,1.3877787807814457e-17,33.948993,33.94899299999999,1.4210854715202004e-14,1.3877787807814457e-17,0.59587989642,0.39986717773,0.0042529258458,0.72812718352,0.11964264189,0.13024693387,0.021983240716,75.88862429030507,186.8723001945363,0.0,1.0,2714508973.5465307,0.3728125274967966,-41.0833873176129,1.0560723976e-06,0.18871951667612497,75.0323803176129,-1.7271266174e-07,9.9455585039e-08,0.0
395,54.492233,4.97988,300.964974,2905.496,2905.496,0.1253420866563448,0.1253420866563448,0.097626,0.09762599999999998,2.7755575615628914e-17,28.287031,28.287031000000013,1.4210854715202004e-14,-2.7755575615628914e-17,0.60630041981,0.39132239615,0.0023771840384,0.58749580068,0.23877402252,0.12760456035,0.046125616451,156.25212374054678,236.7355148290215,0.0,1.0,2239598508.812474,0.5890973135617465,-68.28167193216478,1.2973289581e-06,0.16572134646098208,-83.43129706783522,-2.0936820461e-07,-4.8865618488e-08,0.0
396,54.526252,15.050071,311.035165,2462.06,2462.06,0.1062124118818681,0.1062124118818681,0.15761,0.15761,0.0,16.761871,16.761871000000006,7.105427357601002e-15,0.0,0.62763785596,0.36724457626,0.0051175677853,0.63653810121,0.18470473927,0.1387981849,0.039958974627,323.4966770651818,214.31060780875032,0.0,1.0,2075774225.1696875,0.8830664735184112,84.71938572919187,1.1860923843e-06,0.17848033497640647,-67.95751472919187,-1.5206178671e-07,-1.4728079633e-07,0.0
397,54.511167,25.026939,321.012033,2073.552,2073.552,0.08945231191866623,0.08945231191866623,0.210844,0.210844,0.0,3.758096,3.758096000000007,7.105427357601002e-15,0.0,0.61541816692,0.37553131438,0.0090505187032,0.62229400325,0.19438497154,0.13646759216,0.046853433045,433.4395812802175,57.18802277499949,0.0,1.0,1906752741.9496381,0.9850305027032663,56.98556505845724,1.0874781792e-06,0.21404819385934826,-53.22746905845724,-6.5935477802e-08,-2.2323902282e-07,0.0
398,54.531904,35.007234,330.992328,1771.948,1771.948,0.0764412202827114,0.0764412202827114,0.297074,0.29707400000000006,5.551115123125783e-17,-11.875577,-11.875576999999996,3.552713678800501e-15,5.551115123125783e-17,0.56749890956,0.43140295618,0.0010981342573,0.56131990667,0.25023654858,0.12507017065,0.063373374097,481.8153997217118,-212.01543305885804,0.0,1.0,1741372563.3007002,1.1102366486353445,29.20142026044102,1.0175582396e-06,0.2675771875889259,-41.07699726044102,3.7168596014e-08,-2.6972647932e-07,0.0
399,54.516795,45.00192,340.987014,1529.305,1529.305,0.06597368567500399,0.06597368567500399,0.370725,0.3707250000000001,5.551115123125783e-17,-26.734193,-26.734192999999994,7.105427357601002e-15,5.551115123125783e-17,0.46673988245,0.5328789669,0.00038115065472,0.55254522891,0.25639633336,0.12556999651,0.065488441223,337.4871443135614,-455.5617848017573,0.0,1.0,1480783269.8386202,1.206095478328839,5.993052154490531,1.032767611e-06,0.3073761627177934,-32.72724515449053,1.3187300331e-07,-2.8876086286e-07,0.0
400,54.496164,54.998777,350.983871,1336.441,1336.441,0.05765359980984042,0.05765359980984042,0.457759,0.457759,0.0,-41.652187,-41.652187,0.0,0.0,0.42237954873,0.57339463349,0.0042258177791,0.67835021915,0.15003588537,0.13712514911,0.034488746372,71.32902727872336,-607.5953654365087,0.0,1.0,1441399303.864693,1.4074627025794573,-18.523385549531348,9.2718304804e-07,0.32523703765724304,-23.12880145046865,2.084998061e-07,-2.1785960468e-07,0.0
401,54.476459,64.997607,0.982701,1201.162,1201.162,0.05181771081161648,0.05181771081161648,0.527231,0.527231,0.0,-56.490786,-56.49078600000001,7.105427357601002e-15,0.0,0.48130597605,0.51721525118,0.0014787727757,0.70904252262,0.11483750241,0.14897716081,0.027142814157,-247.2585493757541,-583.0259293337471,0.0,1.0,1830363077.2374153,1.3186472017360333,-38.58097984043741,6.5624247721e-07,0.39982718600235656,-17.909806159562592,2.1275728114e-07,-1.5355612638e-07,0.0
402,54.503392,74.988269,10.973363,1100.391,1100.391,0.047470484928515445,0.047470484928515445,0.558149,0.5581490000000001,1.1102230246251565e-16,-70.980188,-70.980188,0.0,1.1102230246251565e-16,0.28910271811,0.69711773735,0.013779544544,0.37974289169,0.5385547494,0.041548780448,0.040153578466,-483.7205104335614,-378.4628968413731,0.0,1.0,1243219485.1803856,0.7671176685190894,-57.301253561047595,8.85114023e-07,0.7275924188755806,-13.678934438952401,5.7197288224e-07,-2.9594919128e-07,0.0
403,54.514565,85.014084,20.999178,1063.051,1063.051,0.0458596503186079,0.0458596503186079,0.568843,0.5688429999999999,1.1102230246251565e-16,-85.986471,-85.986471,0.0,-1.1102230246251565e-16,0.59186364548,0.40441443075,0.0037219237621,0.77738054587,0.074843747023,0.13542523478,0.012350472325,-598.7843213293618,-84.44202942163304,0.0,1.0,2981715027.84636,0.9607121097316423,-81.83624108166062,3.5652333978e-07,0.5921055790156492,-4.150229918339377,2.088881137e-07,-3.0475192334e-08,0.0
404,54.493669,95.011776,30.99687,1039.214,1039.214,0.04483133043118514,0.04483133043118514,0.544405,0.5444049999999999,1.1102230246251565e-16,79.963084,79.963084,0.0,-1.1102230246251565e-16,0.50191573755,0.49515615836,0.0029281040971,0.77479373492,0.11088818421,0.10405597647,0.010262104396,-531.3844126141435,194.18393305111852,0.0,1.0,2914483189.788186,0.931308357530921,75.6494915734663,3.5656887768e-07,0.5845593412726621,4.313592426533686,2.0607728546e-07,3.1266279253e-08,0.0
405,54.526726,104.968441,40.953535,1054.103,1054.103,0.04547363671149884,0.04547363671149884,0.491537,0.4915369999999999,1.1102230246251565e-16,64.553094,64.553094,0.0,-1.1102230246251565e-16,0.43678060517,0.56310688313,0.00011251170212,0.73955426129,0.16847975627,0.080584003962,0.011381978477,-326.8158756777783,402.05811685177554,0.0,1.0,2942668784.7599254,0.8666922710170096,54.161133808692696,3.5821326731e-07,0.5671413215941246,10.391960191307309,1.89937129e-07,7.2089357445e-08,0.0
406,54.524442,114.97201,50.957104,1073.513,1073.513,0.04631097735901638,0.04631097735901638,0.423903,0.4239029999999999,5.551115123125783e-17,52.620647,52.62064699999999,7.105427357601002e-15,-5.551115123125783e-17,0.40735567529,0.58287305192,0.0097712727963,0.72174242432,0.19943655119,0.066849223929,0.011971800563,-119.62968689425513,439.05949393650377,0.0,1.0,3110499087.173307,0.8178594745528613,37.71359522961097,3.451256438e-07,0.5183078672919397,14.907051770389023,1.552051564e-07,8.8937573241e-08,0.0
407,54.478989,124.998162,60.983256,1106.12,1106.12,0.04771763199547206,0.04771763199547206,0.349665,0.34966499999999995,5.551115123125783e-17,40.511037,40.511037,0.0,-5.551115123125783e-17,0.40827986646,0.58811566384,0.0036044697002,0.76201070692,0.16898953762,0.059625481838,0.0093742736277,60.3572057972921,382.0329332514897,0.0,1.0,3505735493.895881,0.8356226414441337,21.80991502618814,3.1551724365e-07,0.4184484510803878,18.701121973811862,1.0488159602e-07,8.0194543978e-08,0.0
408,54.534212,134.971401,70.956495,1120.881,1120.881,0.04835441640031527,0.04835441640031527,0.286688,0.28668799999999994,5.551115123125783e-17,29.461337,29.461337,0.0,-5.551115123125783e-17,0.38798554006,0.60597753052,0.0060369294165,0.8104403353,0.13038812597,0.053020038427,0.006151500301,165.87553580917674,275.2212113661514,0.0,1.0,3630694694.969747,1.1025752643320965,5.635792162085885,3.0872356234e-07,0.26001671656734116,23.825544837914116,5.4075590176e-08,5.9326479366e-08,0.0
409,54.493245,144.966536,80.95163,1147.166,1147.166,0.049488342156111184,0.049488342156111184,0.217296,0.21729599999999993,5.551115123125783e-17,21.688557,21.688557000000003,3.552713678800501e-15,-5.551115123125783e-17,0.3347923477,0.6607017184,0.0045059339054,0.81302293387,0.13807773572,0.044040938134,0.0048583922758,181.18499656506376,171.20109467332375,0.0,1.0,3397890537.502732,2.007846808094486,-15.679869443578749,3.3761122889e-07,0.10822339589055661,37.36842644357875,9.6185739763e-09,3.5248646707e-08,0.0
410,54.502457,154.981702,90.966796,1178.353,1178.353,0.0508337384865661,0.0508337384865661,0.20071,0.20070999999999997,2.7755575615628914e-17,17.58596,17.585960000000007,7.105427357601002e-15,-2.7755575615628914e-17,0.25870088505,0.72631004803,0.014989066917,0.76076256255,0.19866603309,0.034938081146,0.0056333232099,193.32746767690725,136.23567954800382,0.0,1.0,2827980880.4547763,2.801778150549906,-61.5678908455472,4.16676438e-07,0.07163664973281578,79.1538508455472,-2.7735443921e-08,1.1032955281e-08,0.0
411,54.511073,165.044103,101.029197,1180.991,1180.991,0.050947540888840764,0.050947540888840764,0.201055,0.201055,0.0,11.745148,11.745148000000002,1.7763568394002505e-15,0.0,0.18936535685,0.80915753026,0.0014771128898,0.7013978073,0.26382877353,0.027736268145,0.007037151029,217.76657836693124,94.6437508817081,0.0,1.0,2144354387.7118351,1.7651916575886013,-84.22672120224776,5.5074432042e-07,0.1138998131651369,-84.02813079775224,-6.1371658527e-08,-1.2981975198e-08,0.0
412,54.507286,175.026612,111.011706,1154.909,1154.909,0.049822372482423834,0.049822372482423834,0.233329,0.2333290000000001,8.326672684688674e-17,7.31579,7.315790000000008,7.993605777301127e-15,8.326672684688674e-17,0.12651416224,0.86953359424,0.0039522435186,0.64306466032,0.32584589506,0.022324720587,0.0087647240317,260.73475198742335,68.06979906952368,0.0,1.0,1424571854.6871731,1.6739988611377545,86.69722378668425,8.1070603508e-07,0.13938420474277682,-79.38143378668424,-1.0532572648e-07,-4.0931705963e-08,0.0
413,54.50777,184.969346,120.95444,1124.952,1124.952,0.048530037924068174,0.048530037924068174,0.287366,0.287366,0.0,-2.689755,-2.689755000000005,4.884981308350689e-15,0.0,0.098319273966,0.90081345345,0.00086727258344,0.55898834117,0.41077310137,0.018723978546,0.011514578911,321.84911872246283,-30.307575585318602,0.0,1.0,1078327248.1632981,1.4756986068943443,68.5412639334229,1.0432380355e-06,0.19473217543030083,-71.2310189334229,-1.61089352e-07,-1.2377786842e-07,0.0
414,54.519828,194.986507,130.971601,1095.214,1095.214,0.047247150949525314,0.047247150949525314,0.360689,0.36068900000000004,5.551115123125783e-17,-12.752622,-12.752622000000008,7.105427357601002e-15,5.551115123125783e-17,0.078744268327,0.92044958963,0.00080614204535,0.46477444366,0.50487035805,0.015993989416,0.014361208871,356.5341805743316,-170.0981381902058,0.0,1.0,827014833.6285465,1.5938396125842962,51.72135698924549,1.324297891e-06,0.22630194227333122,-64.4739789892455,-1.883901483e-07,-2.3307500578e-07,0.0
415,54.49874,204.964459,140.949553,1065.682,1065.682,0.04597315074331778,0.04597315074331778,0.42162,0.42161999999999994,5.551115123125783e-17,-23.17449,-23.17448999999999,7.105427357601002e-15,-5.551115123125783e-17,0.088429946373,0.90760775915,0.0039622944771,0.44750475008,0.52123116882,0.016533081231,0.01473099986,310.1445360653432,-325.1036746747519,0.0,1.0,874395599.7398434,1.831648832598184,33.136161015916485,1.2187641387e-06,0.2301860446698914,-56.310651015916484,-1.079074554e-07,-2.58959598e-07,0.0
416,54.494774,215.00584,150.990934,1045.043,1045.043,0.04508279146335308,0.04508279146335308,0.507085,0.5070849999999999,1.1102230246251565e-16,-36.79102,-36.79102,0.0,-1.1102230246251565e-16,0.16652269656,0.82571461353,0.0077626899105,0.56033766237,0.40734532729,0.022774212535,0.0095427978017,149.77931963053592,-508.3181369735511,0.0,1.0,1540468498.1415596,2.2681658086668746,7.5895354755903455,6.7839297023e-07,0.22356610705548097,-44.38055547559035,3.2791647954e-09,-1.5163022184e-07,0.0
417,54.489972,224.980579,160.965673,1053.183,1053.183,0.04543394823155467,0.04543394823155467,0.540187,0.5401869999999999,1.1102230246251565e-16,-50.867216,-50.86721599999999,7.105427357601002e-15,-1.1102230246251565e-16,0.35763698075,0.63728686071,0.0050761585419,0.71106425598,0.24162548743,0.041121032255,0.0061892243316,-115.70365586463815,-557.0258628973643,0.0,1.0,3142843945.010082,1.89624459504144,-21.521493341362405,3.3510508903e-07,0.2848720051266355,-29.345722658637595,4.9606542134e-08,-8.1560993234e-08,0.0
418,54.489571,234.986278,170.971372,1068.452,1068.452,0.04609264757967139,0.04609264757967139,0.56587,0.56587,0.0,-64.522807,-64.522807,0.0,0.0,0.49460539759,0.48877508565,0.016619516759,0.80440620669,0.11787533367,0.071214032587,0.0065044270472,-380.86415975396056,-469.56321950622834,0.0,1.0,4103617056.888369,1.3727793327671178,-45.6761615341344,2.6036834948e-07,0.41220754602953785,-18.8466454658656,8.4926382083e-08,-6.56226838e-08,0.0
419,54.549189,245.007092,180.992186,1130.737,1130.737,0.048779600811543145,0.048779600811543145,0.546045,0.546045,0.0,-78.942122,-78.942122,0.0,0.0,0.44665614766,0.54900127087,0.0043425814747,0.74687817604,0.17016243085,0.072470044883,0.010489348225,-572.0057154246135,-232.45068971982067,0.0,1.0,3592378676.305955,1.0594409197993084,-64.46921706988348,3.1475996878e-07,0.5154086365697845,-14.472904930116508,1.4196388469e-07,-7.8516433986e-08,0.0
420,54.495589,254.988453,190.973547,1215.825,1215.825,0.05245026753055258,0.05245026753055258,0.495094,0.4950940000000001,1.1102230246251565e-16,87.012017,87.012017,0.0,1.1102230246251565e-16,0.31481412087,0.66595285599,0.01923302314,0.66837005121,0.2537276146,0.062481785046,0.015420549143,-598.6764710866119,62.66954137928624,0.0,1.0,2447725016.9565196,0.8580415190916392,-80.08379961535859,4.967163352e-07,0.577004712457421,-12.904183384641419,2.5802004355e-07,-1.2477824903e-07,0.0
421,54.515408,264.972071,200.957165,1370.69,1370.69,0.059131089755066,0.059131089755066,0.424024,0.4240239999999999,1.1102230246251565e-16,72.809771,72.809771,0.0,-1.1102230246251565e-16,0.21785112949,0.77727007239,0.0048787981249,0.63401762121,0.29380024897,0.05429216148,0.017889968337,-479.6724347161058,328.19832130686046,0.0,1.0,1669337539.8281193,0.637939480653069,83.06595060587938,8.2109817056e-07,0.6646774699786878,-10.256179605879385,5.1116208261e-07,-1.9124135732e-07,0.0
422,54.507526,274.968925,210.954019,1564.934,1564.934,0.0675107083401458,0.0675107083401458,0.332887,0.332887,0.0,57.150659,57.150659,0.0,0.0,0.34928230237,0.64800658641,0.0027111112206,0.67603085331,0.2389639238,0.069345013643,0.015660209242,-214.38775675872648,474.7871279355724,0.0,1.0,2591459358.3586736,0.5233445096259879,58.10087373411848,6.0388135934e-07,0.6360762248903694,-0.9502147341184851,3.8390329979e-07,-1.2738264866e-08,0.0
423,54.499311,285.035936,221.02103,1798.138,1798.138,0.07757104777155656,0.07757104777155656,0.245709,0.24570900000000007,5.551115123125783e-17,42.641988,42.641988,0.0,5.551115123125783e-17,0.43324086867,0.56207571428,0.0046834170463,0.62442362972,0.26220050519,0.084759235698,0.028616629394,36.32511173672531,440.32288261117645,0.0,1.0,3043170651.451554,0.38872767809851605,35.85089957244616,5.908764923e-07,0.6320851687276291,6.791088427553837,3.6303944359e-07,8.7708952467e-08,0.0
424,54.525378,294.988667,230.973761,2130.807,2130.807,0.09192227270040848,0.09192227270040848,0.178298,0.17829799999999998,2.7755575615628914e-17,31.351461,31.351460999999997,3.552713678800501e-15,-2.7755575615628914e-17,0.33023505426,0.66488239239,0.0048825533533,0.57579975009,0.31791519283,0.072022414709,0.034262642376,174.23229133674263,337.6111245302162,0.0,1.0,2225856794.0967283,0.2762018673394764,21.244111721910127,9.5729743515e-07,0.6455350998074756,10.107349278089874,5.7990492413e-07,2.1353239045e-07,0.0
425,54.501954,305.002134,240.987228,2534.973,2534.973,0.10935785333639912,0.10935785333639912,0.113236,0.11323600000000002,1.3877787807814457e-17,16.84822,16.848219999999998,3.552713678800501e-15,1.3877787807814457e-17,0.41663948556,0.582709773,0.00065074144415,0.60228788646,0.28622749554,0.078951990918,0.032532627082,238.82249480006163,159.25336670303207,0.0,1.0,2696799980.327197,0.19690010861289553,-1.1724753584134397,9.3999296147e-07,0.575093639093015,18.02069535841344,4.3711196489e-07,3.1806314144e-07,0.0
426,54.482596,315.000018,250.985112,2986.69,2986.69,0.12884476757002536,0.12884476757002536,0.054568,0.054568,0.0,4.808864,4.808863999999995,4.440892098500626e-15,0.0,0.54455518131,0.45487366587,0.00057115282158,0.67181600046,0.19716747004,0.10363582975,0.027380699751,160.68694887049605,27.229306526317473,0.0,1.0,3378431798.4457273,0.13466415095831405,-24.858123814498573,8.8404626116e-07,0.4052154906237206,29.666987814498572,1.8270871481e-07,3.0813262328e-07,0.0
427,54.49937,325.014781,260.999875,3465.939,3465.939,0.14951940270563271,0.14951940270563271,0.020586,0.020586,0.0,4.19265,4.192649999999996,4.440892098500626e-15,0.0,0.6318340086,0.35864139222,0.0095245991862,0.65569624005,0.16962025101,0.13677141993,0.037912089009,70.58707497579572,10.40488811278152,0.0,1.0,3794490794.379348,0.07814586478827426,-41.39539196171808,9.1341346911e-07,0.2634304458178946,45.58804196171808,-4.9387672693e-09,2.4057022771e-07,0.0
428,54.533798,335.038449,271.023543,3808.561,3808.561,0.1642999965919675,0.1642999965919675,0.011201,0.011201000000000001,1.734723475976807e-18,54.629747,54.629747,0.0,1.734723475976807e-18,0.63822890479,0.35945321547,0.0023178797384,0.64369084115,0.17695307029,0.13940891592,0.039947172635,-14.071174665448487,40.272215542206915,0.0,1.0,3625732988.053763,0.05285714412088374,-1.7691620570366808,1.0504251175e-06,0.2119108057443177,56.39890905703668,-8.6251772851e-08,2.0520673399e-07,0.0
429,54.512929,344.997974,280.983068,3760.559,3760.559,0.16222920701122884,0.16222920701122884,0.024711,0.024711,0.0,42.643967,42.643967,0.0,0.0,0.62739159521,0.36787640317,0.0047320016162,0.63285484141,0.18938180021,0.13772808458,0.040035273796,7.6338176955265356,92.6130897476809,0.0,1.0,3170869441.679904,0.13847971801466796,-26.433195935295117,1.1859709361e-06,0.17844490409333863,69.07716293529512,-1.5765293922e-07,1.411843e-07,0.0
430,54.482245,354.991676,290.97677,3374.261,3374.261,0.14556444567919716,0.14556444567919716,0.066022,0.066022,0.0,41.371539,41.371539,0.0,0.0,0.60277425659,0.39048196465,0.0067437787542,0.58836800441,0.23780108964,0.12776902284,0.046061883111,28.14073186510797,220.99096061458158,0.0,1.0,2587381337.961233,0.4004682479392939,-41.6203033506506,1.3041220289e-06,0.16486200925974068,82.9918423506506,-2.0859893434e-07,5.2072652459e-08,0.0
431,59.226922,4.968251,300.953345,3334.496,3334.496,0.14384899741291507,0.14384899741291507,0.097705,0.097705,0.0,37.309829,37.309829,0.0,0.0,0.58320832036,0.39327412512,0.023517554515,0.68068994545,0.13052151987,0.15587339538,0.0329151393,86.40959669517112,314.1289898928153,0.0,1.0,1935507811.41718,0.9401135201782143,-67.00354163362155,1.7228016236e-06,0.10392893826426236,-75.68662936637845,-1.5716190461e-07,-8.5782631906e-08,0.0
432,59.270756,15.059537,311.044631,2756.5,2756.5,0.11891445105008384,0.11891445105008384,0.151193,0.151193,0.0,22.630762,22.630762,0.0,0.0,0.55401818404,0.44521890276,0.00076291320189,0.61343049455,0.19519636277,0.14129788719,0.050075255492,293.3481070077686,296.0383535930442,0.0,1.0,1623250558.8613472,1.1374649953542797,80.24780029461151,1.69813587e-06,0.13292101349713076,-57.617038294611504,-9.6227476876e-08,-2.041785041e-07,0.0
433,59.261334,25.092998,321.078092,2305.258,2305.258,0.09944802815121138,0.09944802815121138,0.211413,0.21141300000000002,2.7755575615628914e-17,6.08647,6.086470000000001,8.881784197001252e-16,2.7755575615628914e-17,0.45204572277,0.54185971291,0.0060945643162,0.47420740967,0.32997153668,0.11042619291,0.085394860743,476.403474060396,102.76658453962185,0.0,1.0,1254410853.1422977,1.150049336007382,49.95685881347468,1.8377216637e-06,0.18382950485755767,-43.87038881347468,1.3317378851e-08,-3.3756487157e-07,0.0
434,59.242294,35.022218,331.007312,1957.937,1957.937,0.0844647210395966,0.0844647210395966,0.283507,0.28350700000000006,5.551115123125783e-17,-9.078925,-9.078924999999996,3.552713678800501e-15,5.551115123125783e-17,0.34080742684,0.6578524471,0.001340126064,0.37770364295,0.42403201976,0.088322987236,0.10994135005,527.4462896168027,-172.98565685744708,0.0,1.0,952014438.5992444,1.2304328098758006,28.28193527030394,2.0566253206e-06,0.23041241888585293,-37.36086027030394,1.2486876938e-07,-4.571241373e-07,0.0
435,59.243211,45.020823,341.005917,1663.435,1663.435,0.07176000721294984,0.07176000721294984,0.367924,0.367924,0.0,-24.032274,-24.032274000000005,3.552713678800501e-15,0.0,0.4834880445,0.49681479877,0.019697156733,0.59933500541,0.2491815914,0.10037378975,0.051109613451,409.0071010908983,-455.27882238428106,0.0,1.0,1408770163.902322,1.308241541395345,3.925404274184185,1.1807710318e-06,0.2812355275063192,-27.957678274184186,1.8610035489e-07,-2.7502782912e-07,0.0
436,59.250054,55.005368,350.990462,1451.969,1451.969,0.06263743753917621,0.06263743753917621,0.457514,0.457514,0.0,-40.061107,-40.061107,0.0,0.0,0.51473126316,0.4791712509,0.0060974859414,0.67984240555,0.20797221197,0.086381997397,0.025803385081,113.95811253594607,-654.4485594275479,0.0,1.0,1652619740.9522283,0.8246124128114553,-25.496611593633382,8.7858626157e-07,0.5548230815979833,-14.56449540636662,4.2580894496e-07,-2.3728449731e-07,0.0
437,59.230489,64.981639,0.966733,1289.588,1289.588,0.05563237768937984,0.05563237768937984,0.522319,0.5223189999999999,1.1102230246251565e-16,-55.769722,-55.76972200000001,7.105427357601002e-15,-1.1102230246251565e-16,0.43157465577,0.56673629573,0.0016890485037,0.68343963658,0.13295694859,0.15099869831,0.032604716516,-247.29792965259603,-626.5371381984769,0.0,1.0,1575867534.3539908,1.3893070969425287,-35.925844006387806,8.1833528002e-07,0.3759564758212753,-19.843877993612196,2.3675426402e-07,-1.9647172581e-07,0.0
438,59.254875,74.970412,10.955506,1205.043,1205.043,0.051985135801467866,0.051985135801467866,0.55971,0.55971,0.0,-71.106962,-71.106962,0.0,0.0,0.35048377462,0.64113391978,0.0083823056007,0.51862754564,0.37921059868,0.062457217381,0.039704638307,-533.0399459751665,-413.2607236201276,0.0,1.0,1528867942.454414,0.8124015225627086,-64.18510873554153,7.8819299335e-07,0.6889573498513434,-6.9218532644584645,5.2725740201e-07,-1.2993338864e-07,0.0
439,59.259394,85.000519,20.985613,1140.016,1140.016,0.049179893643501685,0.049179893643501685,0.576094,0.576094,0.0,-87.069812,-87.069812,0.0,0.0,0.53604913252,0.45666753652,0.0072833309631,0.77847063415,0.096211488288,0.11289639255,0.012421485014,-653.3239502400418,-67.0578514040235,0.0,1.0,2785089917.668453,1.1967247000513674,-80.12066245767069,4.0932825643e-07,0.4813922533522305,-6.949149542329306,1.9127861421e-07,-4.7330645217e-08,0.0
440,59.229253,94.976949,30.962043,1140.656,1140.656,0.04920750302085414,0.04920750302085414,0.531674,0.531674,0.0,78.243073,78.243073,0.0,0.0,0.48774992181,0.49346611188,0.018783966308,0.79942154745,0.077126027512,0.11421735929,0.0092350657505,-556.0991393681854,241.95868986207967,0.0,1.0,3098022748.6067624,1.1583080877204286,76.6648680643421,3.6818838742e-07,0.4590091406910091,1.5782049356578953,1.6874545003e-07,9.305559435e-09,0.0
441,59.237554,104.849548,40.834642,1145.429,1145.429,0.04941340858039053,0.04941340858039053,0.466545,0.466545,0.0,63.554217,63.554217,0.0,0.0,0.4809837405,0.516994833,0.0020214265023,0.78692634813,0.10163998684,0.10291870914,0.008514955895,-322.4135708064025,426.1767488822039,0.0,1.0,3624142459.52437,0.9725641624878361,56.223760754622965,3.1605518072e-07,0.47970613970246423,7.330456245377035,1.4667716897e-07,3.8373103148e-08,0.0
442,59.216312,114.996686,50.98178,1189.946,1189.946,0.05133385647351463,0.05133385647351463,0.394594,0.394594,0.0,49.348677,49.348676999999995,7.105427357601002e-15,0.0,0.45025857326,0.54460535303,0.0051360737052,0.77367924909,0.13746371003,0.080837010708,0.008020030169,-71.00241047687904,464.14618714160144,0.0,1.0,4068819213.6502576,0.8715802565408501,36.08617565513475,2.9245487143e-07,0.4527339817977001,13.262501344865246,1.1846732859e-07,5.9130192875e-08,0.0
443,59.229465,125.006815,60.991909,1200.969,1200.969,0.05180938485875863,0.05180938485875863,0.307269,0.307269,0.0,37.07133,37.07133,0.0,0.0,0.39567035596,0.60222904225,0.0021006017944,0.74874449658,0.18624487951,0.057942328833,0.0070682950855,100.83230666967216,354.9774747438677,0.0,1.0,4069355429.0425158,0.8179488069941647,18.18064259571009,2.9512511771e-07,0.37565798418261165,18.890687404289913,8.7623494132e-08,6.7922138609e-08,0.0
444,59.253006,134.992567,70.977661,1232.63,1232.63,0.05317522938431521,0.05317522938431521,0.236816,0.23681600000000005,5.551115123125783e-17,25.422532,25.422531999999997,3.552713678800501e-15,5.551115123125783e-17,0.29242101499,0.70483289928,0.0027460857365,0.64119805329,0.31385867735,0.037194566398,0.0077487029659,184.31548978505256,226.3563750308997,0.0,1.0,3428191810.68399,0.8783193247755797,-0.5328862933598835,3.5955689415e-07,0.26962403458504014,25.955418293359884,5.980422424e-08,7.6300870101e-08,0.0
445,59.247041,145.006418,80.991512,1288.28,1288.28,0.05557595102441575,0.05557595102441575,0.18602,0.18602,0.0,18.265114,18.265114,0.0,0.0,0.14076109346,0.85758317281,0.001655733729,0.4358694025,0.53477556126,0.018027738715,0.011327297527,192.5657257189714,142.64842302551017,0.0,1.0,1883377141.4787905,0.8309757296883608,-16.60551924948354,6.8402656676e-07,0.22385732020087123,34.87063324948354,5.3020848068e-08,1.436518622e-07,0.0
446,59.261081,154.985564,90.970658,1303.37,1303.37,0.0562269283748042,0.0562269283748042,0.152522,0.15252199999999996,2.7755575615628914e-17,16.601732,16.601732,0.0,-2.7755575615628914e-17,0.12358366354,0.87588165743,0.00053467902787,0.47966921048,0.49153556554,0.017833728151,0.010961495829,166.33597146877742,108.86157296481974,0.0,1.0,1798399442.3289566,0.8318996921886863,-24.26325963858246,7.2473888132e-07,0.18334181564453073,40.86499163858246,1.9112513208e-08,1.3149320191e-07,0.0
447,59.240209,164.94719,100.932284,1297.455,1297.455,0.055971757332554516,0.055971757332554516,0.155137,0.15513700000000005,5.551115123125783e-17,15.626758,15.626758000000006,5.329070518200751e-15,5.551115123125783e-17,0.11567759318,0.87781169271,0.006510714103,0.61372529691,0.35419290598,0.022364903628,0.0097168934802,172.07305414496642,104.43094067073916,0.0,1.0,1762366658.7822602,1.1418268457009089,-34.03835554810043,7.3620037779e-07,0.1358673607860125,49.66511354810043,-1.6216593416e-08,9.8702295928e-08,0.0
448,59.240983,174.964587,110.949681,1282.698,1282.698,0.05533514548631978,0.05533514548631978,0.181648,0.18164799999999998,2.7755575615628914e-17,10.362934,10.362933999999992,7.105427357601002e-15,-2.7755575615628914e-17,0.1067406797,0.89097142107,0.0022878992313,0.69208918685,0.27524615476,0.024780423582,0.0078842348078,217.92081005481432,82.4578668347776,0.0,1.0,1652256617.6057396,1.912291394438728,-55.07566343327369,7.7633098051e-07,0.09498970738887577,65.43859743327369,-4.8260658793e-08,5.5758457882e-08,0.0
449,59.235477,184.974229,120.959323,1244.996,1244.996,0.053708694322347254,0.053708694322347254,0.246647,0.24664699999999995,5.551115123125783e-17,1.579967,1.5799669999999988,1.1102230246251565e-15,-5.551115123125783e-17,0.11543447076,0.87976387619,0.0048016530507,0.69581960083,0.27104488345,0.025366754762,0.0077687609657,306.6076385191039,16.92696077831711,0.0,1.0,1733755160.9715257,2.4553904498268864,84.35619596903217,7.1809216666e-07,0.100451233740601,-82.77622896903218,-6.9852136519e-08,-1.7996775414e-08,0.0
450,59.283655,195.057356,131.04245,1210.268,1210.268,0.052210540483759435,0.052210540483759435,0.30868,0.30867999999999995,5.551115123125783e-17,-9.279876,-9.279876000000002,1.7763568394002505e-15,-5.551115123125783e-17,0.11931307027,0.87686456527,0.0038223644589,0.62758530737,0.33898228211,0.023755340704,0.0096770698105,354.15617699268995,-118.90983018211813,0.0,1.0,1698893361.939963,1.8729202822180913,55.854669074886075,7.1238609033e-07,0.1648121401271984,-65.13454507488608,-7.589118935e-08,-8.958574884e-08,0.0
451,59.253908,205.05737,141.042464,1179.008,1179.008,0.05086199495870026,0.05086199495870026,0.408469,0.40846899999999997,5.551115123125783e-17,-21.852392,-21.852392,0.0,-5.551115123125783e-17,0.11286624256,0.87955151361,0.0075822438239,0.56925001862,0.39699675602,0.022376049921,0.011377175443,348.1446777593006,-332.7498997574559,0.0,1.0,1484955946.456466,1.9639682020854408,32.575951912959496,7.9396833476e-07,0.20798147320627033,-54.4283439129595,-5.3370597209e-08,-1.5626813091e-07,0.0
452,59.219222,215.01219,150.997284,1145.446,1145.446,0.04941414195447645,0.04941414195447645,0.48456,0.48456,0.0,-34.805462,-34.805462,0.0,0.0,0.11352362711,0.88476535601,0.0017110168762,0.57620491488,0.39025498707,0.022306301908,0.011233796139,193.37130302221163,-520.2633552667425,0.0,1.0,1349021354.413701,2.005440463907966,12.341728015839792,8.4909404603e-07,0.2416227301286953,-47.14719001583979,-1.5362600213e-08,-2.045844302e-07,0.0
453,59.238504,224.981978,160.967072,1138.176,1138.176,0.04910051668361336,0.04910051668361336,0.52972,0.52972,0.0,-49.592325,-49.59232500000001,7.105427357601002e-15,0.0,0.1486369736,0.84414346262,0.0072195637873,0.63558297163,0.32904252971,0.025952049359,0.0094224493002,-96.23524954056637,-595.1846607977476,0.0,1.0,1608478769.3477855,1.9824569657345705,-10.155655725784236,7.0761021015e-07,0.2672037825566216,-39.43666927421577,3.6487640302e-08,-1.8552205542e-07,0.0
454,59.252457,235.017784,171.002878,1166.088,1166.088,0.050304630653397485,0.050304630653397485,0.554063,0.5540630000000001,1.1102230246251565e-16,-64.453182,-64.453182,0.0,1.1102230246251565e-16,0.28139485346,0.70858151551,0.010023631038,0.72740947061,0.22626940638,0.040089318066,0.0062318049386,-405.77412164761074,-502.76710325664516,0.0,1.0,2811126798.2954326,1.7477090519742278,-38.89227311201595,4.1481159822e-07,0.3170224468278204,-25.56090888798405,8.2541045864e-08,-1.0237398288e-07,0.0
455,59.248924,245.025564,181.010658,1216.686,1216.686,0.05248741077102206,0.05248741077102206,0.542682,0.542682,0.0,-79.409057,-79.409057,0.0,0.0,0.43709303234,0.53750175156,0.025405216108,0.75758125832,0.15200020548,0.080779284689,0.0096392515102,-615.6642414796645,-238.576524118386,0.0,1.0,4040770058.643922,1.1338936589616944,-66.59678238243902,3.0110250827e-07,0.47860043639095184,-12.812274617560991,1.2993440288e-07,-6.2322601213e-08,0.0
456,59.231499,254.970578,190.955672,1329.831,1329.831,0.057368446709372044,0.057368446709372044,0.493496,0.4934959999999999,1.1102230246251565e-16,85.546041,85.54604100000002,1.4210854715202004e-14,-1.1102230246251565e-16,0.36085900766,0.62062719476,0.018513797581,0.69616900709,0.21952200496,0.070268838022,0.014040149928,-648.3507077697539,101.6208094731123,0.0,1.0,3165017276.5184503,0.8769965108824606,-84.34513754904566,4.2016547899e-07,0.5627114747622306,-10.108821450954332,2.2186457309e-07,-8.1707843704e-08,0.0
457,59.269561,264.93681,200.921904,1476.308,1476.308,0.0636874135319598,0.0636874135319598,0.426863,0.4268629999999999,1.1102230246251565e-16,70.563089,70.56308900000002,1.4210854715202004e-14,-1.1102230246251565e-16,0.27507855264,0.71617211238,0.0087493349814,0.65058719129,0.28106815418,0.051183481595,0.017161172935,-490.61500437171304,395.50643511101737,0.0,1.0,2264394606.029493,0.6249544762817765,78.11082716820636,6.5196587029e-07,0.6830305505445137,-7.54773816820635,4.2994629221e-07,-1.1597199685e-07,0.0
458,59.23101,274.98299,210.968084,1708.871,1708.871,0.07372010044636598,0.07372010044636598,0.326763,0.3267630000000001,5.551115123125783e-17,54.638079,54.638079,0.0,5.551115123125783e-17,0.36191708574,0.63713099885,0.00095191540291,0.68368087811,0.24126610072,0.058632710018,0.016420311152,-184.33853556260803,527.0912539961913,0.0,1.0,2818993534.086149,0.4721096832412642,54.4555274320425,6.0619897823e-07,0.6921336536810938,0.18255156795749802,4.1956219523e-07,2.6735921545e-09,0.0
459,59.267953,285.028524,221.013618,2010.915,2010.915,0.08675017352925063,0.08675017352925063,0.250778,0.250778,0.0,40.188457,40.188457,0.0,0.0,0.43507349062,0.56023458862,0.0046919207623,0.59771823739,0.29820789426,0.07269998343,0.031373884916,84.30069279889655,497.1972113652493,0.0,1.0,3165867506.451439,0.3727382378475058,33.231754450528264,6.3518608909e-07,0.6727992315685035,6.956702549471734,4.1481429111e-07,1.0275915966e-07,0.0
460,59.271166,294.966612,230.951706,2386.419,2386.419,0.10294928545637222,0.10294928545637222,0.16599,0.16599000000000003,2.7755575615628914e-17,24.734208,24.734208,0.0,2.7755575615628914e-17,0.36019260732,0.62286604009,0.016941352596,0.54298244919,0.35243672728,0.06645880176,0.038122021768,257.4264615133817,301.0714367897248,0.0,1.0,2434803242.371862,0.25247405464643397,14.596484716843467,9.8012806886e-07,0.657453694528942,10.137723283156532,6.0446089299e-07,2.2330244102e-07,0.0
461,59.203202,304.991846,240.97694,2861.538,2861.538,0.12344575382875198,0.12344575382875198,0.105544,0.105544,0.0,9.120303,9.120302999999998,1.7763568394002505e-15,0.0,0.50400546426,0.49301427612,0.0029802596191,0.61725619112,0.26814622763,0.082826920583,0.031770660663,286.8418923004426,94.53413045782595,0.0,1.0,3194353094.539168,0.18930352589000024,-8.652305664708706,8.9581142576e-07,0.5575384795596945,17.772608664708706,4.0638044147e-07,2.9035251042e-07,0.0
462,59.238887,314.985057,250.970151,3436.632,3436.632,0.14825510892115065,0.14825510892115065,0.054088,0.054088000000000004,6.938893903907228e-18,-2.695789,-2.6957890000000004,4.440892098500626e-16,6.938893903907228e-18,0.65225276374,0.34511398916,0.0026332471056,0.64055139667,0.2010118477,0.11717887094,0.041257884692,185.0581764597549,-17.46570337715229,0.0,1.0,3925871965.3194456,0.14224254634154915,-31.070346633356515,8.7538056013e-07,0.3802519104946651,28.374557633356513,1.8251199578e-07,2.7836768209e-07,0.0
463,59.24976,324.96971,260.954804,4143.036,4143.036,0.1787291317325359,0.1787291317325359,0.016094,0.016094,0.0,-22.143653,-22.143653000000004,3.552713678800501e-15,0.0,0.65813619724,0.33879048701,0.0030733157444,0.61227793927,0.20209735959,0.13500970625,0.050614994893,47.731291679285874,-46.558375511953784,0.0,1.0,3888851257.928538,0.06380733936456782,-61.310115342031665,1.0653624233e-06,0.2522280377190745,39.166462342031664,5.4340624984e-08,2.6316241611e-07,0.0
464,59.257268,335.002608,270.987702,4804.369,4804.369,0.2072588072835263,0.2072588072835263,0.013706,0.013706,0.0,86.089049,86.089049,0.0,0.0,0.62878728834,0.36631537117,0.0048973404851,0.64811480313,0.16336652135,0.14726574006,0.04125293546,-65.23601808375619,8.961629411442958,0.0,1.0,3631332378.1991787,0.08257053862131243,33.56966860434053,1.3230320168e-06,0.16599140842303187,52.519380395659475,-5.6983247516e-08,2.1209035137e-07,0.0
465,59.245405,345.009048,280.994142,4677.065,4677.065,0.20176695701090527,0.20176695701090527,0.030075,0.030075,0.0,60.839088,60.839088000000004,7.105427357601002e-15,0.0,0.61731747524,0.38090375792,0.0017787668411,0.68377194756,0.12786470064,0.15620855444,0.032154797363,-73.86868634569952,119.70555857372656,0.0,1.0,3071604178.7554464,0.24949127214101802,-7.546270654492851,1.5226782905e-06,0.12054529900749772,68.38535865449285,-1.3373920348e-07,1.2571815951e-07,0.0
466,59.218861,354.989534,290.974628,4006.757,4006.7569999999996,0.17285010308219872,0.17285010308219872,0.060476,0.060476,0.0,47.582358,47.582358,0.0,0.0,0.61104977889,0.38783771223,0.0011125088797,0.69761617748,0.11441962318,0.15945688112,0.028507318216,-21.812807980534323,241.32885267652605,0.0,1.0,2438271282.7051544,0.5852500717253699,-38.43590288583614,1.6432777716e-06,0.10333360544785805,86.01826088583614,-1.6816830808e-07,2.3525212173e-08,0.0
467,63.969356,4.992298,300.977392,3823.97,3823.9700000000003,0.16496473549138005,0.16496473549138008,0.097683,0.097683,0.0,42.22363,42.223629999999986,1.4210854715202004e-14,0.0,0.64760087957,0.34342604461,0.0089730758265,0.6883033905,0.13719552567,0.14368306206,0.030818021777,36.144159111774954,371.78405919141244,0.0,1.0,1878192195.8211048,1.4843820322116639,-50.423457761920304,2.0359843942e-06,0.06580718297597327,-87.35291223807971,-1.3341083979e-07,-1.2362470784e-08,0.0
468,63.966291,14.88351,310.868604,3112.24,3112.24,0.13426095089283982,0.13426095089283982,0.149613,0.149613,0.0,26.976862,26.976862,0.0,0.0,0.61612981265,0.37761222906,0.0062579582883,0.60555602201,0.2277226622,0.11954900297,0.047172312818,273.9955283583696,376.48267292558415,0.0,1.0,1578195274.0578017,1.7176034396230333,85.279830670738,1.9720246608e-06,0.08710567092997668,-58.302968670738,-7.6929523222e-08,-1.5358495374e-07,0.0
469,63.963572,24.9779,320.962994,2574.529,2574.5290000000005,0.11106428541538955,0.11106428541538958,0.211627,0.21162699999999998,2.7755575615628914e-17,10.841294,10.841294000000007,7.105427357601002e-15,-2.7755575615628914e-17,0.47660785798,0.52162655042,0.0017655916037,0.38968200279,0.45192358239,0.071530851523,0.086863563303,506.2896471413031,201.2989168138995,0.0,1.0,1168553005.5777502,1.2877245845400431,52.68936757666473,2.20317691e-06,0.164341818538465,-41.84807357666473,3.9756152418e-08,-3.5988484575e-07,0.0
470,63.988336,35.000516,330.98561,2141.718,2141.718,0.09239296944461581,0.09239296944461581,0.284214,0.284214,0.0,-5.381074,-5.3810739999999955,4.440892098500626e-15,0.0,0.65041009962,0.34036754193,0.0092223584478,0.52586711107,0.33881542402,0.078486857649,0.056830607262,597.9996011079,-113.66513654621873,0.0,1.0,1607686755.8538911,1.351134101444396,26.02937388987491,1.3321736913e-06,0.21035217725329275,-31.410447889874913,1.2799965214e-07,-2.4928396734e-07,0.0
471,63.988861,45.014365,340.999459,1829.07,1829.07,0.07890544349072261,0.07890544349072261,0.375919,0.375919,0.0,-21.809242,-21.809242000000005,3.552713678800501e-15,0.0,0.7053696387,0.29151268917,0.0031176721307,0.7901847155,0.09654587726,0.0974870574,0.015782349836,497.774660218509,-474.3307092359079,0.0,1.0,1881352400.892364,1.0200204526200431,-4.444082171407256,9.7221020322e-07,0.36854064939032116,-17.365159828592745,2.9446539217e-07,-2.0412812551e-07,0.0
472,63.978813,55.009868,350.994962,1583.389,1583.389,0.06830685061989523,0.06830685061989523,0.465784,0.465784,0.0,-38.76228,-38.762280000000004,7.105427357601002e-15,0.0,0.50122420642,0.49664332389,0.0021324696904,0.60780449529,0.26896397123,0.088034138379,0.035197395109,159.31929166605556,-720.1035168749017,0.0,1.0,1508964106.0975943,0.896739837372245,-22.42408820094592,1.0493218451e-06,0.5194193238530661,-16.338191799054076,4.5877671923e-07,-2.9426245177e-07,0.0
473,64.000443,64.996928,0.982022,1403.899,1403.899,0.06056371446209383,0.06056371446209383,0.530416,0.5304160000000001,1.1102230246251565e-16,-54.367685,-54.367685,0.0,1.1102230246251565e-16,0.42544672794,0.57285591238,0.0016973596839,0.67434542688,0.14260540002,0.14808563215,0.034963540948,-239.1799986011923,-705.193082411581,0.0,1.0,1506411755.1248534,1.3797189453480827,-34.46453643111832,9.3194904728e-07,0.3844377159481447,-19.903148568881683,2.7523261964e-07,-2.2936642617e-07,0.0
474,63.978708,75.006105,10.991199,1302.662,1302.662,0.056196385501108045,0.056196385501108045,0.571187,0.5711869999999998,2.220446049250313e-16,-70.88959,-70.88959,0.0,-2.220446049250313e-16,0.4055015085,0.58737665461,0.0071218368857,0.68975484629,0.22375067627,0.066122270895,0.020372206544,-584.5602674647059,-460.34762325876835,0.0,1.0,1776237687.185883,0.8386598108192701,-67.25236173091356,7.3338270514e-07,0.6810711478376659,-3.637228269086433,4.9546543541e-07,-6.3246086905e-08,0.0
475,64.004176,85.007781,20.992875,1251.523,1251.523,0.05399026683169021,0.05399026683169021,0.559817,0.559817,0.0,-86.648716,-86.648716,0.0,0.0,0.31118695934,0.67662108855,0.012191952113,0.5821444537,0.3250952494,0.065593391578,0.027166905322,-695.8353810754761,-81.77348862180297,0.0,1.0,1721660018.7058225,0.9203227778778027,-77.41074997169224,7.2692807314e-07,0.6082833256511343,-9.237966028307747,4.1938697167e-07,-1.4012905266e-07,0.0
476,63.972708,95.015445,31.000539,1247.367,1247.367,0.053810978437507685,0.053810978437507685,0.526625,0.526625,0.0,77.419695,77.41969500000002,1.4210854715202004e-14,0.0,0.38581429782,0.60406100611,0.010124696072,0.83102993918,0.068856353489,0.092675574459,0.0074381328713,-594.5681903860542,279.28344637158347,0.0,1.0,2725501715.4547935,1.9444230483564138,72.76752725824517,4.5766509444e-07,0.2708386945141114,4.652167741754845,1.2232262175e-07,2.00406018e-08,0.0
477,63.951322,105.113389,41.098483,1268.099,1268.099,0.05470534970511891,0.05470534970511891,0.449902,0.4499019999999999,1.1102230246251565e-16,61.516422,61.516422000000006,7.105427357601002e-15,-1.1102230246251565e-16,0.27358298038,0.72394253437,0.0024744852495,0.83202806336,0.098856881317,0.063666444085,0.0054486112363,-311.0018427812306,478.3003653080612,0.0,1.0,2447153611.0146427,1.7062433953741452,38.10242606267822,5.1819346129e-07,0.2636798485021215,23.41399593732178,9.3485908755e-08,9.9649897191e-08,0.0
478,63.975442,115.032801,51.017895,1293.062,1293.062,0.05578224484082115,0.05578224484082115,0.368833,0.368833,0.0,46.932402,46.932402,0.0,0.0,0.20717024666,0.79209671784,0.00073303549975,0.79395744357,0.15550123138,0.044837431869,0.005703893181,-32.1458247687593,475.83935030202576,0.0,1.0,2284359020.3173337,1.2179468927506036,18.12559213789948,5.6605025239e-07,0.3028317590819004,28.806809862100522,9.1815947209e-08,1.4475482855e-07,0.0
479,63.96692,125.010266,60.99536,1336.058,1336.058,0.05763707732308106,0.05763707732308106,0.275437,0.275437,0.0,32.994603,32.994603,0.0,0.0,0.14762616178,0.84436367749,0.0080101607232,0.71102965447,0.24965947248,0.031640978098,0.0076698949591,149.7423377259846,336.1563482950311,0.0,1.0,1992415074.1894333,0.9161828678600472,1.6966555456760943,6.7057211989e-07,0.30063539677766027,31.297947454323904,9.2788048526e-08,1.7897490572e-07,0.0
480,63.987737,135.021426,71.00652,1359.769,1359.769,0.05865996161433755,0.05865996161433755,0.210534,0.210534,0.0,20.431117,20.431117,0.0,0.0,0.096027296136,0.89248741071,0.01148529315,0.57764412996,0.38846711893,0.022570511572,0.01131823954,216.50742295104334,187.29496489243888,0.0,1.0,1537795598.561339,0.7629105478580933,-13.04051636904942,8.8423259975e-07,0.27596157975674074,33.47163336904942,9.5566317808e-08,2.2452176053e-07,0.0
481,63.984249,144.997624,80.982718,1409.804,1409.804,0.06081845410782239,0.06081845410782239,0.146164,0.146164,0.0,13.789735,13.789735000000004,3.552713678800501e-15,0.0,0.063432610511,0.93482455874,0.0017428307531,0.44699821299,0.52152035422,0.016453733683,0.015027699103,182.64760243928512,95.40254234344744,0.0,1.0,1205081949.921323,0.578825945454664,-22.802878754247374,1.1698822641e-06,0.2525180516660999,36.592613754247374,8.5457643174e-08,2.8278584602e-07,0.0
482,63.999701,154.981549,90.966643,1450.036,1450.036,0.06255404859164135,0.06255404859164135,0.099166,0.099166,0.0,13.834901,13.83490100000001,8.881784197001252e-15,0.0,0.066519736639,0.93196298103,0.0015172823295,0.49315439612,0.47523369244,0.017932666541,0.013679244903,127.34974155183009,66.7745116388945,0.0,1.0,1458488028.3610065,0.45018954119330645,-25.89732914962714,9.9420493813e-07,0.22027610800806946,39.73223014962714,4.0043065899e-08,2.153076292e-07,0.0
483,63.978675,164.975269,100.960363,1467.445,1467.445,0.06330506679528035,0.06330506679528035,0.102636,0.10263599999999999,1.3877787807814457e-17,14.225427,14.225426999999994,5.329070518200751e-15,-1.3877787807814457e-17,0.086839849394,0.90392652408,0.0092336265271,0.63315861536,0.33375473024,0.023446779798,0.009639874608,132.422600163848,71.75260172829539,0.0,1.0,2094190461.6413515,0.663683348646241,-30.73095819347132,7.0072184306e-07,0.15464603746553754,44.95638519347132,1.6497783417e-10,1.0836373081e-07,0.0
484,63.979051,174.967633,110.952727,1434.036,1434.036,0.06186381415782988,0.06186381415782988,0.155931,0.155931,0.0,13.794313,13.794312999999997,3.552713678800501e-15,0.0,0.10796396621,0.86707222498,0.024963808811,0.7346062726,0.23021485239,0.028452260267,0.0067266147445,198.18513561683065,103.55859523713879,0.0,1.0,2664897154.063901,2.647302924253959,-44.911390047841564,5.3812057918e-07,0.05890183498510779,58.70570304784157,-1.4592227374e-08,2.8137549146e-08,0.0
485,63.983909,185.007113,120.992207,1385.46,1385.46,0.059768262416778226,0.059768262416778226,0.230241,0.23024100000000003,2.7755575615628914e-17,7.581841,7.581840999999998,1.7763568394002505e-15,2.7755575615628914e-17,0.12797596565,0.86412341939,0.0079006149667,0.7575794985,0.20533567507,0.031000910197,0.0060839162328,307.88327024312844,83.44050556685325,0.0,1.0,3053504050.3946066,4.011359156220649,67.74735555588349,4.5372790641e-07,0.057397253906559774,-60.16551455588349,-1.3151454787e-08,-2.247806325e-08,0.0
486,63.970988,194.90771,130.892804,1354.091,1354.091,0.0584150146696387,0.0584150146696387,0.29159,0.29159,0.0,-5.895656,-5.895656000000006,6.217248937900877e-15,0.0,0.1361827978,0.78749322722,0.076323974978,0.71923463384,0.24284480914,0.030803453272,0.0071171037487,386.5076462324719,-80.68449047369593,0.0,1.0,3030949465.4096937,2.4214500627720343,51.061574269317674,4.4675472668e-07,0.12041958018584649,-56.95723026931768,-2.180822665e-08,-4.9179547009e-08,0.0
487,63.960493,205.007521,140.992615,1301.867,1301.867,0.056162089477678034,0.056162089477678034,0.386097,0.38609699999999997,5.551115123125783e-17,-19.294306,-19.294305999999995,3.552713678800501e-15,-5.551115123125783e-17,0.14943516325,0.84464516761,0.0059196691349,0.67543567596,0.2855542791,0.030609612667,0.0084004322676,392.891197454939,-313.5130880349231,0.0,1.0,2931013081.875392,2.1932471783736958,30.398223534167137,4.4416963133e-07,0.1760389817468239,-49.692529534167136,-1.2750531584e-08,-7.7144558792e-08,0.0
488,63.94633,214.985445,150.970539,1270.275,1270.275,0.05479922158811728,0.05479922158811728,0.462985,0.46298500000000004,5.551115123125783e-17,-33.918299,-33.918299,0.0,5.551115123125783e-17,0.14349206203,0.82867698145,0.027830956515,0.65325747367,0.3090975534,0.028585828608,0.0090591443259,221.86720880243882,-544.6632374185126,0.0,1.0,2451114332.805977,2.0442130661369577,11.430302467286424,5.1824387912e-07,0.22648568667791746,-45.34860146728642,-1.4282387059e-09,-1.1736613097e-07,0.0
489,63.982612,224.99955,160.984644,1237.393,1237.393,0.05338070354733046,0.05338070354733046,0.511462,0.511462,0.0,-48.277326,-48.277326,0.0,0.0,0.13820323463,0.85147530183,0.010321463536,0.67610250049,0.28662903788,0.028766560487,0.00850190114,-72.2437567176162,-628.7426336113032,0.0,1.0,2012933688.705097,1.928077464398218,-8.237308555556787,6.1472119372e-07,0.2652704621282605,-40.040017444443215,2.8092001228e-08,-1.6062941294e-07,0.0
490,63.998424,234.974214,170.959308,1264.657,1264.657,0.05455686302254521,0.05455686302254521,0.535995,0.5359950000000001,1.1102230246251565e-16,-63.862708,-63.86270799999998,2.1316282072803006e-14,1.1102230246251565e-16,0.14477119901,0.85284562401,0.0023831769863,0.71946762867,0.24134347514,0.031746418575,0.0074424776178,-414.7613711502848,-536.1468038611166,0.0,1.0,1852138399.070302,1.7936876505956936,-31.19959003470072,6.8280912519e-07,0.2988229304148875,-32.66311796529928,8.5176298779e-08,-1.8541014352e-07,0.0
491,63.936684,245.010217,180.995311,1336.629,1336.629,0.057661710064437696,0.057661710064437696,0.534985,0.5349850000000002,1.1102230246251565e-16,-79.228097,-79.228097,0.0,1.1102230246251565e-16,0.28672602239,0.7078892616,0.0053847160088,0.76824505859,0.17731717468,0.047848578223,0.0065891885087,-665.1191387213429,-262.5850013072183,0.0,1.0,3261962645.4576225,1.326774260796472,-61.14810635304157,4.0976220309e-07,0.4032223233505033,-18.079990646958432,1.3339835858e-07,-9.7489830062e-08,0.0
492,63.989037,255.020999,191.006093,1439.97,1439.97,0.062119804853469705,0.062119804853469705,0.488553,0.48855299999999996,5.551115123125783e-17,84.672598,84.672598,0.0,-5.551115123125783e-17,0.38569157248,0.60663864561,0.0076697819085,0.7153565319,0.20926288962,0.062364470474,0.013016108003,-691.3725547726657,130.07144547422516,0.0,1.0,3909602325.922943,0.7809212357268215,-86.83343097193665,3.6831623269e-07,0.6256111085841998,-8.493971028063358,2.2036852237e-07,-6.732271015e-08,0.0
493,63.986648,265.029183,201.014277,1636.438,1636.438,0.07059536602484931,0.07059536602484931,0.421846,0.421846,0.0,69.182923,69.18292300000002,1.4210854715202004e-14,0.0,0.28540072998,0.71310370993,0.0014955600925,0.65513583508,0.27730088689,0.050375196716,0.017188081315,-515.9502866528643,458.6323855661026,0.0,1.0,2643015309.0980897,0.5899139064258507,75.5461671529196,6.1915570234e-07,0.7150975683144435,-6.363244152919586,4.3187944517e-07,-9.7538059918e-08,0.0
494,63.977704,274.997326,210.98242,1869.463,1869.463,0.0806479834585318,0.0806479834585318,0.328179,0.32817900000000005,5.551115123125783e-17,52.607716,52.607716,0.0,5.551115123125783e-17,0.30689096691,0.687473229,0.0056358040859,0.66881296963,0.25659097821,0.056113581539,0.018482470629,-161.01736895550937,592.0121232980756,0.0,1.0,2535774863.312078,0.4574155197855717,53.23204839317213,7.3723540171e-07,0.7174636316534352,-0.6243323931721284,5.2881398415e-07,-1.1526432906e-08,0.0
495,63.99052,284.928597,220.913691,2231.483,2231.483,0.09626540031655878,0.09626540031655878,0.238005,0.238005,0.0,36.891354,36.891354,0.0,0.0,0.37633257743,0.61965904487,0.0040083776994,0.55758163639,0.33733334258,0.069166563979,0.035918457047,148.32724071171887,509.9711823473603,0.0,1.0,2828718922.9714212,0.3540415984010036,31.19096553097943,7.8886699625e-07,0.6722515124633031,5.700388469020569,5.1985307782e-07,1.0482810326e-07,0.0
496,63.983887,294.997029,230.982123,2675.88,2675.8799999999997,0.11543653229671626,0.11543653229671624,0.161136,0.161136,0.0,20.592019,20.592019000000004,3.552713678800501e-15,0.0,0.32401596266,0.67267266186,0.0033113754723,0.51565354762,0.37697033317,0.065676459021,0.041699660193,324.5058223730535,283.92372353572824,0.0,1.0,2186892309.764278,0.2448024637990096,11.532037722852936,1.223599346e-06,0.6582286693499034,9.059981277147065,7.6546590868e-07,2.5048804738e-07,0.0
497,63.94622,304.975873,240.960967,3243.004,3243.004,0.13990206436177258,0.13990206436177258,0.099171,0.09917099999999998,1.3877787807814457e-17,4.162909,4.162908999999998,1.7763568394002505e-15,-1.3877787807814457e-17,0.49092568184,0.49684413001,0.012230188148,0.60522880975,0.27206363548,0.087412063599,0.035295491167,318.2223656919077,46.57007787184211,0.0,1.0,3032111883.871999,0.19213288362490924,-12.231723046469785,1.0695528807e-06,0.516158390635547,16.394632046469784,4.6409812882e-07,2.9896777085e-07,0.0
498,63.981702,314.990502,250.975596,3974.022,3974.022,0.17143792657027257,0.17143792657027257,0.053443,0.053443000000000004,6.938893903907228e-18,-14.538462,-14.538462000000004,3.552713678800501e-15,6.938893903907228e-18,0.60932151728,0.37348851363,0.017189969088,0.56297273174,0.25629919344,0.11878819774,0.061939877073,185.6165258594272,-103.2149378987686,0.0,1.0,3532043317.628941,0.15778118522295792,-39.41242741534905,1.1251339926e-06,0.33871592436373577,24.873965415349048,2.4624886997e-07,2.9085961228e-07,0.0
499,63.97345,324.97644,260.961534,5017.618,5017.618,0.21645829495701782,0.21645829495701782,0.02313,0.023129999999999994,6.938893903907228e-18,-46.212735,-46.212735,0.0,-6.938893903907228e-18,0.61145891177,0.37659175432,0.011949333916,0.52431268665,0.28352835244,0.11914245316,0.073016507748,-4.911529792397691,-115.95353029868261,0.0,1.0,3545410526.6007233,0.0924788071679987,-77.73169726159172,1.4152431608e-06,0.25011135749168584,31.51896226159172,1.6048949236e-07,3.1549444153e-07,0.0
500,63.979034,335.003389,270.988483,6320.33,6320.33,0.27265683744073155,0.27265683744073155,0.023199,0.023199,0.0,-86.420739,-86.420739,0.0,0.0,0.61006333076,0.36619559673,0.023741072509,0.58326870302,0.2280765304,0.13018522736,0.058469539216,-145.48241662272065,-18.271713492535635,0.0,1.0,3670076682.402761,0.13276879263012278,53.12697129478147,1.7221247802e-06,0.1747323263278405,40.45228970521853,4.7567733482e-08,2.9712734956e-07,0.0
501,63.962921,345.009108,280.994202,6095.85,6095.85,0.26297284833435647,0.26297284833435647,0.042167,0.042166999999999996,6.938893903907228e-18,72.016457,72.016457,0.0,-6.938893903907228e-18,0.64011854755,0.3484535006,0.011427951851,0.6584166397,0.15909058938,0.1427420097,0.039750761218,-208.03948570138223,150.96701517782571,0.0,1.0,3215391123.2841024,0.34569769242611653,19.558129218374646,1.8958346796e-06,0.12197651567781885,52.45832778162536,-5.952622586e-08,2.2345457286e-07,0.0
502,63.955247,355.003691,290.988785,4781.57,4781.57,0.20627526635499704,0.20627526635499704,0.056546,0.056545999999999985,1.3877787807814457e-17,59.08853,59.08852999999999,7.105427357601002e-15,-1.3877787807814457e-17,0.65748182168,0.33864052063,0.0038776576939,0.69798335192,0.12390962874,0.14858574227,0.029521277066,-127.67222657941072,238.33678029281558,0.0,1.0,2386609182.133245,0.6583713264206268,-9.140387555218716,2.003499373e-06,0.08588770156109947,68.22891755521871,-1.2473228599e-07,1.1854109643e-07,0.0
503,68.697699,4.97882,300.963914,4357.655,4357.655,0.1879877207294225,0.1879877207294225,0.093431,0.093431,0.0,47.237496,47.237496000000014,1.4210854715202004e-14,0.0,0.75197885663,0.21847724314,0.029543900227,0.74111240763,0.082290778901,0.15548642942,0.021110384046,-31.766680835214654,405.8988912906675,0.0,1.0,1839176832.608909,6.404227932731416,-25.699289437083614,2.3693507458e-06,0.014588956074233836,72.93678543708361,-2.8614084411e-08,1.9392446959e-08,0.0
504,68.713365,15.001975,310.987069,3496.599,3496.599,0.15084206443942397,0.15084206443942397,0.138757,0.13875700000000002,2.7755575615628914e-17,29.853845,29.853845,0.0,2.7755575615628914e-17,0.75767574912,0.23829950044,0.0040247504365,0.75461357466,0.074798973582,0.15135747976,0.01922997199,244.7292700866903,418.93302056515637,0.0,1.0,1647786984.8817956,2.5196850063967924,59.222677175318246,2.1219969766e-06,0.05506918509565039,-29.368832175318246,6.0643609383e-08,-9.9889078245e-08,0.0
505,68.690342,24.956315,320.941409,2861.973,2861.973,0.12346451957742123,0.12346451957742123,0.210379,0.21037899999999998,2.7755575615628914e-17,14.607508,14.607507999999994,5.329070518200751e-15,-2.7755575615628914e-17,0.70571669828,0.28173112018,0.01255218154,0.72723782917,0.10686508976,0.13881659937,0.027080481701,525.5085243290928,293.8775562261355,0.0,1.0,1493343201.3882117,1.3586544164202936,38.53492615568899,1.9164871125e-06,0.15484364342942689,-23.927418155688997,1.9912651986e-07,-2.2002877509e-07,0.0
506,68.734558,34.990699,330.975793,2359.891,2359.891,0.1018048767651128,0.1018048767651128,0.286643,0.2866429999999999,5.551115123125783e-17,-3.125063,-3.125063000000002,2.220446049250313e-15,-5.551115123125783e-17,0.63795884042,0.35229997611,0.0097411834663,0.57019934025,0.2337613215,0.1299196387,0.066119699547,672.4255063258133,-73.64406645032273,0.0,1.0,1390026028.5112936,1.27708156869684,21.72923983745738,1.6977315184e-06,0.22445159888455388,-24.854302837457382,2.4642112465e-07,-2.9065830581e-07,0.0
507,68.72238,45.005744,340.990838,1988.297,1988.297,0.08577444087775388,0.08577444087775388,0.384169,0.384169,0.0,-20.066506,-20.066506,0.0,0.0,0.42765535644,0.56806477517,0.0042798683922,0.41591163485,0.36638505707,0.10968994774,0.10801336034,583.9955697169673,-492.34528813393007,0.0,1.0,1023604773.860871,1.4097014495021396,2.394562887183877,1.9424460014e-06,0.27251798608540545,-22.461068887183878,3.7481633667e-07,-3.7379900358e-07,0.0
508,68.718747,55.008232,350.993326,1718.997,1718.997,0.07415693256366443,0.07415693256366443,0.461597,0.46159700000000004,5.551115123125783e-17,-37.203188,-37.203188,0.0,5.551115123125783e-17,0.62645112177,0.36569194109,0.0078569371481,0.71036811828,0.16153642432,0.10094509624,0.027150361155,213.29848763400648,-764.2776906408338,0.0,1.0,1751444965.9182057,1.1374227033323843,-22.301542164607746,9.8147360234e-07,0.4058271376574672,-14.901645835392253,3.4562708974e-07,-1.9796887072e-07,0.0
509,68.732022,65.0248,1.009894,1514.505,1514.505,0.06533521882372836,0.06533521882372836,0.53696,0.5369599999999998,2.220446049250313e-16,-54.051688,-54.051688000000006,7.105427357601002e-15,-2.220446049250313e-16,0.38376289472,0.605556215,0.010680890281,0.55535900258,0.31768553579,0.084927090657,0.042028370967,-252.69650513355168,-772.9716941507257,0.0,1.0,1309593799.0714722,0.8686662473235891,-46.56003128263321,1.1564692816e-06,0.6181430459102155,-7.491656717366789,6.9055891824e-07,-1.8481916658e-07,0.0
510,68.71589,75.039339,11.024433,1415.06,1415.06,0.06104519611932945,0.06104519611932945,0.579893,0.579893,0.0,-71.214607,-71.214607,0.0,0.0,0.39773249324,0.60116251038,0.0011049963782,0.71577044631,0.10102675608,0.156668599,0.026534198611,-650.3949201652248,-500.3434274942623,0.0,1.0,1779396842.692741,1.4301994688427537,-58.121934913411195,7.9524699946e-07,0.4054630229091195,-13.092672086588806,2.8935131222e-07,-1.4228657389e-07,0.0
511,68.727337,84.999938,20.985032,1352.649,1352.649,0.05835280729129144,0.05835280729129144,0.562361,0.562361,0.0,-88.260315,-88.260315,0.0,0.0,0.45086627507,0.54112359957,0.0080101253637,0.77030777092,0.13025406163,0.086684292688,0.012753874769,-759.2748996610511,-46.164840007844155,0.0,1.0,2681376538.3156385,0.9409868305014268,-88.3196945788931,5.0446066812e-07,0.5976289803124373,0.059379578893099035,3.0147966708e-07,6.2488935363e-10,0.0
512,68.703042,95.003604,30.988698,1355.007,1355.007,0.05845453059097441,0.05845453059097441,0.514125,0.514125,0.0,75.644043,75.64404300000001,1.4210854715202004e-14,0.0,0.20550508473,0.78664998901,0.0078449262627,0.59461165069,0.32890282466,0.053273766732,0.023211757923,-610.988134142558,334.67138059057226,0.0,1.0,1671287516.536815,0.7313927520047665,69.73914240526588,8.1075636992e-07,0.702939697707928,5.904900594734118,5.5784914646e-07,1.1664035425e-07,0.0
513,68.725734,105.059588,41.044682,1370.764,1370.764,0.05913428208932237,0.05913428208932237,0.439446,0.439446,0.0,59.27643,59.27643,0.0,0.0,0.14458061242,0.84871386302,0.0067055245593,0.46882669623,0.46832879435,0.040099468961,0.022745040459,-287.9176190960081,529.1135999759467,0.0,1.0,1591026649.734523,0.6318292627230522,55.40034192386476,8.6155942154e-07,0.6955138451582308,3.8760880761352428,5.9375004018e-07,8.0828803085e-08,0.0
514,68.727009,114.995049,50.980143,1408.566,1408.566,0.06076504721850622,0.06076504721850622,0.343569,0.343569,0.0,44.014129,44.014129000000004,7.105427357601002e-15,0.0,0.20893169878,0.78275018804,0.0083181131773,0.72143072254,0.20009356978,0.067064600358,0.011411107319,16.65071558131868,483.65307999185336,0.0,1.0,3081059243.735915,0.6841416439803639,39.98635847724709,4.5716939811e-07,0.5021898652464738,4.02777052275291,2.2732044441e-07,3.2172546707e-08,0.0
515,68.705007,124.989522,60.974616,1480.401,1480.401,0.0638639841280592,0.0638639841280592,0.259588,0.259588,0.0,28.783344,28.783344,0.0,0.0,0.2038951142,0.79397371969,0.0021311661059,0.81206929358,0.11282348454,0.06822046097,0.0068867609112,206.1038153614877,324.3506637014779,0.0,1.0,4042710941.7882986,0.7353812438181572,21.343660876441945,3.6619016826e-07,0.35299785272221346,7.439683123558053,1.249299309e-07,3.3193113114e-08,0.0
516,68.729807,134.994994,70.980088,1511.946,1511.9460000000001,0.06522482445397064,0.06522482445397065,0.178415,0.17841499999999996,2.7755575615628914e-17,16.809545,16.809545,0.0,-2.7755575615628914e-17,0.17331784552,0.81127001666,0.015412137822,0.79834987318,0.13837466189,0.057058840684,0.0062166242479,224.63395784083278,149.35435110955592,0.0,1.0,4447846596.076157,0.730831714187727,3.774000685665822,3.3992764079e-07,0.2441259684499282,13.035544314334178,7.4541378722e-08,3.6470815553e-08,0.0
517,68.7053,145.01606,81.001154,1573.333,1573.333,0.06787303827824473,0.06787303827824473,0.11463,0.11463000000000001,1.3877787807814457e-17,6.521003,6.521003000000004,3.552713678800501e-15,1.3877787807814457e-17,0.14182740615,0.8426265861,0.015546007745,0.76152755765,0.18481357983,0.046754269284,0.0069045932386,175.6989822264579,40.69900740300179,0.0,1.0,4728434064.023936,0.6646366279853037,-11.528710339845126,3.3273869926e-07,0.17247018171038067,18.049713339845127,4.6368860969e-08,3.3812044289e-08,0.0
518,68.723253,155.006264,90.991358,1624.519,1624.519,0.07008118451131187,0.07008118451131187,0.057141,0.05714099999999999,6.938893903907228e-18,4.950025,4.950024999999999,8.881784197001252e-16,-6.938893903907228e-18,0.11107619033,0.82549809865,0.06342571102,0.74989516584,0.20146188775,0.041535378961,0.0071075674528,91.44437502853252,15.959680528213365,0.0,1.0,4722517412.623883,0.4328819632383419,-12.458515541718622,3.4399428484e-07,0.13200134182661372,17.408540541718622,3.7278775434e-08,2.5925909308e-08,0.0
519,68.717684,164.948891,100.933985,1636.041,1636.0409999999997,0.07057823958296036,0.07057823958296035,0.065063,0.06506300000000001,1.3877787807814457e-17,20.775631,20.775631000000004,3.552713678800501e-15,1.3877787807814457e-17,0.10953326691,0.88819415614,0.0022725769514,0.77170815577,0.17989222402,0.0420626198,0.0063370004153,79.66000543085651,70.60437775776983,0.0,1.0,5540189157.234246,0.5089816562422399,8.37143697932625,2.9530417709e-07,0.12782975418083542,12.404194020673751,3.4265065313e-08,1.5838770739e-08,0.0
520,68.708245,174.965187,110.950281,1578.857,1578.857,0.06811134171651813,0.06811134171651813,0.12481,0.12480999999999999,1.3877787807814457e-17,21.083758,21.083758000000003,3.552713678800501e-15,-1.3877787807814457e-17,0.10743692704,0.88134586485,0.011217208114,0.79901835071,0.15013298866,0.045369024526,0.0054796361052,146.05585921273527,132.28455416199293,0.0,1.0,5758742939.5159235,0.9361784644270287,16.737016010858248,2.7416695216e-07,0.13331859762058054,4.346741989141751,3.61316158e-08,5.5247089056e-09,0.0
521,68.71878,184.98848,120.973574,1517.699,1517.699,0.06547300687257798,0.06547300687257798,0.195585,0.19558500000000006,5.551115123125783e-17,10.315425,10.315425,0.0,5.551115123125783e-17,0.10838790793,0.87408336145,0.017528730625,0.80339435097,0.14482874916,0.046416761531,0.0053601383414,277.80285074982555,104.58997265816083,0.0,1.0,5598869655.165896,1.3003430367060076,22.50865283669897,2.710723938e-07,0.15041031057116316,-12.193227836698972,3.7134450311e-08,-1.6834350218e-08,0.0
522,68.650984,194.988495,130.973589,1477.478,1477.4779999999998,0.06373788692493226,0.06373788692493225,0.27582,0.27582000000000007,5.551115123125783e-17,-2.684489,-2.6844890000000037,3.552713678800501e-15,5.551115123125783e-17,0.10553319504,0.87767921875,0.016787586206,0.78847768561,0.16013339479,0.045362214189,0.006026705408,405.73010778421445,-38.131158625992825,0.0,1.0,4764393899.995702,1.216676226824393,13.54453509303702,3.1010828051e-07,0.22669958853384425,-16.22902409303702,5.931925725e-08,-3.7729501932e-08,0.0
523,68.716056,204.960539,140.945633,1425.823,1425.823,0.06150950819502402,0.06150950819502402,0.347086,0.34708600000000006,5.551115123125783e-17,-16.577397,-16.577397,0.0,5.551115123125783e-17,0.11860897706,0.87939311324,0.0019979097039,0.74805886767,0.20335348108,0.041427989306,0.0071596619433,414.314275009555,-270.65303420680806,0.0,1.0,4423905856.6493,2.6332444216499797,1.061262294568941,3.222995801e-07,0.13180926052527908,-17.638659294568942,3.4680928894e-08,-2.4534860603e-08,0.0
524,68.691019,215.012836,150.99793,1386.676,1386.676,0.05982072023374789,0.05982072023374789,0.449201,0.449201,0.0,-32.297,-32.297,0.0,0.0,0.12224640314,0.87626708935,0.0014865075057,0.71617842083,0.23499055599,0.040503418469,0.0083276047064,267.24100700377033,-562.6561803641945,0.0,1.0,3583531606.431512,4.271828439480101,-2.6267436356412617,3.8695793767e-07,0.10515426973810531,-29.670256364358735,2.0749389691e-08,-3.5002309373e-08,0.0
525,68.709859,225.022007,161.007101,1360.803,1360.803,0.05870456801462262,0.05870456801462262,0.508072,0.5080720000000001,1.1102230246251565e-16,-47.136313,-47.136313,0.0,1.1102230246251565e-16,0.12748157211,0.85938422533,0.013134202568,0.69671245514,0.25724963931,0.03708722121,0.0089506843454,-51.50983759569421,-689.46443117886,0.0,1.0,2937481934.4652185,2.5153274230493587,-10.075745809363475,4.6325493411e-07,0.20199040305617896,-37.060567190636526,2.5602002909e-08,-9.0002518265e-08,0.0
526,68.69143,235.01704,171.002134,1382.085,1382.085,0.059622666090896115,0.059622666090896115,0.54027,0.54027,0.0,-62.978809,-62.97880900000001,1.4210854715202004e-14,0.0,0.12457381198,0.87302224374,0.0024039442778,0.71725478136,0.23739472086,0.036876267725,0.0084742300549,-438.4517267564132,-604.4167220674224,0.0,1.0,2303093503.117054,2.0517924207134244,-32.86210963741975,6.0009938725e-07,0.263316110609349,-30.116699362580253,7.8449812821e-08,-1.371664372e-07,0.0
527,68.706266,244.981537,180.966631,1459.436,1459.436,0.0629595613215056,0.0629595613215056,0.527076,0.527076,0.0,-79.584026,-79.58402600000001,1.4210854715202004e-14,0.0,0.20111804864,0.79264457748,0.0062373738805,0.7581624285,0.1910762881,0.043323008017,0.0074382753752,-718.9469784262809,-273.5611644833765,0.0,1.0,3070889307.9045806,1.513664178202093,-60.463205929770446,4.7524865069e-07,0.3482119796387418,-19.12082007022955,1.2997490482e-07,-1.0243320653e-07,0.0
528,68.694684,255.000139,190.985233,1583.972,1583.972,0.06833200103707723,0.06833200103707723,0.501284,0.501284,0.0,84.113749,84.11374900000001,1.4210854715202004e-14,0.0,0.288951637,0.70416518371,0.0068831792956,0.66589568797,0.25440159881,0.062113725997,0.017588987217,-777.317946578384,162.0008782575661,0.0,1.0,3663925095.550403,0.8594411918656143,-85.80786276622281,4.3231560654e-07,0.5832673657540757,-10.078388233777186,2.3671187397e-07,-8.689032034e-08,0.0
529,68.717702,264.935502,200.920596,1778.077,1778.0769999999998,0.07670562321051332,0.0767056232105133,0.414691,0.41469100000000003,5.551115123125783e-17,67.340996,67.340996,0.0,5.551115123125783e-17,0.20809948763,0.7816406798,0.010259832565,0.5980649498,0.32522508103,0.053711052775,0.022998916394,-518.485110407674,524.2727750069631,0.0,1.0,2226696296.8145695,0.5901766792535637,73.32559995430783,7.9852694889e-07,0.7026556869791734,-5.984603954307831,5.48890965e-07,-1.1636209701e-07,0.0
530,68.711797,274.965553,210.950647,2045.538,2045.5380000000002,0.08824379770436656,0.08824379770436656,0.319847,0.31984699999999994,5.551115123125783e-17,50.624495,50.62449500000001,7.105427357601002e-15,-5.551115123125783e-17,0.30018344801,0.69058179155,0.0092347604408,0.60272247123,0.2948697691,0.072477984339,0.029929775334,-127.62832500301556,641.690035664464,0.0,1.0,2701908914.078309,0.47307621204625394,49.46446082935586,7.5707141323e-07,0.6761003657667058,1.1600341706441482,5.1143667921e-07,2.0720845587e-08,0.0
531,68.706469,284.876187,220.861281,2420.27,2420.27,0.10440960582005675,0.10440960582005675,0.239961,0.239961,0.0,34.254427,34.254427,0.0,0.0,0.24775779731,0.74531945783,0.0069227448576,0.43049789383,0.45357238968,0.062439655892,0.053490060602,212.76956251518774,540.3918779765727,0.0,1.0,1901110093.1119761,0.348796380702952,28.390726541922394,1.2730825052e-06,0.6879687212246612,5.863700458077605,8.5755839265e-07,1.7801955183e-07,0.0
532,68.708858,294.932117,230.917211,2984.685,2984.685,0.12875827256753836,0.12875827256753836,0.162563,0.16256300000000004,2.7755575615628914e-17,16.416912,16.416911999999996,3.552713678800501e-15,2.7755575615628914e-17,0.43380327294,0.55401195852,0.012184768535,0.53675317748,0.32394614497,0.099845387793,0.039455289753,407.6871336933303,263.07719016622156,0.0,1.0,2922930335.12135,0.29909399526969677,3.708884373645523,1.0211276554e-06,0.5435180998983778,12.708027626354477,5.0128559077e-07,2.3820006179e-07,0.0
533,68.699367,305.026499,241.011593,3681.706,3681.706,0.1588275160231453,0.1588275160231453,0.096617,0.09661700000000001,1.3877787807814457e-17,-2.61215,-2.612150000000003,2.6645352591003757e-15,1.3877787807814457e-17,0.52723923774,0.46912675707,0.0036340051903,0.56400170616,0.22859218933,0.14216601378,0.065240090729,354.23770078165757,-32.389643918955315,0.0,1.0,3155430495.3545585,0.259224626797672,-20.923726635514896,1.1667840586e-06,0.37271535962287544,18.311576635514896,3.4902312504e-07,2.594263456e-07,0.0
534,68.710418,315.028581,251.013675,4593.881,4593.881,0.19817842818951942,0.19817842818951942,0.05196,0.05196,0.0,-21.190626,-21.19062600000001,7.105427357601002e-15,0.0,0.46436883287,0.53013938565,0.0054917814857,0.43301494923,0.3490586475,0.11449512212,0.10343128114,176.32051204814508,-160.8969836015583,0.0,1.0,2566449264.477342,0.18751876782357102,-43.13741356222763,1.789975381e-06,0.2770922644334305,21.946787562227627,3.5742350693e-07,3.4387913833e-07,0.0
535,68.701421,325.021154,261.006248,6093.547,6093.547,0.2628734977155397,0.2628734977155397,0.024722,0.024722000000000004,3.469446951953614e-18,-51.640339,-51.640339,0.0,3.469446951953614e-18,0.45203833496,0.53614929749,0.011812367554,0.38383954187,0.39813038677,0.10109528364,0.11693478773,-34.60632482077038,-146.61588781790942,0.0,1.0,2547318750.301404,0.11378457734239467,-77.69526479060522,2.3921415407e-06,0.2172702186659958,26.054925790605225,3.1919875352e-07,4.1017433248e-07,0.0
536,68.671086,334.999499,270.984593,10175.18,10175.18,0.4389537253893678,0.4389537253893678,0.033184,0.033184,0.0,87.037577,87.037577,0.0,0.0,0.55480211074,0.44051940237,0.0046784868856,0.48043941894,0.30891671622,0.12242954442,0.088214320423,-335.8494799006225,34.85386877358141,0.0,1.0,4182526589.0965614,0.19843113156916956,54.82127591089108,2.4327830997e-06,0.16723182364372421,32.21630108910892,1.7558042737e-07,3.6700038899e-07,0.0
537,68.689789,344.982307,280.967401,9406.152,9406.152,0.40577812500404437,0.40577812500404437,0.05153,0.05153,0.0,80.764523,80.764523,0.0,0.0,0.65986925645,0.32099532487,0.019135418679,0.60499018251,0.19718350774,0.14433770701,0.053488602742,-459.7294474595407,153.564214305236,0.0,1.0,3865798419.0407615,0.46492101595428237,39.901301348295426,2.4331718782e-06,0.1108360307056267,40.86322165170457,3.8807264316e-08,2.6687633405e-07,0.0
538,68.694917,354.99791,290.983004,5694.09,5694.089999999999,0.24564106170135025,0.2456410617013502,0.065245,0.065245,0.0,65.90838,65.90838000000001,1.4210854715202004e-14,0.0,0.74143971028,0.25069339254,0.0078668971797,0.69435343192,0.1208227476,0.15360818169,0.031215638788,-247.7050820263394,276.88001495291985,0.0,1.0,2370683466.9893575,1.0511207535548797,14.268361770931193,2.4018769605e-06,0.062071840727473106,51.6400182290688,-3.4247312027e-08,1.4510213272e-07,0.0
539,73.437543,5.012256,300.99735,4920.869,4920.869,0.21228457675471613,0.21228457675471613,0.095213,0.095213,0.0,51.603588,51.603588,0.0,0.0,0.78956475202,0.1980049611,0.012430286879,0.75209090844,0.083717610047,0.14436737673,0.019824104785,-107.04652283032875,456.1382015171727,0.0,1.0,1566432689.1546612,7.297483436103246,69.05511913073722,3.1414493799e-06,0.01304737459614467,-17.451531130737227,3.3614858423e-08,-2.3452721073e-08,0.0
540,73.473998,15.088353,311.073447,3894.146,3894.1459999999997,0.1679921037180772,0.16799210371807718,0.143148,0.14314800000000003,2.7755575615628914e-17,34.166466,34.16646600000001,7.105427357601002e-15,2.7755575615628914e-17,0.76366390377,0.23359080682,0.0027452894061,0.72295246067,0.1013047548,0.14828295836,0.027459826161,205.8136124338881,518.0533095879824,0.0,1.0,1373246690.6976974,2.043948098558381,59.68700042286979,2.8357221076e-06,0.07003504643829453,-25.520534422869783,1.2487232354e-07,-1.5443067962e-07,0.0
541,73.462283,25.020478,321.005572,3145.518,3145.518,0.13569655223586347,0.13569655223586347,0.209804,0.209804,0.0,17.977642,17.977642000000007,7.105427357601002e-15,0.0,0.67577140612,0.32118290275,0.0030456911272,0.61123084074,0.1854208768,0.14842411105,0.054924171404,534.2070763886092,387.48752761019114,0.0,1.0,1213742151.2878165,1.5920816845988712,39.948584165949484,2.5915866864e-06,0.1317796706221519,-21.97094216594948,2.4590831344e-07,-2.3698933771e-07,0.0
542,73.448573,35.024396,331.00949,2583.567,2583.567,0.11145418159118882,0.11145418159118882,0.286404,0.2864040000000001,1.1102230246251565e-16,0.38457,0.38457000000000324,3.219646771412954e-15,1.1102230246251565e-16,0.47286961448,0.5248455216,0.0022848639143,0.39809785478,0.38012692795,0.10703498023,0.11474023703,739.8772534723206,9.932727697769943,0.0,1.0,904543738.6381596,1.4063577666212788,20.510419900836954,2.8562101418e-06,0.20364946018542263,-20.125849900836954,4.4393496341e-07,-3.7584129734e-07,0.0
543,73.449483,45.035829,341.020923,2137.227,2137.227,0.09219922926697534,0.09219922926697534,0.382996,0.3829960000000001,1.1102230246251565e-16,-18.286516,-18.286515999999995,3.552713678800501e-15,1.1102230246251565e-16,0.49274862285,0.48984529426,0.017406082887,0.41123357962,0.42761907891,0.075884787923,0.085262553543,657.3753941057114,-487.7301492818992,0.0,1.0,1054453431.0383394,1.4131387654651144,2.7015042053058522,2.0268576469e-06,0.27102504676810163,-20.98802020530585,4.0838481761e-07,-3.6740222935e-07,0.0
544,73.441222,55.006151,350.991245,1847.139,1847.139,0.07968493386475632,0.07968493386475632,0.46599,0.46598999999999996,5.551115123125783e-17,-35.684578,-35.684578,0.0,-5.551115123125783e-17,0.66878773676,0.31741343906,0.013798824188,0.77206189214,0.097846447335,0.11106865857,0.019023001952,274.98280800869856,-815.6421370586779,0.0,1.0,1741496143.5983198,1.0703439922477276,-26.672269714170895,1.0606621248e-06,0.43536470833214913,-9.012308285829105,4.3911263784e-07,-1.428849519e-07,0.0
545,73.453627,65.012438,0.997532,1619.911,1619.911,0.06988239699437417,0.06988239699437417,0.531173,0.531173,0.0,-54.096317,-54.096317,0.0,0.0,0.33720129793,0.65921839052,0.003580311549,0.54031280065,0.3237008082,0.090163930475,0.045822460674,-268.6444243901482,-817.4408319121345,0.0,1.0,1124245980.5016494,0.8809915991427105,-47.99223773129405,1.4408866281e-06,0.6029262940950656,-6.10407926870595,8.4910237807e-07,-1.8370899456e-07,0.0
546,73.453944,74.998598,10.983692,1528.302,1528.302,0.06593041660393442,0.06593041660393442,0.56893,0.56893,0.0,-71.061615,-71.06161499999999,1.4210854715202004e-14,0.0,0.36781508744,0.62636485213,0.0058200604362,0.70262101176,0.10732364018,0.16073059452,0.029324753549,-686.3226283845073,-533.8408319497496,0.0,1.0,1730313527.324605,1.372047467627276,-58.30905851188359,8.8325148932e-07,0.41465766558635775,-12.752556488116408,3.3055508144e-07,-1.5770289676e-07,0.0
547,73.446615,85.011389,20.996483,1471.448,1471.448,0.06347775482268957,0.06347775482268957,0.559972,0.559972,0.0,-88.657139,-88.65713900000002,1.4210854715202004e-14,0.0,0.39994704534,0.59478730958,0.0052656450824,0.82167245503,0.094053249406,0.075637611882,0.0086366836846,-823.0646169754333,-38.609182145014046,0.0,1.0,2732895730.484028,1.0288542826421843,86.07710558581036,5.3842083457e-07,0.544267550271497,5.265755414189635,2.8810850961e-07,5.3561665967e-08,0.0
548,73.442816,95.005978,30.991072,1469.225,1469.225,0.06338185537604188,0.06338185537604188,0.493865,0.49386500000000005,5.551115123125783e-17,74.043551,74.04355100000001,1.4210854715202004e-14,5.551115123125783e-17,0.24845326896,0.74116156578,0.010385165265,0.68331815351,0.22937905917,0.069289903614,0.018012883702,-615.9265102340632,383.57288650805,0.0,1.0,2545586107.38223,0.7756479179268584,66.76401197403956,5.7716570488e-07,0.6367128546157849,7.2795390259604345,3.5568837424e-07,9.2378654773e-08,0.0
549,73.472653,104.99067,40.975764,1501.132,1501.132,0.06475831225601832,0.06475831225601832,0.408276,0.408276,0.0,57.107737,57.10773700000001,7.105427357601002e-15,0.0,0.097852409743,0.89158484818,0.01056274208,0.49112359165,0.4334907076,0.045486813822,0.029898886934,-251.3830240609161,558.9488107562964,0.0,1.0,1528656999.305282,0.5717092760174982,50.09875614621424,9.819939991e-07,0.7141321946777437,7.0089808537857605,6.8038949061e-07,1.6986672593e-07,0.0
550,73.463102,115.016373,51.001467,1542.875,1542.8749999999998,0.06655909075418034,0.06655909075418033,0.332972,0.33297200000000005,5.551115123125783e-17,41.27295,41.27295000000001,7.105427357601002e-15,5.551115123125783e-17,0.091657399073,0.90337332336,0.0049692775668,0.58080077226,0.34775492408,0.05058220919,0.020862094468,66.64770945771345,509.3926627595225,0.0,1.0,2172956620.4439206,0.49755282386087846,36.37381870421009,7.1003488311e-07,0.6692193954728771,4.899131295789915,4.6823785157e-07,8.0864098552e-08,0.0
551,73.43532,125.007707,60.992801,1582.943,1582.943,0.06828761033505273,0.06828761033505273,0.24542,0.24541999999999994,5.551115123125783e-17,25.422701,25.422701,0.0,-5.551115123125783e-17,0.096482952339,0.89861286811,0.0049041795468,0.74970201023,0.1821422922,0.058591621005,0.009564076564,245.29581681693782,301.24945521172015,0.0,1.0,3438156700.7096286,0.434596511322173,21.049047486544378,4.6040455331e-07,0.5647077084290408,4.373653513455621,2.5696992147e-07,3.9539089844e-08,0.0
552,73.464597,135.008829,70.993923,1641.279,1641.2790000000002,0.07080420508072939,0.0708042050807294,0.164627,0.16462699999999997,2.7755575615628914e-17,9.386514,9.386514,0.0,-2.7755575615628914e-17,0.08526987587,0.91314785381,0.001582270319,0.81203351824,0.12412403539,0.057669192194,0.0061732541699,255.82449262880505,86.9553965637445,0.0,1.0,4788635931.065566,0.38251413351762115,4.705523382551146,3.4274457771e-07,0.43038148286464867,4.680990617448854,1.4554612132e-07,2.3995790663e-08,0.0
553,73.447392,144.984051,80.969145,1715.609,1715.609,0.07401077542230484,0.07401077542230484,0.091849,0.09184900000000001,1.3877787807814457e-17,-6.982075,-6.982074999999999,8.881784197001252e-16,1.3877787807814457e-17,0.058931280912,0.92729802149,0.013770697596,0.82334950191,0.12067572748,0.050804583166,0.0051701874439,152.92008415961075,-38.02564480812548,0.0,1.0,5503985282.722901,0.28888967986264275,-10.627312726593644,3.1170305004e-07,0.31793797564409737,3.6452377265936438,9.8301049796e-08,1.257604605e-08,0.0
554,73.416928,155.013988,90.999082,1778.616,1778.616,0.07672887548300233,0.07672887548300233,0.01997,0.019969999999999998,3.469446951953614e-18,-5.47948,-5.47948,0.0,-3.469446951953614e-18,0.037222570795,0.91120260195,0.051574827255,0.82692860878,0.1221241798,0.046131345962,0.004815865459,34.87122370353714,-6.75236142968593,0.0,1.0,5721774606.376477,0.09017202747008754,-1.8787629788549358,3.1085041309e-07,0.22146557596949434,-3.600717021145064,6.8299604817e-08,-8.6299833659e-09,0.0
555,73.439974,164.973324,100.958418,1780.268,1780.2679999999998,0.07680014218829337,0.07680014218829335,0.036161,0.036161,0.0,41.206004,41.206004,0.0,0.0,0.025438589607,0.93004162163,0.044519788766,0.83840250851,0.11264226078,0.044594442251,0.0043607884521,8.500799649294297,63.812543377014634,0.0,1.0,5760007742.9355135,0.15812560760801048,48.813430450840684,3.0907389008e-07,0.2286852872663246,-7.607426450840683,6.820318808e-08,-1.8549382995e-08,0.0
556,73.434657,174.9892,110.974294,1706.776,1706.776,0.07362972287518879,0.07362972287518879,0.101268,0.10126799999999996,4.163336342344337e-17,31.585558,31.585558,0.0,-4.163336342344337e-17,0.022928344652,0.96328479957,0.013786855779,0.84203715746,0.11120475151,0.042873934976,0.003884156052,78.008246007912,154.23682635959042,0.0,1.0,6144482528.43203,0.42431201018613335,42.93439542470993,2.7777375753e-07,0.23866399623139742,-11.348837424709933,6.1160327198e-08,-2.5581002833e-08,0.0
557,73.460065,185.004838,120.989932,1679.108,1679.108,0.07243613498052029,0.07243613498052029,0.164476,0.16447600000000004,2.7755575615628914e-17,16.57703,16.57703,0.0,2.7755575615628914e-17,0.02831080442,0.95707676217,0.014612433406,0.83421111026,0.11270791937,0.04892299408,0.004157976291,231.21285974488558,151.03682138979266,0.0,1.0,7557467142.035768,0.6742999660638114,26.855505658725814,2.2217867024e-07,0.2439211156425226,-10.278475658725814,5.074318723e-08,-1.9029610537e-08,0.0
558,73.446218,195.04632,131.031414,1616.379,1616.3790000000001,0.06973002774311027,0.06973002774311028,0.25325,0.2532499999999999,5.551115123125783e-17,1.225552,1.2255520000000002,2.220446049250313e-16,-5.551115123125783e-17,0.029193365302,0.94798083836,0.022825796336,0.83949216759,0.10774664039,0.048380640188,0.0043805518361,408.97346207715606,17.50649820561651,0.0,1.0,6015389441.751612,0.8533650152916953,7.500057086347752,2.687072908e-07,0.2967663256190959,-6.274505086347752,7.7838249173e-08,-1.7326192036e-08,0.0
559,73.457317,204.993475,140.978569,1545.429,1545.429,0.06666926942567751,0.06666926942567751,0.330252,0.330252,0.0,-13.365408,-13.365408000000004,3.552713678800501e-15,0.0,0.037929294412,0.94423977841,0.017830927181,0.82707767605,0.12213676655,0.045988519809,0.0047970375901,455.8363930691488,-229.5690885085949,0.0,1.0,5143828834.335555,1.4590716113631326,-17.756417442585487,3.0044331757e-07,0.22634392817187582,4.391009442585487,6.7206270827e-08,1.0382484674e-08,0.0
560,73.431821,214.961519,150.946613,1512.72,1512.72,0.06525821454470628,0.06525821454470628,0.411088,0.41108799999999995,5.551115123125783e-17,-29.917894,-29.917893999999997,3.552713678800501e-15,-5.551115123125783e-17,0.064623527783,0.8956004527,0.03977601952,0.78942601155,0.15478462082,0.049733306334,0.0060560612951,312.4727391413492,-537.6541077378669,0.0,1.0,5309916648.278429,7.490383922773587,-29.98587140231479,2.8488582782e-07,0.05488210006834733,0.06797740231478809,1.5635088494e-08,3.7099929683e-11,0.0
561,73.437594,224.95953,160.944624,1508.416,1508.4159999999997,0.06507254148201098,0.06507254148201097,0.493824,0.4938240000000001,1.1102230246251565e-16,-46.051467,-46.051467,0.0,1.1102230246251565e-16,0.095009952648,0.8902790905,0.014710956854,0.7522833436,0.19406386333,0.046380478666,0.0072723144072,-27.333725048008585,-744.3903499389544,0.0,1.0,4882428045.509527,3.105420210670425,-6.3544542903427015,3.0894792221e-07,0.15902002514931432,-39.6970127096573,9.0423641791e-09,-4.8289596086e-08,0.0
562,73.434266,234.96924,170.954334,1511.716,1511.716,0.0652149023339846,0.0652149023339846,0.537945,0.537945,0.0,-62.731388,-62.731387999999995,7.105427357601002e-15,0.0,0.1019738986,0.86602432948,0.032001771922,0.74905548203,0.20060943271,0.042628836013,0.0077062492464,-471.8090701139306,-662.3617389556442,0.0,1.0,3473295707.931122,2.0346240628687977,-33.21921150285523,4.3523964762e-07,0.26439528059129674,-29.512176497144768,5.9226234714e-08,-9.8663974211e-08,0.0
563,73.461458,244.971721,180.956815,1574.384,1574.384,0.06791837805261572,0.06791837805261572,0.525185,0.525185,0.0,-79.034675,-79.034675,0.0,0.0,0.10628159356,0.87836378627,0.015354620176,0.76508183229,0.18694291109,0.040267362932,0.0077078936897,-767.0096952173044,-308.81263623023995,0.0,1.0,2572563582.978618,1.449779595040457,-56.751706516872325,6.1199031597e-07,0.3622516152086858,-22.282968483127668,1.5794476024e-07,-1.5556958371e-07,0.0
564,73.43586,255.010161,190.995255,1721.01,1721.01,0.07424377268336833,0.07424377268336833,0.490432,0.4904319999999999,5.551115123125783e-17,83.705062,83.70506200000001,1.4210854715202004e-14,-5.551115123125783e-17,0.18365119126,0.80659723131,0.0097515774306,0.71673257464,0.21519939857,0.054673705462,0.013394321334,-823.7437200113166,183.9757169922688,0.0,1.0,3279657679.187132,0.9164998517970152,-83.8279238282339,5.2475293715e-07,0.5351141072618744,-12.46701417176609,2.5463014647e-07,-1.1837924038e-07,0.0
565,73.441057,265.00743,200.992524,1907.776,1907.776,0.0823007929499455,0.0823007929499455,0.423907,0.4239069999999999,5.551115123125783e-17,65.997239,65.997239,0.0,-5.551115123125783e-17,0.16995440886,0.82728266676,0.0027629243813,0.6013031299,0.31495598687,0.059839703835,0.023901179395,-541.0811121461179,601.047937230126,0.0,1.0,2260015496.0934215,0.6021126300308944,71.91310695541196,8.4414288455e-07,0.7040327321787774,-5.915867955411965,5.8167761547e-07,-1.2185507452e-07,0.0
566,73.440211,274.985041,210.970135,2262.118,2262.118,0.09758698355904719,0.09758698355904719,0.32979,0.3297900000000001,5.551115123125783e-17,48.094615,48.094615000000005,7.105427357601002e-15,5.551115123125783e-17,0.22016457105,0.76907302876,0.010762400184,0.57501757726,0.31560065824,0.075095447704,0.034286316796,-80.4306872478782,741.6755063961974,0.0,1.0,2312573310.018597,0.4808274192101985,47.26804371815443,9.7818217922e-07,0.685880186578605,0.8265712818455678,6.7063653199e-07,1.9355100043e-08,0.0
567,73.465215,285.062331,221.047425,2703.766,2703.766,0.11663952463554544,0.11663952463554544,0.241072,0.24107200000000004,2.7755575615628914e-17,30.250357,30.250357000000008,7.105427357601002e-15,2.7755575615628914e-17,0.24525660803,0.75158725022,0.0031561417528,0.4358436021,0.4442871761,0.072328055197,0.047541166609,320.9557282814672,567.3038242281166,0.0,1.0,2036168771.9059036,0.3654948471004353,23.792904982753306,1.3278692991e-06,0.6595770143204104,6.4574520172466965,8.5367622131e-07,1.9575167942e-07,0.0
568,73.44135,294.986126,230.97122,3315.263,3315.263,0.14301929248382156,0.14301929248382156,0.158891,0.158891,0.0,12.127607,12.127607,0.0,0.0,0.4295220606,0.56847068047,0.0020072589339,0.59051729815,0.22023967617,0.14245778108,0.046785244594,480.26505583288383,216.3962083100302,0.0,1.0,2931528991.4606667,0.3564137960836733,-0.7020718883082235,1.1308989301e-06,0.44580485308345935,12.829678888308223,4.54442171e-07,2.1831136509e-07,0.0
569,73.432831,305.020625,241.005719,4074.649,4074.6490000000003,0.17577894034346928,0.1757789403434693,0.100247,0.10024700000000002,1.3877787807814457e-17,-6.992191,-6.992190999999999,8.881784197001252e-16,1.3877787807814457e-17,0.4222067662,0.57277554293,0.0050176908686,0.51388591789,0.26783939841,0.13753409826,0.080740585439,396.3649155366887,-98.71012079132284,0.0,1.0,2423342707.359379,0.30701998624557103,-23.239846647421857,1.6814167421e-06,0.3265162024983516,16.24765564742186,4.6305431483e-07,2.949448633e-07,0.0
570,73.438805,315.011766,250.99686,5163.19,5163.19,0.22273822039444308,0.22273822039444308,0.055813,0.05581300000000001,6.938893903907228e-18,-31.478227,-31.478227,0.0,6.938893903907228e-18,0.39537681713,0.5999764763,0.0046467065735,0.37906214016,0.40659296399,0.09714117627,0.11720371958,131.02296868442593,-256.664627028299,0.0,1.0,2041298808.579983,0.21723677397102048,-50.80825460275163,2.5293651171e-06,0.25692243067209924,19.330027602751635,5.0744634111e-07,4.0596065983e-07,0.0
571,73.440336,325.003746,260.98884,7186.554,7186.554,0.31002543945285116,0.31002543945285116,0.036796,0.03679600000000001,6.938893903907228e-18,-56.460273,-56.460273,0.0,6.938893903907228e-18,0.48256592219,0.51298418466,0.0044498931422,0.35688077445,0.45880858021,0.076358511515,0.10795213383,-102.98589788923123,-243.55807553073123,0.0,1.0,2565884067.451227,0.17518484492045597,-79.68068576508735,2.8008100955e-06,0.21004099993185776,23.220412765087342,4.0538914213e-07,4.2630837367e-07,0.0
572,73.32303,334.714399,270.699493,23180.53,23180.53,1.0,1.0,0.04413,0.044129999999999996,6.938893903907228e-18,77.168802,77.168802,0.0,-6.938893903907228e-18,0.6219451787,0.37533366051,0.0027211607964,0.49146359732,0.34300948548,0.095385180425,0.070141736777,-922.0538079766243,443.00944363794935,0.0,1.0,8347882926.343847,0.2938622837197564,48.47105365884135,2.7768154159e-06,0.15017238497365265,28.69774834115865,2.2469556365e-07,3.5128582717e-07,0.0
573,73.436088,345.03433,281.019424,18521.53,18521.53,0.79901236080452,0.79901236080452,0.062401,0.062401,0.0,86.769312,86.769312,0.0,0.0,0.73177496902,0.25657150338,0.011653527593,0.64452591031,0.19250491335,0.12366311456,0.039306061782,-1148.4205263238964,130.0618330117798,0.0,1.0,6259690105.580844,0.744169143273519,50.660451859096945,2.9588573376e-06,0.08385324836972519,36.108860140903055,7.5772935729e-08,2.3625607861e-07,0.0
574,73.435431,354.993447,290.978541,6564.091,6564.091,0.2831726021795015,0.2831726021795015,0.067294,0.06729400000000002,1.3877787807814457e-17,68.099973,68.099973,0.0,1.3877787807814457e-17,0.78467137015,0.20085872628,0.014469903568,0.72459627392,0.11243613039,0.13891319425,0.024054401438,-318.8184833636238,305.7365101153513,0.0,1.0,2077007540.6061654,1.9382982324397162,24.915786705557863,3.1603597347e-06,0.03471808356100998,43.18418629444214,6.949924406e-09,1.0950130308e-07,0.0
575,78.190615,4.998346,300.98344,5345.136,5345.136,0.23058730753783457,0.23058730753783457,0.102467,0.102467,0.0,55.941396,55.94139599999999,7.105427357601002e-15,0.0,0.77796423375,0.21202229883,0.010013467422,0.68831979552,0.1011714376,0.17786864597,0.032640120907,-204.1327944789501,508.23729452792236,0.0,1.0,1213669884.654881,3.3224557102865706,68.70969350784026,4.4041102672e-06,0.030840742190408898,-12.768297507840265,1.2255720236e-07,-5.8552902515e-08,0.0
576,78.201365,14.928208,310.913302,4251.927,4251.927,0.18342665159079624,0.18342665159079624,0.148255,0.14825500000000003,2.7755575615628914e-17,39.478524,39.478524,0.0,2.7755575615628914e-17,0.70905404249,0.27769798145,0.013247976064,0.63022689392,0.14384093658,0.173960119,0.0519720505,120.74400184224757,618.6974330059895,0.0,1.0,1064689675.1897591,2.1805439218953575,59.67850073407003,3.9935833878e-06,0.0679899168786909,-20.199976734070024,2.0677561538e-07,-1.7597955289e-07,0.0
577,78.201394,24.958287,320.943381,3393.433,3393.433,0.14639151908951176,0.14639151908951176,0.210673,0.21067300000000003,2.7755575615628914e-17,21.36862,21.368619999999996,3.552713678800501e-15,2.7755575615628914e-17,0.56952840354,0.40630156689,0.024170029574,0.47102963591,0.27392361544,0.15050434606,0.10454240259,525.0786812600219,485.1609253136661,0.0,1.0,893123243.577766,1.9022558162598016,39.862400116068784,3.7995125806e-06,0.11074903711648172,-18.493780116068788,3.3611469498e-07,-2.5316619422e-07,0.0
578,78.180626,35.000046,330.98514,2756.344,2756.344,0.11890772126435419,0.11890772126435419,0.291892,0.291892,0.0,1.932574,1.9325740000000011,1.1102230246251565e-15,0.0,0.49836522224,0.49200774899,0.009627028772,0.34442850326,0.45365673648,0.084553452727,0.11736130753,802.7247762845857,54.233752961263306,0.0,1.0,858809335.5963101,1.6804361055470134,20.556065587230215,3.2094946873e-06,0.17370014785833449,-18.623491587230216,4.4378068604e-07,-3.374217987e-07,0.0
579,78.187706,45.010603,340.995697,2266.296,2266.296,0.09776722102557621,0.09776722102557621,0.376607,0.37660699999999997,5.551115123125783e-17,-16.598637,-16.598637,0.0,-5.551115123125783e-17,0.72999656446,0.25922540467,0.01077803087,0.66333061025,0.15873449345,0.1396343245,0.038300571794,714.2030341432838,-467.3128402208323,0.0,1.0,1460427369.8705914,1.3635858572660167,-3.2800509359345273,1.5518032918e-06,0.27618869614495367,-13.318586064065473,3.8310145213e-07,-1.9215389126e-07,0.0
580,78.162755,55.016785,351.001879,1939.774,1939.774,0.08368117553826422,0.08368117553826422,0.459167,0.4591669999999999,1.1102230246251565e-16,-34.874697,-34.874697,0.0,-1.1102230246251565e-16,0.57104738197,0.41193801362,0.017014604407,0.73013528125,0.11582033444,0.12711996557,0.026924418741,308.2884506497037,-835.6251938390316,0.0,1.0,1455671957.944164,1.0787339013950075,-30.342644759806763,1.3325625938e-06,0.42565362913523896,-4.532052240193235,5.6012718035e-07,-8.9357954471e-08,0.0
581,78.165341,65.009032,0.994126,1715.442,1715.442,0.07400357110040194,0.07400357110040194,0.519703,0.519703,0.0,-52.986481,-52.986481,0.0,0.0,0.26306404972,0.73197326125,0.0049626890327,0.50588737124,0.33998173584,0.097702726903,0.056428166022,-245.33187286898743,-857.1002352480876,0.0,1.0,929101069.4150987,0.9465604401940698,-48.059677621314336,1.8463459536e-06,0.5490436510250177,-4.926803378685659,9.9877027897e-07,-1.7348008309e-07,0.0
582,78.179016,75.018231,11.003325,1605.475,1605.475,0.06925963297646776,0.06925963297646776,0.55397,0.5539699999999999,1.1102230246251565e-16,-71.333627,-71.333627,0.0,-1.1102230246251565e-16,0.3864321146,0.6023550247,0.011212860704,0.69283239046,0.092089628239,0.18662386985,0.028454111454,-707.1740272356526,-539.3612408032633,0.0,1.0,2096200701.5654793,1.2981885781409843,-60.942018570116346,7.6589755876e-07,0.4267253689701146,-10.391608429883657,3.0556111282e-07,-1.1596936901e-07,0.0
583,78.190282,85.012282,20.997376,1558.287,1558.287,0.06722395907254926,0.06722395907254926,0.545058,0.5450579999999999,1.1102230246251565e-16,-89.412528,-89.412528,0.0,-1.1102230246251565e-16,0.35527221483,0.62993391175,0.014793873415,0.81789127963,0.078907454279,0.094038092106,0.0091631739843,-849.1782151512609,-17.416234454086613,0.0,1.0,3183698333.8761063,1.118786939892354,83.0155874373771,4.8945811964e-07,0.48718659519965773,7.571884562622893,2.3017660592e-07,6.2295090486e-08,0.0
584,78.181121,95.005108,30.990202,1544.212,1544.212,0.06661676846905572,0.06661676846905572,0.47816,0.47815999999999986,1.1102230246251565e-16,72.908125,72.908125,0.0,-1.1102230246251565e-16,0.17039450421,0.82056859418,0.0090369016076,0.76756901803,0.14793303587,0.072465825268,0.012032120827,-610.8177784405798,414.8581339380268,0.0,1.0,2653175269.1743984,0.8787729931605948,60.81214364614381,5.8202411953e-07,0.5441223202368223,12.095981353856189,2.8887963843e-07,1.2977895234e-07,0.0
585,78.174825,104.884565,40.869659,1569.922,1569.922,0.06772588892488654,0.06772588892488654,0.39962,0.39962,0.0,55.44127,55.44127000000001,7.105427357601002e-15,0.0,0.07094130319,0.91516262536,0.013896071451,0.62601355545,0.29435355867,0.05928147018,0.020351415702,-223.62890060390953,586.1621186482045,0.0,1.0,2008587970.0509443,0.658004432459763,45.519806276892425,7.8160480069e-07,0.6073211368898138,9.92146372310758,4.4650150094e-07,1.6112842442e-07,0.0
586,78.180787,114.950987,50.936081,1611.475,1611.475,0.06951847088914706,0.06951847088914706,0.311313,0.31131300000000006,5.551115123125783e-17,37.454668,37.454668000000005,7.105427357601002e-15,5.551115123125783e-17,0.028456294198,0.96702025849,0.0045234473156,0.49697384907,0.4328179003,0.044034000913,0.026174249719,130.60918485611995,484.3729522027713,0.0,1.0,1537885148.4156036,0.4819644839165598,30.24500396413916,1.0478513312e-06,0.6459251882424932,7.209664035860841,6.5551277852e-07,1.6854280302e-07,0.0
587,78.174279,125.005356,60.99045,1637.778,1637.778,0.07065317315868101,0.07065317315868101,0.222851,0.22285099999999997,2.7755575615628914e-17,19.672425,19.672425000000004,3.552713678800501e-15,-2.7755575615628914e-17,0.02284764901,0.97464100975,0.0025113412416,0.65442361554,0.27758004409,0.053709791542,0.014286548829,282.2555165499322,231.39266035396213,0.0,1.0,2599342612.763069,0.3575003185773908,14.310028001549465,6.3007392406e-07,0.6233588850683996,5.362396998450535,3.8590155037e-07,7.3089825063e-08,0.0
588,78.192224,134.999779,70.984873,1744.97,1744.97,0.07527739874800102,0.07527739874800102,0.149287,0.149287,0.0,2.210342,2.210342,0.0,0.0,0.012284034517,0.98490385985,0.0028121056369,0.78243061171,0.1526620497,0.057212283817,0.0076950547697,259.7263426710923,20.079172883220668,0.0,1.0,4036647178.727791,0.27010698600241395,-1.8366410012479264,4.3228202088e-07,0.5526958121648354,4.046983001247926,2.3654045427e-07,3.363927689e-08,0.0
589,78.183159,144.99399,80.979084,1783.953,1783.9529999999997,0.07695911180633057,0.07695911180633057,0.082632,0.082632,0.0,-18.868253,-18.868253,0.0,0.0,0.0044216800544,0.96636150377,0.029216816179,0.82627406439,0.1151846565,0.053214223683,0.0053270554265,116.5780700501012,-90.22047807739756,0.0,1.0,4988067526.176588,0.19671363335191538,-20.49075427423628,3.5764411581e-07,0.4200623952289752,1.6225012742362814,1.4999196233e-07,8.5040361417e-09,0.0
590,78.165821,154.98246,90.967554,1846.165,1846.1649999999997,0.07964291584359806,0.07964291584359805,0.032654,0.032654,0.0,-51.313871,-51.313871,0.0,0.0,0.00093978910908,0.94830752522,0.050752685668,0.83963877596,0.10864027467,0.047236803092,0.0044841462798,-13.179178413683088,-58.826447484415134,0.0,1.0,5366350181.470909,0.10786456462022556,-47.05239608939853,3.4402618867e-07,0.3027314866098026,-4.261474910601468,1.0299741418e-07,-1.543524629e-08,0.0
591,78.187364,165.007465,100.992559,1885.657,1885.657,0.08134658698485324,0.08134658698485324,0.049343,0.049343,0.0,71.696081,71.69608100000002,1.4210854715202004e-14,0.0,0.00015133686426,0.99337566337,0.0064729997689,0.84465976168,0.10757222182,0.043510937533,0.0042570789623,-74.68973813115673,55.48534937117031,0.0,1.0,5371929935.818395,0.1783111748762837,82.24643387824058,3.5102040096e-07,0.2767241034345451,-10.550352878240574,9.0622762584e-08,-3.4969696295e-08,0.0
592,78.166769,175.016204,111.001298,1799.143,1799.1430000000003,0.07761440312193035,0.07761440312193035,0.096246,0.096246,0.0,44.844181,44.844181,0.0,0.0,4.5545167298e-05,0.95204499183,0.047909463004,0.83925912195,0.11550661893,0.041027451139,0.0042068079783,0.9418332259254104,173.15775580481548,0.0,1.0,4777341812.6408825,0.36595904365779414,56.33847154744822,3.7659917807e-07,0.2629966431161597,-11.494290547448223,9.1178487871e-08,-3.8681527905e-08,0.0
593,78.200108,185.018741,121.003835,1751.784,1751.784,0.0755713523375005,0.0755713523375005,0.166718,0.166718,0.0,22.980198,22.980197999999998,3.552713678800501e-15,0.0,4.4629430928e-05,0.97186245938,0.028092911193,0.82211699944,0.13465721095,0.039110456949,0.0041153326632,203.02287078258104,209.94572869125855,0.0,1.0,5055236494.839474,0.5972987794512814,33.42769153135729,3.4652859501e-07,0.27911994086637565,-10.44749353135729,9.0362116179e-08,-3.4496878262e-08,0.0
594,78.234428,195.049256,131.03435,1709.988,1709.988,0.07376828743777646,0.07376828743777646,0.237831,0.23783100000000004,5.551115123125783e-17,5.138033,5.138033000000002,1.7763568394002505e-15,5.551115123125783e-17,0.0001401775311,0.97968339475,0.020176427718,0.83502681731,0.11570618885,0.04488079913,0.0043861947124,400.1647326634082,72.54958983948836,0.0,1.0,5039447963.269278,0.691927290842094,10.248186599432803,3.3932049948e-07,0.3437225314679427,-5.110153599432802,1.1478147414e-07,-2.0694448337e-08,0.0
595,78.162231,205.026402,141.011496,1651.683,1651.683,0.0712530300213153,0.0712530300213153,0.314329,0.31432899999999997,5.551115123125783e-17,-11.740556,-11.740556000000002,1.7763568394002505e-15,-5.551115123125783e-17,0.00097984858925,0.99603579454,0.0029843568739,0.83998020371,0.1081870771,0.047319182597,0.0045135365953,476.1800094362453,-206.86233285686527,0.0,1.0,4981407745.780099,0.960307258309811,-15.290027436828103,3.3156952498e-07,0.3273212789761007,3.5494714368281026,1.0769779552e-07,1.341245167e-08,0.0
596,78.165218,214.984738,150.969832,1629.812,1629.812,0.07030952268994713,0.07030952268994713,0.397012,0.397012,0.0,-27.831067,-27.831067000000004,3.552713678800501e-15,0.0,0.0066079027132,0.96671283206,0.026679265229,0.81543131792,0.12498437982,0.054466811682,0.0051174905737,364.9854880729888,-534.2898700604907,0.0,1.0,6721930453.29941,3.6468585537784493,-39.13746345782326,2.4246189563e-07,0.10886410705144088,11.306396457823258,2.4366235437e-08,1.0149068609e-08,0.0
597,78.179261,224.97263,160.957724,1616.829,1616.829,0.06974944058656123,0.06974944058656123,0.465279,0.46527900000000005,5.551115123125783e-17,-44.890598,-44.890598,0.0,5.551115123125783e-17,0.022472841551,0.95649334449,0.021033813958,0.78810163643,0.15177647422,0.054077696469,0.0060441928907,2.8728245988300234,-752.271094840913,0.0,1.0,6810632085.719183,3.430940238325122,1.5956460688728882,2.3739778917e-07,0.13561267981372205,-46.486244068872885,-1.6694738889e-09,-3.2150834749e-08,0.0
598,78.177007,234.984142,170.969236,1641.527,1641.527,0.07081490371445347,0.07081490371445347,0.514121,0.514121,0.0,-61.99179,-61.99179,0.0,0.0,0.043684689375,0.92524198543,0.031073325195,0.78491349799,0.15803558006,0.050449620574,0.0066013013738,-471.72668734449616,-699.7960905218187,0.0,1.0,4990795509.729308,2.056425402838918,-28.22084082824582,3.2891089142e-07,0.25000712366723843,-33.77094917175418,3.1412520833e-08,-7.5993666012e-08,0.0
599,78.217805,245.001316,180.98641,1691.509,1691.509,0.0729711098063763,0.0729711098063763,0.517029,0.5170289999999998,1.1102230246251565e-16,-79.413174,-79.413174,0.0,-1.1102230246251565e-16,0.059604761469,0.93279881342,0.0075964251065,0.7852469635,0.15787973081,0.049376478111,0.0074968275864,-815.5177138995072,-315.88710712302094,0.0,1.0,3422144344.275855,1.479853675170329,-54.46960182146974,4.9428335857e-07,0.349378461313407,-24.943572178530264,1.112646076e-07,-1.3207081393e-07,0.0
600,78.184285,254.969986,190.95508,1850.462,1850.4619999999998,0.07982828692872855,0.07982828692872854,0.475144,0.4751439999999999,1.1102230246251565e-16,82.867771,82.867771,0.0,-1.1102230246251565e-16,0.090647563199,0.89137117579,0.017981261013,0.73405825905,0.19431426132,0.05908342718,0.012544052456,-852.1279870137851,216.641848821197,0.0,1.0,3056983658.6891203,0.9429835816239649,-82.4203714720878,6.0532283015e-07,0.5038730358186384,-14.711857527912208,2.6566331454e-07,-1.4983849008e-07,0.0
601,78.192629,264.999446,200.98454,2073.829,2073.829,0.0894642616023016,0.0894642616023016,0.404773,0.4047729999999999,1.1102230246251565e-16,65.169472,65.16947199999998,1.4210854715202004e-14,-1.1102230246251565e-16,0.099486250347,0.89763463719,0.0028791124625,0.62910848133,0.27992669205,0.067145337971,0.023819488658,-543.3697591172177,639.8374840267062,0.0,1.0,2082327607.1614182,0.6031026203788461,71.24309343510306,9.9591869832e-07,0.6711511214223161,-6.07362143510307,6.5344625091e-07,-1.4065039534e-07,0.0
602,78.166951,275.012219,210.997313,2464.847,2464.847,0.10633264209230765,0.10633264209230765,0.327887,0.32788699999999993,5.551115123125783e-17,46.633741,46.63374100000001,7.105427357601002e-15,-5.551115123125783e-17,0.133228852,0.86473776706,0.0020333809398,0.51424557508,0.36759532165,0.079250457674,0.038908645603,-46.064812357539225,806.8774327794142,0.0,1.0,1883302228.716056,0.4690730117298743,45.628199595686645,1.3087899342e-06,0.6990105842815376,1.0055414043133584,9.1429451682e-07,3.2104938294e-08,0.0
603,78.199882,285.069183,221.054277,2921.483,2921.483,0.1260317602746788,0.1260317602746788,0.23664,0.23664,0.0,26.98976,26.989760000000004,3.552713678800501e-15,0.0,0.24482873353,0.74888304912,0.0062882173525,0.53058062109,0.30930597389,0.11622480761,0.043888597419,406.55919595040456,559.1603100268395,0.0,1.0,2408450441.0593343,0.44248497711299,19.409192257445476,1.2130135419e-06,0.5347978174173655,7.580567742554526,6.2613782817e-07,1.6966189718e-07,0.0
604,78.189521,295.064213,231.049307,3642.0,3642.0,0.1571146129963379,0.1571146129963379,0.158356,0.15835599999999994,5.551115123125783e-17,9.044098,9.044098,0.0,-5.551115123125783e-17,0.35582110178,0.62501430106,0.019164597156,0.53774894092,0.24937979323,0.16190949221,0.05096177363,548.2302658335107,179.06426824062567,0.0,1.0,2659618253.5736704,0.38595378366737026,-3.109133983888711,1.3693694556e-06,0.41029783020983995,12.15323198388871,5.1204522024e-07,2.3126683021e-07,0.0
605,78.160249,305.013298,240.998392,4445.424,4445.424,0.19177404485574748,0.19177404485574748,0.102484,0.102484,0.0,-11.921309,-11.921309000000006,5.329070518200751e-15,0.0,0.45287722944,0.53232200334,0.014800767218,0.54574700098,0.21321306299,0.16650469907,0.074535236967,416.70488091274757,-184.15912271713125,0.0,1.0,2641924168.0740128,0.33878214432147835,-26.49023721306733,1.6826463279e-06,0.30250708816209193,14.56892821306733,4.4459727355e-07,2.4784456723e-07,0.0
606,78.178794,314.99088,250.975974,5708.923,5708.923,0.2462809521611456,0.2462809521611456,0.062438,0.062437999999999994,6.938893903907228e-18,-36.655372,-36.655372,0.0,-6.938893903907228e-18,0.50934941703,0.47737402981,0.013276553151,0.45306033293,0.34524391726,0.10992243349,0.091773316323,102.36670623914402,-341.4386066800709,0.0,1.0,2567155097.050437,0.26208796187328537,-52.89651635346118,2.2238325244e-06,0.2382329945783149,16.24114435346118,4.4690856334e-07,2.8451797593e-07,0.0
607,78.197084,324.998015,260.983109,7888.024,7888.024,0.3402866112207098,0.3402866112207098,0.043754,0.043754,0.0,-61.06876,-61.06875999999999,7.105427357601002e-15,0.0,0.49661488699,0.49816830901,0.0052168039965,0.33650109179,0.4670953594,0.080508239052,0.11589530976,-183.5943925380244,-292.2492293542443,0.0,1.0,2448366263.0805025,0.24820912978642826,-80.26644318788607,3.2217499967e-06,0.17627876959098226,19.19768318788607,4.4510851612e-07,3.5273005646e-07,0.0
608,78.270185,334.861859,270.846953,22869.57,22869.57,0.9865852937788739,0.9865852937788739,0.025321,0.025321000000000003,3.469446951953614e-18,-72.101699,-72.101699,0.0,3.469446951953614e-18,0.66555649251,0.31353961125,0.020903896236,0.46697357389,0.3368291303,0.11300448465,0.08319281115,-469.69123454095035,-338.70965881993845,0.0,1.0,7053576485.969386,0.22273424333058164,85.80014538143082,3.2422658272e-06,0.11368256457278834,22.098155618569184,2.6426197483e-07,2.5695044088e-07,0.0
609,78.189566,344.989503,280.974597,18484.61,18484.61,0.7974196448485,0.7974196448485,0.050912,0.05091200000000001,1.3877787807814457e-17,-82.604333,-82.60433300000001,1.4210854715202004e-14,1.3877787807814457e-17,0.77820784923,0.20690853928,0.014883611488,0.63089479377,0.17018752695,0.15550197149,0.043415707783,-909.902687753687,-240.25943580802985,0.0,1.0,5092855454.192294,0.9243209626558659,72.48948855171724,3.6295178935e-06,0.055080434239762076,24.90617844828276,1.2900401138e-07,1.5272243078e-07,0.0
610,78.167135,354.98308,290.968174,7238.614,7238.614,0.31227128974186524,0.31227128974186524,0.072257,0.072257,0.0,72.075043,72.075043,0.0,0.0,0.79402807618,0.18109873393,0.02487318989,0.68891249182,0.10745009015,0.1730213922,0.030616025832,-423.95255202145063,306.3260216469273,0.0,1.0,1680822857.8393004,3.1550470608447534,58.27546163668383,4.3065894578e-06,0.022902035566041107,13.799581363316168,8.7406629816e-08,4.5693455424e-08,0.0
611,82.922949,4.997768,300.982862,4190.327,4190.327,0.18076924902062208,0.18076924902062208,0.09538,0.09538000000000002,1.3877787807814457e-17,65.74673,65.74673,0.0,1.3877787807814457e-17,0.83078669047,0.11934214637,0.049871163158,0.67680335917,0.074817445898,0.21866939464,0.029709800292,-264.7974309781129,299.36789846268937,0.0,1.0,942899890.115961,13.757632768288358,-79.17514286639476,4.4440847262e-06,0.006932878759480553,-35.078127133605236,1.0458747273e-08,-2.8980842444e-08,0.0
612,82.918822,15.023849,311.008943,3280.591,3280.591,0.14152355446575207,0.14152355446575207,0.145693,0.14569299999999996,2.7755575615628914e-17,44.910172,44.910172,0.0,-2.7755575615628914e-17,0.77820699661,0.15492206617,0.066870937225,0.66615101534,0.083537889258,0.21472863449,0.035582460915,1.4986808469524115,477.9567949376948,0.0,1.0,928102885.9964902,4.476249848347973,59.22787791821459,3.534727722e-06,0.03254800445372149,-14.317705918214584,1.0097642114e-07,-5.5135119903e-08,0.0
613,82.899129,25.07619,321.061284,3306.989,3306.989,0.1426623550022368,0.1426623550022368,0.201607,0.201607,0.0,22.749492,22.749492,0.0,0.0,0.74661117563,0.24710363069,0.0062851936778,0.64014733361,0.10664850743,0.2029039142,0.050300244763,467.31314179749654,475.524440546025,0.0,1.0,1248806649.405602,2.1005082203419003,30.670340188952665,2.6481193078e-06,0.09598010521814782,-7.920848188952663,2.4451341161e-07,-6.9382551191e-08,0.0
614,82.944673,34.992822,330.977916,2675.596,2675.596,0.1154242806355161,0.1154242806355161,0.284735,0.28473499999999996,5.551115123125783e-17,4.647428,4.647428000000001,8.881784197001252e-16,-5.551115123125783e-17,0.56812794899,0.41322220728,0.018649843734,0.58078979471,0.16102678713,0.18043983812,0.077743580043,751.8330911520826,123.04808182535157,0.0,1.0,1100517700.0658193,1.3625745548290247,8.12019401303484,2.4312157813e-06,0.2089683819434955,-3.47276601303484,5.0431895269e-07,-6.1435981391e-08,0.0
615,82.920668,44.996697,340.981791,1658.42,1658.42,0.07154366185760205,0.07154366185760205,0.323765,0.323765,0.0,-12.649308,-12.649308000000001,1.7763568394002505e-15,0.0,0.34533979611,0.61684665682,0.037813547071,0.48510583319,0.24563683268,0.16086258442,0.10839474971,485.44213631710664,-229.45310062112006,0.0,1.0,619280864.8310056,1.116097638342487,-6.796458850887678,2.6779771412e-06,0.2900866276187291,-5.852849149112322,7.6068902342e-07,-1.576100234e-07,0.0
616,82.911263,55.001194,350.986288,1847.287,1847.287,0.07969131853326909,0.07969131853326909,0.417014,0.41701400000000005,5.551115123125783e-17,-33.034938,-33.034938000000004,7.105427357601002e-15,5.551115123125783e-17,0.48058984637,0.51583026746,0.0035798861683,0.58274659479,0.20374947537,0.15777328148,0.055730648358,312.4688564596545,-704.1263562877256,0.0,1.0,1537456376.8276825,1.4071944335643338,-23.94171407951262,1.2015215702e-06,0.29634426490995286,-9.093223920487377,3.3827716903e-07,-1.1113121918e-07,0.0
617,82.915801,65.008472,0.993566,1056.855,1056.855,0.045592357034114406,0.045592357034114406,0.372085,0.3720850000000001,1.1102230246251565e-16,-50.315643,-50.315643,0.0,1.1102230246251565e-16,0.44266790256,0.50971959778,0.04761249966,0.70663974678,0.088760578803,0.17769358946,0.026906084957,-72.54806052045554,-386.48983441452367,0.0,1.0,1409987815.258205,0.8937722628264978,-52.12968171534083,7.4954903054e-07,0.4163085111002493,1.8140387153408266,3.1141825505e-07,1.9745993219e-08,0.0
618,82.915217,75.007514,10.992608,1179.044,1179.0440000000003,0.05086354798617634,0.050863547986176344,0.454715,0.4547149999999999,5.551115123125783e-17,-74.588414,-74.588414,0.0,-5.551115123125783e-17,0.18303720962,0.8048748119,0.012087978473,0.65657442747,0.16787136659,0.14078517212,0.034769033813,-460.40224254155964,-274.70724711750455,0.0,1.0,1233337115.4699416,0.7918780172043269,-79.61460871363889,9.5597869002e-07,0.5742235421628968,5.026194713638887,5.4051836783e-07,9.5817653122e-08,0.0
619,82.940614,85.003106,20.9882,1458.484,1458.484,0.06291849237269381,0.06291849237269381,0.500276,0.5002759999999999,1.1102230246251565e-16,89.950646,89.950646,0.0,-1.1102230246251565e-16,0.082270833458,0.90539412729,0.012335039251,0.51880767964,0.30966331144,0.12956607986,0.041962929057,-729.6434588028792,1.2570161082775557,0.0,1.0,1443986350.1859865,0.8119443576668648,-87.75916436425393,1.0100400186e-06,0.6161456696830202,-2.29018963574606,6.2034423259e-07,-4.9697907948e-08,0.0
620,82.910241,94.995951,30.981045,1445.23,1445.23,0.06234671942358523,0.06234671942358523,0.443618,0.4436180000000002,1.6653345369377348e-16,71.317142,71.317142,0.0,1.6653345369377348e-16,0.14140488068,0.84998986568,0.0086052536379,0.76821651872,0.066708797016,0.15293318873,0.012141495534,-509.5559968379552,389.1020650432431,0.0,1.0,5716373162.231722,1.6573191312377413,62.596208509607145,2.5282289294e-07,0.2676720443507409,8.72093349039286,6.4562093086e-08,2.0284355131e-08,0.0
621,82.920126,105.049507,41.034601,1458.478,1458.478,0.06291823353478114,0.06291823353478114,0.369406,0.36940600000000007,5.551115123125783e-17,52.897947,52.897947,0.0,5.551115123125783e-17,0.059193525222,0.93335439373,0.007452081048,0.79731480816,0.08584131391,0.10798461371,0.0088592642123,-146.65941974906124,518.4252040587688,0.0,1.0,6433475603.626775,1.047415108558806,22.701743848700797,2.2670141147e-07,0.35268347475747736,30.196203151299205,3.9501763142e-08,6.9514225048e-08,0.0
622,82.915673,115.009342,50.994436,1367.028,1367.0279999999998,0.0589731123490274,0.05897311234902739,0.248652,0.248652,0.0,35.535896,35.535896,0.0,0.0,0.013796901433,0.96870084573,0.017502252841,0.77698040843,0.12879496866,0.08434517041,0.0098794525092,110.26245665288997,321.53364592318195,0.0,1.0,4682769139.419047,0.709372191273679,7.9711978125654,2.9192726767e-07,0.35052403104996954,27.5646981874346,5.8503203713e-08,8.3954136553e-08,0.0
623,82.916482,125.002713,60.987807,1039.514,1039.514,0.0448442723268191,0.0448442723268191,0.123707,0.12370699999999996,4.163336342344337e-17,9.964611,9.964610999999998,1.7763568394002505e-15,-4.163336342344337e-17,0.0013952456131,0.99200333803,0.0066014163617,0.72981097387,0.19173961177,0.06657561408,0.011873800274,120.89416073407715,43.832826326964316,0.0,1.0,2740454010.4692016,0.4085105541338767,-13.386891909888293,3.7932181895e-07,0.30282448947318713,23.351502909888293,7.877415302e-08,8.3601887394e-08,0.0
624,82.921878,135.000704,70.985798,1595.457,1595.457,0.06882745994159754,0.06882745994159754,0.141205,0.141205,0.0,-5.827934,-5.827934000000001,8.881784197001252e-16,0.0,7.7061831768e-06,0.98152836761,0.018463926209,0.63989095268,0.2926822987,0.05169544967,0.015731298946,220.64080884560673,-45.51530638932333,0.0,1.0,3229979809.8687377,0.5773915219884453,-26.45945263875514,4.9395262321e-07,0.2445567602269466,20.63151863875514,9.0803711797e-08,7.9669277808e-08,0.0
625,82.919817,144.986184,80.971278,1679.91,1679.9100000000003,0.0724707329815151,0.0724707329815151,0.073794,0.073794,0.0,-28.545191,-28.545190999999996,3.552713678800501e-15,0.0,0.0,0.99872615904,0.0012738409554,0.568344009,0.37058216473,0.042173385086,0.018900441192,67.35332975784699,-104.07408476246464,0.0,1.0,2978867730.017424,0.354967831154829,-48.02350449245782,5.6394246145e-07,0.20788926072518585,19.478313492457822,9.1166538409e-08,7.3711008456e-08,0.0
626,82.930579,154.95269,90.937784,1734.281,1734.281,0.07481627900656283,0.07481627900656283,0.065762,0.06576200000000001,1.3877787807814457e-17,-61.790941,-61.790941000000004,7.105427357601002e-15,1.3877787807814457e-17,0.0,0.99258121515,0.0074187848452,0.64202146302,0.29735734623,0.045452637198,0.015168553557,-63.08414619197453,-95.01444333259604,0.0,1.0,3603859310.838908,0.3910689708513448,-80.64388833037711,4.812288301e-07,0.1681595956253911,18.852947330377113,6.4023284585e-08,4.9493339843e-08,0.0
627,82.912444,164.989977,100.975071,1824.896,1824.896,0.07872537858280204,0.07872537858280204,0.069539,0.069539,0.0,78.647365,78.647365,0.0,0.0,0.0,0.98453655735,0.015463442654,0.74782789853,0.19052519989,0.051797360114,0.0098495414586,-117.06690983617533,48.982801498873926,0.0,1.0,4712510133.420629,0.5979024314661385,62.72187454567744,3.8724500284e-07,0.11630492926660436,15.925490454322555,3.825676164e-08,2.3767349685e-08,0.0
628,82.915365,174.994412,110.979506,1700.575,1700.5750000000003,0.07336221389243473,0.07336221389243475,0.105244,0.10524399999999999,1.3877787807814457e-17,50.259501,50.259501,0.0,-1.3877787807814457e-17,0.0,0.99811836035,0.0018816396511,0.80527809966,0.1327031551,0.055051060627,0.0069676846134,-32.67402161498275,175.96753052264515,0.0,1.0,4974472148.579989,1.3001241314228402,51.2471502825344,3.4186039226e-07,0.08094919358570957,-0.9876492825343979,2.7656879032e-08,-9.5386166476e-10,0.0
629,82.93126,184.968999,120.954093,1569.74,1569.74,0.06771803750820193,0.06771803750820193,0.164875,0.164875,0.0,28.687102,28.687102,0.0,0.0,0.0,0.98974250594,0.01025749406,0.79624969011,0.14290128244,0.05342259378,0.0074264336696,139.5378934161226,217.97304696090202,0.0,1.0,4201878255.791033,1.3171513873354033,46.44980151575271,3.7358055242e-07,0.12517543661669905,-17.762699515752708,3.8058530855e-08,-2.7172349367e-08,0.0
630,82.915445,194.885215,130.870309,1624.98,1624.98,0.07010107189093606,0.07010107189093606,0.231341,0.23134100000000002,2.7755575615628914e-17,10.692475,10.692475000000002,1.7763568394002505e-15,2.7755575615628914e-17,0.0,0.99080107411,0.009198925886,0.72202679333,0.21950040588,0.047599593128,0.010873207664,350.04270798744216,137.07418034299226,0.0,1.0,3465548803.1888204,1.2098567994957352,27.013969591779414,4.6889543108e-07,0.19121353873980976,-16.321494591779413,7.5497304586e-08,-4.8362392594e-08,0.0
631,82.896738,204.988957,140.974051,1622.915,1622.915,0.07001198850932226,0.07001198850932226,0.295724,0.295724,0.0,-8.290725,-8.290724999999998,1.7763568394002505e-15,0.0,0.0,0.99711910934,0.0028808906558,0.6633966534,0.27784362244,0.048717447657,0.010042276503,459.9768307820114,-136.96290819537302,0.0,1.0,3874619873.23071,0.9969670074155582,2.656559029532838,4.1885786299e-07,0.296623657353122,-10.947284029532838,1.1528169288e-07,-4.6330248376e-08,0.0
632,82.904065,215.020262,151.005356,1605.318,1605.318,0.06925286005108598,0.06925286005108598,0.377146,0.3771460000000001,1.1102230246251565e-16,-25.229844,-25.229844,0.0,1.1102230246251565e-16,0.0,0.99526971726,0.0047302827409,0.79665460894,0.12034238062,0.075580022328,0.0074229881164,385.43532459292396,-466.9007507439971,0.0,1.0,6922009048.654917,1.071130320278142,-18.530619157096833,2.3191503922e-07,0.35210094687830884,-6.699224842903167,7.9434963063e-08,-1.8921806215e-08,0.0
633,82.923804,224.988177,160.973271,1597.026,1597.026,0.06889514605576319,0.06889514605576319,0.442417,0.4424170000000001,1.1102230246251565e-16,-43.232692,-43.23269200000001,7.105427357601002e-15,1.1102230246251565e-16,2.3399783582e-05,0.94153441934,0.058442180877,0.77962247584,0.1277330179,0.084841314587,0.0078031916717,43.56000250767393,-705.207402316205,0.0,1.0,9976042979.039394,2.288896311331185,3.981833867211158,1.6008611865e-07,0.1932883537842295,-47.21452586721116,-2.3895431307e-09,-3.0850378643e-08,0.0
634,82.931675,234.986766,170.97186,1639.075,1639.075,0.07070912528747186,0.07070912528747186,0.47929,0.47929,0.0,-61.447247,-61.447247,0.0,0.0,0.0024147481721,0.99010539061,0.0074798612191,0.77129203955,0.13913779036,0.080528044922,0.0090421251757,-426.65025395687314,-659.6398674004579,0.0,1.0,7647809255.67718,1.7180478783019082,-26.429497351470665,2.1431954501e-07,0.27897359907904473,-35.01774964852933,2.0414397362e-08,-5.6196406217e-08,0.0
635,82.923363,245.017641,181.002735,1698.791,1698.791,0.07328525275306474,0.07328525275306474,0.493897,0.493897,0.0,-79.50415,-79.50415,0.0,0.0,0.010694292336,0.9813120462,0.0079936614613,0.75876040676,0.15180544983,0.07801052725,0.011423616158,-783.3434604023063,-300.5671907991502,0.0,1.0,4516733537.773668,1.3131577353111732,-56.5194429643047,3.7611052009e-07,0.3761139935584078,-22.984707035695298,9.832097864e-08,-1.0170564556e-07,0.0
636,82.924533,255.025728,191.010822,1867.475,1867.4749999999997,0.08056222183013072,0.0805622218301307,0.456709,0.45670900000000003,5.551115123125783e-17,82.892176,82.892176,0.0,5.551115123125783e-17,0.020846023308,0.95599512989,0.023158846802,0.6875442521,0.20822048545,0.083883543896,0.020351718549,-826.7756326279189,209.44667167341757,0.0,1.0,2884609505.589039,0.8667757055736074,-84.6177888612471,6.4739265276e-07,0.5269056309068596,-12.490035138752884,3.0920515674e-07,-1.4405381328e-07,0.0
637,82.92494,265.032263,201.017357,2126.997,2126.997,0.09175791062585713,0.09175791062585713,0.385882,0.38588200000000006,5.551115123125783e-17,64.043862,64.04386199999999,1.4210854715202004e-14,5.551115123125783e-17,0.03351462339,0.9621183523,0.0043670243105,0.54528651684,0.31702101779,0.096157554542,0.041534910831,-506.30604822830304,646.0010391839978,0.0,1.0,1999800294.2266037,0.5577139564612791,67.1277188455694,1.063604704e-06,0.6918994863396268,-3.083856845569402,7.3164786823e-07,-7.9065268333e-08,0.0
638,82.904147,275.01834,211.003434,2541.31,2541.31,0.10963122931184059,0.10963122931184059,0.310358,0.310358,0.0,45.223602,45.223602,0.0,0.0,0.11895749556,0.83650967983,0.044532824613,0.58237699944,0.22623535904,0.15959075817,0.031796883341,-6.156008734332663,788.6918644730492,0.0,1.0,3595200793.9662194,0.5992792028931502,40.40726167004306,7.0686177091e-07,0.5178854839308281,4.8163403299569385,3.6091209077e-07,6.1255479351e-08,0.0
639,82.896949,284.956342,220.941436,3046.243,3046.243,0.1314138632723238,0.1314138632723238,0.228241,0.22824099999999997,2.7755575615628914e-17,26.137251,26.137251,0.0,-2.7755575615628914e-17,0.32087262731,0.67607461247,0.0030527602277,0.68300664833,0.11028625637,0.17935502387,0.027352071432,425.4257958828539,549.9306881173436,0.0,1.0,5578567863.341228,0.6138678681780537,21.523980327806708,5.4606183426e-07,0.3718080255241478,4.613270672193291,2.0040338769e-07,3.2553542224e-08,0.0
640,82.899802,295.071574,231.056668,3767.03,3767.03,0.16250836370005348,0.16250836370005348,0.157573,0.15757300000000005,5.551115123125783e-17,4.032882,4.032881999999999,8.881784197001252e-16,5.551115123125783e-17,0.471997446,0.51610817393,0.011894380075,0.69430248461,0.10405761215,0.17326012303,0.028379780216,587.7103092694995,83.28530560495153,0.0,1.0,5315414217.403224,0.43199182426215454,0.33358169863474574,7.0869923696e-07,0.36475921799940525,3.699300301365254,2.5635234991e-07,3.3287990368e-08,0.0
641,82.902326,304.983171,240.968265,4563.329,4563.329,0.19686042553815639,0.19686042553815639,0.104108,0.10410800000000002,1.3877787807814457e-17,-15.270899,-15.270899,0.0,1.3877787807814457e-17,0.58437762752,0.40811432465,0.0075080478359,0.66409774026,0.12000722225,0.17946962199,0.036425415496,409.16595812890637,-241.4194021068547,0.0,1.0,4615334796.951379,0.32247974720411454,-20.607420448692974,9.887319557e-07,0.3228357777584852,5.336521448692974,3.1367593709e-07,5.911684666e-08,0.0
642,82.928151,315.010888,250.995982,4511.304,4511.304,0.19461608513696627,0.19461608513696627,0.069543,0.069543,0.0,-29.55084,-29.55084,0.0,0.0,0.64162066077,0.34353232265,0.014847016584,0.60442255572,0.16708489158,0.17641272645,0.052079826247,161.10520538184247,-269.20509568847393,0.0,1.0,3132013845.8285775,0.29335174620832766,-37.78194262843107,1.440384437e-06,0.2370635283371148,8.231102628431067,3.2746499703e-07,9.6764633984e-08,0.0
643,82.926566,325.000183,260.985277,7375.743,7375.743,0.3181869870964987,0.3181869870964987,0.041356,0.041356,0.0,-60.950002,-60.950002,0.0,0.0,0.70456642041,0.28026475909,0.015168820496,0.58224898864,0.1791472047,0.18030773099,0.058296075675,-161.19021198165981,-258.9628647438563,0.0,1.0,3754997228.632248,0.2667370807125118,-72.54236970098205,1.9642472553e-06,0.15504406020163855,11.592367700982049,2.799499051e-07,1.1989840823e-07,0.0
644,82.917558,334.980982,270.966076,12641.81,12641.81,0.5453632854813932,0.5453632854813932,0.038088,0.038088,0.0,-78.938588,-78.938588,0.0,0.0,0.77190801143,0.21767234165,0.010419646923,0.62338346,0.13086237618,0.19770230715,0.048051856667,-446.0525043325179,-181.33015763218984,0.0,1.0,4936222701.346735,0.45734384864145766,85.99099790760685,2.5610291036e-06,0.0832808839850817,15.070414092393145,1.8444735138e-07,1.0709606288e-07,0.0
645,82.918281,344.974735,280.959829,10979.73,10979.73,0.4736617324970568,0.4736617324970568,0.044902,0.044902,0.0,-86.544733,-86.544733,0.0,0.0,0.79378238055,0.15878485314,0.047432766307,0.66252057698,0.090392158845,0.2113280043,0.035759259878,-489.43022262487807,-59.31886774900561,0.0,1.0,3168950462.109688,1.4729480626392832,73.54886838305438,3.4647843604e-06,0.03048444214627834,19.90639861694563,8.1132553546e-08,6.7627801403e-08,0.0
646,82.886224,354.994579,290.979673,6862.828,6862.828,0.2960600124328478,0.2960600124328478,0.066421,0.066421,0.0,77.949747,77.949747,0.0,0.0,0.84901061389,0.12430468749,0.026684698617,0.67888880081,0.074882702442,0.21677735265,0.029451144095,-416.1009436276215,186.13535707579138,0.0,1.0,1574849913.6848624,13.254024776518541,50.39271348999277,4.3577663753e-06,0.005011383418995458,27.557033510007226,1.2490374504e-08,1.7913903145e-08,0.0
647,87.656658,5.006841,300.991935,692.6146,692.6146,0.029879152892535246,0.029879152892535246,0.074412,0.07441199999999999,1.3877787807814457e-17,65.24372,65.24372,0.0,-1.3877787807814457e-17,0.49441328566,0.48432821716,0.021258497185,0.46914791817,0.052437617471,0.41585091906,0.062563545307,-33.463205630523916,39.1977761059888,0.0,1.0,785192164.2972329,2.799476020143996,57.990141869169335,8.820956595e-07,0.026580688480472316,7.253578130830663,2.2699143483e-08,5.8734225049e-09,0.0
648,87.649503,14.993147,310.978241,346.2151,346.2151,0.014935598970342785,0.014935598970342785,0.104165,0.10416499999999997,2.7755575615628914e-17,39.498757,39.498757,0.0,-2.7755575615628914e-17,0.3524753492,0.58976817217,0.05775647863,0.45099179379,0.069057253037,0.3965431335,0.083407819676,6.882775420274381,35.40060929461954,0.0,1.0,428857498.4706104,1.891819211163031,28.01175915314701,8.0729636589e-07,0.05506075812390267,11.486997846852988,4.0924641355e-08,1.7349563091e-08,0.0
649,87.636192,24.942927,320.928021,554.3704,554.3704,0.023915346197865194,0.023915346197865194,0.127166,0.127166,0.0,27.560755,27.560755,0.0,0.0,0.20323191891,0.67896381125,0.11780426984,0.4056969512,0.10834490926,0.35222062392,0.13373751562,40.31289655865621,57.833439514178636,0.0,1.0,603476574.849796,1.2225181153447096,15.645491472573633,9.1862786909e-07,0.10401972650044813,11.915263527426367,8.7408797483e-08,3.8607516837e-08,0.0
650,87.670267,34.985091,330.970185,553.3013,553.3013,0.02386922559579095,0.02386922559579095,0.17032,0.17032,0.0,9.258312,9.258311999999998,1.7763568394002505e-15,0.0,0.10337228315,0.88683468054,0.0097930363116,0.32823847868,0.172986131,0.28085403704,0.21792135327,89.35970799509457,29.928172636604575,0.0,1.0,497394352.72177213,1.0095168325468145,4.338888860047147,1.1123996422e-06,0.16871437355860208,4.919423139952853,1.8491749438e-07,3.2069926425e-08,0.0
651,87.673758,44.989308,340.974402,338.7018,338.7018,0.014611477822120546,0.014611477822120546,0.164175,0.16417500000000002,2.7755575615628914e-17,-19.457204,-19.457204,0.0,2.7755575615628914e-17,0.14959232991,0.82216906564,0.028238604443,0.37198198031,0.19615607743,0.26991466726,0.161947275,43.26649264054381,-34.92962608453436,0.0,1.0,724402883.4779377,1.2360967406082461,-17.17938079646514,4.6755998316e-07,0.13281727441431032,-2.277823203534863,6.1903847631e-08,-4.9324373258e-09,0.0
652,87.649108,55.018582,351.003676,519.5158,519.5158,0.022411730879319844,0.022411730879319844,0.203168,0.203168,0.0,-31.95738,-31.95738,0.0,0.0,0.15768431676,0.8050099763,0.037305706941,0.50099580989,0.068239467042,0.37368695707,0.057077765995,46.41071391102324,-94.79785910758258,0.0,1.0,2045356055.3125632,1.5093993530397585,-48.72154781600024,2.539977324e-07,0.13460188623431085,16.764167816000242,2.850003142e-08,1.8884035401e-08,0.0
653,87.681276,65.00604,0.991134,622.8451,622.8451,0.02686932093442212,0.02686932093442212,0.154438,0.154438,0.0,-50.528205,-50.52820499999999,7.105427357601002e-15,0.0,0.064140992225,0.88936928387,0.046489723908,0.50128342137,0.073874249378,0.3625091928,0.062333136456,-18.447053804774374,-94.40553673778491,0.0,1.0,2174584176.9354854,0.5841357376200083,-69.46048883652284,2.8642032192e-07,0.2643871793039736,18.932283836522846,5.9782827088e-08,4.6480314228e-08,0.0
654,87.649426,74.997148,10.982242,704.7979,704.7979,0.03040473621612621,0.03040473621612621,0.261188,0.2611879999999999,5.551115123125783e-17,-73.431245,-73.43124500000002,1.4210854715202004e-14,-5.551115123125783e-17,0.016980343047,0.95086315263,0.032156504327,0.49180194901,0.13030704749,0.30287093077,0.075020072733,-154.14539709655102,-100.62998148804677,0.0,1.0,1527635943.2714806,0.6239513012028673,-83.52733818099136,4.6136509363e-07,0.41860318184524314,10.096093180991357,1.8125921424e-07,6.6662341656e-08,0.0
655,87.669881,84.990099,20.975193,755.1496,755.1496,0.032576891037435295,0.032576891037435295,0.316749,0.31674900000000006,5.551115123125783e-17,88.888375,88.888375,0.0,5.551115123125783e-17,0.0078103717003,0.97196233529,0.02022729301,0.42519173329,0.21036793769,0.27507648176,0.089363847261,-239.01282983282928,9.279080188224373,0.0,1.0,2448231087.4024734,0.7155184416057075,87.03819553273361,3.0844702687e-07,0.4426846068274327,1.8501794672663827,1.3626008423e-07,8.8124015637e-09,0.0
656,87.651463,95.014911,31.000005,808.6026,808.6026,0.03488283486184311,0.03488283486184311,0.267516,0.26751600000000003,5.551115123125783e-17,69.397941,69.397941,0.0,5.551115123125783e-17,0.0077850951417,0.96846163447,0.02375327039,0.63029918084,0.046079305182,0.30500141778,0.018620096203,-162.74773766786825,142.4955370557008,0.0,1.0,11085216090.440344,1.0162912581902115,30.730161241760584,7.2944234321e-08,0.2632276897435745,38.66777975823942,4.2096283223e-09,1.8733798703e-08,0.0
657,87.672528,105.066719,41.051813,756.7339,756.7339,0.03264523718827827,0.03264523718827827,0.242256,0.242256,0.0,48.574751,48.57475099999999,7.105427357601002e-15,0.0,0.0010365572105,0.95047742105,0.048486021739,0.65800735904,0.061830324465,0.26167808775,0.018484228738,-22.816197413479912,181.89794833002136,0.0,1.0,9261251069.833515,0.7899923015248714,12.634264882270855,8.1709684177e-08,0.30665615289210896,35.940486117729144,7.7924592239e-09,2.3814274566e-08,0.0
658,87.67573,115.010974,50.996068,1494.068,1494.068,0.06445357375349053,0.06445357375349053,0.099732,0.09973199999999997,2.7755575615628914e-17,28.043603,28.043603,0.0,-2.7755575615628914e-17,1.4623196209e-05,0.93192168613,0.068063690678,0.67515354493,0.089864594503,0.21537253298,0.019609327585,83.1351998176192,123.65857327885422,0.0,1.0,15248996269.135387,0.3292714293323279,-2.15443316794693,9.7978120896e-08,0.3028868924407718,30.19803616794693,1.4660130172e-08,2.5802377533e-08,0.0
659,87.651753,124.990015,60.975109,1613.807,1613.807,0.06961907255787508,0.06961907255787508,0.071243,0.07124299999999999,1.3877787807814457e-17,-3.956723,-3.956722999999998,2.220446049250313e-15,-1.3877787807814457e-17,0.0,0.95886544835,0.041134551654,0.67033302264,0.13299466663,0.17429323823,0.022379072498,113.87759023741452,-15.8290613694005,0.0,1.0,14183227802.89782,0.2548896764886106,-28.9285512763428,1.1378277374e-07,0.2795052392134971,24.9718282763428,2.0466445708e-08,2.4342306073e-08,0.0
660,87.661503,134.999818,70.984912,1159.021,1159.021,0.04999976273191338,0.04999976273191338,0.073969,0.07396900000000002,2.7755575615628914e-17,-19.363969,-19.363969000000004,3.552713678800501e-15,2.7755575615628914e-17,0.0,0.98935624029,0.010643759712,0.6385852816,0.19214521172,0.14178362847,0.027485878215,66.88142116252757,-53.63568697051116,0.0,1.0,9298017194.449877,0.3084352104519201,-40.793077048838036,1.246524905e-07,0.23982021991464728,21.429108048838035,2.1913609362e-08,2.0333621961e-08,0.0
661,87.653515,145.021326,81.00642,1500.909,1500.909,0.06474869211359706,0.06474869211359706,0.084535,0.084535,0.0,-40.564908,-40.56490800000001,7.105427357601002e-15,0.0,0.0,0.92025125284,0.07974874716,0.60756834826,0.24010274236,0.12047729235,0.031851617025,19.564317967629076,-125.36189600013418,0.0,1.0,10486265712.18854,0.45125559015705724,-60.162391583733736,1.4313093347e-07,0.1873328593460261,19.597483583733734,2.0780173523e-08,1.6944856723e-08,0.0
662,87.680679,155.021272,91.006366,1698.66,1698.66,0.07327960145863792,0.07327960145863792,0.078218,0.078218,0.0,-69.389517,-69.38951700000001,1.4210854715202004e-14,0.0,0.0,0.97824713935,0.021752860647,0.64727212962,0.20402714313,0.12166831172,0.027032415535,-99.93816816090519,-87.55386989514393,0.0,1.0,14393809625.299395,0.4774966477153514,-87.48421595296578,1.1801323237e-07,0.16380847985895777,18.094698952965786,1.560192072e-08,1.1414446935e-08,0.0
663,87.651758,165.004544,100.989638,1733.799,1733.799,0.07479548569424427,0.07479548569424427,0.074211,0.07421100000000001,1.3877787807814457e-17,88.913677,88.913677,0.0,1.3877787807814457e-17,0.0,0.97434308929,0.025656910709,0.71485744663,0.13896881468,0.12784818734,0.018325551354,-128.57446271360809,4.877859481015307,0.0,1.0,17230072379.3791,0.6003789139610837,74.53956468812827,1.0062633295e-07,0.12360693934166105,14.374112311871741,1.0905011859e-08,5.9822547739e-09,0.0
664,87.659189,175.007695,110.992789,1103.407,1103.407,0.0476005941192889,0.0476005941192889,0.08545,0.08545,0.0,63.995613,63.995613000000006,7.105427357601002e-15,0.0,0.0,0.99272655138,0.0072734486212,0.75191351999,0.10167725167,0.13283867426,0.013570554086,-58.03695836680054,74.3073712699385,0.0,1.0,12460196516.105207,0.8868857188972,60.63726748027207,8.8554542344e-08,0.09634837745076444,3.35834551972793,8.4735275159e-09,9.979133136e-10,0.0
665,87.654226,185.00998,120.995074,799.4209,799.4209,0.03448673951803518,0.03448673951803518,0.089224,0.089224,0.0,42.109636,42.109635999999995,7.105427357601002e-15,0.0,0.0,0.94121850947,0.058781490529,0.74751557974,0.10808883187,0.13004722989,0.014348358499,7.184226803186814,70.96480448488845,0.0,1.0,8058704367.430118,0.8163082561859474,54.12383651232784,9.9199680687e-08,0.10930184684996694,-12.014200512327841,9.9031196428e-09,-4.4150362116e-09,0.0
666,87.617446,195.017972,131.003066,857.0186,857.0186,0.03697148425855664,0.03697148425855664,0.144325,0.144325,0.0,14.408998,14.408997999999999,1.7763568394002505e-15,0.0,0.0,0.99845775295,0.0015422470489,0.693848472,0.1681250935,0.11633213484,0.021694299653,108.37095926204908,59.62177221244247,0.0,1.0,6690832090.575265,0.83515894365381,30.07332671496549,1.2808849309e-07,0.17281141643359516,-15.66432871496549,1.8907823625e-08,-1.1509094005e-08,0.0
667,87.664408,204.985575,140.970669,918.2842,918.2842,0.03961446092906418,0.03961446092906418,0.227815,0.22781499999999996,2.7755575615628914e-17,-4.750021,-4.750021,0.0,-2.7755575615628914e-17,0.0,0.99691155154,0.0030884484571,0.58214018533,0.28041498685,0.1006907718,0.036754056023,206.32985243415555,-34.52793132088812,0.0,1.0,4688190475.464229,0.9858721338827227,6.800741443436406,1.9587177714e-07,0.2310796625347161,-11.550762443436406,4.1632473413e-08,-1.7759064383e-08,0.0
668,87.648319,214.995056,150.98015,1046.681,1046.681,0.045153454213514535,0.045153454213514535,0.288037,0.288037,0.0,-24.445047,-24.445046999999995,3.552713678800501e-15,0.0,0.0,0.98045077021,0.019549229794,0.62892962463,0.19928114691,0.14473955041,0.027049678047,198.226641865795,-227.15217461504767,0.0,1.0,8973967100.520128,0.8398156635494285,-18.281881189231328,1.1663526156e-07,0.3429764560268257,-6.163165810768669,3.9080978799e-08,-8.5398476939e-09,0.0
669,87.659357,225.001421,160.986515,1162.696,1162.696,0.05015830095342945,0.05015830095342945,0.365774,0.3657740000000001,1.1102230246251565e-16,-41.678643,-41.678642999999994,7.105427357601002e-15,1.1102230246251565e-16,0.0,0.93491413022,0.065085869784,0.69532053236,0.085490852922,0.20536490532,0.013823709403,49.19586168189678,-422.4289520485838,0.0,1.0,22987837614.04685,1.8159073569647695,10.849253763543572,5.057874601e-08,0.20142767669127098,-52.52789676354357,-2.6464194398e-09,-9.8382406365e-09,0.0
670,87.661557,235.038652,171.023746,1197.705,1197.705,0.05166857703426108,0.05166857703426108,0.40625,0.40625000000000006,5.551115123125783e-17,-60.886417,-60.88641700000001,7.105427357601002e-15,5.551115123125783e-17,0.0,0.98055912912,0.019440870882,0.68533545189,0.09660150999,0.20088658639,0.017176451726,-256.20354788947486,-413.65181754401095,0.0,1.0,16457073980.739222,1.5730994778669367,-26.190715627444014,7.277751813e-08,0.2582481309769803,-34.69570137255599,6.6153832141e-09,-1.7591926431e-08,0.0
671,87.632763,245.049653,181.034747,1148.698,1148.698,0.04955443210314864,0.04955443210314864,0.430801,0.43080099999999993,5.551115123125783e-17,-79.147525,-79.147525,0.0,-5.551115123125783e-17,1.329577932e-05,0.99617807182,0.0038086324021,0.66633966827,0.11594222042,0.19365877038,0.024059340929,-459.77496449030036,-183.01269405655069,0.0,1.0,8609975948.124855,1.1962266802353703,-56.053200697925945,1.3341477455e-07,0.3601332482529443,-23.09432430207406,3.3262339428e-08,-3.4671893829e-08,0.0
672,87.637618,255.012694,190.997788,1163.403,1163.403,0.0501888006874735,0.0501888006874735,0.410814,0.4108139999999999,1.1102230246251565e-16,83.627549,83.627549,0.0,-1.1102230246251565e-16,0.00032420164069,0.99465759435,0.0050182040059,0.59101131563,0.16909123967,0.19554761663,0.044349828062,-466.16667696393023,105.43914882419817,0.0,1.0,4038925919.489313,0.8282145633714177,-84.40622472500463,2.8804762038e-07,0.49602363707261693,-11.966226274995366,1.305943604e-07,-5.7959971604e-08,0.0
673,87.663955,264.991525,200.976619,1359.204,1359.204,0.05863558771089358,0.05863558771089358,0.348784,0.348784,0.0,64.38799,64.38798999999999,1.4210854715202004e-14,0.0,0.0015341113189,0.98553554934,0.012930339336,0.44275731452,0.24458780901,0.22341663964,0.08923823683,-296.8982826136282,369.5841647195602,0.0,1.0,3759528078.9726706,0.6379305434341518,67.21516734566897,3.6153580222e-07,0.5467429073428619,-2.8271773456689777,1.9670536212e-07,-1.9475549163e-08,0.0
674,87.663301,274.997148,210.982242,1893.884,1893.884,0.08170149690278868,0.08170149690278868,0.29316,0.2931599999999999,5.551115123125783e-17,44.549643,44.54964300000002,1.4210854715202004e-14,-5.551115123125783e-17,0.025343376378,0.89659542484,0.078061198782,0.59431703114,0.065040311297,0.31701418597,0.02362847159,8.727793869079424,555.1424297130345,0.0,1.0,19723052197.390934,1.4402074446966624,76.28524499351344,9.602388013e-08,0.20355400958349132,-31.735601993513438,8.7301932324e-09,-1.7488042577e-08,0.0
675,87.598993,285.056412,221.041506,2496.175,2496.175,0.10768412111371053,0.10768412111371053,0.213495,0.213495,0.0,23.923824,23.923823999999996,3.552713678800501e-15,0.0,0.057462691222,0.83767739586,0.10485991292,0.56687039405,0.049836951606,0.35028685966,0.033005794686,357.64549164150475,395.08779831889717,0.0,1.0,16770739451.287775,1.0268552854980089,54.86700102435883,1.4884108165e-07,0.20791147790261238,-30.94317702435883,1.458232608e-08,-2.7294622201e-08,0.0
676,87.62883,294.979892,230.964986,2673.3,2673.3,0.11532523199426417,0.11532523199426417,0.150496,0.150496,0.0,5.588634,5.588633999999999,8.881784197001252e-16,0.0,0.09356783878,0.86641446359,0.040017697634,0.52359140161,0.057256654036,0.37047829778,0.048673646572,394.68978932883124,77.98796368690681,0.0,1.0,12544660563.619087,0.7180106797535928,28.79107753443555,2.1310261736e-07,0.2096013391495058,-23.202443534435552,3.0800197054e-08,-3.2348917737e-08,0.0
677,87.667061,305.004888,240.989982,2259.152,2259.152,0.09745903135087938,0.09745903135087938,0.11277,0.11277,0.0,-10.984612,-10.984612,0.0,0.0,0.12756298744,0.83944857726,0.032988435294,0.48394793848,0.06971058847,0.3756120439,0.070729429147,236.26482590175422,-95.30959394944963,0.0,1.0,7385611372.208066,0.61336669027059,6.64046926389417,3.0588557753e-07,0.18385413128686676,-17.62508126389417,4.5926462856e-08,-3.2457810276e-08,0.0
678,87.664248,314.996511,250.981605,663.6915,663.6915,0.02863142042049945,0.02863142042049945,0.060935,0.06093499999999999,1.3877787807814457e-17,-38.253903,-38.253903,0.0,-1.3877787807814457e-17,0.1702382093,0.81578960402,0.013972186676,0.44848049323,0.08533987169,0.3683174667,0.097862168387,9.435649415038334,-39.32591060675675,0.0,1.0,1593504847.145662,0.40708368649616705,-24.696634929327256,4.1649794865e-07,0.14968666645543346,-13.557268070672745,5.549238869e-08,-2.841465756e-08,0.0
679,87.644135,324.999295,260.984389,2707.89,2707.89,0.11681743256086034,0.11681743256086034,0.031412,0.031412,0.0,-51.859995,-51.859995000000005,7.105427357601002e-15,0.0,0.19592627727,0.6729196051,0.13115411763,0.42962580012,0.09325811286,0.36509269213,0.11202339489,-20.174340928798888,-82.63316835646638,0.0,1.0,4442536527.106038,0.3261426705052491,-41.47442692845253,6.0953691286e-07,0.09631367754282996,-10.38556807154747,5.4891064698e-08,-2.0819522917e-08,0.0
680,87.633138,335.017207,271.002301,7032.11,7032.11,0.3033627790218774,0.3033627790218774,0.025559,0.025559000000000005,6.938893903907228e-18,-73.610315,-73.610315,0.0,6.938893903907228e-18,0.27375713223,0.6404915698,0.085751297975,0.43804600019,0.081911526937,0.38016531193,0.099877160948,-151.11319226001052,-97.30881695586854,0.0,1.0,10281333642.91358,0.3740029863958269,-65.32957965167358,6.8396866051e-07,0.06833902650432201,-8.280735348326415,4.4802646172e-08,-1.3323449822e-08,0.0
681,87.651442,345.043038,281.028132,3693.777,3693.777,0.15934825476380393,0.15934825476380393,0.045217,0.045217,0.0,-67.205868,-67.20586800000001,1.4210854715202004e-14,0.0,0.38366370396,0.58031004981,0.036026246236,0.45750603663,0.062601387454,0.40404976247,0.075842813443,-116.88327145385969,-119.30837018636939,0.0,1.0,4986299771.846648,1.0801675994791855,-60.92886069152057,7.4078518521e-07,0.041861096390784044,-6.277007308479425,3.026867643e-08,-6.7403480211e-09,0.0
682,87.619413,355.014106,290.9992,1571.326,1571.326,0.0677864569964535,0.0677864569964535,0.065631,0.06563099999999998,1.3877787807814457e-17,-86.585891,-86.585891,0.0,-1.3877787807814457e-17,0.49627684778,0.4607354636,0.042987688618,0.47427928062,0.052096859584,0.41269194461,0.060931915195,-102.39621959350033,-12.261159849067246,0.0,1.0,1699463306.1359909,2.822195136603903,-84.86912987407074,9.246013105e-07,0.023255301927483745,-1.7167611259292652,2.1463285866e-08,-1.2877565074e-09,0.0
